"age_group","outcome","week_no","cases"
1,"symptomatic",105,43.6965299656485
1,"symptomatic",106,35.5036949988784
1,"symptomatic",107,29.8909224558065
1,"symptomatic",108,25.8113112407228
1,"symptomatic",109,22.8704124616017
1,"symptomatic",110,20.8098599718315
1,"symptomatic",111,19.4599753655769
1,"symptomatic",112,18.7174236692691
1,"symptomatic",113,18.5327397071249
1,"symptomatic",114,18.9054059492982
1,"symptomatic",115,19.8859321460356
1,"symptomatic",116,21.5857936215339
1,"symptomatic",117,24.1977739522768
1,"symptomatic",118,28.031714350171
1,"symptomatic",119,33.5746021435878
1,"symptomatic",120,41.5904786333939
1,"symptomatic",121,53.2866738258809
1,"symptomatic",122,70.5912332918987
1,"symptomatic",123,96.6157702053003
1,"symptomatic",124,136.42066101013
1,"symptomatic",125,198.247124457901
1,"symptomatic",126,295.383789116575
1,"symptomatic",127,448.620714053705
1,"symptomatic",128,688.344823924728
1,"symptomatic",129,1052.85730330256
1,"symptomatic",130,1575.01929985849
1,"symptomatic",131,2247.49370091707
1,"symptomatic",132,2974.33050069426
1,"symptomatic",133,3563.07428547557
1,"symptomatic",134,3819.61030860127
1,"symptomatic",135,3685.89715380612
1,"symptomatic",136,3265.58480937135
1,"symptomatic",137,2723.04784874411
1,"symptomatic",138,2185.70099304744
1,"symptomatic",139,1717.56289943072
1,"symptomatic",140,1336.5093258739
1,"symptomatic",141,1037.32900545322
1,"symptomatic",142,806.683814953854
1,"symptomatic",143,630.301701977209
1,"symptomatic",144,495.690910356455
1,"symptomatic",145,392.790260470936
1,"symptomatic",146,313.817200381781
1,"symptomatic",147,252.875437528872
1,"symptomatic",148,205.544432407668
1,"symptomatic",149,168.525411550955
1,"symptomatic",150,139.359288034778
1,"symptomatic",151,116.210492018584
1,"symptomatic",152,97.7047556389553
1,"symptomatic",153,82.8087945030734
1,"symptomatic",154,70.7416281723579
1,"symptomatic",155,60.9094246563759
1,"symptomatic",156,52.857682318813
2,"symptomatic",105,53.3983224772687
2,"symptomatic",106,43.4163911805968
2,"symptomatic",107,36.5147305318863
2,"symptomatic",108,31.491710607689
2,"symptomatic",109,27.8594235788299
2,"symptomatic",110,25.3010506657391
2,"symptomatic",111,23.6080819917294
2,"symptomatic",112,22.6521930901691
2,"symptomatic",113,22.3698774467892
2,"symptomatic",114,22.7561726803555
2,"symptomatic",115,23.8666572131596
2,"symptomatic",116,25.8286444524252
2,"symptomatic",117,28.8644676624594
2,"symptomatic",118,33.3325725853139
2,"symptomatic",119,39.7966315295882
2,"symptomatic",120,49.1403571215187
2,"symptomatic",121,62.7582155208596
2,"symptomatic",122,82.8729807593164
2,"symptomatic",123,113.064006910087
2,"symptomatic",124,159.137304934942
2,"symptomatic",125,230.519126445033
2,"symptomatic",126,342.349387289665
2,"symptomatic",127,518.186646748033
2,"symptomatic",128,792.172696340882
2,"symptomatic",129,1206.63434977284
2,"symptomatic",130,1796.03134633153
2,"symptomatic",131,2546.51638851306
2,"symptomatic",132,3341.61430242507
2,"symptomatic",133,3958.42596081232
2,"symptomatic",134,4183.8284587552
2,"symptomatic",135,3972.39534510671
2,"symptomatic",136,3462.98072100578
2,"symptomatic",137,2849.57610686271
2,"symptomatic",138,2269.01030816907
2,"symptomatic",139,1779.97130339165
2,"symptomatic",140,1390.92867183647
2,"symptomatic",141,1089.24282940529
2,"symptomatic",142,857.383296134865
2,"symptomatic",143,679.309414237911
2,"symptomatic",144,542.099731667949
2,"symptomatic",145,435.841263465025
2,"symptomatic",146,353.066101321098
2,"symptomatic",147,288.177530132994
2,"symptomatic",148,236.979860636086
2,"symptomatic",149,196.319468617622
2,"symptomatic",150,163.817426516081
2,"symptomatic",151,137.67180384492
2,"symptomatic",152,116.511567036266
2,"symptomatic",153,99.2884256075195
2,"symptomatic",154,85.1965921585566
2,"symptomatic",155,73.6131304581521
2,"symptomatic",156,64.0535323595504
3,"symptomatic",105,55.6623311939752
3,"symptomatic",106,45.4849400459588
3,"symptomatic",107,38.3911945202951
3,"symptomatic",108,33.2067899566992
3,"symptomatic",109,29.4465880444564
3,"symptomatic",110,26.7928616698575
3,"symptomatic",111,25.0359615902851
3,"symptomatic",112,24.04706452783
3,"symptomatic",113,23.7633725803049
3,"symptomatic",114,24.182375790773
3,"symptomatic",115,25.3644991329838
3,"symptomatic",116,27.4452249318863
3,"symptomatic",117,30.659801869493
3,"symptomatic",118,35.3865822680566
3,"symptomatic",119,42.219716714212
3,"symptomatic",120,52.0897226712803
3,"symptomatic",121,66.4634933045955
3,"symptomatic",122,87.6768768021706
3,"symptomatic",123,119.487052488381
3,"symptomatic",124,167.980396495344
3,"symptomatic",125,243.022185609299
3,"symptomatic",126,360.423379632878
3,"symptomatic",127,544.710619401943
3,"symptomatic",128,831.249066885962
3,"symptomatic",129,1263.43394904706
3,"symptomatic",130,1875.38337884457
3,"symptomatic",131,2649.11394652588
3,"symptomatic",132,3458.15598938955
3,"symptomatic",133,4066.47837992166
3,"symptomatic",134,4254.68049594152
3,"symptomatic",135,3986.40282290234
3,"symptomatic",136,3419.91226798549
3,"symptomatic",137,2765.37407257633
3,"symptomatic",138,2164.99963551373
3,"symptomatic",139,1674.14115623832
3,"symptomatic",140,1294.66600406423
3,"symptomatic",141,1007.87856733248
3,"symptomatic",142,792.097895411648
3,"symptomatic",143,628.966541264887
3,"symptomatic",144,504.544107932046
3,"symptomatic",145,408.671442241533
3,"symptomatic",146,334.031317432282
3,"symptomatic",147,275.343864071227
3,"symptomatic",148,228.769774659961
3,"symptomatic",149,191.489571054817
3,"symptomatic",150,161.411369144384
3,"symptomatic",151,136.967641313244
3,"symptomatic",152,116.972678236846
3,"symptomatic",153,100.521515263884
3,"symptomatic",154,86.9174583484279
3,"symptomatic",155,75.6195932395032
3,"symptomatic",156,66.2044463334041
4,"symptomatic",105,54.749267115936
4,"symptomatic",106,45.022437755248
4,"symptomatic",107,38.2158979862168
4,"symptomatic",108,33.2248785581999
4,"symptomatic",109,29.5995347516116
4,"symptomatic",110,27.0444210747551
4,"symptomatic",111,25.3648847360015
4,"symptomatic",112,24.4427488156583
4,"symptomatic",113,24.2233619060575
4,"symptomatic",114,24.7111837676586
4,"symptomatic",115,25.9735095526259
4,"symptomatic",116,28.1536330777103
4,"symptomatic",117,31.4967659228347
4,"symptomatic",118,36.3950058147493
4,"symptomatic",119,43.4624432323282
4,"symptomatic",120,53.6594816582619
4,"symptomatic",121,68.4988330478933
4,"symptomatic",122,90.3877496226333
4,"symptomatic",123,123.195924159092
4,"symptomatic",124,173.187849126046
4,"symptomatic",125,250.509337019811
4,"symptomatic",126,371.403719708386
4,"symptomatic",127,561.029965152493
4,"symptomatic",128,855.575212467545
4,"symptomatic",129,1299.22183055233
4,"symptomatic",130,1926.11054949078
4,"symptomatic",131,2716.07851801257
4,"symptomatic",132,3536.90361500189
4,"symptomatic",133,4144.47887675843
4,"symptomatic",134,4314.51863516142
4,"symptomatic",135,4014.17838321439
4,"symptomatic",136,3411.7657572831
4,"symptomatic",137,2727.05511140477
4,"symptomatic",138,2106.93172316954
4,"symptomatic",139,1606.74171720381
4,"symptomatic",140,1225.96917148584
4,"symptomatic",141,943.073124831276
4,"symptomatic",142,733.991483154634
4,"symptomatic",143,578.684939722606
4,"symptomatic",144,462.154567925112
4,"symptomatic",145,373.644498541406
4,"symptomatic",146,305.549982514993
4,"symptomatic",147,252.49585530159
4,"symptomatic",148,210.658543318083
4,"symptomatic",149,177.292365603686
4,"symptomatic",150,150.404473654145
4,"symptomatic",151,128.532344953887
4,"symptomatic",152,110.590711130748
4,"symptomatic",153,95.7653551288208
4,"symptomatic",154,83.438704749425
4,"symptomatic",155,73.1371965145419
4,"symptomatic",156,64.493711452876
5,"symptomatic",105,51.8328620447321
5,"symptomatic",106,42.8671191604549
5,"symptomatic",107,36.5890249787162
5,"symptomatic",108,31.9831150743011
5,"symptomatic",109,28.6425251875079
5,"symptomatic",110,26.3010367563518
5,"symptomatic",111,24.7845855632303
5,"symptomatic",112,23.9897976543377
5,"symptomatic",113,23.8729501992148
5,"symptomatic",114,24.4469189440003
5,"symptomatic",115,25.7859392946178
5,"symptomatic",116,28.0396448924887
5,"symptomatic",117,31.4598469530894
5,"symptomatic",118,36.4465098304864
5,"symptomatic",119,43.6242272311277
5,"symptomatic",120,53.9685984321918
5,"symptomatic",121,69.0154830344172
5,"symptomatic",122,91.2085328571993
5,"symptomatic",123,124.475762050822
5,"symptomatic",124,175.175915827418
5,"symptomatic",125,253.606786978968
5,"symptomatic",126,376.252471733633
5,"symptomatic",127,568.636897262464
5,"symptomatic",128,867.449689569126
5,"symptomatic",129,1317.42504107042
5,"symptomatic",130,1952.95178734159
5,"symptomatic",131,2753.03434693453
5,"symptomatic",132,3582.63216514901
5,"symptomatic",133,4193.11959997944
5,"symptomatic",134,4356.69849183645
5,"symptomatic",135,4041.22308111911
5,"symptomatic",136,3419.68909367889
5,"symptomatic",137,2717.11386839444
5,"symptomatic",138,2083.47396656234
5,"symptomatic",139,1574.80349958075
5,"symptomatic",140,1189.8825406535
5,"symptomatic",141,906.027826274525
5,"symptomatic",142,698.101189646036
5,"symptomatic",143,545.220672745873
5,"symptomatic",144,431.785170829038
5,"symptomatic",145,346.632077700582
5,"symptomatic",146,281.894429347268
5,"symptomatic",147,232.036915066851
5,"symptomatic",148,193.145894696038
5,"symptomatic",149,162.432574195782
5,"symptomatic",150,137.891576168867
5,"symptomatic",151,118.06703167423
5,"symptomatic",152,101.891699372615
5,"symptomatic",153,88.5755160538611
5,"symptomatic",154,77.527741463111
5,"symptomatic",155,68.3021123114091
5,"symptomatic",156,60.5579070367728
6,"symptomatic",105,48.5420229096579
6,"symptomatic",106,40.299411669225
6,"symptomatic",107,34.539953177102
6,"symptomatic",108,30.3242715107059
6,"symptomatic",109,27.2798570331868
6,"symptomatic",110,25.1646980449648
6,"symptomatic",111,23.8223371093662
6,"symptomatic",112,23.1623357627048
6,"symptomatic",113,23.1505890829057
6,"symptomatic",114,23.8072681362014
6,"symptomatic",115,25.2123469198341
6,"symptomatic",116,27.5202800227801
6,"symptomatic",117,30.9873929544359
6,"symptomatic",118,36.018557012229
6,"symptomatic",119,43.2446172183086
6,"symptomatic",120,53.6502331246264
6,"symptomatic",121,68.7855497116092
6,"symptomatic",122,91.1178501070635
6,"symptomatic",123,124.615230573698
6,"symptomatic",124,175.705138014301
6,"symptomatic",125,254.80295661136
6,"symptomatic",126,378.590916689565
6,"symptomatic",127,572.914226605952
6,"symptomatic",128,874.943327660811
6,"symptomatic",129,1330.01825151348
6,"symptomatic",130,1973.00160424474
6,"symptomatic",131,2782.57627228454
6,"symptomatic",132,3621.69462837301
6,"symptomatic",133,4238.03274596009
6,"symptomatic",134,4400.4711576784
6,"symptomatic",135,4076.65783490932
6,"symptomatic",136,3442.65845004081
6,"symptomatic",137,2727.34401248166
6,"symptomatic",138,2083.18015146502
6,"symptomatic",139,1566.98237964616
6,"symptomatic",140,1177.26871365384
6,"symptomatic",141,890.729406844682
6,"symptomatic",142,681.604835248192
6,"symptomatic",143,528.521803317567
6,"symptomatic",144,415.526286937592
6,"symptomatic",145,331.212147111475
6,"symptomatic",146,267.546505065752
6,"symptomatic",147,218.881085555393
6,"symptomatic",148,181.22523207055
6,"symptomatic",149,151.73784061227
6,"symptomatic",150,128.378515679165
6,"symptomatic",151,109.668685649064
6,"symptomatic",152,94.5272976993226
6,"symptomatic",153,82.1569521083509
6,"symptomatic",154,71.9643016600834
6,"symptomatic",155,63.5039157693783
6,"symptomatic",156,56.4383697463158
7,"symptomatic",105,45.9574987759295
7,"symptomatic",106,38.1834690814889
7,"symptomatic",107,32.7718167875371
7,"symptomatic",108,28.8273099794287
7,"symptomatic",109,25.9951694111783
7,"symptomatic",110,24.0463316685705
7,"symptomatic",111,22.8342056565729
7,"symptomatic",112,22.2759160791893
7,"symptomatic",113,22.3432009520558
7,"symptomatic",114,23.0608303162133
7,"symptomatic",115,24.5125531339183
7,"symptomatic",116,26.8561928675496
7,"symptomatic",117,30.3515285381512
7,"symptomatic",118,35.4076499041936
7,"symptomatic",119,42.6614514077852
7,"symptomatic",120,53.107268039558
7,"symptomatic",121,68.3116831686727
7,"symptomatic",122,90.7707574711723
7,"symptomatic",123,124.503661331256
7,"symptomatic",124,176.028873943949
7,"symptomatic",125,255.923409888493
7,"symptomatic",126,381.152322158282
7,"symptomatic",127,578.039903541351
7,"symptomatic",128,884.516928763258
7,"symptomatic",129,1346.98100685427
7,"symptomatic",130,2001.3770720624
7,"symptomatic",131,2826.5880835025
7,"symptomatic",132,3683.37180341854
7,"symptomatic",133,4314.15341075596
7,"symptomatic",134,4481.9616954167
7,"symptomatic",135,4152.43958137736
7,"symptomatic",136,3504.85601469714
7,"symptomatic",137,2773.38203819436
7,"symptomatic",138,2114.45296334814
7,"symptomatic",139,1586.56221305176
7,"symptomatic",140,1188.32443722809
7,"symptomatic",141,895.864071076313
7,"symptomatic",142,682.745514567034
7,"symptomatic",143,527.026701720777
7,"symptomatic",144,412.334155505652
7,"symptomatic",145,326.969911767892
7,"symptomatic",146,262.702333568064
7,"symptomatic",147,213.747745845265
7,"symptomatic",148,176.02202588019
7,"symptomatic",149,146.618221454451
7,"symptomatic",150,123.44847064411
7,"symptomatic",151,104.999236157637
7,"symptomatic",152,90.1632555741612
7,"symptomatic",153,78.1232693427757
7,"symptomatic",154,68.2708463899474
7,"symptomatic",155,60.1491893217366
7,"symptomatic",156,53.4124803447844
8,"symptomatic",105,42.9991099410051
8,"symptomatic",106,35.678257578838
8,"symptomatic",107,30.5979631325915
8,"symptomatic",108,26.9088892708738
8,"symptomatic",109,24.2722909911227
8,"symptomatic",110,22.4701557355921
8,"symptomatic",111,21.3637303677509
8,"symptomatic",112,20.8754122172049
8,"symptomatic",113,20.9800060631481
8,"symptomatic",114,21.7032967107161
8,"symptomatic",115,23.1279509334241
8,"symptomatic",116,25.4083418494346
8,"symptomatic",117,28.79787060561
8,"symptomatic",118,33.6953651720183
8,"symptomatic",119,40.7220435051125
8,"symptomatic",120,50.8487665564166
8,"symptomatic",121,65.6071922628451
8,"symptomatic",122,87.4414811406446
8,"symptomatic",123,120.29376837278
8,"symptomatic",124,170.568831071019
8,"symptomatic",125,248.678487145271
8,"symptomatic",126,371.356135023307
8,"symptomatic",127,564.62471052488
8,"symptomatic",128,866.084104897392
8,"symptomatic",129,1321.91988244765
8,"symptomatic",130,1968.32178522426
8,"symptomatic",131,2785.36280205893
8,"symptomatic",132,3636.11383958253
8,"symptomatic",133,4265.47291450857
8,"symptomatic",134,4437.14314046042
8,"symptomatic",135,4114.83451621749
8,"symptomatic",136,3474.91640694931
8,"symptomatic",137,2749.73385888101
8,"symptomatic",138,2095.36158109056
8,"symptomatic",139,1570.67230401777
8,"symptomatic",140,1174.75153723211
8,"symptomatic",141,884.05223870163
8,"symptomatic",142,672.326373754108
8,"symptomatic",143,517.735190748241
8,"symptomatic",144,403.967734548332
8,"symptomatic",145,319.370096195501
8,"symptomatic",146,255.745327803646
8,"symptomatic",147,207.3381638047
8,"symptomatic",148,170.087580465092
8,"symptomatic",149,141.104883918193
8,"symptomatic",150,118.316112989788
8,"symptomatic",151,100.21785372513
8,"symptomatic",152,85.7098261335494
8,"symptomatic",153,73.9792498126564
8,"symptomatic",154,64.4202679268157
8,"symptomatic",155,56.5772873515191
8,"symptomatic",156,50.1047832849362
9,"symptomatic",105,41.1840901955355
9,"symptomatic",106,34.0793264400054
9,"symptomatic",107,29.1578711775091
9,"symptomatic",108,25.5917864116393
9,"symptomatic",109,23.0481610985911
9,"symptomatic",110,21.3127591568147
9,"symptomatic",111,20.2492597358006
9,"symptomatic",112,19.7812678466578
9,"symptomatic",113,19.8835585520493
9,"symptomatic",114,20.5805241007145
9,"symptomatic",115,21.9518114579529
9,"symptomatic",116,24.1466906392941
9,"symptomatic",117,27.4106433275391
9,"symptomatic",118,32.1306171506151
9,"symptomatic",119,38.9102236638754
9,"symptomatic",120,48.6942849479852
9,"symptomatic",121,62.975862780043
9,"symptomatic",122,84.1417506065484
9,"symptomatic",123,116.048816369435
9,"symptomatic",124,164.975947635256
9,"symptomatic",125,241.152711210823
9,"symptomatic",126,361.06013326658
9,"symptomatic",127,550.40402654605
9,"symptomatic",128,846.471228449973
9,"symptomatic",129,1295.35759220736
9,"symptomatic",130,1933.85057399507
9,"symptomatic",131,2743.89491431365
9,"symptomatic",132,3591.65334659827
9,"symptomatic",133,4224.54815808844
9,"symptomatic",134,4405.57284260565
9,"symptomatic",135,4094.44996204108
9,"symptomatic",136,3463.57859627352
9,"symptomatic",137,2743.86437858724
9,"symptomatic",138,2092.04067252123
9,"symptomatic",139,1568.21989447383
9,"symptomatic",140,1172.4336110599
9,"symptomatic",141,881.643537767501
9,"symptomatic",142,669.811679216642
9,"symptomatic",143,515.159822009073
9,"symptomatic",144,401.378883031671
9,"symptomatic",145,316.800821505605
9,"symptomatic",146,253.214686282454
9,"symptomatic",147,204.855631426313
9,"symptomatic",148,167.657393816807
9,"symptomatic",149,138.729120435479
9,"symptomatic",150,115.996497137221
9,"symptomatic",151,97.9565988953926
9,"symptomatic",152,83.5098420216159
9,"symptomatic",153,71.8439794407216
9,"symptomatic",154,62.3533442187439
9,"symptomatic",155,54.582137535445
9,"symptomatic",156,48.1842626174576
10,"symptomatic",105,40.1163917657396
10,"symptomatic",106,33.1162040638564
10,"symptomatic",107,28.267308535597
10,"symptomatic",108,24.7547442964763
10,"symptomatic",109,22.2481974874205
10,"symptomatic",110,20.5347627647437
10,"symptomatic",111,19.4786024449535
10,"symptomatic",112,19.0029806751058
10,"symptomatic",113,19.0814206243416
10,"symptomatic",114,19.7359595497497
10,"symptomatic",115,21.0424584638287
10,"symptomatic",116,23.1444484147516
10,"symptomatic",117,26.2789075733607
10,"symptomatic",118,30.8202631977911
10,"symptomatic",119,37.3536585398474
10,"symptomatic",120,46.7965195688682
10,"symptomatic",121,60.60099252474
10,"symptomatic",122,81.0924129129809
10,"symptomatic",123,112.035107798333
10,"symptomatic",124,159.569157399292
10,"symptomatic",125,233.719039335667
10,"symptomatic",126,350.673294860793
10,"symptomatic",127,535.750894942963
10,"symptomatic",128,825.807055090197
10,"symptomatic",129,1266.65683588349
10,"symptomatic",130,1895.41846044766
10,"symptomatic",131,2695.6692760385
10,"symptomatic",132,3536.80115322752
10,"symptomatic",133,4169.74274468382
10,"symptomatic",134,4358.39824817769
10,"symptomatic",135,4059.45538677675
10,"symptomatic",136,3440.71801872276
10,"symptomatic",137,2730.18715452889
10,"symptomatic",138,2084.14101493311
10,"symptomatic",139,1563.53737415115
10,"symptomatic",140,1169.42058216595
10,"symptomatic",141,879.477399537055
10,"symptomatic",142,668.085408840433
10,"symptomatic",143,513.67662553575
10,"symptomatic",144,400.040914986563
10,"symptomatic",145,315.555399060155
10,"symptomatic",146,252.030106733944
10,"symptomatic",147,203.710789972707
10,"symptomatic",148,166.537410700636
10,"symptomatic",149,137.623440686783
10,"symptomatic",150,114.897948078231
10,"symptomatic",151,96.86078932667
10,"symptomatic",152,82.4146685426386
10,"symptomatic",153,70.7491616721785
10,"symptomatic",154,61.259972628927
10,"symptomatic",155,53.4922407825578
10,"symptomatic",156,47.1004084761123
11,"symptomatic",105,39.0303601757491
11,"symptomatic",106,32.1502972834959
11,"symptomatic",107,27.3829752708174
11,"symptomatic",108,23.9272579915103
11,"symptomatic",109,21.4571399985781
11,"symptomatic",110,19.7620466821505
11,"symptomatic",111,18.7070908775976
11,"symptomatic",112,18.2152360345574
11,"symptomatic",113,18.2583964948109
11,"symptomatic",114,18.855458190099
11,"symptomatic",115,20.0771338276186
11,"symptomatic",116,22.05904438153
11,"symptomatic",117,25.0262636715533
11,"symptomatic",118,29.3353567358432
11,"symptomatic",119,35.5445163885039
11,"symptomatic",120,44.5301157248445
11,"symptomatic",121,57.6810766906789
11,"symptomatic",122,77.2243385948359
11,"symptomatic",123,106.769840280939
11,"symptomatic",124,152.214581315917
11,"symptomatic",125,223.202183340622
11,"symptomatic",126,335.336040325867
11,"symptomatic",127,513.076999322147
11,"symptomatic",128,792.143086843109
11,"symptomatic",129,1217.16585157301
11,"symptomatic",130,1824.83061807785
11,"symptomatic",131,2600.61298690343
11,"symptomatic",132,3419.64524200541
11,"symptomatic",133,4041.1803286403
11,"symptomatic",134,4234.49818956676
11,"symptomatic",135,3953.87798581772
11,"symptomatic",136,3359.14496512989
11,"symptomatic",137,2671.02942650861
11,"symptomatic",138,2042.4855134858
11,"symptomatic",139,1534.29826343952
11,"symptomatic",140,1148.62311202217
11,"symptomatic",141,864.371590241586
11,"symptomatic",142,656.860306889506
11,"symptomatic",143,505.150661307319
11,"symptomatic",144,393.433466694859
11,"symptomatic",145,310.339077233352
11,"symptomatic",146,247.839654898673
11,"symptomatic",147,200.287268973982
11,"symptomatic",148,163.693497309966
11,"symptomatic",149,135.221319427995
11,"symptomatic",150,112.834834153315
11,"symptomatic",151,95.0591904125012
11,"symptomatic",152,80.8156686848219
11,"symptomatic",153,69.307681500328
11,"symptomatic",154,59.9413514528315
11,"symptomatic",155,52.2697211635195
11,"symptomatic",156,45.9532494076687
12,"symptomatic",105,37.6702239082442
12,"symptomatic",106,30.9939285753967
12,"symptomatic",107,26.3632803801488
12,"symptomatic",108,23.0029011871167
12,"symptomatic",109,20.5960671600949
12,"symptomatic",110,18.93779149903
12,"symptomatic",111,17.896276358582
12,"symptomatic",112,17.3955208892307
12,"symptomatic",113,17.4065452723746
12,"symptomatic",114,17.9452553844394
12,"symptomatic",115,19.0768272766266
12,"symptomatic",116,20.9278993529705
12,"symptomatic",117,23.7096105272184
12,"symptomatic",118,27.7571685218783
12,"symptomatic",119,33.5959631108158
12,"symptomatic",120,42.0515477694594
12,"symptomatic",121,54.4332249566954
12,"symptomatic",122,72.8417708353297
12,"symptomatic",123,100.685319378927
12,"symptomatic",124,143.53642133527
12,"symptomatic",125,210.518464389334
12,"symptomatic",126,316.414164894942
12,"symptomatic",127,484.441622345713
12,"symptomatic",128,748.5975465475
12,"symptomatic",129,1151.56886170587
12,"symptomatic",130,1728.93620756084
12,"symptomatic",131,2468.21901274548
12,"symptomatic",132,3252.27476928153
12,"symptomatic",133,3852.61422957544
12,"symptomatic",134,4047.63589482958
12,"symptomatic",135,3789.85472826195
12,"symptomatic",136,3228.44078681515
12,"symptomatic",137,2573.31859168656
12,"symptomatic",138,1971.77075447587
12,"symptomatic",139,1483.54748067196
12,"symptomatic",140,1111.95074651762
12,"symptomatic",141,837.482904474196
12,"symptomatic",142,636.798052254245
12,"symptomatic",143,489.914224130289
12,"symptomatic",144,381.664842122534
12,"symptomatic",145,301.104115876244
12,"symptomatic",146,240.484783864307
12,"symptomatic",147,194.347190937122
12,"symptomatic",148,158.831444666368
12,"symptomatic",149,131.189822016086
12,"symptomatic",150,109.449498866942
12,"symptomatic",151,92.1808628720924
12,"symptomatic",152,78.3380939370483
12,"symptomatic",153,67.1488374651562
12,"symptomatic",154,58.0372752491769
12,"symptomatic",155,50.5700513937392
12,"symptomatic",156,44.4179641702329
13,"symptomatic",105,667.710479609559
13,"symptomatic",106,560.730436677341
13,"symptomatic",107,486.12051887752
13,"symptomatic",108,431.581563251074
13,"symptomatic",109,392.583582172724
13,"symptomatic",110,366.202909541474
13,"symptomatic",111,350.596193377593
13,"symptomatic",112,344.800836258608
13,"symptomatic",113,348.651589399854
13,"symptomatic",114,362.800015597525
13,"symptomatic",115,388.849417035907
13,"symptomatic",116,429.640419302773
13,"symptomatic",117,489.75545403541
13,"symptomatic",118,576.363089217138
13,"symptomatic",119,700.610060487124
13,"symptomatic",120,879.91363832626
13,"symptomatic",121,1141.74578258591
13,"symptomatic",122,1529.88023180213
13,"symptomatic",123,2114.6257733052
13,"symptomatic",124,3009.19867640748
13,"symptomatic",125,4394.50618589175
13,"symptomatic",126,6552.10592007576
13,"symptomatic",127,9893.9893316576
13,"symptomatic",128,14945.237942074
13,"symptomatic",129,22168.1539667185
13,"symptomatic",130,31455.8856810874
13,"symptomatic",131,41311.0625596344
13,"symptomatic",132,48519.4945158727
13,"symptomatic",133,49760.768196232
13,"symptomatic",134,44545.2835144827
13,"symptomatic",135,35769.8908634982
13,"symptomatic",136,26948.559788472
13,"symptomatic",137,19911.415411211
13,"symptomatic",138,14866.6761184567
13,"symptomatic",139,11362.1938500721
13,"symptomatic",140,8900.10031797374
13,"symptomatic",141,7119.15410154256
13,"symptomatic",142,5789.77455194939
13,"symptomatic",143,4770.56786329406
13,"symptomatic",144,3972.85067501464
13,"symptomatic",145,3338.68547697555
13,"symptomatic",146,2828.45138346913
13,"symptomatic",147,2413.93305490691
13,"symptomatic",148,2074.39338704178
13,"symptomatic",149,1794.24014740022
13,"symptomatic",150,1561.56146404748
13,"symptomatic",151,1367.15491169058
13,"symptomatic",152,1203.85260932246
13,"symptomatic",153,1066.03455289764
13,"symptomatic",154,949.268472999881
13,"symptomatic",155,850.038829209338
13,"symptomatic",156,765.540919610578
14,"symptomatic",105,483.417624479876
14,"symptomatic",106,405.198845843569
14,"symptomatic",107,350.718251141393
14,"symptomatic",108,311.072816537401
14,"symptomatic",109,282.831516522536
14,"symptomatic",110,263.794414376444
14,"symptomatic",111,252.588182845636
14,"symptomatic",112,248.499050324262
14,"symptomatic",113,251.401926107376
14,"symptomatic",114,261.770283217796
14,"symptomatic",115,280.772786151338
14,"symptomatic",116,310.481157499782
14,"symptomatic",117,354.238884814826
14,"symptomatic",118,417.279559655972
14,"symptomatic",119,507.748122315022
14,"symptomatic",120,638.386118092941
14,"symptomatic",121,829.321272093765
14,"symptomatic",122,1112.69032046162
14,"symptomatic",123,1540.25457615343
14,"symptomatic",124,2195.69415940057
14,"symptomatic",125,3213.51466220781
14,"symptomatic",126,4805.04432167335
14,"symptomatic",127,7284.66815363013
14,"symptomatic",128,11066.854661355
14,"symptomatic",129,16555.2311963143
14,"symptomatic",130,23791.4768871477
14,"symptomatic",131,31834.7207295229
14,"symptomatic",132,38384.1305021076
14,"symptomatic",133,40729.0566705262
14,"symptomatic",134,37919.1169153818
14,"symptomatic",135,31642.2353036031
14,"symptomatic",136,24560.7041167971
14,"symptomatic",137,18424.4354222705
14,"symptomatic",138,13744.3073084367
14,"symptomatic",139,10360.2216514981
14,"symptomatic",140,7940.78180474562
14,"symptomatic",141,6194.3117155511
14,"symptomatic",142,4911.33608323288
14,"symptomatic",143,3951.03667579946
14,"symptomatic",144,3219.76319329671
14,"symptomatic",145,2654.40281986597
14,"symptomatic",146,2211.48841179369
14,"symptomatic",147,1860.40290684793
14,"symptomatic",148,1579.14491289973
14,"symptomatic",149,1351.63773936041
14,"symptomatic",150,1165.97160114421
14,"symptomatic",151,1013.22251520164
14,"symptomatic",152,886.638219684232
14,"symptomatic",153,781.06493804441
14,"symptomatic",154,692.536763193016
14,"symptomatic",155,617.977626473867
14,"symptomatic",156,554.982875653552
15,"symptomatic",105,403.165859982121
15,"symptomatic",106,336.11774278142
15,"symptomatic",107,289.476257131838
15,"symptomatic",108,255.572673336695
15,"symptomatic",109,231.384760152027
15,"symptomatic",110,214.967197464374
15,"symptomatic",111,205.094001789061
15,"symptomatic",112,201.104288737915
15,"symptomatic",113,202.831775364384
15,"symptomatic",114,210.603017496025
15,"symptomatic",115,225.307322774566
15,"symptomatic",116,248.556537265788
15,"symptomatic",117,282.973156059888
15,"symptomatic",118,332.676484366963
15,"symptomatic",119,404.087890504796
15,"symptomatic",120,507.262142420963
15,"symptomatic",121,658.095374042835
15,"symptomatic",122,881.993702016204
15,"symptomatic",123,1219.94165829186
15,"symptomatic",124,1738.36639778745
15,"symptomatic",125,2544.49841819204
15,"symptomatic",126,3808.05745182568
15,"symptomatic",127,5784.9451902562
15,"symptomatic",128,8821.97448385668
15,"symptomatic",129,13283.6209494849
15,"symptomatic",130,19294.6505292264
15,"symptomatic",131,26249.35653328
15,"symptomatic",132,32426.376657657
15,"symptomatic",133,35549.5852284895
15,"symptomatic",134,34432.03769328
15,"symptomatic",135,29962.8130285993
15,"symptomatic",136,24154.2870878537
15,"symptomatic",137,18632.3546469212
15,"symptomatic",138,14110.7335122869
15,"symptomatic",139,10666.8639861345
15,"symptomatic",140,8122.05450748019
15,"symptomatic",141,6255.56096385244
15,"symptomatic",142,4880.9635256038
15,"symptomatic",143,3859.05667589918
15,"symptomatic",144,3090.5436504381
15,"symptomatic",145,2505.55393910773
15,"symptomatic",146,2054.88344591128
15,"symptomatic",147,1703.63423207974
15,"symptomatic",148,1426.81684099139
15,"symptomatic",149,1206.35284774266
15,"symptomatic",150,1029.03037645177
15,"symptomatic",151,885.099373649033
15,"symptomatic",152,767.296796579744
15,"symptomatic",153,670.162935507969
15,"symptomatic",154,589.556998085364
15,"symptomatic",155,522.310681199771
15,"symptomatic",156,465.978426767542
16,"symptomatic",105,354.233082523346
16,"symptomatic",106,293.665499296472
16,"symptomatic",107,251.574688183125
16,"symptomatic",108,221.000072747821
16,"symptomatic",109,199.142566354375
16,"symptomatic",110,184.193599720429
16,"symptomatic",111,175.002318984598
16,"symptomatic",112,170.926741661409
16,"symptomatic",113,171.761492913357
16,"symptomatic",114,177.726854972601
16,"symptomatic",115,189.519781642066
16,"symptomatic",116,208.440672543513
16,"symptomatic",117,236.626687724563
16,"symptomatic",118,277.448270390481
16,"symptomatic",119,336.167828204479
16,"symptomatic",120,421.030361817536
16,"symptomatic",121,545.074573360772
16,"symptomatic",122,729.147636738064
16,"symptomatic",123,1006.90775008274
16,"symptomatic",124,1433.00170721869
16,"symptomatic",125,2095.9354363085
16,"symptomatic",126,3136.6572773916
16,"symptomatic",127,4770.18286714503
16,"symptomatic",128,7294.98776038945
16,"symptomatic",129,11044.7508789039
16,"symptomatic",130,16195.1715661009
16,"symptomatic",131,22365.9082362731
16,"symptomatic",132,28240.3019537263
16,"symptomatic",133,31867.3032122549
16,"symptomatic",134,31927.6452181692
16,"symptomatic",135,28760.9513758763
16,"symptomatic",136,23899.5017284352
16,"symptomatic",137,18852.0563460982
16,"symptomatic",138,14462.6254112151
16,"symptomatic",139,10979.0430007909
16,"symptomatic",140,8338.09478358913
16,"symptomatic",141,6375.39670737376
16,"symptomatic",142,4924.36417426177
16,"symptomatic",143,3848.46237548793
16,"symptomatic",144,3044.83222483925
16,"symptomatic",145,2438.76459321566
16,"symptomatic",146,1976.76908887944
16,"symptomatic",147,1620.66520327506
16,"symptomatic",148,1343.12290256926
16,"symptomatic",149,1124.46224555603
16,"symptomatic",150,950.40445006876
16,"symptomatic",151,810.502536177207
16,"symptomatic",152,697.045840405464
16,"symptomatic",153,604.292136617624
16,"symptomatic",154,527.926138945791
16,"symptomatic",155,464.675064385588
16,"symptomatic",156,412.033859856795
17,"symptomatic",105,1537.6137354421
17,"symptomatic",106,1289.41423504584
17,"symptomatic",107,1116.29592767197
17,"symptomatic",108,990.647646081822
17,"symptomatic",109,901.381305853445
17,"symptomatic",110,841.362345375534
17,"symptomatic",111,806.169912678854
17,"symptomatic",112,793.524283667176
17,"symptomatic",113,803.032277243764
17,"symptomatic",114,836.201877955471
17,"symptomatic",115,896.737927564308
17,"symptomatic",116,991.190456126194
17,"symptomatic",117,1130.10680238888
17,"symptomatic",118,1329.9600430589
17,"symptomatic",119,1616.32279627456
17,"symptomatic",120,2029.07934666551
17,"symptomatic",121,2630.9970644877
17,"symptomatic",122,3521.80298288422
17,"symptomatic",123,4861.07181429766
17,"symptomatic",124,6904.43851652466
17,"symptomatic",125,10057.4242238507
17,"symptomatic",126,14944.5557235838
17,"symptomatic",127,22465.3393675753
17,"symptomatic",128,33737.7072045499
17,"symptomatic",129,49698.2367875567
17,"symptomatic",130,70055.0587094514
17,"symptomatic",131,91753.3402850562
17,"symptomatic",132,108548.977113804
17,"symptomatic",133,113943.65716145
17,"symptomatic",134,106131.36314863
17,"symptomatic",135,89384.6517158123
17,"symptomatic",136,70206.8682487517
17,"symptomatic",137,53146.8340326958
17,"symptomatic",138,39822.0109043812
17,"symptomatic",139,30042.3730338079
17,"symptomatic",140,23014.8316728986
17,"symptomatic",141,17953.7197044416
17,"symptomatic",142,14258.3489083997
17,"symptomatic",143,11510.8425183863
17,"symptomatic",144,9429.49114027084
17,"symptomatic",145,7824.73496640983
17,"symptomatic",146,6567.48047626318
17,"symptomatic",147,5568.25552892802
17,"symptomatic",148,4763.87651020745
17,"symptomatic",149,4108.92312128052
17,"symptomatic",150,3570.2151272547
17,"symptomatic",151,3123.16483152775
17,"symptomatic",152,2749.31735629125
17,"symptomatic",153,2434.65802936891
17,"symptomatic",154,2168.42634179503
17,"symptomatic",155,1942.27210481244
17,"symptomatic",156,1749.6478229964
18,"symptomatic",105,1366.02755441552
18,"symptomatic",106,1138.72051646173
18,"symptomatic",107,979.94921144134
18,"symptomatic",108,864.503724173775
18,"symptomatic",109,782.039275272068
18,"symptomatic",110,725.833832125563
18,"symptomatic",111,691.64373126499
18,"symptomatic",112,677.154310650159
18,"symptomatic",113,681.714418592581
18,"symptomatic",114,706.306917262379
18,"symptomatic",115,753.758752549581
18,"symptomatic",116,829.24410923026
18,"symptomatic",117,941.199849230989
18,"symptomatic",118,1102.87199234013
18,"symptomatic",119,1334.87363016473
18,"symptomatic",120,1669.40379859472
18,"symptomatic",121,2157.22458306347
18,"symptomatic",122,2879.21987469291
18,"symptomatic",123,3965.46221656889
18,"symptomatic",124,5626.13674902716
18,"symptomatic",125,8199.65263468098
18,"symptomatic",126,12220.7296299836
18,"symptomatic",127,18495.8290191624
18,"symptomatic",128,28122.929840563
18,"symptomatic",129,42275.5673770433
18,"symptomatic",130,61416.2632332202
18,"symptomatic",131,83739.3528236218
18,"symptomatic",132,103796.738295353
18,"symptomatic",133,113997.581748872
18,"symptomatic",134,109959.871864484
18,"symptomatic",135,94416.7530913061
18,"symptomatic",136,74450.9245725177
18,"symptomatic",137,55950.8289699705
18,"symptomatic",138,41370.7220548586
18,"symptomatic",139,30743.224870563
18,"symptomatic",140,23212.5519810969
18,"symptomatic",141,17875.1195926661
18,"symptomatic",142,14037.105528092
18,"symptomatic",143,11221.7139902412
18,"symptomatic",144,9113.22236756663
18,"symptomatic",145,7503.18478909341
18,"symptomatic",146,6252.15811021792
18,"symptomatic",147,5264.99973531547
18,"symptomatic",148,4475.40271507504
18,"symptomatic",149,3836.21619966733
18,"symptomatic",150,3313.29838085167
18,"symptomatic",151,2881.52910606581
18,"symptomatic",152,2522.16262902937
18,"symptomatic",153,2221.03012202786
18,"symptomatic",154,1967.29430657023
18,"symptomatic",155,1752.57176794482
18,"symptomatic",156,1570.30589920826
19,"symptomatic",105,787.276304629209
19,"symptomatic",106,635.267285865634
19,"symptomatic",107,530.170920024866
19,"symptomatic",108,454.339850451522
19,"symptomatic",109,399.912908068207
19,"symptomatic",110,361.75124766295
19,"symptomatic",111,336.501270439536
19,"symptomatic",112,322.10231162829
19,"symptomatic",113,317.505678037131
19,"symptomatic",114,322.548121207721
19,"symptomatic",115,337.958459762693
19,"symptomatic",116,365.504135446827
19,"symptomatic",117,408.3153999544
19,"symptomatic",118,471.467241869172
19,"symptomatic",119,562.965470494987
19,"symptomatic",120,695.393538989726
19,"symptomatic",121,888.663774351965
19,"symptomatic",122,1174.63395735807
19,"symptomatic",123,1604.87567548787
19,"symptomatic",124,2263.70066903637
19,"symptomatic",125,3289.65775538926
19,"symptomatic",126,4909.62651708704
19,"symptomatic",127,7488.27479145369
19,"symptomatic",128,11585.6324578876
19,"symptomatic",129,17982.1667008534
19,"symptomatic",130,27555.0907062106
19,"symptomatic",131,40798.2840254004
19,"symptomatic",132,56877.6638196594
19,"symptomatic",133,72767.6851084531
19,"symptomatic",134,83855.244760677
19,"symptomatic",135,86546.8523899551
19,"symptomatic",136,80683.5838691463
19,"symptomatic",137,69219.3459417166
19,"symptomatic",138,55896.4897444781
19,"symptomatic",139,43403.3401344881
19,"symptomatic",140,32974.3213856105
19,"symptomatic",141,24823.6006162074
19,"symptomatic",142,18678.4644493332
19,"symptomatic",143,14125.3791708175
19,"symptomatic",144,10771.6296708525
19,"symptomatic",145,8298.26065450344
19,"symptomatic",146,6464.10125493871
19,"symptomatic",147,5093.04818762059
19,"symptomatic",148,4058.55474169994
19,"symptomatic",149,3270.18272583276
19,"symptomatic",150,2663.25902322753
19,"symptomatic",151,2191.33977833533
19,"symptomatic",152,1820.8597759172
19,"symptomatic",153,1527.37589158354
19,"symptomatic",154,1292.93834409669
19,"symptomatic",155,1104.24893225059
19,"symptomatic",156,951.365865646157
20,"symptomatic",105,775.518360335928
20,"symptomatic",106,628.66533107421
20,"symptomatic",107,526.956592017601
20,"symptomatic",108,453.399599447311
20,"symptomatic",109,400.550051647934
20,"symptomatic",110,363.545491609307
20,"symptomatic",111,339.213031486573
20,"symptomatic",112,325.616418588871
20,"symptomatic",113,321.801268881023
20,"symptomatic",114,327.686388215224
20,"symptomatic",115,344.084422779104
20,"symptomatic",116,372.862073092685
20,"symptomatic",117,417.280711960645
20,"symptomatic",118,482.601204420062
20,"symptomatic",119,577.104495424803
20,"symptomatic",120,713.79221907815
20,"symptomatic",121,913.222212534861
20,"symptomatic",122,1208.25443248711
20,"symptomatic",123,1652.0057816449
20,"symptomatic",124,2331.10436520002
20,"symptomatic",125,3387.32716887948
20,"symptomatic",126,5051.2553133658
20,"symptomatic",127,7689.21044638645
20,"symptomatic",128,11852.3579811965
20,"symptomatic",129,18279.6299140179
20,"symptomatic",130,27730.3992126397
20,"symptomatic",131,40457.4751990968
20,"symptomatic",132,55311.3268244198
20,"symptomatic",133,69166.2481701289
20,"symptomatic",134,77909.7241356523
20,"symptomatic",135,78925.348802101
20,"symptomatic",136,72734.1312484446
20,"symptomatic",137,62162.288025615
20,"symptomatic",138,50321.5762379849
20,"symptomatic",139,39322.2659122887
20,"symptomatic",140,30110.9385216753
20,"symptomatic",141,22847.8899956226
20,"symptomatic",142,17313.9726081274
20,"symptomatic",143,13172.3356431754
20,"symptomatic",144,10095.4143102969
20,"symptomatic",145,7810.66772838059
20,"symptomatic",146,6107.48344477807
20,"symptomatic",147,4829.23511955936
20,"symptomatic",148,3861.72955124237
20,"symptomatic",149,3122.46327235502
20,"symptomatic",150,2551.97755905027
20,"symptomatic",151,2107.34972438633
20,"symptomatic",152,1757.45713967931
20,"symptomatic",153,1479.59157471108
20,"symptomatic",154,1257.05921629095
20,"symptomatic",155,1077.48441481884
20,"symptomatic",156,931.610316241266
21,"symptomatic",105,823.617781582559
21,"symptomatic",106,669.484450340281
21,"symptomatic",107,562.637063133719
21,"symptomatic",108,485.378688457639
21,"symptomatic",109,429.940147262225
21,"symptomatic",110,391.24618670174
21,"symptomatic",111,365.998882849332
21,"symptomatic",112,352.206310621497
21,"symptomatic",113,348.919610239256
21,"symptomatic",114,356.125897731343
21,"symptomatic",115,374.780533140135
21,"symptomatic",116,406.991406511636
21,"symptomatic",117,456.40147245315
21,"symptomatic",118,528.863172585238
21,"symptomatic",119,633.573360152819
21,"symptomatic",120,784.962054541037
21,"symptomatic",121,1005.83907146267
21,"symptomatic",122,1332.6559917954
21,"symptomatic",123,1824.31442759876
21,"symptomatic",124,2576.81079600754
21,"symptomatic",125,3747.05562231552
21,"symptomatic",126,5589.66910692578
21,"symptomatic",127,8507.55297696966
21,"symptomatic",128,13102.4737399762
21,"symptomatic",129,20169.2021540532
21,"symptomatic",130,30492.3916903351
21,"symptomatic",131,44240.8665883572
21,"symptomatic",132,59982.9888725628
21,"symptomatic",133,74153.5430818767
21,"symptomatic",134,82337.4713446028
21,"symptomatic",135,82077.0971526788
21,"symptomatic",136,74431.2091635856
21,"symptomatic",137,62716.30382633
21,"symptomatic",138,50216.746669867
21,"symptomatic",139,38958.7387315955
21,"symptomatic",140,29724.5876108429
21,"symptomatic",141,22540.2851648388
21,"symptomatic",142,17108.6218839779
21,"symptomatic",143,13058.0516337273
21,"symptomatic",144,10050.67972313
21,"symptomatic",145,7814.4991412782
21,"symptomatic",146,6143.01955374793
21,"symptomatic",147,4884.11325232489
21,"symptomatic",148,3927.3489550557
21,"symptomatic",149,3193.047299201
21,"symptomatic",150,2623.75820410332
21,"symptomatic",151,2177.94650207106
21,"symptomatic",152,1825.43221287373
21,"symptomatic",153,1544.14074501452
21,"symptomatic",154,1317.80041945917
21,"symptomatic",155,1134.31382051648
21,"symptomatic",156,984.604572067247
22,"symptomatic",105,628.282908212216
22,"symptomatic",106,502.891159885683
22,"symptomatic",107,416.399196150128
22,"symptomatic",108,354.145360277021
22,"symptomatic",109,309.455579377875
22,"symptomatic",110,277.969724991207
22,"symptomatic",111,256.830736288952
22,"symptomatic",112,244.253128327317
22,"symptomatic",113,239.271930944597
22,"symptomatic",114,241.619608563016
22,"symptomatic",115,251.708914305684
22,"symptomatic",116,270.722188306919
22,"symptomatic",117,300.831013495357
22,"symptomatic",118,345.601002135729
22,"symptomatic",119,410.68381221113
22,"symptomatic",120,504.976553956384
22,"symptomatic",121,642.561140881495
22,"symptomatic",122,845.961187183661
22,"symptomatic",123,1151.62908977814
22,"symptomatic",124,1619.16877475767
22,"symptomatic",125,2346.62574081084
22,"symptomatic",126,3494.95664940077
22,"symptomatic",127,5324.21319359234
22,"symptomatic",128,8237.87943479251
22,"symptomatic",129,12810.2978768882
22,"symptomatic",130,19721.2620056432
22,"symptomatic",131,29453.8156672186
22,"symptomatic",132,41652.4332713013
22,"symptomatic",133,54438.3578732446
22,"symptomatic",134,64582.1189773751
22,"symptomatic",135,69085.405975424
22,"symptomatic",136,67020.6129729029
22,"symptomatic",137,59834.8309571101
22,"symptomatic",138,50084.5717586167
22,"symptomatic",139,40035.1749687663
22,"symptomatic",140,31049.2436680708
22,"symptomatic",141,23658.5711930174
22,"symptomatic",142,17879.2441819023
22,"symptomatic",143,13492.4642517932
22,"symptomatic",144,10216.1637727463
22,"symptomatic",145,7786.57955543589
22,"symptomatic",146,5986.667818649
22,"symptomatic",147,4649.0303898381
22,"symptomatic",148,3649.04725600117
22,"symptomatic",149,2895.71242564964
22,"symptomatic",150,2323.19609072244
22,"symptomatic",151,1884.03627930648
22,"symptomatic",152,1543.98487059769
22,"symptomatic",153,1278.23754647165
22,"symptomatic",154,1068.72765304112
22,"symptomatic",155,902.202909100483
22,"symptomatic",156,768.864438805932
23,"symptomatic",105,435.48682357721
23,"symptomatic",106,345.196299834735
23,"symptomatic",107,283.191847367081
23,"symptomatic",108,238.752404927481
23,"symptomatic",109,206.907925973405
23,"symptomatic",110,184.415834554703
23,"symptomatic",111,169.148988907889
23,"symptomatic",112,159.762291346455
23,"symptomatic",113,155.495442474135
23,"symptomatic",114,156.070027977472
23,"symptomatic",115,161.661365911664
23,"symptomatic",116,172.941658704161
23,"symptomatic",117,191.206682382853
23,"symptomatic",118,218.617865600516
23,"symptomatic",119,258.620857323096
23,"symptomatic",120,316.649354298071
23,"symptomatic",121,401.303513998241
23,"symptomatic",122,526.329304070769
23,"symptomatic",123,713.954577698621
23,"symptomatic",124,1000.50457784855
23,"symptomatic",125,1445.74592352301
23,"symptomatic",126,2147.96250736013
23,"symptomatic",127,3266.65683674251
23,"symptomatic",128,5051.71658110972
23,"symptomatic",129,7866.26810482096
23,"symptomatic",130,12161.537779672
23,"symptomatic",131,18318.8988551512
23,"symptomatic",132,26279.9634186576
23,"symptomatic",133,35085.0812132323
23,"symptomatic",134,42810.434758544
23,"symptomatic",135,47349.381969724
23,"symptomatic",136,47600.356898296
23,"symptomatic",137,43987.9684428801
23,"symptomatic",138,37957.1076736984
23,"symptomatic",139,31091.157217658
23,"symptomatic",140,24540.9629176457
23,"symptomatic",141,18903.7067957964
23,"symptomatic",142,14354.5314936387
23,"symptomatic",143,10829.3060035344
23,"symptomatic",144,8164.29800703725
23,"symptomatic",145,6177.24257946428
23,"symptomatic",146,4704.72685556914
23,"symptomatic",147,3614.25650808796
23,"symptomatic",148,2804.15746629852
23,"symptomatic",149,2198.84115902633
23,"symptomatic",150,1743.11336011881
23,"symptomatic",151,1397.04172627412
23,"symptomatic",152,1131.83215316543
23,"symptomatic",153,926.706671858776
23,"symptomatic",154,766.617313560613
23,"symptomatic",155,640.603859343899
23,"symptomatic",156,540.62643724804
24,"symptomatic",105,298.561374962608
24,"symptomatic",106,236.064850388799
24,"symptomatic",107,193.161805977906
24,"symptomatic",108,162.436037654915
24,"symptomatic",109,140.422042085114
24,"symptomatic",110,124.857024184276
24,"symptomatic",111,114.254507857132
24,"symptomatic",112,107.670801849646
24,"symptomatic",113,104.565783322004
24,"symptomatic",114,104.728932319812
24,"symptomatic",115,108.256659868307
24,"symptomatic",116,115.577875637963
24,"symptomatic",117,127.535278596901
24,"symptomatic",118,145.542877254113
24,"symptomatic",119,171.859492664878
24,"symptomatic",120,210.049235275325
24,"symptomatic",121,265.752636447976
24,"symptomatic",122,347.98169401334
24,"symptomatic",123,471.302133355394
24,"symptomatic",124,659.506488379443
24,"symptomatic",125,951.727773183874
24,"symptomatic",126,1412.31373660225
24,"symptomatic",127,2145.73553373148
24,"symptomatic",128,3315.88306786692
24,"symptomatic",129,5161.68866344575
24,"symptomatic",130,7982.45887317935
24,"symptomatic",131,12038.24991622
24,"symptomatic",132,17312.8471533088
24,"symptomatic",133,23211.898003677
24,"symptomatic",134,28504.7271097278
24,"symptomatic",135,31800.6528146529
24,"symptomatic",136,32306.4393090896
24,"symptomatic",137,30199.1228610751
24,"symptomatic",138,26356.3051009427
24,"symptomatic",139,21810.9015445352
24,"symptomatic",140,17361.3086580372
24,"symptomatic",141,13457.027441965
24,"symptomatic",142,10259.8530949097
24,"symptomatic",143,7755.62644798307
24,"symptomatic",144,5848.48342009527
24,"symptomatic",145,4420.00561150992
24,"symptomatic",146,3359.01568838596
24,"symptomatic",147,2572.91869068545
24,"symptomatic",148,1989.43816797694
24,"symptomatic",149,1554.25137981603
24,"symptomatic",150,1227.42479484953
24,"symptomatic",151,979.958898425032
24,"symptomatic",152,790.909690087188
24,"symptomatic",153,645.162940317183
24,"symptomatic",154,531.783475429701
24,"symptomatic",155,442.820317687372
24,"symptomatic",156,372.453727000237
25,"symptomatic",105,224.620830674845
25,"symptomatic",106,177.683295534364
25,"symptomatic",107,145.448163552141
25,"symptomatic",108,122.354630551544
25,"symptomatic",109,105.803647912233
25,"symptomatic",110,94.0979299019049
25,"symptomatic",111,86.1222779446196
25,"symptomatic",112,81.1686159572731
25,"symptomatic",113,78.8317171719068
25,"symptomatic",114,78.9538358880748
25,"symptomatic",115,81.6078018953378
25,"symptomatic",116,87.1163127501492
25,"symptomatic",117,96.1130627424294
25,"symptomatic",118,109.661119872333
25,"symptomatic",119,129.458408567796
25,"symptomatic",120,158.183604150427
25,"symptomatic",121,200.075293390517
25,"symptomatic",122,261.904484696046
25,"symptomatic",123,354.613143785426
25,"symptomatic",124,496.071725338099
25,"symptomatic",125,715.668332818166
25,"symptomatic",126,1061.71969845874
25,"symptomatic",127,1612.65901902811
25,"symptomatic",128,2491.51284363838
25,"symptomatic",129,3877.61692378002
25,"symptomatic",130,5995.58925326689
25,"symptomatic",131,9040.52642473525
25,"symptomatic",132,13000.0529966696
25,"symptomatic",133,17427.7051540881
25,"symptomatic",134,21399.3870057618
25,"symptomatic",135,23871.2844357839
25,"symptomatic",136,24248.6277452103
25,"symptomatic",137,22665.136708122
25,"symptomatic",138,19780.0060959243
25,"symptomatic",139,16368.4950890806
25,"symptomatic",140,13029.5327375184
25,"symptomatic",141,10100.1172223427
25,"symptomatic",142,7701.38873168043
25,"symptomatic",143,5822.55177640221
25,"symptomatic",144,4391.59960175404
25,"symptomatic",145,3319.6705629412
25,"symptomatic",146,2523.37240319218
25,"symptomatic",147,1933.26733165
25,"symptomatic",148,1495.16053293975
25,"symptomatic",149,1168.31994765687
25,"symptomatic",150,922.800858220087
25,"symptomatic",151,736.854778267614
25,"symptomatic",152,594.77170160311
25,"symptomatic",153,485.211996973431
25,"symptomatic",154,399.96934685964
25,"symptomatic",155,333.07528810932
25,"symptomatic",156,280.159927140152
1,"gp",105,13.5979753504309
1,"gp",106,11.0475106390374
1,"gp",107,9.3004252659355
1,"gp",108,8.03066474690627
1,"gp",109,7.11540644791349
1,"gp",110,6.4741937631685
1,"gp",111,6.0541913696136
1,"gp",112,5.82322553585269
1,"gp",113,5.76589776181473
1,"gp",114,5.88205081245478
1,"gp",115,6.18741571128415
1,"gp",116,6.71670624940138
1,"gp",117,7.52995356113752
1,"gp",118,8.72363832625351
1,"gp",119,10.449401878197
1,"gp",120,12.9451561268346
1,"gp",121,16.5868450407252
1,"gp",122,21.974824385357
1,"gp",123,30.0779649896407
1,"gp",124,42.471861212224
1,"gp",125,61.7223186225617
1,"gp",126,91.9661686474641
1,"gp",127,139.67446459676
1,"gp",128,214.30296275834
1,"gp",129,327.764688805517
1,"gp",130,490.267958175633
1,"gp",131,699.496533215904
1,"gp",132,925.557798940875
1,"gp",133,1108.56600693695
1,"gp",134,1188.18142468358
1,"gp",135,1146.42724017135
1,"gp",136,1015.59340150539
1,"gp",137,846.808222331461
1,"gp",138,679.678746588414
1,"gp",139,534.093921080035
1,"gp",140,415.59971536928
1,"gp",141,322.56892800196
1,"gp",142,250.85093150727
1,"gp",143,196.006507067027
1,"gp",144,154.150818537002
1,"gp",145,122.155145704036
1,"gp",146,97.5994397057858
1,"gp",147,78.6502393841453
1,"gp",148,63.9329943813721
1,"gp",149,52.4219801197216
1,"gp",150,43.3525787507129
1,"gp",151,36.1540574460776
1,"gp",152,30.3991251635559
1,"gp",153,25.7665180318001
1,"gp",154,22.0134234689775
1,"gp",155,18.9552194826549
1,"gp",156,16.4506052883137
2,"gp",105,15.7171862494637
2,"gp",106,12.7796067307197
2,"gp",107,10.7485030943859
2,"gp",108,9.2702802230246
2,"gp",109,8.20136408286823
2,"gp",110,7.44852926715074
2,"gp",111,6.95042497142433
2,"gp",112,6.66930034925367
2,"gp",113,6.5864843513847
2,"gp",114,6.70054237429134
2,"gp",115,7.02786802472356
2,"gp",116,7.60598372242887
2,"gp",117,8.5004030201369
2,"gp",118,9.81673947955086
2,"gp",119,11.7210718479327
2,"gp",120,14.4737746824064
2,"gp",121,18.4857129849052
2,"gp",122,24.4118104929375
2,"gp",123,33.3067034841133
2,"gp",124,46.8810951872804
2,"gp",125,67.9123173193936
2,"gp",126,100.860959722222
2,"gp",127,152.667299199432
2,"gp",128,233.387523013822
2,"gp",129,355.483611078543
2,"gp",130,529.088174453439
2,"gp",131,750.087339272797
2,"gp",132,984.134506712734
2,"gp",133,1165.57957141586
2,"gp",134,1231.72964460385
2,"gp",135,1169.30915933795
2,"gp",136,1019.25319387624
2,"gp",137,838.660942452418
2,"gp",138,667.775943558872
2,"gp",139,523.846193142207
2,"gp",140,409.351408405269
2,"gp",141,320.566767867337
2,"gp",142,252.331659693088
2,"gp",143,199.925151324466
2,"gp",144,159.54458652562
2,"gp",145,128.272716518652
2,"gp",146,103.911839068257
2,"gp",147,84.8149079047277
2,"gp",148,69.7471741434755
2,"gp",149,57.7805530068938
2,"gp",150,48.2149427633372
2,"gp",151,40.5200450077904
2,"gp",152,34.292369476307
2,"gp",153,29.2234058579067
2,"gp",154,25.0760103038658
2,"gp",155,21.6668507709272
2,"gp",156,18.8533340034638
3,"gp",105,16.3806189494246
3,"gp",106,13.3850988697236
3,"gp",107,11.2973912357852
3,"gp",108,9.77164760367398
3,"gp",109,8.66506689671299
3,"gp",110,7.88412801427915
3,"gp",111,7.3671230795342
3,"gp",112,7.07613502161085
3,"gp",113,6.99268014233474
3,"gp",114,7.11601853402034
3,"gp",115,7.46393240557104
3,"gp",116,8.0762932041425
3,"gp",117,9.0223329558495
3,"gp",118,10.4133976651922
3,"gp",119,12.4243399513204
3,"gp",120,15.328999607102
3,"gp",121,19.5590604062595
3,"gp",122,25.8019158918009
3,"gp",123,35.163207119656
3,"gp",124,49.4339496589835
3,"gp",125,71.5170548277604
3,"gp",126,106.064739194087
3,"gp",127,160.293159373389
3,"gp",128,244.606055488506
3,"gp",129,371.766490110414
3,"gp",130,551.802029874063
3,"gp",131,779.404874871901
3,"gp",132,1017.35252167593
3,"gp",133,1196.21222110129
3,"gp",134,1251.47514495397
3,"gp",135,1172.48664901815
3,"gp",136,1005.82087415573
3,"gp",137,813.291036529528
3,"gp",138,636.711509077513
3,"gp",139,492.350685339491
3,"gp",140,380.751235319709
3,"gp",141,296.411866782169
3,"gp",142,232.955206944341
3,"gp",143,184.982082273696
3,"gp",144,148.392610811483
3,"gp",145,120.199031840437
3,"gp",146,98.2494046002329
3,"gp",147,80.9909755293008
3,"gp",148,67.2946598896493
3,"gp",149,56.3313039779695
3,"gp",150,47.4857379459164
3,"gp",151,40.2970027499836
3,"gp",152,34.416428921787
3,"gp",153,29.5779102981386
3,"gp",154,25.5765890775715
3,"gp",155,22.2534181004015
3,"gp",156,19.4838852406735
4,"gp",105,16.2974198108942
4,"gp",106,13.4014319473354
4,"gp",107,11.3749290858214
4,"gp",108,9.8890023675995
4,"gp",109,8.80969288368715
4,"gp",110,8.04901635920528
4,"gp",111,7.54900454465669
4,"gp",112,7.27446259945956
4,"gp",113,7.20911080318316
4,"gp",114,7.35426821481625
4,"gp",115,7.72995966155172
4,"gp",116,8.37883285217815
4,"gp",117,9.37387264144872
4,"gp",118,10.8317855386113
4,"gp",119,12.93535493222
4,"gp",120,15.9704446039762
4,"gp",121,20.3873122682965
4,"gp",122,26.9024723223427
4,"gp",123,36.6677254925829
4,"gp",124,51.547663349987
4,"gp",125,74.5621095205368
4,"gp",126,110.545744730033
4,"gp",127,166.98692798821
4,"gp",128,254.656697246196
4,"gp",129,386.706852166297
4,"gp",130,573.303450469328
4,"gp",131,808.455374665202
4,"gp",132,1052.82224297578
4,"gp",133,1233.75190759187
4,"gp",134,1284.46306794582
4,"gp",135,1195.13670231832
4,"gp",136,1015.84419652071
4,"gp",137,812.00989895206
4,"gp",138,627.378386209274
4,"gp",139,478.442983667036
4,"gp",140,365.059548681697
4,"gp",141,280.818756264661
4,"gp",142,218.557669108743
4,"gp",143,172.309822550531
4,"gp",144,137.60906528736
4,"gp",145,111.252515519776
4,"gp",146,90.9755628269154
4,"gp",147,75.1775132640814
4,"gp",148,62.7197160623383
4,"gp",149,52.7845099582701
4,"gp",150,44.7784256981522
4,"gp",151,38.2659255784288
4,"gp",152,32.9238192138505
4,"gp",153,28.5096363546337
4,"gp",154,24.8394684640403
4,"gp",155,21.7722934319636
4,"gp",156,19.1987886880137
5,"gp",105,15.4690089794097
5,"gp",106,12.7938645700766
5,"gp",107,10.9206353264356
5,"gp",108,9.5463029264455
5,"gp",109,8.54949704940287
5,"gp",110,7.85080830724179
5,"gp",111,7.39831636426864
5,"gp",112,7.16118870574805
5,"gp",113,7.12638985420955
5,"gp",114,7.2977730296692
5,"gp",115,7.697503012085
5,"gp",116,8.37024749769829
5,"gp",117,9.39117092030987
5,"gp",118,10.8796577383952
5,"gp",119,13.0221394641967
5,"gp",120,16.1098158658496
5,"gp",121,20.6011138254012
5,"gp",122,27.2254189529789
5,"gp",123,37.1551686600775
5,"gp",124,52.2883141746878
5,"gp",125,75.6984810524378
5,"gp",126,112.305584094959
5,"gp",127,169.727092788713
5,"gp",128,258.911297905255
5,"gp",129,393.20277335718
5,"gp",130,582.848453715239
5,"gp",131,821.552213430768
5,"gp",132,1068.98168104212
5,"gp",133,1250.94833411372
5,"gp",134,1299.55038629834
5,"gp",135,1205.2923734834
5,"gp",136,1019.82997173806
5,"gp",137,810.269337266889
5,"gp",138,621.306589033423
5,"gp",139,469.625871644264
5,"gp",140,354.850025862438
5,"gp",141,270.210155255468
5,"gp",142,208.20928866077
5,"gp",143,162.620955631042
5,"gp",144,128.793642366347
5,"gp",145,103.399267864488
5,"gp",146,84.0923322003051
5,"gp",147,69.2224848069844
5,"gp",148,57.6228499082496
5,"gp",149,48.4619089211508
5,"gp",150,41.1417118175736
5,"gp",151,35.2281430839097
5,"gp",152,30.4029584350898
5,"gp",153,26.4305578823113
5,"gp",154,23.1347739348305
5,"gp",155,20.3825194131649
5,"gp",156,18.0721787536254
6,"gp",105,14.4536477011733
6,"gp",106,11.998457421405
6,"gp",107,10.2829788385518
6,"gp",108,9.02739531040282
6,"gp",109,8.12071658319749
6,"gp",110,7.49083069522846
6,"gp",111,7.09111890032706
6,"gp",112,6.89463404958292
6,"gp",113,6.89121366488529
6,"gp",114,7.08686608584491
6,"gp",115,7.50541679531472
6,"gp",116,8.19288161843527
6,"gp",117,9.22562822425014
6,"gp",118,10.7242843715582
6,"gp",119,12.8768106525513
6,"gp",120,15.976596667805
6,"gp",121,20.4855395616116
6,"gp",122,27.1388390835987
6,"gp",123,37.1189383410658
6,"gp",124,52.3411766323452
6,"gp",125,75.9093141304637
6,"gp",126,112.794623784741
6,"gp",127,170.698803584917
6,"gp",128,260.697864798463
6,"gp",129,396.30053069881
6,"gp",130,587.889064894402
6,"gp",131,829.097765131368
6,"gp",132,1079.07104365765
6,"gp",133,1262.61762738474
6,"gp",134,1310.90169362949
6,"gp",135,1214.33777898315
6,"gp",136,1025.41701357777
6,"gp",137,812.320784407267
6,"gp",138,620.446565789159
6,"gp",139,466.699861413319
6,"gp",140,350.629397804756
6,"gp",141,265.288626627102
6,"gp",142,203.004311844196
6,"gp",143,157.410720261388
6,"gp",144,123.756376176734
6,"gp",145,98.6442970752543
6,"gp",146,79.6821031530192
6,"gp",147,65.1875766692154
6,"gp",148,53.9721638617858
6,"gp",149,45.1896721890185
6,"gp",150,38.2323824488547
6,"gp",151,32.6599057299494
6,"gp",152,28.1502498940364
6,"gp",153,24.4659071843603
6,"gp",154,21.43014647989
6,"gp",155,18.9102938609643
6,"gp",156,16.8058454630203
7,"gp",105,6.87539504127889
7,"gp",106,5.71229686747128
7,"gp",107,4.90264145653446
7,"gp",108,4.31249861344749
7,"gp",109,3.88878545209134
7,"gp",110,3.59722769235709
7,"gp",111,3.41589131809613
7,"gp",112,3.33237612105523
7,"gp",113,3.34245352697366
7,"gp",114,3.44982984023564
7,"gp",115,3.66703597389354
7,"gp",116,4.01768612021758
7,"gp",117,4.54064951421189
7,"gp",118,5.29713609368814
7,"gp",119,6.38244141439742
7,"gp",120,7.94534383951244
7,"gp",121,10.2202457721153
7,"gp",122,13.580624699808
7,"gp",123,18.6278554741041
7,"gp",124,26.3372711101242
7,"gp",125,38.2914489572271
7,"gp",126,57.0287203283436
7,"gp",127,86.4876193114819
7,"gp",128,132.342842694373
7,"gp",129,201.534915710448
7,"gp",130,299.438623914842
7,"gp",131,422.889261949039
7,"gp",132,551.049616292257
7,"gp",133,645.386190102913
7,"gp",134,670.459409183962
7,"gp",135,621.144285723201
7,"gp",136,524.264319619554
7,"gp",137,414.845653833351
7,"gp",138,316.283077559073
7,"gp",139,237.322490467465
7,"gp",140,177.755154775341
7,"gp",141,134.009425627993
7,"gp",142,102.131162709535
7,"gp",143,78.8384514252799
7,"gp",144,61.682295057619
7,"gp",145,48.9130097198211
7,"gp",146,39.299363945972
7,"gp",147,31.9762650835031
7,"gp",148,26.33282290337
7,"gp",149,21.9342189250368
7,"gp",150,18.4681492487445
7,"gp",151,15.7082151426888
7,"gp",152,13.4887876430864
7,"gp",153,11.6876163768768
7,"gp",154,10.2136878775404
7,"gp",155,8.99867053737025
7,"gp",156,7.99083359436266
8,"gp",105,6.54417565498678
8,"gp",106,5.42952188124478
8,"gp",107,4.65606871629161
8,"gp",108,4.09443757826904
8,"gp",109,3.6930386037364
8,"gp",110,3.41866861589771
8,"gp",111,3.2501939796016
8,"gp",112,3.17579172465247
8,"gp",113,3.19161695440695
8,"gp",114,3.3015840339066
8,"gp",115,3.51826335601479
8,"gp",116,3.86513586217813
8,"gp",117,4.38074904795489
8,"gp",118,5.12577535837196
8,"gp",119,6.19472046443535
8,"gp",120,7.73528218506103
8,"gp",121,9.98047321291377
8,"gp",122,13.3021257686836
8,"gp",123,18.2999589450775
8,"gp",124,25.948333639782
8,"gp",125,37.8312071505738
8,"gp",126,56.4942713788416
8,"gp",127,85.8965711773821
8,"gp",128,131.758808477271
8,"gp",129,201.109077909898
8,"gp",130,299.457471438365
8,"gp",131,423.780443447714
8,"gp",132,553.254059338254
8,"gp",133,649.064042675694
8,"gp",134,675.238100547565
8,"gp",135,626.229648474049
8,"gp",136,528.865565441405
8,"gp",137,418.507683313254
8,"gp",138,318.916864040168
8,"gp",139,239.05925073258
8,"gp",140,178.798796948847
8,"gp",141,134.55296320345
8,"gp",142,102.327229245824
8,"gp",143,78.7978032937387
8,"gp",144,61.4820958909387
8,"gp",145,48.6062885909454
8,"gp",146,38.9227180490503
8,"gp",147,31.5553623938567
8,"gp",148,25.886082118853
8,"gp",149,21.4751824878616
8,"gp",150,18.0069836444188
8,"gp",151,15.2526521966413
8,"gp",152,13.0447181617118
8,"gp",153,11.2594733306523
8,"gp",154,9.80470609162078
8,"gp",155,8.61107673592731
8,"gp",156,7.62599897362343
9,"gp",105,6.31098074661298
9,"gp",106,5.22260147016137
9,"gp",107,4.46867042166034
9,"gp",108,3.92236567484863
9,"gp",109,3.5327013589111
9,"gp",110,3.26686901134518
9,"gp",111,3.10399416493247
9,"gp",112,3.03238230162154
9,"gp",113,3.04817926607788
9,"gp",114,3.15513519801538
9,"gp",115,3.36547041731038
9,"gp",116,3.70207973830437
9,"gp",117,4.20261050771977
9,"gp",118,4.92640290504344
9,"gp",119,5.96602210688855
9,"gp",120,7.46635812064532
9,"gp",121,9.65637424090405
9,"gp",122,12.9020878174421
9,"gp",123,17.7949477098013
9,"gp",124,25.2977951622681
9,"gp",125,36.9792156971545
9,"gp",126,55.3661543378739
9,"gp",127,84.3992827888929
9,"gp",128,129.79281394808
9,"gp",129,198.606137663634
9,"gp",130,296.460537840889
9,"gp",131,420.555404270008
9,"gp",132,550.341954502633
9,"gp",133,647.11527310872
9,"gp",134,674.632250685494
9,"gp",135,626.822395080305
9,"gp",136,530.141399642569
9,"gp",137,419.935059780093
9,"gp",138,320.163403340902
9,"gp",139,240.00024882056
9,"gp",140,179.436168578287
9,"gp",141,134.939861479333
9,"gp",142,102.525164791367
9,"gp",143,78.859338641788
9,"gp",144,61.4469846882046
9,"gp",145,48.5029276594748
9,"gp",146,38.7709364621968
9,"gp",147,31.3690120036116
9,"gp",148,25.6750161935007
9,"gp",149,21.2466335224727
9,"gp",150,17.7664705132973
9,"gp",151,15.0045526933671
9,"gp",152,12.792616392692
9,"gp",153,11.0063618126541
9,"gp",154,9.55309820030975
9,"gp",155,8.36306727749507
9,"gp",156,7.38329788473458
10,"gp",105,6.23039378590612
10,"gp",106,5.14261066164805
10,"gp",107,4.38925281686339
10,"gp",108,3.84354360738536
10,"gp",109,3.45413785679832
10,"gp",110,3.18794196500833
10,"gp",111,3.02384053890984
10,"gp",112,2.94990237680924
10,"gp",113,2.96200462348622
10,"gp",114,3.06355991594246
10,"gp",115,3.26633939335104
10,"gp",116,3.59262139603589
10,"gp",117,4.07919260520743
10,"gp",118,4.7841785800203
10,"gp",119,5.79841738595115
10,"gp",120,7.26433099146291
10,"gp",121,9.40735012421434
10,"gp",122,12.588454327955
10,"gp",123,17.3919979057159
10,"gp",124,24.7711119777015
10,"gp",125,36.2818618115677
10,"gp",126,54.4370531002578
10,"gp",127,83.1665720368606
10,"gp",128,128.19064234261
10,"gp",129,196.619740230532
10,"gp",130,294.214080465895
10,"gp",131,418.423982193379
10,"gp",132,548.978196520906
10,"gp",133,647.219211170559
10,"gp",134,676.501220917863
10,"gp",135,630.099119055511
10,"gp",136,534.058199459127
10,"gp",137,423.769564808672
10,"gp",138,323.491229923052
10,"gp",139,242.684662465427
10,"gp",140,181.511455616894
10,"gp",141,136.50794252589
10,"gp",142,103.697017654797
10,"gp",143,79.7309475440605
10,"gp",144,62.0936141797585
10,"gp",145,48.9809015146594
10,"gp",146,39.1215360810185
10,"gp",147,31.6223192493976
10,"gp",148,25.8530365604136
10,"gp",149,21.3656357997282
10,"gp",150,17.8386700294256
10,"gp",151,15.0392960444828
10,"gp",152,12.7972043545175
10,"gp",153,10.986615628865
10,"gp",154,9.51374634440783
10,"gp",155,8.30800808926925
10,"gp",156,7.31577760954438
11,"gp",105,6.23720503099772
11,"gp",106,5.13795819732094
11,"gp",107,4.37619982007489
11,"gp",108,3.82399361435184
11,"gp",109,3.429258888695
11,"gp",110,3.15835497473521
11,"gp",111,2.98973151575709
11,"gp",112,2.91107920051096
11,"gp",113,2.91790811227923
11,"gp",114,3.01323137684085
11,"gp",115,3.20834032510451
11,"gp",116,3.52489341087011
11,"gp",117,3.99883575678645
11,"gp",118,4.68711236838994
11,"gp",119,5.67886844653697
11,"gp",120,7.11406205258029
11,"gp",121,9.21450375543198
11,"gp",122,12.3358332894302
11,"gp",123,17.0545554216537
11,"gp",124,24.3124320677395
11,"gp",125,35.6496244199864
11,"gp",126,53.558289789848
11,"gp",127,81.9457805065864
11,"gp",128,126.518979844442
11,"gp",129,194.412334650027
11,"gp",130,291.498739567794
11,"gp",131,415.480844582767
11,"gp",132,546.434226495045
11,"gp",133,645.892129148178
11,"gp",134,676.938294601781
11,"gp",135,632.196821103856
11,"gp",136,537.176737961238
11,"gp",137,427.171371950319
11,"gp",138,326.66051984243
11,"gp",139,245.384244580801
11,"gp",140,183.697922668367
11,"gp",141,138.232989345129
11,"gp",142,105.042722548267
11,"gp",143,80.7781878298142
11,"gp",144,62.9105865266241
11,"gp",145,49.6212075955304
11,"gp",146,39.6259119157018
11,"gp",147,32.0212727137704
11,"gp",148,26.1693311540836
11,"gp",149,21.6163108134935
11,"gp",150,18.0365812304057
11,"gp",151,15.1942539300084
11,"gp",152,12.9168012283421
11,"gp",153,11.0768209222808
11,"gp",154,9.57933239541147
11,"gp",155,8.35285303243091
11,"gp",156,7.3430797843065
12,"gp",105,6.28273457842245
12,"gp",106,5.16918897651722
12,"gp",107,4.39688794689835
12,"gp",108,3.83643625249194
12,"gp",109,3.43500966489795
12,"gp",110,3.15842031679322
12,"gp",111,2.98468606130478
12,"gp",112,2.90112959733617
12,"gp",113,2.90291450148195
12,"gp",114,2.99268858307175
12,"gp",115,3.18131428419824
12,"gp",116,3.48990071609934
12,"gp",117,3.9536437221741
12,"gp",118,4.62842140989456
12,"gp",119,5.6018144695793
12,"gp",120,7.01143888695283
12,"gp",121,9.07554763240335
12,"gp",122,12.1443254126527
12,"gp",123,16.785882910817
12,"gp",124,23.9291266710742
12,"gp",125,35.0948848008809
12,"gp",126,52.7474427058773
12,"gp",127,80.7574804988668
12,"gp",128,124.793148885926
12,"gp",129,191.972930459081
12,"gp",130,288.233773818367
12,"gp",131,411.503757444669
12,"gp",132,542.260251554198
12,"gp",133,642.402623182167
12,"gp",134,674.960558687977
12,"gp",135,631.995605749614
12,"gp",136,538.379184900778
12,"gp",137,429.126956792748
12,"gp",138,328.808051729408
12,"gp",139,247.389460718565
12,"gp",140,185.421649023933
12,"gp",141,139.652232844768
12,"gp",142,106.187302806289
12,"gp",143,81.6942602070242
12,"gp",144,63.6437517240805
12,"gp",145,50.210404313837
12,"gp",146,40.1022868135736
12,"gp",147,32.4089706482112
12,"gp",148,26.4868093423379
12,"gp",149,21.8776207872656
12,"gp",150,18.2524415637954
12,"gp",151,15.3728902280901
12,"gp",152,13.0645827331001
12,"gp",153,11.1987348371657
12,"gp",154,9.67933395512106
12,"gp",155,8.43412227357694
12,"gp",156,7.40820892352354
13,"gp",105,111.166501748388
13,"gp",106,93.3626327877736
13,"gp",107,80.9451595134346
13,"gp",108,71.8681663775364
13,"gp",109,65.3779622417396
13,"gp",110,60.9881485968628
13,"gp",111,58.3921091628283
13,"gp",112,57.4298309214869
13,"gp",113,58.0740574364351
13,"gp",114,60.4335685806581
13,"gp",115,64.7756917925611
13,"gp",116,71.5739140756873
13,"gp",117,81.5919712237352
13,"gp",118,96.0245743883837
13,"gp",119,116.729417402776
13,"gp",120,146.60923663078
13,"gp",121,190.242491231055
13,"gp",122,254.924491821681
13,"gp",123,352.372750340625
13,"gp",124,501.455065299872
13,"gp",125,732.318069123373
13,"gp",126,1091.87454331154
13,"gp",127,1648.75150072513
13,"gp",128,2490.36247319862
13,"gp",129,3693.52904398965
13,"gp",130,5240.03232154656
13,"gp",131,6879.88292084758
13,"gp",132,8077.579914907
13,"gp",133,8281.1569341914
13,"gp",134,7410.80740138667
13,"gp",135,5949.62829344776
13,"gp",136,4482.01214285221
13,"gp",137,3311.69392945101
13,"gp",138,2472.85201402694
13,"gp",139,1890.12967933232
13,"gp",140,1480.70669524492
13,"gp",141,1184.52204997899
13,"gp",142,963.412248742531
13,"gp",143,793.874402506362
13,"gp",144,661.167001974062
13,"gp",145,555.65872417946
13,"gp",146,470.762595777149
13,"gp",147,401.787388841878
13,"gp",148,345.284926584355
13,"gp",149,298.662290096993
13,"gp",150,259.938415368829
13,"gp",151,227.582717235184
13,"gp",152,200.402905475998
13,"gp",153,177.464083632688
13,"gp",154,158.028876374789
13,"gp",155,141.512372699359
13,"gp",156,127.447893172367
14,"gp",105,97.3189879537114
14,"gp",106,81.5687375305132
14,"gp",107,70.5996954892868
14,"gp",108,62.6181808632095
14,"gp",109,56.9331654251293
14,"gp",110,53.1015772112792
14,"gp",111,50.8468619199137
14,"gp",112,50.0253305771457
14,"gp",113,50.6118815713883
14,"gp",114,52.7019960420458
14,"gp",115,56.5312135198664
14,"gp",116,62.5170235524673
14,"gp",117,71.3331687600544
14,"gp",118,84.034252248166
14,"gp",119,102.261535497222
14,"gp",120,128.582539662345
14,"gp",121,167.053165810854
14,"gp",122,224.149187788469
14,"gp",123,310.300664699982
14,"gp",124,442.368737818422
14,"gp",125,647.45381087099
14,"gp",126,968.129873875562
14,"gp",127,1467.72071789123
14,"gp",128,2229.68016304232
14,"gp",129,3335.20960303068
14,"gp",130,4792.49962250138
14,"gp",131,6411.78938094941
14,"gp",132,7729.63199985668
14,"gp",133,8200.56440246625
14,"gp",134,7633.89474425604
14,"gp",135,6369.81815747406
14,"gp",136,4944.17435732845
14,"gp",137,3708.96240200343
14,"gp",138,2766.86930239624
14,"gp",139,2085.63496089714
14,"gp",140,1598.56424423759
14,"gp",141,1246.96078766928
14,"gp",142,988.666718576012
14,"gp",143,795.337790273529
14,"gp",144,648.121106027766
14,"gp",145,534.309794495126
14,"gp",146,445.151650913079
14,"gp",147,374.481606466737
14,"gp",148,317.869411263578
14,"gp",149,272.077878332368
14,"gp",150,234.708942587333
14,"gp",151,203.965815177457
14,"gp",152,178.489038206233
14,"gp",153,157.241040372088
14,"gp",154,139.423443273456
14,"gp",155,124.41704219124
14,"gp",156,111.737819865378
15,"gp",105,90.7339695052404
15,"gp",106,75.6321462911794
15,"gp",107,65.127860096538
15,"gp",108,57.4927181871883
15,"gp",109,52.0456005142549
15,"gp",110,48.3480528310771
15,"gp",111,46.123703385667
15,"gp",112,45.2234735324989
15,"gp",113,45.6096551403383
15,"gp",114,47.3554692372494
15,"gp",115,50.6607594689158
15,"gp",116,55.8879078746594
15,"gp",117,63.6266170027423
15,"gp",118,74.8032374195132
15,"gp",119,90.8618609587873
15,"gp",120,114.063730700904
15,"gp",121,147.983805468741
15,"gp",122,198.335831106574
15,"gp",123,274.337166848954
15,"gp",124,390.927431446095
15,"gp",125,572.223844178665
15,"gp",126,856.400779356517
15,"gp",127,1301.02546268486
15,"gp",128,1984.14053060163
15,"gp",129,2987.83067261437
15,"gp",130,4340.3915727454
15,"gp",131,5905.92752022379
15,"gp",132,7297.42080622641
15,"gp",133,8002.39147358055
15,"gp",134,7752.74562467522
15,"gp",135,6747.73423216049
15,"gp",136,5440.25257661311
15,"gp",137,4196.73537575758
15,"gp",138,3178.2648252195
15,"gp",139,2402.48042594649
15,"gp",140,1829.21122147555
15,"gp",141,1408.75497886907
15,"gp",142,1099.11975007996
15,"gp",143,868.943461490165
15,"gp",144,695.853664563424
15,"gp",145,564.107596233195
15,"gp",146,462.618996192983
15,"gp",147,383.52513963031
15,"gp",148,321.19594484351
15,"gp",149,271.558551714398
15,"gp",150,231.63662671267
15,"gp",151,199.233828402322
15,"gp",152,172.714151114833
15,"gp",153,150.847873835257
15,"gp",154,132.702410926727
15,"gp",155,117.564256161958
15,"gp",156,104.882712146766
16,"gp",105,86.6741641663508
16,"gp",106,71.8673765064501
16,"gp",107,61.5756378824169
16,"gp",108,54.09916009319
16,"gp",109,48.7540644526501
16,"gp",110,45.0984832375632
16,"gp",111,42.8512699618882
16,"gp",112,41.8556615192036
16,"gp",113,42.0616525218207
16,"gp",114,43.5233568601102
16,"gp",115,46.4115240945374
16,"gp",116,51.0445930028229
16,"gp",117,57.9458214457698
16,"gp",118,67.9403688194179
16,"gp",119,82.3165597846099
16,"gp",120,103.092903738793
16,"gp",121,133.461523222762
16,"gp",122,178.526315142783
16,"gp",123,246.527876338753
16,"gp",124,350.845966486976
16,"gp",125,513.151290134319
16,"gp",126,767.956308981108
16,"gp",127,1167.91042402026
16,"gp",128,1786.0968433984
16,"gp",129,2704.20340387743
16,"gp",130,3965.18992678273
16,"gp",131,5475.79669729898
16,"gp",132,6913.50977365466
16,"gp",133,7800.70719679862
16,"gp",134,7814.75018483692
16,"gp",135,7039.13459358836
16,"gp",136,5849.03501238407
16,"gp",137,4613.6437069518
16,"gp",138,3539.40649373847
16,"gp",139,2686.8988236448
16,"gp",140,2040.6130865356
16,"gp",141,1560.30608180696
16,"gp",142,1205.20698394758
16,"gp",143,941.903301340121
16,"gp",144,745.225208266953
16,"gp",145,596.891947000358
16,"gp",146,483.815097324251
16,"gp",147,396.65242123014
16,"gp",148,328.716581029961
16,"gp",149,275.192023395354
16,"gp",150,232.584708951535
16,"gp",151,198.338135465607
16,"gp",152,170.565309574212
16,"gp",153,147.86087476342
16,"gp",154,129.16862738391
16,"gp",155,113.687459582967
16,"gp",156,100.804133308193
17,"gp",105,56.4466140419294
17,"gp",106,47.2681158257334
17,"gp",107,40.8760206199529
17,"gp",108,36.2390305704299
17,"gp",109,32.9452192316992
17,"gp",110,30.7294573007334
17,"gp",111,29.4272297809385
17,"gp",112,28.9532271149989
17,"gp",113,29.2917310381051
17,"gp",114,30.4969522692932
17,"gp",115,32.7037165191677
17,"gp",116,36.1510926439204
17,"gp",117,41.2244752759887
17,"gp",118,48.5260769385119
17,"gp",119,58.9909728205799
17,"gp",120,74.0776825254833
17,"gp",121,96.0815781566246
17,"gp",122,128.649582471261
17,"gp",123,177.617141010718
17,"gp",124,252.332969267291
17,"gp",125,367.630254864876
17,"gp",126,546.365551946139
17,"gp",127,821.502139336107
17,"gp",128,1234.13877802874
17,"gp",129,1819.08139231917
17,"gp",130,2566.72791480824
17,"gp",131,3366.57263025362
17,"gp",132,3990.04092573382
17,"gp",133,4196.3330299528
17,"gp",134,3915.10382997241
17,"gp",135,3301.14188560369
17,"gp",136,2594.4010876402
17,"gp",137,1964.19578535163
17,"gp",138,1471.42184265026
17,"gp",139,1109.60408497265
17,"gp",140,849.600817629617
17,"gp",141,662.392406345182
17,"gp",142,525.754012522616
17,"gp",143,424.21311538011
17,"gp",144,347.33501522755
17,"gp",145,288.096886714494
17,"gp",146,241.715688154465
17,"gp",147,204.876455473926
17,"gp",148,175.238467160778
17,"gp",149,151.119371935409
17,"gp",150,131.290496186179
17,"gp",151,114.841648097821
17,"gp",152,101.089943147
17,"gp",153,89.5170632935145
17,"gp",154,79.7252922297518
17,"gp",155,71.4062318651044
17,"gp",156,64.3182700088043
18,"gp",105,51.7501584584389
18,"gp",106,43.1713715210265
18,"gp",107,37.1738388012651
18,"gp",108,32.8111877682072
18,"gp",109,29.6939959109686
18,"gp",110,27.5691935235213
18,"gp",111,26.2770495108319
18,"gp",112,25.7305582093662
18,"gp",113,25.9055052009117
18,"gp",114,26.8394242086176
18,"gp",115,28.6395955428021
18,"gp",116,31.5021203692571
18,"gp",117,35.7465863220393
18,"gp",118,41.874604413959
18,"gp",119,50.6666106107902
18,"gp",120,63.3415063703707
18,"gp",121,81.8206511333665
18,"gp",122,109.16519095335
18,"gp",123,150.297435195783
18,"gp",124,213.170798244305
18,"gp",125,310.589880504076
18,"gp",126,462.785786672936
18,"gp",127,700.26754974044
18,"gp",128,1064.56268392701
18,"gp",129,1600.02722750305
18,"gp",130,2324.05570803729
18,"gp",131,3168.16855698513
18,"gp",132,3926.16441790493
18,"gp",133,4311.12145978369
18,"gp",134,4157.80136029079
18,"gp",135,3569.88177013649
18,"gp",136,2815.07732949744
18,"gp",137,2115.7855734568
18,"gp",138,1564.66833695496
18,"gp",139,1162.93824235108
18,"gp",140,878.252014098017
18,"gp",141,676.45846390187
18,"gp",142,531.332913881764
18,"gp",143,424.854340838492
18,"gp",144,345.091021951533
18,"gp",145,284.166592729752
18,"gp",146,236.812767285262
18,"gp",147,199.435315545653
18,"gp",148,169.529425040579
18,"gp",149,145.313865991304
18,"gp",150,125.498726111581
18,"gp",151,109.134782598826
18,"gp",152,95.5135172289138
18,"gp",153,84.099235684922
18,"gp",154,74.482042892899
18,"gp",155,66.344706718067
18,"gp",156,59.4389887522235
19,"gp",105,43.5759039385672
19,"gp",106,35.1663442221068
19,"gp",107,29.350898608489
19,"gp",108,25.1548653411451
19,"gp",109,22.1434551667528
19,"gp",110,20.0324139841531
19,"gp",111,18.6362680755884
19,"gp",112,17.8411101150054
19,"gp",113,17.589077152665
19,"gp",114,17.8713798793642
19,"gp",115,18.7287131103407
19,"gp",116,20.2594339514515
19,"gp",117,22.6376112842062
19,"gp",118,26.1454093139689
19,"gp",119,31.2279590553838
19,"gp",120,38.5850070273784
19,"gp",121,49.3240529517663
19,"gp",122,65.2173681782919
19,"gp",123,89.134574918945
19,"gp",124,125.768166706334
19,"gp",125,182.831028005586
19,"gp",126,272.955902656796
19,"gp",127,416.450720280603
19,"gp",128,644.504291027002
19,"gp",129,1000.57360376067
19,"gp",130,1533.46188696817
19,"gp",131,2270.51136025599
19,"gp",132,3164.93855441191
19,"gp",133,4047.89044019391
19,"gp",134,4662.53513951465
19,"gp",135,4809.56397685942
19,"gp",136,4481.20595322062
19,"gp",137,3842.48222689167
19,"gp",138,3101.54559791023
19,"gp",139,2407.49243804228
19,"gp",140,1828.52814162656
19,"gp",141,1376.27078546184
19,"gp",142,1035.41755390998
19,"gp",143,782.933124070068
19,"gp",144,596.987533344945
19,"gp",145,459.869586634184
19,"gp",146,358.19588680844
19,"gp",147,282.197904536443
19,"gp",148,224.857967697976
19,"gp",149,181.161716334568
19,"gp",150,147.52374658435
19,"gp",151,121.369429500087
19,"gp",152,100.838118825639
19,"gp",153,84.5748410799676
19,"gp",154,71.5845547072954
19,"gp",155,61.1300548380927
19,"gp",156,52.6601841724925
20,"gp",105,44.5791913595778
20,"gp",106,36.1072128205924
20,"gp",107,30.2468396472692
20,"gp",108,26.0108094437782
20,"gp",109,22.9687605161744
20,"gp",110,20.8396456572545
20,"gp",111,19.4401121686038
20,"gp",112,18.658260554474
20,"gp",113,18.4388658268919
20,"gp",114,18.7770492665838
20,"gp",115,19.7194207691301
20,"gp",116,21.3732702858803
20,"gp",117,23.9261522530489
20,"gp",118,27.6806816071337
20,"gp",119,33.1132610187539
20,"gp",120,40.9719431239621
20,"gp",121,52.4395971682389
20,"gp",122,69.4069868859988
20,"gp",123,94.9304322968813
20,"gp",124,133.994235856766
20,"gp",125,194.755086050281
20,"gp",126,290.477084872079
20,"gp",127,442.229399343507
20,"gp",128,681.70646820688
20,"gp",129,1051.38983068202
20,"gp",130,1594.91667572571
20,"gp",131,2326.75754967467
20,"gp",132,3180.66834647937
20,"gp",133,3976.6657442025
20,"gp",134,4478.05518757839
20,"gp",135,4534.53749801851
20,"gp",136,4176.67488465451
20,"gp",137,3567.61005775106
20,"gp",138,2886.49837042564
20,"gp",139,2254.5032728255
20,"gp",140,1725.72397790809
20,"gp",141,1309.09550741112
20,"gp",142,991.845034684555
20,"gp",143,754.525584002998
20,"gp",144,578.281967612907
20,"gp",145,447.45157382731
20,"gp",146,349.943683073343
20,"gp",147,276.773768395295
20,"gp",148,221.395312704216
20,"gp",149,179.080805716119
20,"gp",150,146.424593998253
20,"gp",151,120.969027621692
20,"gp",152,100.932655899321
20,"gp",153,85.0160393387828
20,"gp",154,72.2641611369
20,"gp",155,61.9692181968666
20,"gp",156,53.60190710732
21,"gp",105,46.1204686405155
21,"gp",106,37.4731952752102
21,"gp",107,31.4835005334645
21,"gp",108,27.1537905412344
21,"gp",109,24.0477249626821
21,"gp",110,21.8803461683287
21,"gp",111,20.4665181366231
21,"gp",112,19.6944220976367
21,"gp",113,19.5107669345973
21,"gp",114,19.9147549096589
21,"gp",115,20.9598702021258
21,"gp",116,22.7641946811743
21,"gp",117,25.531838716219
21,"gp",118,29.5907325893066
21,"gp",119,35.4562254372382
21,"gp",120,43.9369250729318
21,"gp",121,56.3110126776376
21,"gp",122,74.6210500469841
21,"gp",123,102.167379097891
21,"gp",124,144.328222563687
21,"gp",125,209.892962108912
21,"gp",126,313.120231392872
21,"gp",127,476.562484617309
21,"gp",128,733.87947465851
21,"gp",129,1129.46861766845
21,"gp",130,1707.02367559684
21,"gp",131,2475.57297543629
21,"gp",132,3354.48470283901
21,"gp",133,4144.09336276535
21,"gp",134,4598.06596253865
21,"gp",135,4580.27439618561
21,"gp",136,4151.02390382272
21,"gp",137,3495.95597141491
21,"gp",138,2798.19828305134
21,"gp",139,2170.37485640139
21,"gp",140,1655.74762261054
21,"gp",141,1255.53096711124
21,"gp",142,953.03376231287
21,"gp",143,727.492162895779
21,"gp",144,560.054986845038
21,"gp",145,435.560121653765
21,"gp",146,342.503472464968
21,"gp",147,272.412550216544
21,"gp",148,219.138579975153
21,"gp",149,178.245851130144
21,"gp",150,146.53659865791
21,"gp",151,121.699172423309
21,"gp",152,102.054062410013
21,"gp",153,86.3729312328624
21,"gp",154,73.7504214457881
21,"gp",155,63.5134893513432
21,"gp",156,55.1572098245044
22,"gp",105,81.5648830142295
22,"gp",106,65.2443780411303
22,"gp",107,53.9989469935566
22,"gp",108,45.908921339475
22,"gp",109,40.1042564859207
22,"gp",110,36.0168087853104
22,"gp",111,33.2744197131231
22,"gp",112,31.6445939821256
22,"gp",113,31.0017256931826
22,"gp",114,31.3110212781344
22,"gp",115,32.6262337487624
22,"gp",116,35.1012634767073
22,"gp",117,39.0187286545632
22,"gp",118,44.8426231355164
22,"gp",119,53.3083303656066
22,"gp",120,65.5734000708791
22,"gp",121,83.4696749460221
22,"gp",122,109.926530813165
22,"gp",123,149.683553231069
22,"gp",124,210.487587677177
22,"gp",125,305.075489086304
22,"gp",126,454.343288681785
22,"gp",127,692.023664843568
22,"gp",128,1070.39646469482
22,"gp",129,1663.76303655795
22,"gp",130,2559.83682036248
22,"gp",131,3820.46697572531
22,"gp",132,5398.612868961
22,"gp",133,7050.29418817029
22,"gp",134,8357.81995744173
22,"gp",135,8934.75712928188
22,"gp",136,8663.00556060172
22,"gp",137,7730.89240335469
22,"gp",138,6469.12303058006
22,"gp",139,5170.06716770438
22,"gp",140,4009.23462178704
22,"gp",141,3054.87896710194
22,"gp",142,2308.79560485569
22,"gp",143,1742.57568124862
22,"gp",144,1319.72470108771
22,"gp",145,1006.15859756034
22,"gp",146,773.848626109922
22,"gp",147,601.185804087037
22,"gp",148,472.087523277739
22,"gp",149,374.811317329598
22,"gp",150,300.864272141219
22,"gp",151,244.123698791214
22,"gp",152,200.171772707244
22,"gp",153,165.808978793122
22,"gp",154,138.704933208434
22,"gp",155,117.150250210866
22,"gp",156,99.8809708073951
23,"gp",105,76.2406760708201
23,"gp",106,60.4441751125424
23,"gp",107,49.5883595926456
23,"gp",108,41.8067601487451
23,"gp",109,36.2297023991174
23,"gp",110,32.2896336253196
23,"gp",111,29.6141869564464
23,"gp",112,27.9678303379076
23,"gp",113,27.2173380580668
23,"gp",114,27.3137663525267
23,"gp",115,28.2875033567096
23,"gp",116,30.2557837356282
23,"gp",117,33.4448017752027
23,"gp",118,38.2319865168372
23,"gp",119,45.219115097469
23,"gp",120,55.3552759298678
23,"gp",121,70.1427834300967
23,"gp",122,91.9831260999228
23,"gp",123,124.760213435565
23,"gp",124,174.822527352968
23,"gp",125,252.618300764095
23,"gp",126,375.335973285564
23,"gp",127,570.885678869172
23,"gp",128,883.028919707617
23,"gp",129,1375.439457765
23,"gp",130,2127.42293604396
23,"gp",131,3206.42705654269
23,"gp",132,4603.30967641138
23,"gp",133,6151.06326742258
23,"gp",134,7512.72522063746
23,"gp",135,8317.44548849403
23,"gp",136,8369.31362718808
23,"gp",137,7740.49114611872
23,"gp",138,6683.71412030783
23,"gp",139,5477.46856003673
23,"gp",140,4324.94314826535
23,"gp",141,3332.05819898314
23,"gp",142,2530.27671698025
23,"gp",143,1908.69300109873
23,"gp",144,1438.66778224468
23,"gp",145,1088.17530459906
23,"gp",146,828.445247658722
23,"gp",147,636.124669674887
23,"gp",148,493.280520567995
23,"gp",149,386.574880199696
23,"gp",150,306.265951795644
23,"gp",151,245.304686064539
23,"gp",152,198.607962146419
23,"gp",153,162.507846769901
23,"gp",154,134.348115236827
23,"gp",155,112.194322065657
23,"gp",156,94.6276668951642
24,"gp",105,105.355373732773
24,"gp",106,83.3315794589217
24,"gp",107,68.2054611560831
24,"gp",108,57.3696081773786
24,"gp",109,49.6037691784221
24,"gp",110,44.1110500655719
24,"gp",111,40.3678660479029
24,"gp",112,38.0417400158541
24,"gp",113,36.9422985002458
24,"gp",114,36.9952340275889
24,"gp",115,38.2343197207027
24,"gp",116,40.8104001431586
24,"gp",117,45.0199913449262
24,"gp",118,51.3607065427448
24,"gp",119,60.6274980504776
24,"gp",120,74.074702320249
24,"gp",121,93.687425654512
24,"gp",122,122.637351973532
24,"gp",123,166.05089837543
24,"gp",124,232.302289353435
24,"gp",125,335.166054539267
24,"gp",126,497.293778291478
24,"gp",127,755.46313847892
24,"gp",128,1167.36831757829
24,"gp",129,1817.10481615148
24,"gp",130,2809.95503824874
24,"gp",131,4237.214388902
24,"gp",132,6092.6780563575
24,"gp",133,8166.60012894562
24,"gp",134,10025.8749747059
24,"gp",135,11182.1411470108
24,"gp",136,11357.7443313942
24,"gp",137,10615.790003455
24,"gp",138,9264.83830762178
24,"gp",139,7667.533003709
24,"gp",140,6104.04480808528
24,"gp",141,4732.09881855874
24,"gp",142,3608.48351786826
24,"gp",143,2728.24895915486
24,"gp",144,2057.76249152226
24,"gp",145,1555.46060383398
24,"gp",146,1182.30829133783
24,"gp",147,905.785110916418
24,"gp",148,700.499654955107
24,"gp",149,547.362960285417
24,"gp",150,432.339172749091
24,"gp",151,345.233404765282
24,"gp",152,278.681330565308
24,"gp",153,227.367580415579
24,"gp",154,187.445869802351
24,"gp",155,156.119148425277
24,"gp",156,131.339820107232
25,"gp",105,55.9653477291601
25,"gp",106,44.2727643802038
25,"gp",107,36.2416974347216
25,"gp",108,30.4880377734023
25,"gp",109,26.3643515112576
25,"gp",110,23.4478160261321
25,"gp",111,21.4606199577045
25,"gp",112,20.2263775801157
25,"gp",113,19.6441547387656
25,"gp",114,19.674680168335
25,"gp",115,20.3361414872698
25,"gp",116,21.7090035742028
25,"gp",117,23.9512579025955
25,"gp",118,27.3279492284131
25,"gp",119,32.2624310172863
25,"gp",120,39.4226539417309
25,"gp",121,49.8656657602649
25,"gp",122,65.2802894047722
25,"gp",123,88.3960678113949
25,"gp",124,123.671600988937
25,"gp",125,178.440260363825
25,"gp",126,264.760541851616
25,"gp",127,402.209213553979
25,"gp",128,621.493770366406
25,"gp",129,967.367947111122
25,"gp",130,1495.84901045524
25,"gp",131,2255.48274464674
25,"gp",132,3242.87048716212
25,"gp",133,4346.21115945919
25,"gp",134,5334.80781229535
25,"gp",135,5948.72230239773
25,"gp",136,6040.48146861115
25,"gp",137,5644.16639797861
25,"gp",138,4924.37855808675
25,"gp",139,4074.21292681442
25,"gp",140,3242.62949652103
25,"gp",141,2513.32359287012
25,"gp",142,1916.29019524723
25,"gp",143,1448.73833942193
25,"gp",144,1092.6871646126
25,"gp",145,825.990903634299
25,"gp",146,627.882388195587
25,"gp",147,481.076425473547
25,"gp",148,372.085606674992
25,"gp",149,290.774679059564
25,"gp",150,229.693458392247
25,"gp",151,183.431432727785
25,"gp",152,148.080570235486
25,"gp",153,120.820147426085
25,"gp",154,99.6089167789307
25,"gp",155,82.962308489907
25,"gp",156,69.7933862353383
1,"death",105,0.0194584110737435
1,"death",106,0.0158088898437522
1,"death",107,0.013308909287239
1,"death",108,0.0114919371999952
1,"death",109,0.01018222776571
1,"death",110,0.0092646569947118
1,"death",111,0.0086636230345987
1,"death",112,0.00833308783667436
1,"death",113,0.00825101640388873
1,"death",114,0.0084171818796699
1,"death",115,0.00885409117723017
1,"death",116,0.00961141253976183
1,"death",117,0.0107750390155997
1,"death",118,0.0124830164105082
1,"death",119,0.0149523151954944
1,"death",120,0.0185233427774138
1,"death",121,0.0237340044099702
1,"death",122,0.0314432970022661
1,"death",123,0.0430374967732327
1,"death",124,0.0607710007282465
1,"death",125,0.0883150547507982
1,"death",126,0.13158887012097
1,"death",127,0.199851816391745
1,"death",128,0.306634603613608
1,"death",129,0.468985520148535
1,"death",130,0.701516549537931
1,"death",131,1.00092185457992
1,"death",132,1.3244357850531
1,"death",133,1.58636383507824
1,"death",134,1.70034476529875
1,"death",135,1.64063179924989
1,"death",136,1.4534216914763
1,"death",137,1.21188391137634
1,"death",138,0.972706117826532
1,"death",139,0.76435688034233
1,"death",140,0.594776096893675
1,"death",141,0.461636319869466
1,"death",142,0.358997920278905
1,"death",143,0.280507919391131
1,"death",144,0.220606620159474
1,"death",145,0.174816398210203
1,"death",146,0.139673828247452
1,"death",147,0.112554971953302
1,"death",148,0.0914926555868848
1,"death",149,0.0750189229484191
1,"death",150,0.0620394972019164
1,"death",151,0.0517375774008307
1,"death",152,0.043501647411554
1,"death",153,0.036871930595813
1,"death",154,0.0315009250527311
1,"death",155,0.0271244078643326
1,"death",156,0.0235401550376139
2,"death",105,0.00954175919853144
2,"death",106,0.00775835676799021
2,"death",107,0.00652527249522386
2,"death",108,0.0056278427792781
2,"death",109,0.00497890276047345
2,"death",110,0.00452185470193587
2,"death",111,0.00421945201340976
2,"death",112,0.00404877559278155
2,"death",113,0.00399848957308924
2,"death",114,0.00406772214578704
2,"death",115,0.00426642470809681
2,"death",116,0.00461737549331777
2,"death",117,0.00516034543758878
2,"death",118,0.00595944910017157
2,"death",119,0.00711550777554876
2,"death",120,0.0087865871492436
2,"death",121,0.0112221116325389
2,"death",122,0.0148196674797721
2,"death",123,0.0202194969791963
2,"death",124,0.0284601268641626
2,"death",125,0.0412276156555584
2,"death",126,0.0612299088280747
2,"death",127,0.0926803665817034
2,"death",128,0.141684078411976
2,"death",129,0.215806916772399
2,"death",130,0.321201125365463
2,"death",131,0.455370697244108
2,"death",132,0.597465657339529
2,"death",133,0.707630181651865
2,"death",134,0.747800665290696
2,"death",135,0.709913218027688
2,"death",136,0.618817225732011
2,"death",137,0.509178328903883
2,"death",138,0.405430389634027
2,"death",139,0.318046339207876
2,"death",140,0.24853251848414
2,"death",141,0.19462792784391
2,"death",142,0.153199609677953
2,"death",143,0.121381420010096
2,"death",144,0.0968646682987413
2,"death",145,0.0778781964942912
2,"death",146,0.0630876961207837
2,"death",147,0.0514931769709398
2,"death",148,0.0423449684685091
2,"death",149,0.0350795875765969
2,"death",150,0.0292719693085126
2,"death",151,0.0246001438373749
2,"death",152,0.0208191324613424
2,"death",153,0.017741623375456
2,"death",154,0.0152236348702932
2,"death",155,0.0131538570840689
2,"death",156,0.0114457147456418
3,"death",105,0.00994550107084035
3,"death",106,0.00812645537612646
3,"death",107,0.00685874294721287
3,"death",108,0.00593229107914095
3,"death",109,0.00526037260706657
3,"death",110,0.00478618937811374
3,"death",111,0.00447226425113783
3,"death",112,0.00429556821842251
3,"death",113,0.00424487329506421
3,"death",114,0.00431972560553545
3,"death",115,0.00453091708502705
3,"death",116,0.00490265044395155
3,"death",117,0.00547695300569721
3,"death",118,0.0063214185864299
3,"death",119,0.00754219391714259
3,"death",120,0.00930551713602948
3,"death",121,0.0118734466437158
3,"death",122,0.0156632698191443
3,"death",123,0.0213461697392733
3,"death",124,0.0300093812127746
3,"death",125,0.0434151068357951
3,"death",126,0.064387462464355
3,"death",127,0.0973070562266462
3,"death",128,0.148489791879512
3,"death",129,0.225684709137283
3,"death",130,0.334982444648945
3,"death",131,0.473167517930285
3,"death",132,0.617650956051476
3,"death",133,0.726280960991192
3,"death",134,0.75987840303987
3,"death",135,0.711953011592012
3,"death",136,0.610772040152214
3,"death",137,0.493870425358233
3,"death",138,0.38664561055724
3,"death",139,0.298981781402151
3,"death",140,0.231211301659644
3,"death",141,0.179994643358964
3,"death",142,0.141459461790095
3,"death",143,0.112327109086077
3,"death",144,0.0901078381646633
3,"death",145,0.0729872269994888
3,"death",146,0.0596584212333142
3,"death",147,0.049178444013362
3,"death",148,0.0408616103234199
3,"death",149,0.0342043833084312
3,"death",150,0.0288331790830378
3,"death",151,0.0244680664552708
3,"death",152,0.0208973078869359
3,"death",153,0.017959306451528
3,"death",154,0.0155296610401821
3,"death",155,0.0135117908591436
3,"death",156,0.0118300876215627
4,"death",105,0.00344500445186528
4,"death",106,0.00283272026317051
4,"death",107,0.00240429678494865
4,"death",108,0.00209016731930716
4,"death",109,0.00186200556222783
4,"death",110,0.00170120689713921
4,"death",111,0.00159551394641822
4,"death",112,0.00153748483923778
4,"death",113,0.0015236771265145
4,"death",114,0.00155436923740221
4,"death",115,0.00163379435728919
4,"death",116,0.00177096846650806
4,"death",117,0.00198132118672722
4,"death",118,0.00228952541531197
4,"death",119,0.00273422349376912
4,"death",120,0.00337585018999389
4,"death",121,0.00430959502598147
4,"death",122,0.00568693690379928
4,"death",123,0.00775137779715197
4,"death",124,0.0108971072094693
4,"death",125,0.0157625310926545
4,"death",126,0.0233697044161389
4,"death",127,0.0353016241006141
4,"death",128,0.0538351225332385
4,"death",129,0.0817500636645609
4,"death",130,0.121194713427155
4,"death",131,0.170901386429855
4,"death",132,0.222552799689381
4,"death",133,0.260791333231611
4,"death",134,0.27150261289942
4,"death",135,0.252614292169595
4,"death",136,0.214712506351793
4,"death",137,0.171626397251965
4,"death",138,0.132601180200485
4,"death",139,0.101121852170942
4,"death",140,0.0771572434946821
4,"death",141,0.0593523561689246
4,"death",142,0.0461931227262032
4,"death",143,0.0364184439716938
4,"death",144,0.0290843480659644
4,"death",145,0.0235138701094427
4,"death",146,0.0192283575688948
4,"death",147,0.0158894834926717
4,"death",148,0.0132565794909353
4,"death",149,0.0111568229665978
4,"death",150,0.00946477791947225
4,"death",151,0.00808838988175538
4,"death",152,0.00695935094639256
4,"death",153,0.00602641478400445
4,"death",154,0.0052507130200712
4,"death",155,0.00460244192831815
4,"death",156,0.00405849782550733
5,"death",105,0.00327502459163677
5,"death",106,0.0027085725438617
5,"death",107,0.00231193542276109
5,"death",108,0.00202093966608555
5,"death",109,0.00180988285046994
5,"death",110,0.00166194844870814
5,"death",111,0.00156614122734895
5,"death",112,0.00151593151001365
5,"death",113,0.00150855812623109
5,"death",114,0.00154483587273861
5,"death",115,0.00162945660249331
5,"death",116,0.00177187649845527
5,"death",117,0.00198800842470253
5,"death",118,0.00230312732357385
5,"death",119,0.00275670304552636
5,"death",120,0.0034103865437398
5,"death",121,0.00436123346892967
5,"death",122,0.00576366593163719
5,"death",123,0.00786590758023726
5,"death",124,0.0110697857222866
5,"death",125,0.0160260382651433
5,"death",126,0.0237762953734433
5,"death",127,0.0359333107468886
5,"death",128,0.0548150476391897
5,"death",129,0.0832468547435437
5,"death",130,0.123398368892321
5,"death",131,0.173936910901198
5,"death",132,0.226323655978017
5,"death",133,0.264851252281853
5,"death",134,0.275142704636773
5,"death",135,0.255186941244888
5,"death",136,0.215920601595226
5,"death",137,0.17155187935708
5,"death",138,0.131544146632577
5,"death",139,0.0994298590407738
5,"death",140,0.0751291683482199
5,"death",141,0.0572089560747656
5,"death",142,0.0440819553984743
5,"death",143,0.0344298867737246
5,"death",144,0.0272679173604023
5,"death",145,0.0218914107706231
5,"death",146,0.0178037641269104
5,"death",147,0.0146555541111606
5,"death",148,0.0121997214046981
5,"death",149,0.0102602109216186
5,"death",150,0.00871042064392468
5,"death",151,0.0074584370641352
5,"death",152,0.00643688000774297
5,"death",153,0.00559586752371566
5,"death",154,0.00489810125432803
5,"death",155,0.00431540417889139
5,"death",156,0.00382626269002988
6,"death",105,0.00307101674479897
6,"death",106,0.00254920699734508
6,"death",107,0.00218464498639325
6,"death",108,0.00191782697371825
6,"death",109,0.00172515939056119
6,"death",110,0.00159131330680822
6,"death",111,0.00150637893852881
6,"death",112,0.00146462783257705
6,"death",113,0.00146389889086003
6,"death",114,0.00150546757540924
6,"death",115,0.00159439548713534
6,"death",116,0.00174045943305549
6,"death",117,0.00195988547766651
6,"death",118,0.00227830407266062
6,"death",119,0.00273565241722759
6,"death",120,0.00339426885126525
6,"death",121,0.00435229512276498
6,"death",122,0.00576594167636988
6,"death",123,0.00788644291796014
6,"death",124,0.0111207443235481
6,"death",125,0.0161282735720494
6,"death",126,0.0239651938074946
6,"death",127,0.0362676748563082
6,"death",128,0.0553885659354184
6,"death",129,0.0841971450706063
6,"death",130,0.12489788412694
6,"death",131,0.176136820784677
6,"death",132,0.229233606776401
6,"death",133,0.268216067404728
6,"death",134,0.278464651696603
6,"death",135,0.257946495476756
6,"death",136,0.217813258357757
6,"death",137,0.172547382125013
6,"death",138,0.131790744569934
6,"death",139,0.0991333154665222
6,"death",140,0.0744787724229081
6,"death",141,0.0563514764706281
6,"death",142,0.0431215730213214
6,"death",143,0.0334369551212246
6,"death",144,0.0262883830118613
6,"death",145,0.020954306652894
6,"death",146,0.0169265536701429
6,"death",147,0.0138477940659287
6,"death",148,0.0114655575803368
6,"death",149,0.00960009690486289
6,"death",150,0.00812232107808647
6,"death",151,0.00693868371360231
6,"death",152,0.00598078862594672
6,"death",153,0.00519818611862971
6,"death",154,0.0045533369093293
6,"death",155,0.00401806050831717
6,"death",156,0.00357101007341586
7,"death",105,0.000558313312227029
7,"death",106,0.000463874775396152
7,"death",107,0.0003981330961508
7,"death",108,0.000350215282440052
7,"death",109,0.000315811488829005
7,"death",110,0.00029213896254062
7,"death",111,0.000277416937505664
7,"death",112,0.000270638800520022
7,"death",113,0.000271461525029397
7,"death",114,0.000280186495310757
7,"death",115,0.000297831818360298
7,"death",116,0.000326315824656436
7,"death",117,0.000368795964518753
7,"death",118,0.000430244400664314
7,"death",119,0.000518402079109534
7,"death",120,0.000645354410697838
7,"death",121,0.000830142180245928
7,"death",122,0.00110310349351115
7,"death",123,0.00151308896651996
7,"death",124,0.00213932634906089
7,"death",125,0.00311037003786378
7,"death",126,0.00463240852284416
7,"death",127,0.0070253598010817
7,"death",128,0.010750140778276
7,"death",129,0.01637041392689
7,"death",130,0.0243224998695011
7,"death",131,0.0343488640835202
7,"death",132,0.044756485698691
7,"death",133,0.0524155881488332
7,"death",134,0.0544488026615142
7,"death",135,0.0504413673718709
7,"death",136,0.0425724962770575
7,"death",137,0.0336865177004757
7,"death",138,0.0256827473010561
7,"death",139,0.0192709877595905
7,"death",140,0.0144340774354657
7,"death",141,0.0108819086369932
7,"death",142,0.00829337624996431
7,"death",143,0.00640198357138371
7,"death",144,0.00500887392890731
7,"death",145,0.0039719759830368
7,"death",146,0.00319131614893284
7,"death",147,0.00259665047233761
7,"death",148,0.0021383755427413
7,"death",149,0.00178118449201628
7,"death",150,0.00149971832710227
7,"death",151,0.00127559337052397
7,"death",152,0.00109536034855892
7,"death",153,0.000949092279708642
7,"death",154,0.000829398601551114
7,"death",155,0.000730730519521749
7,"death",156,0.000648887239471526
8,"death",105,0.000528702836635019
8,"death",106,0.000438669111392661
8,"death",107,0.000376189524848109
8,"death",108,0.000330819554256405
8,"death",109,0.000298392648450221
8,"death",110,0.000276227164890966
8,"death",111,0.000262616236253777
8,"death",112,0.000256604993369171
8,"death",113,0.000257882974944581
8,"death",114,0.000266766489399973
8,"death",115,0.000284271082419792
8,"death",116,0.000312293679976929
8,"death",117,0.000353948335871735
8,"death",118,0.000414136445466777
8,"death",119,0.000500492602674084
8,"death",120,0.00062494853099527
8,"death",121,0.000806328190472184
8,"death",122,0.00107467036351422
8,"death",123,0.00147842452537156
8,"death",124,0.00209630786333121
8,"death",125,0.00305628951792938
8,"death",126,0.00456404602528904
8,"death",127,0.00693946269797658
8,"death",128,0.0106448056639066
8,"death",129,0.0162480785411276
8,"death",130,0.0241948166779929
8,"death",131,0.0342412370378442
8,"death",132,0.044705198247919
8,"death",133,0.0524502247823772
8,"death",134,0.0545684931568685
8,"death",135,0.0506104420354264
8,"death",136,0.0427432722592065
8,"death",137,0.0338248419276244
8,"death",138,0.0257759205085764
8,"death",139,0.0193215723384165
8,"death",140,0.0144510374451549
8,"death",141,0.0108748579850728
8,"death",142,0.00827020605865439
8,"death",143,0.00636843927128376
8,"death",144,0.00496889965696583
8,"death",145,0.00392821614557312
8,"death",146,0.00314554548490054
8,"death",147,0.00255008318553346
8,"death",148,0.00209186842016043
8,"death",149,0.00173536318163042
8,"death",150,0.00145505286611701
8,"death",151,0.00123244211130088
8,"death",152,0.00105399514410376
8,"death",153,0.000909713155465294
8,"death",154,0.000792142993416593
8,"death",155,0.000695680093559088
8,"death",156,0.000616073969239682
9,"death",105,0.000506392878986781
9,"death",106,0.000419059341351507
9,"death",107,0.000358562739403324
9,"death",108,0.000314726715826702
9,"death",109,0.000283459959926498
9,"death",110,0.000262129770968052
9,"death",111,0.000249061101677649
9,"death",112,0.000243315557932451
9,"death",113,0.000244583900000789
9,"death",114,0.000253167098970058
9,"death",115,0.000270045823409065
9,"death",116,0.000297057333148852
9,"death",117,0.000337222737052058
9,"death",118,0.000395303944532781
9,"death",119,0.000478729110931876
9,"death",120,0.000599125384812859
9,"death",121,0.000774866703447663
9,"death",122,0.00103532547666726
9,"death",123,0.00142796484548622
9,"death",124,0.00203005198040733
9,"death",125,0.00296746465453433
9,"death",126,0.0044429881073601
9,"death",127,0.00677285675583457
9,"death",128,0.0104156253406734
9,"death",129,0.0159377843317589
9,"death",130,0.0237903912807789
9,"death",131,0.0337486320401133
9,"death",132,0.0441634625393191
9,"death",133,0.0519289842855057
9,"death",134,0.0541369818921319
9,"death",135,0.0503004343289177
9,"death",136,0.0425422587522582
9,"death",137,0.0336987075148324
9,"death",138,0.025692426069653
9,"death",139,0.0192595871554737
9,"death",140,0.0143994658088932
9,"death",141,0.0108287153385488
9,"death",142,0.00822747641409038
9,"death",143,0.00632831516218936
9,"death",144,0.00493098596970748
9,"death",145,0.00389223362789451
9,"death",146,0.00311124800298457
9,"death",147,0.00251724971434892
9,"death",148,0.00206031257009101
9,"death",149,0.00170494084193096
9,"death",150,0.00142566367037311
9,"death",151,0.00120402552812277
9,"death",152,0.00102652317293854
9,"death",153,0.000883181471064479
9,"death",154,0.000766561927417359
9,"death",155,0.000671066391512265
9,"death",156,0.000592443891631035
10,"death",105,0.000377523728866375
10,"death",106,0.000311588833648577
10,"death",107,0.000265928250946386
10,"death",108,0.000232854053903914
10,"death",109,0.000209253361897038
10,"death",110,0.000193119851402701
10,"death",111,0.000183173337830408
10,"death",112,0.00017869034063997
10,"death",113,0.000179420628146873
10,"death",114,0.00018557061913761
10,"death",115,0.000197853195775001
10,"death",116,0.000217617842492606
10,"death",117,0.000247093015601446
10,"death",118,0.000289799921757271
10,"death",119,0.00035124151207829
10,"death",120,0.000440045668875049
10,"death",121,0.00056986882091115
10,"death",122,0.000762578573991428
10,"death",123,0.0010535736365148
10,"death",124,0.00150059100653713
10,"death",125,0.00219788852292633
10,"death",126,0.0032976730697057
10,"death",127,0.00503797837445276
10,"death",128,0.00776526325724771
10,"death",129,0.0119101654237254
10,"death",130,0.017821506052542
10,"death",131,0.0253447794912365
10,"death",132,0.0332521581261927
10,"death",133,0.0392022528219142
10,"death",134,0.0409755392968485
10,"death",135,0.0381647444883351
10,"death",136,0.0323474593081055
10,"death",137,0.0256673077491478
10,"death",138,0.0195935459807072
10,"death",139,0.014699202523141
10,"death",140,0.0109940364828117
10,"death",141,0.00826824719048834
10,"death",142,0.00628094535678505
10,"death",143,0.00482936443784191
10,"death",144,0.00376110718698974
10,"death",145,0.0029669003949134
10,"death",146,0.00236974388845408
10,"death",147,0.00191553691758817
10,"death",148,0.00156610752652385
10,"death",149,0.00129431736173568
10,"death",150,0.00108069664625079
10,"death",151,0.000911142423012876
10,"death",152,0.000775339467776517
10,"death",153,0.000665669783840125
10,"death",154,0.000576453369871655
10,"death",155,0.000503415140554181
10,"death",156,0.000443307562151826
11,"death",105,0.000378696398322086
11,"death",106,0.000311973029919294
11,"death",107,0.000265733483795975
11,"death",108,0.000232213437536182
11,"death",109,0.000208252249877276
11,"death",110,0.000191808434973451
11,"death",111,0.00018157428461468
11,"death",112,0.000176802999015261
11,"death",113,0.00017722246903999
11,"death",114,0.000183016151893623
11,"death",115,0.000194870218547219
11,"death",116,0.000214100483614723
11,"death",117,0.000242890522421883
11,"death",118,0.000284699480282128
11,"death",119,0.000344942445421533
11,"death",120,0.000432121083268887
11,"death",121,0.000559709145765316
11,"death",122,0.000749309783103093
11,"death",123,0.00103594244132702
11,"death",124,0.00147681352037177
11,"death",125,0.00216547694889304
11,"death",126,0.00325330797299513
11,"death",127,0.00497762373780181
11,"death",128,0.00768498543145728
11,"death",129,0.0118085024940722
11,"death",130,0.0177043213098785
11,"death",131,0.0252319049367159
11,"death",132,0.0331801486300474
11,"death",133,0.0392132187370126
11,"death",134,0.0410917609999959
11,"death",135,0.0383709596380729
11,"death",136,0.0326008822266558
11,"death",137,0.0259234700000333
11,"death",138,0.0198234868821387
11,"death",139,0.0148912728154163
11,"death",140,0.0111480001359823
11,"death",141,0.00838910011302687
11,"death",142,0.00637503291221227
11,"death",143,0.00490257467831785
11,"death",144,0.00381827987892125
11,"death",145,0.00301179317238827
11,"death",146,0.00240519620241891
11,"death",147,0.00194367096231283
11,"death",148,0.0015885069979469
11,"death",149,0.00131216933248041
11,"death",150,0.00109489844831872
11,"death",151,0.000922380128866889
11,"death",152,0.000784144776402603
11,"death",153,0.00067246097440046
11,"death",154,0.000581564663787376
11,"death",155,0.000507117687368678
11,"death",156,0.000445824401700072
12,"death",105,0.000377669879992445
12,"death",106,0.000310741747052691
12,"death",107,0.000264320335407226
12,"death",108,0.000230631441860063
12,"death",109,0.000206500485145305
12,"death",110,0.000189872850774079
12,"death",111,0.000179427397082993
12,"death",112,0.000174402140158941
12,"death",113,0.000174506287415242
12,"death",114,0.000179898805307647
12,"death",115,0.000191232302496552
12,"death",116,0.000209775123498151
12,"death",117,0.00023764208086465
12,"death",118,0.000278190755376628
12,"death",119,0.000336683670502998
12,"death",120,0.000421389856070171
12,"death",121,0.000545423650365109
12,"death",122,0.000729826984513507
12,"death",123,0.00100873693106574
12,"death",124,0.00143797147797734
12,"death",125,0.00210892022882024
12,"death",126,0.00316967485144695
12,"death",127,0.00485286405733125
12,"death",128,0.00749919237189592
12,"death",129,0.0115366544495297
12,"death",130,0.01732247606961
12,"death",131,0.0247328215696242
12,"death",132,0.0325949579443882
12,"death",133,0.0386186028927794
12,"death",134,0.0405799862995351
12,"death",135,0.0380000098146673
12,"death",136,0.0323729868103025
12,"death",137,0.0258044006505192
12,"death",138,0.01977218253241
12,"death",139,0.0148761732726618
12,"death",140,0.0111497398043515
12,"death",141,0.00839739799987446
12,"death",142,0.00638500666235914
12,"death",143,0.00491215411286581
12,"death",144,0.00382672886750023
12,"death",145,0.00301895617743773
12,"death",146,0.00241114287176536
12,"death",147,0.00194853940957278
12,"death",148,0.00159244020892863
12,"death",149,0.00131529300803406
12,"death",150,0.00109731621565466
12,"death",151,0.000924175347187212
12,"death",152,0.000785384306796181
12,"death",153,0.000673199037954855
12,"death",154,0.00058184611151602
12,"death",155,0.000506980511129857
12,"death",156,0.000445301518479055
13,"death",105,0.00670270188950449
13,"death",106,0.00562892587400132
13,"death",107,0.0048800411933532
13,"death",108,0.00433262483968305
13,"death",109,0.00394121219288283
13,"death",110,0.00367646113533654
13,"death",111,0.00351987352147724
13,"death",112,0.00346179313405318
13,"death",113,0.00350056954959219
13,"death",114,0.00364275484877616
13,"death",115,0.00390445994318802
13,"death",116,0.0043142242146228
13,"death",117,0.00491808417259754
13,"death",118,0.00578805633262817
13,"death",119,0.00703612257023157
13,"death",120,0.00883726062724224
13,"death",121,0.0114674612513389
13,"death",122,0.0153664865223737
13,"death",123,0.0212406658507338
13,"death",124,0.0302273390833144
13,"death",125,0.0441437133272573
13,"death",126,0.0658176183824205
13,"death",127,0.0993857580318849
13,"death",128,0.150117256589045
13,"death",129,0.222642930134681
13,"death",130,0.31586524952298
13,"death",131,0.41471671135082
13,"death",132,0.486919209526355
13,"death",133,0.499199039002736
13,"death",134,0.446740787050457
13,"death",135,0.358662264782908
13,"death",136,0.270191707181912
13,"death",137,0.199640991640552
13,"death",138,0.149072090041022
13,"death",139,0.113942972250468
13,"death",140,0.0892611605655695
13,"death",141,0.0714059821142707
13,"death",142,0.058076763721158
13,"death",143,0.0478566144961482
13,"death",144,0.0398568156789466
13,"death",145,0.0334967181737287
13,"death",146,0.0283792066419684
13,"death",147,0.0242214561640872
13,"death",148,0.0208155838625005
13,"death",149,0.0180052698869455
13,"death",150,0.0156710830439291
13,"death",151,0.0137207515625602
13,"death",152,0.0120823995427481
13,"death",153,0.0106996693855915
13,"death",154,0.00952811200262856
13,"death",155,0.00853247024674863
13,"death",156,0.00768461490558434
14,"death",105,0.00592290493580678
14,"death",106,0.00496453195985036
14,"death",107,0.0042970581142522
14,"death",108,0.00381136934716245
14,"death",109,0.00346542391541447
14,"death",110,0.00323226603335858
14,"death",111,0.0030950711983994
14,"death",112,0.00304509925598045
14,"death",113,0.00308082626480529
14,"death",114,0.00320806654491155
14,"death",115,0.00344115847181457
14,"death",116,0.00380551450471594
14,"death",117,0.00434214387609771
14,"death",118,0.00511523704234386
14,"death",119,0.006224691830648
14,"death",120,0.00782678363991661
14,"death",121,0.010168379471795
14,"death",122,0.0136436341697569
14,"death",123,0.0188873837117196
14,"death",124,0.0269258963278827
14,"death",125,0.0394086540599082
14,"death",126,0.0589269184915206
14,"death",127,0.0893347864731852
14,"death",128,0.13571122693559
14,"death",129,0.202997222978873
14,"death",130,0.291688307649547
14,"death",131,0.390230416038688
14,"death",132,0.470414511460635
14,"death",133,0.499049023871551
14,"death",134,0.464542077560427
14,"death",135,0.387606518014191
14,"death",136,0.300850091242199
14,"death",137,0.225687475216787
14,"death",138,0.168363075747755
14,"death",139,0.126911946058473
14,"death",140,0.0972751310876662
14,"death",141,0.0758809301712454
14,"death",142,0.0601641554557125
14,"death",143,0.0484001923740863
14,"death",144,0.039441952623324
14,"death",145,0.0325163055504658
14,"death",146,0.0270907375588403
14,"death",147,0.0227901434378489
14,"death",148,0.0193449680385707
14,"death",149,0.0165582445347313
14,"death",150,0.0142840601517328
14,"death",151,0.0124130854107765
14,"death",152,0.0108625995396537
14,"death",153,0.00956946668638572
14,"death",154,0.00848510468391287
14,"death",155,0.00757183334065725
14,"death",156,0.00680019819956783
15,"death",105,0.00548858890444716
15,"death",106,0.00457513057400511
15,"death",107,0.00393974417692082
15,"death",108,0.00347790054208489
15,"death",109,0.00314840304086543
15,"death",110,0.00292473250710455
15,"death",111,0.00279017279767516
15,"death",112,0.00273570673415425
15,"death",113,0.00275905314681366
15,"death",114,0.00286464020245924
15,"death",115,0.00306455454522198
15,"death",116,0.003380713459263
15,"death",117,0.00384878282393693
15,"death",118,0.00452478908177355
15,"death",119,0.00549607140438814
15,"death",120,0.00689938926033895
15,"death",121,0.00895095311100784
15,"death",122,0.0119963217041593
15,"death",123,0.0165929409849643
15,"death",124,0.0236443171600922
15,"death",125,0.0346089773996735
15,"death",126,0.051795557780993
15,"death",127,0.0786854776855874
15,"death",128,0.119998426032195
15,"death",129,0.180698650270759
15,"death",130,0.262497886165111
15,"death",131,0.35717910326196
15,"death",132,0.441338944267918
15,"death",133,0.483984738879984
15,"death",134,0.4688990739443
15,"death",135,0.408126128372175
15,"death",136,0.329053377445749
15,"death",137,0.253843965959569
15,"death",138,0.192243040850006
15,"death",139,0.145319500362355
15,"death",140,0.110644658529658
15,"death",141,0.0852126795111108
15,"death",142,0.0664837902606068
15,"death",143,0.0525610666694771
15,"death",144,0.0420912984734951
15,"death",145,0.0341222705847647
15,"death",146,0.0279834194568774
15,"death",147,0.0231991597858293
15,"death",148,0.0194289495124554
15,"death",149,0.0164264363347496
15,"death",150,0.0140115922286409
15,"death",151,0.0120515676757218
15,"death",152,0.0104474056388475
15,"death",153,0.00912472369631542
15,"death",154,0.0080271120739022
15,"death",155,0.00711141236226938
15,"death",156,0.00634431393215499
16,"death",105,0.00522132450160344
16,"death",106,0.00432927833089939
16,"death",107,0.00370925158514547
16,"death",108,0.0032588306930621
16,"death",109,0.00293681288750846
16,"death",110,0.0027165759994259
16,"death",111,0.00258118071323061
16,"death",112,0.00252118108369476
16,"death",113,0.00253356236328065
16,"death",114,0.00262158168681968
16,"death",115,0.0027955216353015
16,"death",116,0.003074560335864
16,"death",117,0.00349021212206654
16,"death",118,0.00409217444492639
16,"death",119,0.00495804020753515
16,"death",120,0.00620937934366154
16,"death",121,0.00803844471010539
16,"death",122,0.010752628291019
16,"death",123,0.0148482327110083
16,"death",124,0.0211310698384705
16,"death",125,0.0309062777866148
16,"death",126,0.0462523992830703
16,"death",127,0.0703403096930148
16,"death",128,0.107571634267108
16,"death",129,0.162866566852138
16,"death",130,0.238813649410879
16,"death",131,0.329798406671171
16,"death",132,0.416398746984662
16,"death",133,0.46984712950176
16,"death",134,0.470705483869498
16,"death",135,0.423996684725541
16,"death",136,0.352316289941233
16,"death",137,0.277903659084317
16,"death",138,0.213196318024763
16,"death",139,0.161844553488122
16,"death",140,0.122914864940969
16,"death",141,0.0939832910105717
16,"death",142,0.0725939095781237
16,"death",143,0.0567340038314768
16,"death",144,0.0448873789013859
16,"death",145,0.0359528336724192
16,"death",146,0.0291419516192368
16,"death",147,0.0238919838236877
16,"death",148,0.0198001095383121
16,"death",149,0.0165762610870365
16,"death",150,0.0140099757190192
16,"death",151,0.0119472651665792
16,"death",152,0.0102744700009614
16,"death",153,0.00890694258784308
16,"death",154,0.00778106657151813
16,"death",155,0.00684859113991008
16,"death",156,0.00607258154003594
17,"death",105,0
17,"death",106,0
17,"death",107,0
17,"death",108,0
17,"death",109,0
17,"death",110,0
17,"death",111,0
17,"death",112,0
17,"death",113,0
17,"death",114,0
17,"death",115,0
17,"death",116,0
17,"death",117,0
17,"death",118,0
17,"death",119,0
17,"death",120,0
17,"death",121,0
17,"death",122,0
17,"death",123,0
17,"death",124,0
17,"death",125,0
17,"death",126,0
17,"death",127,0
17,"death",128,0
17,"death",129,0
17,"death",130,0
17,"death",131,0
17,"death",132,0
17,"death",133,0
17,"death",134,0
17,"death",135,0
17,"death",136,0
17,"death",137,0
17,"death",138,0
17,"death",139,0
17,"death",140,0
17,"death",141,0
17,"death",142,0
17,"death",143,0
17,"death",144,0
17,"death",145,0
17,"death",146,0
17,"death",147,0
17,"death",148,0
17,"death",149,0
17,"death",150,0
17,"death",151,0
17,"death",152,0
17,"death",153,0
17,"death",154,0
17,"death",155,0
17,"death",156,0
18,"death",105,0
18,"death",106,0
18,"death",107,0
18,"death",108,0
18,"death",109,0
18,"death",110,0
18,"death",111,0
18,"death",112,0
18,"death",113,0
18,"death",114,0
18,"death",115,0
18,"death",116,0
18,"death",117,0
18,"death",118,0
18,"death",119,0
18,"death",120,0
18,"death",121,0
18,"death",122,0
18,"death",123,0
18,"death",124,0
18,"death",125,0
18,"death",126,0
18,"death",127,0
18,"death",128,0
18,"death",129,0
18,"death",130,0
18,"death",131,0
18,"death",132,0
18,"death",133,0
18,"death",134,0
18,"death",135,0
18,"death",136,0
18,"death",137,0
18,"death",138,0
18,"death",139,0
18,"death",140,0
18,"death",141,0
18,"death",142,0
18,"death",143,0
18,"death",144,0
18,"death",145,0
18,"death",146,0
18,"death",147,0
18,"death",148,0
18,"death",149,0
18,"death",150,0
18,"death",151,0
18,"death",152,0
18,"death",153,0
18,"death",154,0
18,"death",155,0
18,"death",156,0
19,"death",105,0
19,"death",106,0
19,"death",107,0
19,"death",108,0
19,"death",109,0
19,"death",110,0
19,"death",111,0
19,"death",112,0
19,"death",113,0
19,"death",114,0
19,"death",115,0
19,"death",116,0
19,"death",117,0
19,"death",118,0
19,"death",119,0
19,"death",120,0
19,"death",121,0
19,"death",122,0
19,"death",123,0
19,"death",124,0
19,"death",125,0
19,"death",126,0
19,"death",127,0
19,"death",128,0
19,"death",129,0
19,"death",130,0
19,"death",131,0
19,"death",132,0
19,"death",133,0
19,"death",134,0
19,"death",135,0
19,"death",136,0
19,"death",137,0
19,"death",138,0
19,"death",139,0
19,"death",140,0
19,"death",141,0
19,"death",142,0
19,"death",143,0
19,"death",144,0
19,"death",145,0
19,"death",146,0
19,"death",147,0
19,"death",148,0
19,"death",149,0
19,"death",150,0
19,"death",151,0
19,"death",152,0
19,"death",153,0
19,"death",154,0
19,"death",155,0
19,"death",156,0
20,"death",105,0
20,"death",106,0
20,"death",107,0
20,"death",108,0
20,"death",109,0
20,"death",110,0
20,"death",111,0
20,"death",112,0
20,"death",113,0
20,"death",114,0
20,"death",115,0
20,"death",116,0
20,"death",117,0
20,"death",118,0
20,"death",119,0
20,"death",120,0
20,"death",121,0
20,"death",122,0
20,"death",123,0
20,"death",124,0
20,"death",125,0
20,"death",126,0
20,"death",127,0
20,"death",128,0
20,"death",129,0
20,"death",130,0
20,"death",131,0
20,"death",132,0
20,"death",133,0
20,"death",134,0
20,"death",135,0
20,"death",136,0
20,"death",137,0
20,"death",138,0
20,"death",139,0
20,"death",140,0
20,"death",141,0
20,"death",142,0
20,"death",143,0
20,"death",144,0
20,"death",145,0
20,"death",146,0
20,"death",147,0
20,"death",148,0
20,"death",149,0
20,"death",150,0
20,"death",151,0
20,"death",152,0
20,"death",153,0
20,"death",154,0
20,"death",155,0
20,"death",156,0
21,"death",105,0
21,"death",106,0
21,"death",107,0
21,"death",108,0
21,"death",109,0
21,"death",110,0
21,"death",111,0
21,"death",112,0
21,"death",113,0
21,"death",114,0
21,"death",115,0
21,"death",116,0
21,"death",117,0
21,"death",118,0
21,"death",119,0
21,"death",120,0
21,"death",121,0
21,"death",122,0
21,"death",123,0
21,"death",124,0
21,"death",125,0
21,"death",126,0
21,"death",127,0
21,"death",128,0
21,"death",129,0
21,"death",130,0
21,"death",131,0
21,"death",132,0
21,"death",133,0
21,"death",134,0
21,"death",135,0
21,"death",136,0
21,"death",137,0
21,"death",138,0
21,"death",139,0
21,"death",140,0
21,"death",141,0
21,"death",142,0
21,"death",143,0
21,"death",144,0
21,"death",145,0
21,"death",146,0
21,"death",147,0
21,"death",148,0
21,"death",149,0
21,"death",150,0
21,"death",151,0
21,"death",152,0
21,"death",153,0
21,"death",154,0
21,"death",155,0
21,"death",156,0
22,"death",105,0.115208612478205
22,"death",106,0.09219122233277
22,"death",107,0.0763194427567102
22,"death",108,0.0648976421868596
22,"death",109,0.0566997178142467
22,"death",110,0.0509248033819648
22,"death",111,0.047048167184092
22,"death",112,0.0447418861277099
22,"death",113,0.0438286853445193
22,"death",114,0.0442592921132504
22,"death",115,0.0461092415054967
22,"death",116,0.049595213984275
22,"death",117,0.0551152789656859
22,"death",118,0.0633230752439469
22,"death",119,0.0752546293622264
22,"death",120,0.0925408080236916
22,"death",121,0.117762636066866
22,"death",122,0.155047889721386
22,"death",123,0.211075958352435
22,"death",124,0.296766290281735
22,"death",125,0.430076455603489
22,"death",126,0.640477559883268
22,"death",127,0.975566581089772
22,"death",128,1.50915548613058
22,"death",129,2.34623824464143
22,"death",130,3.61094040402394
22,"death",131,5.39116121223033
22,"death",132,7.62125542905461
22,"death",133,9.95722044404437
22,"death",134,11.8088070222814
22,"death",135,12.6288336402371
22,"death",136,12.2488273892606
22,"death",137,10.9338764216489
22,"death",138,9.15123052237442
22,"death",139,7.31460640041684
22,"death",140,5.67270476701384
22,"death",141,4.32248047243419
22,"death",142,3.26674027433586
22,"death",143,2.46543592391251
22,"death",144,1.86699805054648
22,"death",145,1.42322352004288
22,"death",146,1.09445633871733
22,"death",147,0.850116094888223
22,"death",148,0.667439905839546
22,"death",149,0.52980642904109
22,"death",150,0.425193506175438
22,"death",151,0.344934012566892
22,"death",152,0.282774202431722
22,"death",153,0.234185003404745
22,"death",154,0.195867718868803
22,"death",155,0.165402753667053
22,"death",156,0.14100106053271
23,"death",105,0.110810099058784
23,"death",106,0.0879084292754544
23,"death",107,0.0721560288054117
23,"death",108,0.0608585973386324
23,"death",109,0.0527575930859492
23,"death",110,0.0470313460032845
23,"death",111,0.0431405503257983
23,"death",112,0.0407439489517431
23,"death",113,0.039648434033699
23,"death",114,0.0397830038389912
23,"death",115,0.041191631076965
23,"death",116,0.0440441734179243
23,"death",117,0.0486684265499115
23,"death",118,0.0556113875734503
23,"death",119,0.0657452060668707
23,"death",120,0.0804453863517847
23,"death",121,0.101889243775335
23,"death",122,0.133557421260044
23,"death",123,0.181079630174517
23,"death",124,0.253659303761015
23,"death",125,0.366446535921738
23,"death",126,0.544372088381299
23,"death",127,0.827933356695689
23,"death",128,1.28065923589727
23,"death",129,1.99504517147267
23,"death",130,3.08640340871923
23,"death",131,4.65301116509549
23,"death",132,6.68208945919157
23,"death",133,8.93156382583674
23,"death",134,10.9121494713911
23,"death",135,12.0847253518042
23,"death",136,12.1637758242345
23,"death",137,11.2531527271074
23,"death",138,9.71945640519607
23,"death",139,7.96725996337478
23,"death",140,6.29211804070983
23,"death",141,4.84836957906791
23,"death",142,3.6820981695273
23,"death",143,2.7776949209351
23,"death",144,2.09366612072384
23,"death",145,1.58351720481023
23,"death",146,1.20543896497063
23,"death",147,0.925473642968521
23,"death",148,0.717533060181517
23,"death",149,0.562207436729731
23,"death",150,0.445316680717978
23,"death",151,0.35659834820666
23,"death",152,0.288651113601064
23,"death",153,0.236133733031264
23,"death",154,0.195177957489064
23,"death",155,0.162966545149841
23,"death",156,0.137433175290447
24,"death",105,0.273239003189294
24,"death",106,0.216157370381021
24,"death",107,0.176955983302405
24,"death",108,0.148872944846176
24,"death",109,0.128747393006568
24,"death",110,0.114515186548706
24,"death",111,0.104820283645129
24,"death",112,0.0988019450349798
24,"death",113,0.0959679255799393
24,"death",114,0.0961271918912191
24,"death",115,0.0993694797275407
24,"death",116,0.10608896088798
24,"death",117,0.11705892778078
24,"death",118,0.133576333233458
24,"death",119,0.157712669378272
24,"death",120,0.192736323834342
24,"death",121,0.243819894641793
24,"death",122,0.319228139603447
24,"death",123,0.432319891584573
24,"death",124,0.604917628424078
24,"death",125,0.872915372172296
24,"death",126,1.29533284981671
24,"death",127,1.96797352760383
24,"death",128,3.04105888901811
24,"death",129,4.73336453892581
24,"death",130,7.31830348896765
24,"death",131,11.0318059975566
24,"death",132,15.8546320368011
24,"death",133,21.2375383336943
24,"death",134,26.0528959989341
24,"death",135,29.0346997403224
24,"death",136,29.4686933570233
24,"death",137,27.5255390803959
24,"death",138,24.0095649646232
24,"death",139,19.8616393100498
24,"death",140,15.8065566683584
24,"death",141,12.2511115655489
24,"death",142,9.34081602360431
24,"death",143,7.0617647623691
24,"death",144,5.32622415127035
24,"death",145,4.02623962390657
24,"death",146,3.0605924615633
24,"death",147,2.34503165242624
24,"death",148,1.81381142212081
24,"death",149,1.41752238671941
24,"death",150,1.11984298377188
24,"death",151,0.894395189833888
24,"death",152,0.722126497949087
24,"death",153,0.589286034251257
24,"death",154,0.485923652091624
24,"death",155,0.404803498728874
24,"death",156,0.340628419072511
25,"death",105,0.392033573620424
25,"death",106,0.309989003945805
25,"death",107,0.253672969936859
25,"death",108,0.213339384269893
25,"death",109,0.184439917946979
25,"death",110,0.164005086267208
25,"death",111,0.150084318972338
25,"death",112,0.141439342407784
25,"death",113,0.137361473299221
25,"death",114,0.137574586571578
25,"death",115,0.142205407218112
25,"death",116,0.151817114765706
25,"death",117,0.167516089585825
25,"death",118,0.191158729338009
25,"death",119,0.225710533720848
25,"death",120,0.275850672094915
25,"death",121,0.348984435093813
25,"death",122,0.456943597893859
25,"death",123,0.618851736448976
25,"death",124,0.865947016136822
25,"death",125,1.24960920393116
25,"death",126,1.85432251811254
25,"death",127,2.81724092880765
25,"death",128,4.35348618159709
25,"death",129,6.77654607431658
25,"death",130,10.4787172918126
25,"death",131,15.7997355504587
25,"death",132,22.7150630138
25,"death",133,30.4403806921206
25,"death",134,37.3586590577831
25,"death",135,41.6493777981077
25,"death",136,42.281782985795
25,"death",137,39.4977387108993
25,"death",138,34.4523187544282
25,"death",139,28.4982353732081
25,"death",140,22.6776234059935
25,"death",141,17.5750586653902
25,"death",142,13.3992741239871
25,"death",143,10.129887936269
25,"death",144,7.64058829984033
25,"death",145,5.77619523270838
25,"death",146,4.39134245988323
25,"death",147,3.36511154699131
25,"death",148,2.60318960662167
25,"death",149,2.03472370654894
25,"death",150,1.60764114238816
25,"death",151,1.28412986279934
25,"death",152,1.03687993919264
25,"death",153,0.846180305243342
25,"death",154,0.697766845690434
25,"death",155,0.581265262550737
25,"death",156,0.489079669421369
1,"hosp",105,2.47049989221511
1,"hosp",106,2.00711950648592
1,"hosp",107,1.68970192091177
1,"hosp",108,1.45900936056627
1,"hosp",109,1.29272615049365
1,"hosp",110,1.17623444177251
1,"hosp",111,1.0999350072526
1,"hosp",112,1.05798276766416
1,"hosp",113,1.04758077713769
1,"hosp",114,1.06870165431237
1,"hosp",115,1.12420534364756
1,"hosp",116,1.22040169321893
1,"hosp",117,1.36820193677303
1,"hosp",118,1.58514222291633
1,"hosp",119,1.89878477896451
1,"hosp",120,2.35237287963796
1,"hosp",121,3.01423981018933
1,"hosp",122,3.99351066381283
1,"hosp",123,5.46629685677996
1,"hosp",124,7.7189959763365
1,"hosp",125,11.2179963169891
1,"hosp",126,16.7152375416379
1,"hosp",127,25.386882584627
1,"hosp",128,38.9513895334534
1,"hosp",129,59.5732289132367
1,"hosp",130,89.1056296486643
1,"hosp",131,127.123383135148
1,"hosp",132,168.188748128924
1,"hosp",133,201.417976836471
1,"hosp",134,215.854689171203
1,"hosp",135,208.245476597328
1,"hosp",136,184.464574785972
1,"hosp",137,153.799876188929
1,"hosp",138,123.442086593497
1,"hosp",139,97.0003263895243
1,"hosp",140,75.4799225545487
1,"hosp",141,58.5844418468336
1,"hosp",142,45.5597112306402
1,"hosp",143,35.5993914493947
1,"hosp",144,27.9979222403112
1,"hosp",145,22.1870960197817
1,"hosp",146,17.7274168173926
1,"hosp",147,14.2859198173817
1,"hosp",148,11.6129812351437
1,"hosp",149,9.5223253024643
1,"hosp",150,7.8750938803226
1,"hosp",151,6.56763877293706
1,"hosp",152,5.52236115971814
1,"hosp",153,4.68091707425982
1,"hosp",154,3.99920960832213
1,"hosp",155,3.44370954969187
1,"hosp",156,2.98875507721356
2,"hosp",105,5.58570602879535
2,"hosp",106,4.54199818453506
2,"hosp",107,3.82029625337341
2,"hosp",108,3.29503205168688
2,"hosp",109,2.91520090795386
2,"hosp",110,2.64768503807837
2,"hosp",111,2.47069023946014
2,"hosp",112,2.37080675816682
2,"hosp",113,2.34140410110358
2,"hosp",114,2.38197685438731
2,"hosp",115,2.4983557697643
2,"hosp",116,2.70388155656786
2,"hosp",117,3.02184466000462
2,"hosp",118,3.48979003671044
2,"hosp",119,4.16675692596976
2,"hosp",120,5.14530550279951
2,"hosp",121,6.57149390896995
2,"hosp",122,8.67814169583193
2,"hosp",123,11.8401648904123
2,"hosp",124,16.6657103326025
2,"hosp",125,24.1421096782117
2,"hosp",126,35.8550837625966
2,"hosp",127,54.271837768582
2,"hosp",128,82.9671168060944
2,"hosp",129,126.37043373141
2,"hosp",130,188.082122883196
2,"hosp",131,266.636480049902
2,"hosp",132,349.820506226193
2,"hosp",133,414.298321095929
2,"hosp",134,437.79305076472
2,"hosp",135,415.595229496872
2,"hosp",136,362.257565928249
2,"hosp",137,298.071814351535
2,"hosp",138,237.33789181522
2,"hosp",139,186.184253199941
2,"hosp",140,145.491754093069
2,"hosp",141,113.936572389795
2,"hosp",142,89.684689955192
2,"hosp",143,71.0583409135695
2,"hosp",144,56.7060946079682
2,"hosp",145,45.5911794377184
2,"hosp",146,36.9325407918388
2,"hosp",147,30.1448203087166
2,"hosp",148,24.7891851695938
2,"hosp",149,20.5357875118462
2,"hosp",150,17.1358024035218
2,"hosp",151,14.4007517702734
2,"hosp",152,12.1872246829744
2,"hosp",153,10.3855661895131
2,"hosp",154,8.91148547549749
2,"hosp",155,7.69981719828805
2,"hosp",156,6.6998754945391
3,"hosp",105,4.5613268953881
3,"hosp",106,3.72695504551369
3,"hosp",107,3.1454717802179
3,"hosp",108,2.72052827043005
3,"hosp",109,2.41233949532648
3,"hosp",110,2.1948494201526
3,"hosp",111,2.05086549167615
3,"hosp",112,1.96982309550827
3,"hosp",113,1.94657103302644
3,"hosp",114,1.98090025819418
3,"hosp",115,2.07776008111762
3,"hosp",116,2.24825110060118
3,"hosp",117,2.51164970548127
3,"hosp",118,2.89895914632475
3,"hosp",119,3.45886626967259
3,"hosp",120,4.26762108234767
3,"hosp",121,5.44542545790126
3,"hosp",122,7.18368390027151
3,"hosp",123,9.79026228273802
3,"hosp",124,13.7638700630971
3,"hosp",125,19.9128288519386
3,"hosp",126,29.5325748188288
3,"hosp",127,44.6325497139913
3,"hosp",128,68.1100241890196
3,"hosp",129,103.519888262919
3,"hosp",130,153.65671851452
3,"hosp",131,217.046639992638
3,"hosp",132,283.328389213375
3,"hosp",133,333.164899519524
3,"hosp",134,348.580921749538
3,"hosp",135,326.597354909612
3,"hosp",136,280.181788002354
3,"hosp",137,226.554115146906
3,"hosp",138,177.365794482124
3,"hosp",139,137.151154486329
3,"hosp",140,106.062513689565
3,"hosp",141,82.5677675697508
3,"hosp",142,64.8904577563077
3,"hosp",143,51.5265283810055
3,"hosp",144,41.3338461313912
3,"hosp",145,33.4800811335776
3,"hosp",146,27.3657423646317
3,"hosp",147,22.5582592855637
3,"hosp",148,18.7430871952313
3,"hosp",149,15.6892369631405
3,"hosp",150,13.2253321034051
3,"hosp",151,11.2229572184935
3,"hosp",152,9.5849794815538
3,"hosp",153,8.23726733384869
3,"hosp",154,7.12275239134001
3,"hosp",155,6.19712863013657
3,"hosp",156,5.42571106408817
4,"hosp",105,3.16910585955883
4,"hosp",106,2.60595741830885
4,"hosp",107,2.21190435158297
4,"hosp",108,1.92296801473731
4,"hosp",109,1.71309954235863
4,"hosp",110,1.56519034665094
4,"hosp",111,1.46796865990393
4,"hosp",112,1.41459118580971
4,"hosp",113,1.40189287681341
4,"hosp",114,1.43013103602594
4,"hosp",115,1.50320069096355
4,"hosp",116,1.62939647804366
4,"hosp",117,1.82291301356863
4,"hosp",118,2.10644805895122
4,"hosp",119,2.51555040313034
4,"hosp",120,3.10581671552863
4,"hosp",121,3.96481651193531
4,"hosp",122,5.23190361488833
4,"hosp",123,7.13109090421871
4,"hosp",124,10.0250218211385
4,"hosp",125,14.5010177891196
4,"hosp",126,21.499356120753
4,"hosp",127,32.4763698494308
4,"hosp",128,49.5266591216562
4,"hosp",129,75.2073806295606
4,"hosp",130,111.49399147355
4,"hosp",131,157.218181133429
4,"hosp",132,204.725487857376
4,"hosp",133,239.886885161291
4,"hosp",134,249.722822245836
4,"hosp",135,232.334973537824
4,"hosp",136,197.465988492576
4,"hosp",137,157.83558743031
4,"hosp",138,121.944237397317
4,"hosp",139,92.9945836095856
4,"hosp",140,70.9564968464698
4,"hosp",141,54.5831945791613
4,"hosp",142,42.4820516120882
4,"hosp",143,33.4932751646166
4,"hosp",144,26.7487819739145
4,"hosp",145,21.6260530496305
4,"hosp",146,17.684940988064
4,"hosp",147,14.6143384257064
4,"hosp",148,12.1929400914779
4,"hosp",149,10.2618275066352
4,"hosp",150,8.70565567341408
4,"hosp",151,7.43977492170025
4,"hosp",152,6.4013712981294
4,"hosp",153,5.54331957069779
4,"hosp",154,4.82987653113567
4,"hosp",155,4.23363433143276
4,"hosp",156,3.73334617374584
5,"hosp",105,2.63745128092003
5,"hosp",106,2.18116476643532
5,"hosp",107,1.86170295836629
5,"hosp",108,1.62733508828309
5,"hosp",109,1.45735422705294
5,"hosp",110,1.33821252172275
5,"hosp",111,1.26105192366782
5,"hosp",112,1.22061166512437
5,"hosp",113,1.21466637807282
5,"hosp",114,1.24387063955121
5,"hosp",115,1.3120010974332
5,"hosp",116,1.42667062848957
5,"hosp",117,1.60069070287052
5,"hosp",118,1.85441034753871
5,"hosp",119,2.21960676442127
5,"hosp",120,2.74591442325549
5,"hosp",121,3.51147014173324
5,"hosp",122,4.64059195821453
5,"hosp",123,6.33310794296219
5,"hosp",124,8.91249323133891
5,"hosp",125,12.902584624065
5,"hosp",126,19.1418643310173
5,"hosp",127,28.9285394025927
5,"hosp",128,44.1285189759928
5,"hosp",129,67.0163610707224
5,"hosp",130,99.3395061446467
5,"hosp",131,140.027486742489
5,"hosp",132,182.209881492091
5,"hosp",133,213.242888280284
5,"hosp",134,221.546835334164
5,"hosp",135,205.49349613157
5,"hosp",136,173.883270021514
5,"hosp",137,138.157428298178
5,"hosp",138,105.939482846644
5,"hosp",139,80.0765481547716
5,"hosp",140,60.5056155907811
5,"hosp",141,46.0730967200774
5,"hosp",142,35.5008914993906
5,"hosp",143,27.7273693102987
5,"hosp",144,21.9593796396202
5,"hosp",145,17.6294102074508
5,"hosp",146,14.3374883963674
5,"hosp",147,11.8021787467533
5,"hosp",148,9.82449184642076
5,"hosp",149,8.2626278611366
5,"hosp",150,7.01461889463577
5,"hosp",151,6.00643701549222
5,"hosp",152,5.18381471184887
5,"hosp",153,4.50657837098711
5,"hosp",154,3.94468971615927
5,"hosp",155,3.47545708142748
5,"hosp",156,3.08155564217608
6,"hosp",105,2.05841034567335
6,"hosp",106,1.70872203961609
6,"hosp",107,1.46439835056224
6,"hosp",108,1.28557623436154
6,"hosp",109,1.15644625475616
6,"hosp",110,1.06673707045082
6,"hosp",111,1.00980841452935
6,"hosp",112,0.981821755873096
6,"hosp",113,0.981328984775889
6,"hosp",114,1.0091848303984
6,"hosp",115,1.06878112882336
6,"hosp",116,1.16666935266417
6,"hosp",117,1.31372248309201
6,"hosp",118,1.52711499351467
6,"hosp",119,1.83360742850285
6,"hosp",120,2.27496951002127
6,"hosp",121,2.91695921193477
6,"hosp",122,3.8642394309778
6,"hosp",123,5.28513579112253
6,"hosp",124,7.45229300395036
6,"hosp",125,10.807505808646
6,"hosp",126,16.0583652031848
6,"hosp",127,24.3010668988612
6,"hosp",128,37.1120748332281
6,"hosp",129,56.4142478301532
6,"hosp",130,83.6860467959194
6,"hosp",131,118.023471259489
6,"hosp",132,153.614585459078
6,"hosp",133,179.758214052978
6,"hosp",134,186.651395901502
6,"hosp",135,172.920536846061
6,"hosp",136,146.032040749114
6,"hosp",137,115.692906465461
6,"hosp",138,88.3701643343125
6,"hosp",139,66.4741822854959
6,"hosp",140,49.9426375055657
6,"hosp",141,37.787225928337
6,"hosp",142,28.9155596319944
6,"hosp",143,22.4211734198262
6,"hosp",144,17.6273809828161
6,"hosp",145,14.0503586606985
6,"hosp",146,11.3493476373737
6,"hosp",147,9.28473240338498
6,"hosp",148,7.68721093530109
6,"hosp",149,6.43624650894178
6,"hosp",150,5.44527115003196
6,"hosp",151,4.65155234546196
6,"hosp",152,4.0092229215054
6,"hosp",153,3.48445041523618
6,"hosp",154,3.05205997902287
6,"hosp",155,2.69315271859774
6,"hosp",156,2.39341236876198
7,"hosp",105,1.5285903236846
7,"hosp",106,1.27017229400403
7,"hosp",107,1.09025543097968
7,"hosp",108,0.959110191262703
7,"hosp",109,0.864947567971226
7,"hosp",110,0.800155870422734
7,"hosp",111,0.759864396298225
7,"hosp",112,0.741320505767092
7,"hosp",113,0.74358749946362
7,"hosp",114,0.767492541247699
7,"hosp",115,0.81582496713696
7,"hosp",116,0.893838983352424
7,"hosp",117,1.01018185024577
7,"hosp",118,1.17847022445799
7,"hosp",119,1.41990296614599
7,"hosp",120,1.7675762909087
7,"hosp",121,2.27363407939793
7,"hosp",122,3.02115906600728
7,"hosp",123,4.14393328707817
7,"hosp",124,5.85893258869525
7,"hosp",125,8.51822526438342
7,"hosp",126,12.6864979659234
7,"hosp",127,19.2398986013934
7,"hosp",128,29.4406600078878
7,"hosp",129,44.8321473032487
7,"hosp",130,66.6083209126762
7,"hosp",131,94.0618946975102
7,"hosp",132,122.554165638925
7,"hosp",133,143.514674174743
7,"hosp",134,149.069178115566
7,"hosp",135,138.088226560498
7,"hosp",136,116.540976817768
7,"hosp",137,92.2133796898011
7,"hosp",138,70.3029893272183
7,"hosp",139,52.7515275383789
7,"hosp",140,39.5113557205961
7,"hosp",141,29.7880551646244
7,"hosp",142,22.7025312237612
7,"hosp",143,17.5252514153303
7,"hosp",144,13.711874237191
7,"hosp",145,10.8735145232214
7,"hosp",146,8.73652727938232
7,"hosp",147,7.10864654249984
7,"hosp",148,5.85410343598348
7,"hosp",149,4.87626018311274
7,"hosp",150,4.10570676702779
7,"hosp",151,3.49212467716657
7,"hosp",152,2.99870086182706
7,"hosp",153,2.59826280565485
7,"hosp",154,2.27058024136845
7,"hosp",155,2.00046392973308
7,"hosp",156,1.77641424852376
8,"hosp",105,1.23822749077409
8,"hosp",106,1.02732524370792
8,"hosp",107,0.880975200920597
8,"hosp",108,0.774702243992464
8,"hosp",109,0.69874529843523
8,"hosp",110,0.64682191114052
8,"hosp",111,0.614933018205471
8,"hosp",112,0.600840928728906
8,"hosp",113,0.603817126071151
8,"hosp",114,0.624600738324264
8,"hosp",115,0.665567993899889
8,"hosp",116,0.73115843964217
8,"hosp",117,0.82866072306817
8,"hosp",118,0.969547190655483
8,"hosp",119,1.17168773415215
8,"hosp",120,1.46301032439473
8,"hosp",121,1.88757518510831
8,"hosp",122,2.51569254649152
8,"hosp",123,3.46076640777933
8,"hosp",124,4.90705065125613
8,"hosp",125,7.15409435749853
8,"hosp",126,10.6833754943059
8,"hosp",127,16.2438189220852
8,"hosp",128,24.9179379673906
8,"hosp",129,38.0364806534038
8,"hosp",130,56.6448545309661
8,"hosp",131,80.1762600301201
8,"hosp",132,104.695750197261
8,"hosp",133,122.857238609105
8,"hosp",134,127.841475088682
8,"hosp",135,118.584642195298
8,"hosp",136,100.159458128123
8,"hosp",137,79.2639514389922
8,"hosp",138,60.4025908290501
8,"hosp",139,45.2768978730288
8,"hosp",140,33.8626894179562
8,"hosp",141,25.4819124335877
8,"hosp",142,19.3780367609345
8,"hosp",143,14.9214522789809
8,"hosp",144,11.6418730034069
8,"hosp",145,9.20327974454383
8,"hosp",146,7.36932987540249
8,"hosp",147,5.97408489926401
8,"hosp",148,4.90045836837647
8,"hosp",149,4.06516646524764
8,"hosp",150,3.40841665492593
8,"hosp",151,2.88686666475823
8,"hosp",152,2.4687972544756
8,"hosp",153,2.13077805710009
8,"hosp",154,1.8553443307683
8,"hosp",155,1.62936332325314
8,"hosp",156,1.44287537281516
9,"hosp",105,0.977757038930107
9,"hosp",106,0.80908214298601
9,"hosp",107,0.692233112328234
9,"hosp",108,0.607565978548507
9,"hosp",109,0.547176547660496
9,"hosp",110,0.505978238123713
9,"hosp",111,0.480734551596332
9,"hosp",112,0.469632011846407
9,"hosp",113,0.472072368303358
9,"hosp",114,0.488635858977773
9,"hosp",115,0.521215268043309
9,"hosp",116,0.573357406195316
9,"hosp",117,0.650894950835894
9,"hosp",118,0.763021821945489
9,"hosp",119,0.92408011086971
9,"hosp",120,1.15651970522713
9,"hosp",121,1.49581800473358
9,"hosp",122,1.99869001171298
9,"hosp",123,2.75678415819875
9,"hosp",124,3.91930320212804
9,"hosp",125,5.72932768927858
9,"hosp",126,8.57848056114391
9,"hosp",127,13.0775533582645
9,"hosp",128,20.1124171954567
9,"hosp",129,30.7779677226151
9,"hosp",130,45.9473018386382
9,"hosp",131,65.189559626965
9,"hosp",132,85.322798602021
9,"hosp",133,100.346364195024
9,"hosp",134,104.634087726726
9,"hosp",135,97.2352162701832
9,"hosp",136,82.2476383826852
9,"hosp",137,65.1545353889559
9,"hosp",138,49.67589864377
9,"hosp",139,37.2376450321945
9,"hosp",140,27.8397968188622
9,"hosp",141,20.9350612480515
9,"hosp",142,15.9051200717451
9,"hosp",143,12.2328648685421
9,"hosp",144,9.53106075126665
9,"hosp",145,7.5226689787819
9,"hosp",146,6.01273226877224
9,"hosp",147,4.86437055488868
9,"hosp",148,3.98103298094385
9,"hosp",149,3.29407665324917
9,"hosp",150,2.75424624028748
9,"hosp",151,2.32585350646836
9,"hosp",152,1.98278737367347
9,"hosp",153,1.7057595828873
9,"hosp",154,1.48038722861771
9,"hosp",155,1.29584617262795
9,"hosp",156,1.14391730991864
10,"hosp",105,0.802254263659772
10,"hosp",106,0.662104748204857
10,"hosp",107,0.565044731397982
10,"hosp",108,0.494738548357375
10,"hosp",109,0.444568242180519
10,"hosp",110,0.410268056944925
10,"hosp",111,0.389115760313139
10,"hosp",112,0.379572340712224
10,"hosp",113,0.381104450459209
10,"hosp",114,0.394148915550754
10,"hosp",115,0.420218327613709
10,"hosp",116,0.462177238272867
10,"hosp",117,0.524756681669784
10,"hosp",118,0.615432666555233
10,"hosp",119,0.745889048965616
10,"hosp",120,0.934444829359519
10,"hosp",121,1.21009619506493
10,"hosp",122,1.61927470650311
10,"hosp",123,2.23714483300718
10,"hosp",124,3.18630950824303
10,"hosp",125,4.66693888012673
10,"hosp",126,7.00230937961078
10,"hosp",127,10.6981010122779
10,"hosp",128,16.4906263120712
10,"hosp",129,25.2958388809637
10,"hosp",130,37.8575291087867
10,"hosp",131,53.8522102473641
10,"hosp",132,70.6756834767542
10,"hosp",133,83.3510550794626
10,"hosp",134,87.1500933150115
10,"hosp",135,81.1935283461755
10,"hosp",136,68.8299256360261
10,"hosp",137,54.6208473132656
10,"hosp",138,41.6967989232989
10,"hosp",139,31.2805908854738
10,"hosp",140,23.3947098709583
10,"hosp",141,17.5932634357407
10,"hosp",142,13.3636979047927
10,"hosp",143,10.2744374825213
10,"hosp",144,8.00108128783996
10,"hosp",145,6.31102071630219
10,"hosp",146,5.04034953822958
10,"hosp",147,4.07391012708323
10,"hosp",148,3.33045354280697
10,"hosp",149,2.75221799857452
10,"hosp",150,2.29776514002262
10,"hosp",151,1.93708007310341
10,"hosp",152,1.64820993773565
10,"hosp",153,1.41494261860824
10,"hosp",154,1.22519067210255
10,"hosp",155,1.06985667074775
10,"hosp",156,0.942030010530539
11,"hosp",105,0.605553238435274
11,"hosp",106,0.498939365902133
11,"hosp",107,0.425037219859017
11,"hosp",108,0.371456528977903
11,"hosp",109,0.333149769981251
11,"hosp",110,0.306856570706284
11,"hosp",111,0.290488222759559
11,"hosp",112,0.28285175730767
11,"hosp",113,0.283512365204201
11,"hosp",114,0.292762920891435
11,"hosp",115,0.311699310801635
11,"hosp",116,0.34242315101973
11,"hosp",117,0.388422048235725
11,"hosp",118,0.455220828794769
11,"hosp",119,0.551468006038833
11,"hosp",120,0.690741251934973
11,"hosp",121,0.89455834798328
11,"hosp",122,1.19741926870005
11,"hosp",123,1.65524978386959
11,"hosp",124,2.3594108677855
11,"hosp",125,3.45932298353007
11,"hosp",126,5.1967901710193
11,"hosp",127,7.95099277097086
11,"hosp",128,12.2759077689306
11,"hosp",129,18.8644870723952
11,"hosp",130,28.2881129591326
11,"hosp",131,40.3262643214755
11,"hosp",132,53.0474308054074
11,"hosp",133,62.7171066459235
11,"hosp",134,65.7462896925326
11,"hosp",135,61.4122352302223
11,"hosp",136,52.1888367294144
11,"hosp",137,41.5046981327839
11,"hosp",138,31.7400504466946
11,"hosp",139,23.8430015648686
11,"hosp",140,17.8490457019319
11,"hosp",141,13.431235038672
11,"hosp",142,10.2061582043391
11,"hosp",143,7.84839950823445
11,"hosp",144,6.1122227737839
11,"hosp",145,4.82089807078802
11,"hosp",146,3.84964696785113
11,"hosp",147,3.11068826850551
11,"hosp",148,2.54203685981513
11,"hosp",149,2.09960377912389
11,"hosp",150,1.75175070366194
11,"hosp",151,1.475558276644
11,"hosp",152,1.25426287321631
11,"hosp",153,1.07548493722496
11,"hosp",154,0.929994779633568
11,"hosp",155,0.810845667062896
11,"hosp",156,0.712760012190951
12,"hosp",105,0.501753780991731
12,"hosp",106,0.412681895601876
12,"hosp",107,0.350935460887894
12,"hosp",108,0.306137212145953
12,"hosp",109,0.274057022179468
12,"hosp",110,0.251957246743368
12,"hosp",111,0.238077734555283
12,"hosp",112,0.231403213802283
12,"hosp",113,0.231545779948815
12,"hosp",114,0.238716065876773
12,"hosp",115,0.253781410409875
12,"hosp",116,0.278428134810742
12,"hosp",117,0.315468374922018
12,"hosp",118,0.36936717949403
12,"hosp",119,0.447123288877406
12,"hosp",120,0.55973438230075
12,"hosp",121,0.724642937041633
12,"hosp",122,0.969835955142385
12,"hosp",123,1.34071792228929
12,"hosp",124,1.91152925522625
12,"hosp",125,2.80381822137762
12,"hosp",126,4.21453726689552
12,"hosp",127,6.45304952161931
12,"hosp",128,9.97241851762448
12,"hosp",129,15.3417723455074
12,"hosp",130,23.0361923191021
12,"hosp",131,32.8912639570033
12,"hosp",132,43.3479198116975
12,"hosp",133,51.3604350027019
12,"hosp",134,53.970435049142
12,"hosp",135,50.5397275495362
12,"hosp",136,43.0558314238445
12,"hosp",137,34.3196341550298
12,"hosp",138,26.2969384207251
12,"hosp",139,19.785348498968
12,"hosp",140,14.8291222674123
12,"hosp",141,11.1682998344441
12,"hosp",142,8.49156818657342
12,"hosp",143,6.53245631096334
12,"hosp",144,5.08869216369233
12,"hosp",145,4.01428006435473
12,"hosp",146,3.20587625542881
12,"hosp",147,2.59064653967274
12,"hosp",148,2.11709575021471
12,"hosp",149,1.74856564798978
12,"hosp",150,1.45873648763225
12,"hosp",151,1.22853630501082
12,"hosp",152,1.04401398309768
12,"hosp",153,0.894867173361546
12,"hosp",154,0.7734157871
12,"hosp",155,0.67388043748572
12,"hosp",156,0.59187125601853
13,"hosp",105,3.9523101245266
13,"hosp",106,3.31923949444918
13,"hosp",107,2.87777803187739
13,"hosp",108,2.55510321670973
13,"hosp",109,2.32441463212237
13,"hosp",110,2.16841898332152
13,"hosp",111,2.07621710370115
13,"hosp",112,2.0421245893323
13,"hosp",113,2.06518014457518
13,"hosp",114,2.14926329873406
13,"hosp",115,2.30389659666711
13,"hosp",116,2.54594134257009
13,"hosp",117,2.90259202494963
13,"hosp",118,3.41638724187118
13,"hosp",119,4.15347050708993
13,"hosp",120,5.21719309148497
13,"hosp",121,6.77056713404732
13,"hosp",122,9.07332734779451
13,"hosp",123,12.5426274322998
13,"hosp",124,17.8501117816866
13,"hosp",125,26.0687515050105
13,"hosp",126,38.8678217955007
13,"hosp",127,58.6881619875741
13,"hosp",128,88.6360954968773
13,"hosp",129,131.434707887908
13,"hosp",130,186.416331141167
13,"hosp",131,244.664567936595
13,"hosp",132,287.129824760197
13,"hosp",133,294.229128904707
13,"hosp",134,263.198514150474
13,"hosp",135,211.2461747623
13,"hosp",136,159.119671363739
13,"hosp",137,117.574051489195
13,"hosp",138,87.8015026284646
13,"hosp",139,67.1190377801883
13,"hosp",140,52.5857518861825
13,"hosp",141,42.070580844804
13,"hosp",142,34.2197563918114
13,"hosp",143,28.1995373428222
13,"hosp",144,23.4868857099635
13,"hosp",145,19.739991422847
13,"hosp",146,16.7250308886861
13,"hosp",147,14.2754437072893
13,"hosp",148,12.2687872890423
13,"hosp",149,10.6129811859203
13,"hosp",150,9.23767033579435
13,"hosp",151,8.08849714196239
13,"hosp",152,7.12311861348592
13,"hosp",153,6.30833363050374
13,"hosp",154,5.61795666528952
13,"hosp",155,5.03121753264139
13,"hosp",156,4.5315454897637
14,"hosp",105,3.36403702049665
14,"hosp",106,2.82007592544066
14,"hosp",107,2.44123439663011
14,"hosp",108,2.16556461699672
14,"hosp",109,1.96921687041956
14,"hosp",110,1.83690246967393
14,"hosp",111,1.75908136432938
14,"hosp",112,1.73080181585351
14,"hosp",113,1.75120915911028
14,"hosp",114,1.82361669622412
14,"hosp",115,1.95618075419267
14,"hosp",116,2.16335085774284
14,"hosp",117,2.46844094652318
14,"hosp",118,2.90794072368578
14,"hosp",119,3.53863564555138
14,"hosp",120,4.44935552381497
14,"hosp",121,5.78042017934154
14,"hosp",122,7.75586040956904
14,"hosp",123,10.7364874385716
14,"hosp",124,15.3055362163763
14,"hosp",125,22.4002887272699
14,"hosp",126,33.492820492428
14,"hosp",127,50.7716611862039
14,"hosp",128,77.1183419456989
14,"hosp",129,115.329413767676
14,"hosp",130,165.665332224526
14,"hosp",131,221.535633088649
14,"hosp",132,266.911972038924
14,"hosp",133,282.995984075506
14,"hosp",134,263.293944598016
14,"hosp",135,219.609255056525
14,"hosp",136,170.422875153094
14,"hosp",137,127.838789193365
14,"hosp",138,95.3706870083119
14,"hosp",139,71.8951797007956
14,"hosp",140,55.1105183367374
14,"hosp",141,42.9935744864482
14,"hosp",142,34.091789515953
14,"hosp",143,27.4286187615643
14,"hosp",144,22.3544931144036
14,"hosp",145,18.4315701048848
14,"hosp",146,15.3582545376974
14,"hosp",147,12.9220934185549
14,"hosp",148,10.97041404614
14,"hosp",149,9.39165824311743
14,"hosp",150,8.10318618595565
14,"hosp",151,7.04307998543836
14,"hosp",152,6.16449365108668
14,"hosp",153,5.43167441325237
14,"hosp",154,4.81711271396038
14,"hosp",155,4.2994736489886
14,"hosp",156,3.86208099122767
15,"hosp",105,3.10703488353847
15,"hosp",106,2.58875139880959
15,"hosp",107,2.22835885521245
15,"hosp",108,1.96643691721594
15,"hosp",109,1.77957351488397
15,"hosp",110,1.65269388569806
15,"hosp",111,1.57629088130923
15,"hosp",112,1.54522643352793
15,"hosp",113,1.55818082873579
15,"hosp",114,1.61763307505805
15,"hosp",115,1.73039389624045
15,"hosp",116,1.9088304115848
15,"hosp",117,2.17307733292313
15,"hosp",118,2.55476983506041
15,"hosp",119,3.10322737873302
15,"hosp",120,3.89567778781466
15,"hosp",121,5.0542132676925
15,"hosp",122,6.77396335468288
15,"hosp",123,9.36969943823649
15,"hosp",124,13.3516033726199
15,"hosp",125,19.5433085332917
15,"hosp",126,29.2487346761979
15,"hosp",127,44.4350074679907
15,"hosp",128,67.7714848950239
15,"hosp",129,102.073269912093
15,"hosp",130,148.333042711256
15,"hosp",131,201.949170947988
15,"hosp",132,249.723483258007
15,"hosp",133,274.094168307615
15,"hosp",134,265.774621196863
15,"hosp",135,231.482995826374
15,"hosp",136,186.714815961894
15,"hosp",137,144.069232119597
15,"hosp",138,109.112667252136
15,"hosp",139,82.4748343825358
15,"hosp",140,62.787416027258
15,"hosp",141,48.3476201010409
15,"hosp",142,37.7144362244055
15,"hosp",143,29.8108676715364
15,"hosp",144,23.8683643348816
15,"hosp",145,19.34603400865
15,"hosp",146,15.8629494777228
15,"hosp",147,13.1489455121373
15,"hosp",148,11.0105798115809
15,"hosp",149,9.30792501953707
15,"hosp",150,7.9387365596277
15,"hosp",151,6.82757383320778
15,"hosp",152,5.91825076886807
15,"hosp",153,5.16854121889844
15,"hosp",154,4.54642768828491
15,"hosp",155,4.0274187652795
15,"hosp",156,3.59261529635907
16,"hosp",105,3.16663812887508
16,"hosp",106,2.62683206707198
16,"hosp",107,2.25146798268393
16,"hosp",108,1.97872834991428
16,"hosp",109,1.78371845692376
16,"hosp",110,1.65035508745032
16,"hosp",111,1.56840750382684
16,"hosp",112,1.53217727944751
16,"hosp",113,1.53985952983511
16,"hosp",114,1.5934502476201
16,"hosp",115,1.69920657156556
16,"hosp",116,1.86878415492505
16,"hosp",117,2.12132766829263
16,"hosp",118,2.48702214946697
16,"hosp",119,3.01299150768507
16,"hosp",120,3.77306493014268
16,"hosp",121,4.88399558874301
16,"hosp",122,6.53245973262938
16,"hosp",123,9.0198599307014
16,"hosp",124,12.8355656317434
16,"hosp",125,18.7721774426894
16,"hosp",126,28.0919019238103
16,"hosp",127,42.7199423286817
16,"hosp",128,65.327626607731
16,"hosp",129,98.8976011705898
16,"hosp",130,144.989227403172
16,"hosp",131,200.172615662889
16,"hosp",132,252.640227810897
16,"hosp",133,284.947035199971
16,"hosp",134,285.353001340795
16,"hosp",135,256.957643483775
16,"hosp",136,213.475896298208
16,"hosp",137,168.373222046313
16,"hosp",138,129.167928365053
16,"hosp",139,98.0599716609053
16,"hosp",140,74.4785033664301
16,"hosp",141,56.9532172927534
16,"hosp",142,43.9959336644894
16,"hosp",143,34.3874908161925
16,"hosp",144,27.2096510751055
16,"hosp",145,21.795568024201
16,"hosp",146,17.6678257075042
16,"hosp",147,14.4856590105913
16,"hosp",148,12.0051376217639
16,"hosp",149,10.0505991067818
16,"hosp",150,8.49457846347836
16,"hosp",151,7.24380420022444
16,"hosp",152,6.22942358916331
16,"hosp",153,5.40015126122928
16,"hosp",154,4.71743771448353
16,"hosp",155,4.15203917069611
16,"hosp",156,3.68156592116374
17,"hosp",105,0
17,"hosp",106,0
17,"hosp",107,0
17,"hosp",108,0
17,"hosp",109,0
17,"hosp",110,0
17,"hosp",111,0
17,"hosp",112,0
17,"hosp",113,0
17,"hosp",114,0
17,"hosp",115,0
17,"hosp",116,0
17,"hosp",117,0
17,"hosp",118,0
17,"hosp",119,0
17,"hosp",120,0
17,"hosp",121,0
17,"hosp",122,0
17,"hosp",123,0
17,"hosp",124,0
17,"hosp",125,0
17,"hosp",126,0
17,"hosp",127,0
17,"hosp",128,0
17,"hosp",129,0
17,"hosp",130,0
17,"hosp",131,0
17,"hosp",132,0
17,"hosp",133,0
17,"hosp",134,0
17,"hosp",135,0
17,"hosp",136,0
17,"hosp",137,0
17,"hosp",138,0
17,"hosp",139,0
17,"hosp",140,0
17,"hosp",141,0
17,"hosp",142,0
17,"hosp",143,0
17,"hosp",144,0
17,"hosp",145,0
17,"hosp",146,0
17,"hosp",147,0
17,"hosp",148,0
17,"hosp",149,0
17,"hosp",150,0
17,"hosp",151,0
17,"hosp",152,0
17,"hosp",153,0
17,"hosp",154,0
17,"hosp",155,0
17,"hosp",156,0
18,"hosp",105,0
18,"hosp",106,0
18,"hosp",107,0
18,"hosp",108,0
18,"hosp",109,0
18,"hosp",110,0
18,"hosp",111,0
18,"hosp",112,0
18,"hosp",113,0
18,"hosp",114,0
18,"hosp",115,0
18,"hosp",116,0
18,"hosp",117,0
18,"hosp",118,0
18,"hosp",119,0
18,"hosp",120,0
18,"hosp",121,0
18,"hosp",122,0
18,"hosp",123,0
18,"hosp",124,0
18,"hosp",125,0
18,"hosp",126,0
18,"hosp",127,0
18,"hosp",128,0
18,"hosp",129,0
18,"hosp",130,0
18,"hosp",131,0
18,"hosp",132,0
18,"hosp",133,0
18,"hosp",134,0
18,"hosp",135,0
18,"hosp",136,0
18,"hosp",137,0
18,"hosp",138,0
18,"hosp",139,0
18,"hosp",140,0
18,"hosp",141,0
18,"hosp",142,0
18,"hosp",143,0
18,"hosp",144,0
18,"hosp",145,0
18,"hosp",146,0
18,"hosp",147,0
18,"hosp",148,0
18,"hosp",149,0
18,"hosp",150,0
18,"hosp",151,0
18,"hosp",152,0
18,"hosp",153,0
18,"hosp",154,0
18,"hosp",155,0
18,"hosp",156,0
19,"hosp",105,0.263385799360869
19,"hosp",106,0.212600598870946
19,"hosp",107,0.177466049511495
19,"hosp",108,0.152110731438911
19,"hosp",109,0.133909724042675
19,"hosp",110,0.121146740062438
19,"hosp",111,0.112701708362868
19,"hosp",112,0.107886484866431
19,"hosp",113,0.106351122677805
19,"hosp",114,0.10804172754814
19,"hosp",115,0.113202818356583
19,"hosp",116,0.122426495905019
19,"hosp",117,0.136761067250477
19,"hosp",118,0.157905975715291
19,"hosp",119,0.188542102772838
19,"hosp",120,0.232883431594574
19,"hosp",121,0.297598785801816
19,"hosp",122,0.393358765300903
19,"hosp",123,0.537439311300688
19,"hosp",124,0.758088557970504
19,"hosp",125,1.10173546645192
19,"hosp",126,1.64442699480414
19,"hosp",127,2.50842838938514
19,"hosp",128,3.88156768857688
19,"hosp",129,6.02571558297621
19,"hosp",130,9.23539511515352
19,"hosp",131,13.6767994311334
19,"hosp",132,19.0707664539859
19,"hosp",133,24.402686111616
19,"hosp",134,28.1247067632225
19,"hosp",135,29.0304817296245
19,"hosp",136,27.0658524750104
19,"hosp",137,23.2213444224614
19,"hosp",138,18.7524529928102
19,"hosp",139,14.5613307032691
19,"hosp",140,11.0623987529182
19,"hosp",141,8.32770485991488
19,"hosp",142,6.26585505307904
19,"hosp",143,4.73814931096013
19,"hosp",144,3.61284377915001
19,"hosp",145,2.78293090543014
19,"hosp",146,2.16749714039888
19,"hosp",147,1.70745855446329
19,"hosp",148,1.36035718323812
19,"hosp",149,1.09584913755421
19,"hosp",150,0.892234373582824
19,"hosp",151,0.733928519906018
19,"hosp",152,0.609667878250266
19,"hosp",153,0.511249230939703
19,"hosp",154,0.432648000205586
19,"hosp",155,0.369400410827138
19,"hosp",156,0.318169008442178
20,"hosp",105,0.268265657897165
20,"hosp",106,0.217443848095
20,"hosp",107,0.182238620097101
20,"hosp",108,0.15677827298679
20,"hosp",109,0.13848546387118
20,"hosp",110,0.125676358029794
20,"hosp",111,0.117252098374779
20,"hosp",112,0.112541950250143
20,"hosp",113,0.111215029419932
20,"hosp",114,0.113242602741336
20,"hosp",115,0.118905152143003
20,"hosp",116,0.12884773235721
20,"hosp",117,0.144197745510929
20,"hosp",118,0.166774123926756
20,"hosp",119,0.199440370456258
20,"hosp",120,0.246692920535111
20,"hosp",121,0.315642308288963
20,"hosp",122,0.417655697306365
20,"hosp",123,0.571110644283348
20,"hosp",124,0.805984811703349
20,"hosp",125,1.17135194217461
20,"hosp",126,1.74704879131507
20,"hosp",127,2.65996526410561
20,"hosp",128,4.10113807675326
20,"hosp",129,6.3269434742946
20,"hosp",130,9.60140418402407
20,"hosp",131,14.0137279473969
20,"hosp",132,19.1672365644597
20,"hosp",133,23.978640267194
20,"hosp",134,27.0195414822459
20,"hosp",135,27.3787239583097
20,"hosp",136,25.2345169707399
20,"hosp",137,21.5674303522169
20,"hosp",138,17.4584033297153
20,"hosp",139,13.6408727899795
20,"hosp",140,10.4439473416625
20,"hosp",141,7.92343686816476
20,"hosp",142,6.00325265154356
20,"hosp",143,4.56639563911973
20,"hosp",144,3.49909800602297
20,"hosp",145,2.7067160696318
20,"hosp",146,2.11612450918989
20,"hosp",147,1.67295222076925
20,"hosp",148,1.33756557673618
20,"hosp",149,1.08133473148918
20,"hosp",150,0.883630135936005
20,"hosp",151,0.729561850218725
20,"hosp",152,0.608334969000049
20,"hosp",153,0.512074194429354
20,"hosp",154,0.434990773937127
20,"hosp",155,0.372793812613194
20,"hosp",156,0.322274096673589
21,"hosp",105,0.276315158533713
21,"hosp",106,0.224583143608468
21,"hosp",107,0.188732098190859
21,"hosp",108,0.162810168674142
21,"hosp",109,0.144209767724933
21,"hosp",110,0.131227614742568
21,"hosp",111,0.12275692429565
21,"hosp",112,0.118129191861114
21,"hosp",113,0.117025931656736
21,"hosp",114,0.119442720962517
21,"hosp",115,0.125700013705049
21,"hosp",116,0.136504969687672
21,"hosp",117,0.153079813713851
21,"hosp",118,0.177388151136011
21,"hosp",119,0.212515831286148
21,"hosp",120,0.263304809476064
21,"hosp",121,0.337409181302383
21,"hosp",122,0.447061165589689
21,"hosp",123,0.612027215856938
21,"hosp",124,0.864522518672431
21,"hosp",125,1.25720273262774
21,"hosp",126,1.87550406101892
21,"hosp",127,2.85458567353494
21,"hosp",128,4.39621690614041
21,"hosp",129,6.76658412219416
21,"hosp",130,10.2276749672387
21,"hosp",131,14.8335147408736
21,"hosp",132,20.1002472797067
21,"hosp",133,24.8303127192947
21,"hosp",134,27.5473694480546
21,"hosp",135,27.4371548714937
21,"hosp",136,24.8628775617035
21,"hosp",137,20.937508959914
21,"hosp",138,16.7577477048312
21,"hosp",139,12.9975781180556
21,"hosp",140,9.91565530043451
21,"hosp",141,7.51900786845755
21,"hosp",142,5.7075682861843
21,"hosp",143,4.35695122222245
21,"hosp",144,3.35425898882775
21,"hosp",145,2.60869929630726
21,"hosp",146,2.05138944936859
21,"hosp",147,1.63160083828613
21,"hosp",148,1.31251833909638
21,"hosp",149,1.0675833475282
21,"hosp",150,0.87764891818054
21,"hosp",151,0.728873300681177
21,"hosp",152,0.611199420188936
21,"hosp",153,0.517271459961504
21,"hosp",154,0.441667394830259
21,"hosp",155,0.380356185108045
21,"hosp",156,0.330313447421623
22,"hosp",105,1.80343849350842
22,"hosp",106,1.44280922556615
22,"hosp",107,1.19418226796824
22,"hosp",108,1.01529008772575
22,"hosp",109,0.886909666494144
22,"hosp",110,0.796484848192506
22,"hosp",111,0.735789383906378
22,"hosp",112,0.699682512939058
22,"hosp",113,0.685384681177854
22,"hosp",114,0.692122035585886
22,"hosp",115,0.7210758960247
22,"hosp",116,0.775638362459197
22,"hosp",117,0.862042528014145
22,"hosp",118,0.990524434973775
22,"hosp",119,1.17730980178626
22,"hosp",120,1.44794261308466
22,"hosp",121,1.84285258920052
22,"hosp",122,2.42670422139363
22,"hosp",123,3.30414583172723
22,"hosp",124,4.64627732562292
22,"hosp",125,6.73452430150016
22,"hosp",126,10.0308449979356
22,"hosp",127,15.2815453932796
22,"hosp",128,23.6445220503378
22,"hosp",129,36.7681566300241
22,"hosp",130,56.6043321362826
22,"hosp",131,84.5426702311325
22,"hosp",132,119.569545322571
22,"hosp",133,156.299472259649
22,"hosp",134,185.460741385702
22,"hosp",135,198.431203222164
22,"hosp",136,192.529424690813
22,"hosp",137,171.902236556963
22,"hosp",138,143.894514330093
22,"hosp",139,115.020107454001
22,"hosp",140,89.1990168023223
22,"hosp",141,67.961944436366
22,"hosp",142,51.3559769142894
22,"hosp",143,38.7523482464602
22,"hosp",144,29.3401887941402
22,"hosp",145,22.3612270139819
22,"hosp",146,17.191538988558
22,"hosp",147,13.3499627883146
22,"hosp",148,10.4783396718104
22,"hosp",149,8.31515235935745
22,"hosp",150,6.67125631010783
22,"hosp",151,5.41030071086204
22,"hosp",152,4.43390928820331
22,"hosp",153,3.67084201996948
22,"hosp",154,3.06921658399218
22,"hosp",155,2.5909808023732
22,"hosp",156,2.20800170525222
23,"hosp",105,1.82068857741083
23,"hosp",106,1.44363874092784
23,"hosp",107,1.1844440683216
23,"hosp",108,0.99860480587324
23,"hosp",109,0.865370830296034
23,"hosp",110,0.771198814742382
23,"hosp",111,0.707200436921331
23,"hosp",112,0.667749999483203
23,"hosp",113,0.649660167628666
23,"hosp",114,0.651751027552062
23,"hosp",115,0.674730400352112
23,"hosp",116,0.721370507725873
23,"hosp",117,0.79703130889059
23,"hosp",118,0.910662257184875
23,"hosp",119,1.07653553235463
23,"hosp",120,1.31716156698414
23,"hosp",121,1.66817205292711
23,"hosp",122,2.18652493599828
23,"hosp",123,2.96434062222711
23,"hosp",124,4.15220911159601
23,"hosp",125,5.99801364902652
23,"hosp",126,8.90967206769465
23,"hosp",127,13.5498690117851
23,"hosp",128,20.9584355877657
23,"hosp",129,32.6501741033974
23,"hosp",130,50.5158981312085
23,"hosp",131,76.1729382934143
23,"hosp",132,109.427450146743
23,"hosp",133,146.331894698223
23,"hosp",134,178.873987330703
23,"hosp",135,198.19651704028
23,"hosp",136,199.581481365327
23,"hosp",137,184.703391592247
23,"hosp",138,159.568199129264
23,"hosp",139,130.821329615597
23,"hosp",140,103.32438376191
23,"hosp",141,79.6194162088862
23,"hosp",142,60.4679475962589
23,"hosp",143,45.6159670664543
23,"hosp",144,34.3829397904554
23,"hosp",145,26.0055317329678
23,"hosp",146,19.7971088537179
23,"hosp",147,15.199925063818
23,"hosp",148,11.7854877093063
23,"hosp",149,9.23500877882674
23,"hosp",150,7.31560823029676
23,"hosp",151,5.85875827406219
23,"hosp",152,4.74292529540876
23,"hosp",153,3.88041004880865
23,"hosp",154,3.20770345067943
23,"hosp",155,2.67855505743424
23,"hosp",156,2.25904427447342
24,"hosp",105,4.56377438744861
24,"hosp",106,3.60910105235455
24,"hosp",107,2.95359428676618
24,"hosp",108,2.48403903932209
24,"hosp",109,2.1475279388239
24,"hosp",110,1.90951217697109
24,"hosp",111,1.74729111722363
24,"hosp",112,1.64644746102461
24,"hosp",113,1.5987216595839
24,"hosp",114,1.60088167667888
24,"hosp",115,1.65437476428512
24,"hosp",116,1.7657141493186
24,"hosp",117,1.94771404300524
24,"hosp",118,2.2218846039434
24,"hosp",119,2.6225913150974
24,"hosp",120,3.20405847183919
24,"hosp",121,4.05209815398328
24,"hosp",122,5.30380930037802
24,"hosp",123,7.18077573141502
24,"hosp",124,10.0449523982191
24,"hosp",125,14.4917076575958
24,"hosp",126,21.5001509583116
24,"hosp",127,32.6602358517935
24,"hosp",128,50.4670030104716
24,"hosp",129,78.5596822243369
24,"hosp",130,121.500718371209
24,"hosp",131,183.261632862623
24,"hosp",132,263.613359724785
24,"hosp",133,353.519935744242
24,"hosp",134,434.23614069153
24,"hosp",135,484.555156273729
24,"hosp",136,492.35952083749
24,"hosp",137,460.321549132703
24,"hosp",138,401.804439527459
24,"hosp",139,332.551558877834
24,"hosp",140,264.738577734776
24,"hosp",141,205.224622192655
24,"hosp",142,156.482121574577
24,"hosp",143,118.299445505556
24,"hosp",144,89.2177790159755
24,"hosp",145,67.4332790246635
24,"hosp",146,51.2517299813893
24,"hosp",147,39.2617676742176
24,"hosp",148,30.3615601259732
24,"hosp",149,23.7228817619412
24,"hosp",150,18.7368394498758
24,"hosp",151,14.9612297794985
24,"hosp",152,12.0766687260918
24,"hosp",153,9.85266306703832
24,"hosp",154,8.12244397036156
24,"hosp",155,6.76474876539567
24,"hosp",156,5.69081497376735
25,"hosp",105,7.22681253470534
25,"hosp",106,5.71634604405255
25,"hosp",107,4.67894629207171
25,"hosp",108,3.93577685033239
25,"hosp",109,3.40316414958347
25,"hosp",110,3.02646629294397
25,"hosp",111,2.76978355958659
25,"hosp",112,2.61032200240824
25,"hosp",113,2.53503452817393
25,"hosp",114,2.53883721730845
25,"hosp",115,2.62406400568002
25,"hosp",116,2.80108641868107
25,"hosp",117,3.09027965178515
25,"hosp",118,3.52583100159482
25,"hosp",119,4.16235189018187
25,"hosp",120,5.08601000349835
25,"hosp",121,6.43317223833038
25,"hosp",122,8.42171571709858
25,"hosp",123,11.4037935458824
25,"hosp",124,15.9546551844747
25,"hosp",125,23.0204946759465
25,"hosp",126,34.157247610975
25,"hosp",127,51.8910966365935
25,"hosp",128,80.1847914538452
25,"hosp",129,124.814138117069
25,"hosp",130,193.009118970329
25,"hosp",131,291.035840534065
25,"hosp",132,418.455785727909
25,"hosp",133,560.83809929063
25,"hosp",134,688.406932193548
25,"hosp",135,767.616869457433
25,"hosp",136,779.442414686529
25,"hosp",137,728.289149616255
25,"hosp",138,635.402241892201
25,"hosp",139,525.699030792988
25,"hosp",140,418.398796971746
25,"hosp",141,324.29851446301
25,"hosp",142,247.266432562773
25,"hosp",143,186.941167041147
25,"hosp",144,141.002067000477
25,"hosp",145,106.591535217227
25,"hosp",146,81.0300861066883
25,"hosp",147,62.0875967535921
25,"hosp",148,48.023976109077
25,"hosp",149,37.5316317548198
25,"hosp",150,29.649387058194
25,"hosp",151,23.6792088268192
25,"hosp",152,19.1169005238981
25,"hosp",153,15.5985400663368
25,"hosp",154,12.8607664639661
25,"hosp",155,10.712036918109
25,"hosp",156,9.01210875198645
1,"a_e",105,7.13020591654625
1,"a_e",106,5.79292406827516
1,"a_e",107,4.87686266562658
1,"a_e",108,4.21107258413557
1,"a_e",109,3.73115686763992
1,"a_e",110,3.39493181455268
1,"a_e",111,3.17469540249528
1,"a_e",112,3.05357842494614
1,"a_e",113,3.02350699267207
1,"a_e",114,3.08439834293996
1,"a_e",115,3.2445000898377
1,"a_e",116,3.52201268529294
1,"a_e",117,3.94841063270428
1,"a_e",118,4.57427908449159
1,"a_e",119,5.47912405135473
1,"a_e",120,6.78768331672543
1,"a_e",121,8.69706503205374
1,"a_e",122,11.5220369298072
1,"a_e",123,15.7705808224576
1,"a_e",124,22.2687888601116
1,"a_e",125,32.3619361277156
1,"a_e",126,48.2190281097189
1,"a_e",127,73.2330091311613
1,"a_e",128,112.361953620819
1,"a_e",129,171.852798532694
1,"a_e",130,257.059525335672
1,"a_e",131,366.770132001927
1,"a_e",132,485.31319311966
1,"a_e",133,581.287546544235
1,"a_e",134,623.049152985031
1,"a_e",135,601.165535411866
1,"a_e",136,532.565419176437
1,"a_e",137,444.059773345102
1,"a_e",138,356.419695534417
1,"a_e",139,280.076223518048
1,"a_e",140,217.938443773204
1,"a_e",141,169.153415210311
1,"a_e",142,131.544692844936
1,"a_e",143,102.784404587912
1,"a_e",144,80.8353659928187
1,"a_e",145,64.0568904624183
1,"a_e",146,51.1799152670248
1,"a_e",147,41.2429819939711
1,"a_e",148,33.5252828795863
1,"a_e",149,27.4889323658505
1,"a_e",150,22.7329675390846
1,"a_e",151,18.9580974508616
1,"a_e",152,15.9402510580349
1,"a_e",153,13.5109573123194
1,"a_e",154,11.5428846129896
1,"a_e",155,9.93921627906541
1,"a_e",156,8.62585318025184
2,"a_e",105,8.20949897918086
2,"a_e",106,6.67513060502892
2,"a_e",107,5.61422680798706
2,"a_e",108,4.84210813705869
2,"a_e",109,4.28378184223762
2,"a_e",110,3.89055363125626
2,"a_e",111,3.63037821905295
2,"a_e",112,3.48353722618512
2,"a_e",113,3.44027817679668
2,"a_e",114,3.49985167107193
2,"a_e",115,3.67082048885627
2,"a_e",116,3.97278360289994
2,"a_e",117,4.4399605942305
2,"a_e",118,5.12751652660006
2,"a_e",119,6.12219939032047
2,"a_e",120,7.56001107172623
2,"a_e",121,9.6555599630133
2,"a_e",122,12.7509354634822
2,"a_e",123,17.3970126507506
2,"a_e",124,24.4873580038827
2,"a_e",125,35.4726862554756
2,"a_e",126,52.6829604133463
2,"a_e",127,79.7434187715346
2,"a_e",128,121.90693683948
2,"a_e",129,185.683155172405
2,"a_e",130,276.365141457594
2,"a_e",131,391.804501901865
2,"a_e",132,514.060790156892
2,"a_e",133,608.841755674737
2,"a_e",134,643.399045790628
2,"a_e",135,610.796874556387
2,"a_e",136,532.416709717597
2,"a_e",137,438.08426768622
2,"a_e",138,348.821353179103
2,"a_e",139,273.638104635494
2,"a_e",140,213.830215974385
2,"a_e",141,167.452210459526
2,"a_e",142,131.808490619779
2,"a_e",143,104.433065307656
2,"a_e",144,83.3395850474261
2,"a_e",145,67.0041901751149
2,"a_e",146,54.2788795128798
2,"a_e",147,44.3032919549699
2,"a_e",148,36.4324347782675
2,"a_e",149,30.1815054914361
2,"a_e",150,25.1847920751123
2,"a_e",151,21.1652821459829
2,"a_e",152,17.9122038544739
2,"a_e",153,15.2643999619241
2,"a_e",154,13.0979929551774
2,"a_e",155,11.3172150704247
2,"a_e",156,9.84757936471343
3,"a_e",105,8.57847153925343
3,"a_e",106,7.00950666644011
3,"a_e",107,5.91607089309932
3,"a_e",108,5.11697957636979
3,"a_e",109,4.53743027185038
3,"a_e",110,4.128434436204
3,"a_e",111,3.85766808688294
3,"a_e",112,3.7052690434914
3,"a_e",113,3.66155391932623
3,"a_e",114,3.72613257563074
3,"a_e",115,3.90831521029156
3,"a_e",116,4.22898002210072
3,"a_e",117,4.72438075488942
3,"a_e",118,5.45282505409169
3,"a_e",119,6.50587686849549
3,"a_e",120,8.02693606514862
3,"a_e",121,10.2420589984634
3,"a_e",122,13.5112058946259
3,"a_e",123,18.4133530051847
3,"a_e",124,25.8863714491498
3,"a_e",125,37.4503707015037
3,"a_e",126,55.5414735784334
3,"a_e",127,83.9384092242937
3,"a_e",128,128.089158995338
3,"a_e",129,194.677505577161
3,"a_e",130,288.955745691642
3,"a_e",131,408.147414659112
3,"a_e",132,532.76444494189
3,"a_e",133,626.447791784767
3,"a_e",134,655.409055183585
3,"a_e",135,614.05849334374
3,"a_e",136,526.781713337845
3,"a_e",137,425.952092932445
3,"a_e",138,333.472035731943
3,"a_e",139,257.864328050221
3,"a_e",140,199.414511726697
3,"a_e",141,155.241902093781
3,"a_e",142,122.006595106841
3,"a_e",143,96.8808489681694
3,"a_e",144,77.7173560243497
3,"a_e",145,62.9512578531952
3,"a_e",146,51.4554520792681
3,"a_e",147,42.4166635227599
3,"a_e",148,35.2435186151708
3,"a_e",149,29.5017376744049
3,"a_e",150,24.8691192422078
3,"a_e",151,21.10423297747
3,"a_e",152,18.0244625343372
3,"a_e",153,15.4904357113751
3,"a_e",154,13.3948601909057
3,"a_e",155,11.6544376059216
3,"a_e",156,10.203957615811
4,"a_e",105,8.52746969523872
4,"a_e",106,7.01201018481859
4,"a_e",107,5.95158054605381
4,"a_e",108,5.17403732045622
4,"a_e",109,4.60927466364932
4,"a_e",110,4.21124709318109
4,"a_e",111,3.94961786887432
4,"a_e",112,3.80596834053
4,"a_e",113,3.77177847328339
4,"a_e",114,3.84773770623582
4,"a_e",115,4.04432401989638
4,"a_e",116,4.38385357881849
4,"a_e",117,4.9045174239688
4,"a_e",118,5.66738536979463
4,"a_e",119,6.76810420008082
4,"a_e",120,8.35626116655052
4,"a_e",121,10.6674686405141
4,"a_e",122,14.0766675882919
4,"a_e",123,19.1865782371885
4,"a_e",124,26.9729128473743
4,"a_e",125,39.015893499641
4,"a_e",126,57.8454078855973
4,"a_e",127,87.3799079184858
4,"a_e",128,133.255452136227
4,"a_e",129,202.353544122986
4,"a_e",130,299.992670908911
4,"a_e",131,423.035977480948
4,"a_e",132,550.896165306864
4,"a_e",133,645.557549714766
4,"a_e",134,672.080348248087
4,"a_e",135,625.332013904158
4,"a_e",136,531.51485961592
4,"a_e",137,424.860818658972
4,"a_e",138,328.256549902105
4,"a_e",139,250.33027554636
4,"a_e",140,191.005813103536
4,"a_e",141,146.929412002619
4,"a_e",142,114.35323520061
4,"a_e",143,90.155519734069
4,"a_e",144,71.9994950319556
4,"a_e",145,58.209347559069
4,"a_e",146,47.6001794892099
4,"a_e",147,39.3344656245234
4,"a_e",148,32.8164320833717
4,"a_e",149,27.6182552985468
4,"a_e",150,23.4294157625699
4,"a_e",151,20.0220289434441
4,"a_e",152,17.2269942942461
4,"a_e",153,14.917446878024
4,"a_e",154,12.997163289275
4,"a_e",155,11.3923597392962
4,"a_e",156,10.0458386124502
5,"a_e",105,8.09604293449403
5,"a_e",106,6.69594591223735
5,"a_e",107,5.71554813009402
5,"a_e",108,4.99625805047577
5,"a_e",109,4.47455373907991
5,"a_e",110,4.10887430015633
5,"a_e",111,3.87204576494913
5,"a_e",112,3.74793081269697
5,"a_e",113,3.72970637501043
5,"a_e",114,3.81938811654163
5,"a_e",115,4.02857494856078
5,"a_e",116,4.38064239893985
5,"a_e",117,4.91492592360051
5,"a_e",118,5.69390258970318
5,"a_e",119,6.8151369522557
5,"a_e",120,8.43102137323056
5,"a_e",121,10.7814620928977
5,"a_e",122,14.2481642830098
5,"a_e",123,19.4446924308199
5,"a_e",124,27.3642903441167
5,"a_e",125,39.6154653041523
5,"a_e",126,58.7729525916474
5,"a_e",127,88.8232509717244
5,"a_e",128,135.496153978824
5,"a_e",129,205.775966685069
5,"a_e",130,305.026839904585
5,"a_e",131,429.956557412756
5,"a_e",132,559.46029645707
5,"a_e",133,654.710945242773
5,"a_e",134,680.165176298356
5,"a_e",135,630.845046690818
5,"a_e",136,533.782107584586
5,"a_e",137,424.100246067321
5,"a_e",138,325.196267831736
5,"a_e",139,245.80488996603
5,"a_e",140,185.729719670476
5,"a_e",141,141.428167405188
5,"a_e",142,108.976270311391
5,"a_e",143,85.1149789892769
5,"a_e",144,67.4095897837668
5,"a_e",145,54.118112910452
5,"a_e",146,44.0128666019045
5,"a_e",147,36.2300279560617
5,"a_e",148,30.1588363230004
5,"a_e",149,25.3640642836103
5,"a_e",150,21.5327387047555
5,"a_e",151,18.4376401953615
5,"a_e",152,15.9121980329571
5,"a_e",153,13.8330985092781
5,"a_e",154,12.1081354526847
5,"a_e",155,10.6676512306951
5,"a_e",156,9.4584605966951
6,"a_e",105,7.55768348090598
6,"a_e",106,6.27366338102427
6,"a_e",107,5.37653788574361
6,"a_e",108,4.71993197541493
6,"a_e",109,4.24579250820115
6,"a_e",110,3.91640106107319
6,"a_e",111,3.70737326491049
6,"a_e",112,3.60461332802414
6,"a_e",113,3.60280345470261
6,"a_e",114,3.70508212821085
6,"a_e",115,3.92390439092172
6,"a_e",116,4.28332803523265
6,"a_e",117,4.82328059940829
6,"a_e",118,5.6068310748139
6,"a_e",119,6.73225322001372
6,"a_e",120,8.35294370302172
6,"a_e",121,10.7104018768063
6,"a_e",122,14.1890202455834
6,"a_e",123,19.4070262955962
6,"a_e",124,27.3658306879558
6,"a_e",125,39.6881906018894
6,"a_e",126,58.9732677326443
6,"a_e",127,89.2478224087617
6,"a_e",128,136.302990538431
6,"a_e",129,207.202355494821
6,"a_e",130,307.376173412067
6,"a_e",131,433.500206305135
6,"a_e",132,564.217909358514
6,"a_e",133,660.215001974973
6,"a_e",134,685.489938875729
6,"a_e",135,635.017235208535
6,"a_e",136,536.237724042922
6,"a_e",137,424.806210368897
6,"a_e",138,324.466973934814
6,"a_e",139,244.064104508304
6,"a_e",140,183.363444026846
6,"a_e",141,138.733044049758
6,"a_e",142,106.160400488935
6,"a_e",143,82.3165511206128
6,"a_e",144,64.7166383805991
6,"a_e",145,51.5841257302614
6,"a_e",146,41.6678445131203
6,"a_e",147,34.0880219509768
6,"a_e",148,28.2230626404068
6,"a_e",149,23.6304218048017
6,"a_e",150,19.9922739197138
6,"a_e",151,17.0783057172311
6,"a_e",152,14.7201242975256
6,"a_e",153,12.7935211150528
6,"a_e",154,11.2060729377975
6,"a_e",155,9.88839767279687
6,"a_e",156,8.7879374631968
7,"a_e",105,6.75022064802
7,"a_e",106,5.60839370820916
7,"a_e",107,4.81353016721254
7,"a_e",108,4.23416482059612
7,"a_e",109,3.81818849760305
7,"a_e",110,3.53195579784152
7,"a_e",111,3.35393541028262
7,"a_e",112,3.27195536114868
7,"a_e",113,3.28186608934829
7,"a_e",114,3.38730835137459
7,"a_e",115,3.60058706807452
7,"a_e",116,3.94488921935269
7,"a_e",117,4.45838010895601
7,"a_e",118,5.20116068935803
7,"a_e",119,6.26679969691433
7,"a_e",120,7.80137940230479
7,"a_e",121,10.0350545059953
7,"a_e",122,13.3345347555567
7,"a_e",123,18.2902978687259
7,"a_e",124,25.8600034561393
7,"a_e",125,37.5975499305168
7,"a_e",126,55.9952599919053
7,"a_e",127,84.9202443710444
7,"a_e",128,129.944180839405
7,"a_e",129,197.881274581307
7,"a_e",130,294.007597099846
7,"a_e",131,415.21346134472
7,"a_e",132,541.03703285712
7,"a_e",133,633.644405010743
7,"a_e",134,658.245272202806
7,"a_e",135,609.815608808565
7,"a_e",136,514.694723873189
7,"a_e",137,407.269683036703
7,"a_e",138,310.505938720561
7,"a_e",139,232.987674955765
7,"a_e",140,174.508864533427
7,"a_e",141,131.562647152735
7,"a_e",142,100.266975376935
7,"a_e",143,77.3998763471926
7,"a_e",144,60.5571207200634
7,"a_e",145,48.0210235421483
7,"a_e",146,38.5828759652189
7,"a_e",147,31.3934114537025
7,"a_e",148,25.85291492204
7,"a_e",149,21.534520942199
7,"a_e",150,18.1316365453194
7,"a_e",151,15.4220018786176
7,"a_e",152,13.243014930035
7,"a_e",153,11.4746587161994
7,"a_e",154,10.0275818485134
7,"a_e",155,8.83470006238794
7,"a_e",156,7.84522648341197
8,"a_e",105,6.39896456562033
8,"a_e",106,5.30907437714294
8,"a_e",107,4.55279882426789
8,"a_e",108,4.00364306277216
8,"a_e",109,3.61116355734099
8,"a_e",110,3.34289489558246
8,"a_e",111,3.17817339471563
8,"a_e",112,3.10543959415803
8,"a_e",113,3.12093537004601
8,"a_e",114,3.22849016789265
8,"a_e",115,3.44039815369853
8,"a_e",116,3.77962314422863
8,"a_e",117,4.28386307673424
8,"a_e",118,5.0124528724541
8,"a_e",119,6.05781467368277
8,"a_e",120,7.56439007065943
8,"a_e",121,9.76005473037736
8,"a_e",122,13.0084434367005
8,"a_e",123,17.8960532514847
8,"a_e",124,25.3757606398347
8,"a_e",125,36.9965883226195
8,"a_e",126,55.2480572508988
8,"a_e",127,84.0017876863414
8,"a_e",128,128.851980444857
8,"a_e",129,196.670885793961
8,"a_e",130,292.845350950294
8,"a_e",131,414.416037191604
8,"a_e",132,541.01695867722
8,"a_e",133,634.693319698187
8,"a_e",134,660.274704839122
8,"a_e",135,612.343682088237
8,"a_e",136,517.13465171852
8,"a_e",137,409.22369353145
8,"a_e",138,311.842406199202
8,"a_e",139,233.756769587467
8,"a_e",140,174.833359499119
8,"a_e",141,131.569101498674
8,"a_e",142,100.058170679773
8,"a_e",143,77.0505793978791
8,"a_e",144,60.1188527987018
8,"a_e",145,47.5285425357173
8,"a_e",146,38.0596709688108
8,"a_e",147,30.8556513080581
8,"a_e",148,25.3120555212677
8,"a_e",149,20.9989407076267
8,"a_e",150,17.6076274986511
8,"a_e",151,14.9143565434105
8,"a_e",152,12.7553708994827
8,"a_e",153,11.0097048978581
8,"a_e",154,9.58719103753601
8,"a_e",155,8.4200265864278
8,"a_e",156,7.45679079129904
9,"a_e",105,6.18559913076905
9,"a_e",106,5.1189226638105
9,"a_e",107,4.38000772823487
9,"a_e",108,3.84458162581047
9,"a_e",109,3.462676897383
9,"a_e",110,3.20214014100884
9,"a_e",111,3.04251394272511
9,"a_e",112,2.97233798217714
9,"a_e",113,2.98783634436205
9,"a_e",114,3.09268638983784
9,"a_e",115,3.29886770581279
9,"a_e",116,3.62882297381753
9,"a_e",117,4.11945549686958
9,"a_e",118,4.82893242319823
9,"a_e",119,5.84798914605445
9,"a_e",120,7.31865199535175
9,"a_e",121,9.4653600154447
9,"a_e",122,12.6469004174114
9,"a_e",123,17.4430432639238
9,"a_e",124,24.7976258583739
9,"a_e",125,36.2482896901433
9,"a_e",126,54.2721584675806
9,"a_e",127,82.7322595152889
9,"a_e",128,127.230298659384
9,"a_e",129,194.686799487679
9,"a_e",130,290.612679287528
9,"a_e",131,412.262953048113
9,"a_e",132,539.494017130875
9,"a_e",133,634.363611543586
9,"a_e",134,661.342289547561
9,"a_e",135,614.477949983871
9,"a_e",136,519.703702596738
9,"a_e",137,411.668618040679
9,"a_e",138,313.861340285535
9,"a_e",139,235.275821958805
9,"a_e",140,175.903375440456
9,"a_e",141,132.282475275028
9,"a_e",142,100.505496956025
9,"a_e",143,77.3052947886315
9,"a_e",144,60.2355609728306
9,"a_e",145,47.5462326547525
9,"a_e",146,38.0057867318828
9,"a_e",147,30.7495722549004
9,"a_e",148,25.1676887035771
9,"a_e",149,20.826521349845
9,"a_e",150,17.4149202415388
9,"a_e",151,14.7074347007932
9,"a_e",152,12.5391107686109
9,"a_e",153,10.7880933838822
9,"a_e",154,9.36351462984079
9,"a_e",155,8.19698788960518
9,"a_e",156,7.23658342407357
10,"a_e",105,6.09468239232172
10,"a_e",106,5.0305959800878
10,"a_e",107,4.2936482082636
10,"a_e",108,3.75982524441042
10,"a_e",109,3.37890077725661
10,"a_e",110,3.11850250129245
10,"a_e",111,2.95797522366677
10,"a_e",112,2.88564778348223
10,"a_e",113,2.89748726079116
10,"a_e",114,2.99683213172802
10,"a_e",115,3.19519741088137
10,"a_e",116,3.51437661870935
10,"a_e",117,3.99035587440301
10,"a_e",118,4.67999582147396
10,"a_e",119,5.67215780042361
10,"a_e",120,7.10616466465076
10,"a_e",121,9.20254193159053
10,"a_e",122,12.3144146989023
10,"a_e",123,17.0134225514738
10,"a_e",124,24.2319571916171
10,"a_e",125,35.4922218952258
10,"a_e",126,53.2523293124712
10,"a_e",127,81.3565942812017
10,"a_e",128,125.400585749788
10,"a_e",129,192.339556356339
10,"a_e",130,287.807245443151
10,"a_e",131,409.307539645534
10,"a_e",132,537.008594058843
10,"a_e",133,633.095377902804
10,"a_e",134,661.725440605374
10,"a_e",135,616.326658411165
10,"a_e",136,522.379038533906
10,"a_e",137,414.49983706362
10,"a_e",138,316.414609412322
10,"a_e",139,237.376189279668
10,"a_e",140,177.541773699511
10,"a_e",141,133.523172056813
10,"a_e",142,101.430242732753
10,"a_e",143,77.988528575257
10,"a_e",144,60.7370057548036
10,"a_e",145,47.9110662326489
10,"a_e",146,38.2672751062462
10,"a_e",147,30.9319911207514
10,"a_e",148,25.2887968905503
10,"a_e",149,20.8994475850304
10,"a_e",150,17.449531114888
10,"a_e",151,14.7112990889049
10,"a_e",152,12.5181678505998
10,"a_e",153,10.7471092303374
10,"a_e",154,9.30639067245057
10,"a_e",155,8.12696722535228
10,"a_e",156,7.15638796558737
11,"a_e",105,6.091181094813
11,"a_e",106,5.01771580357927
11,"a_e",107,4.27382633512999
11,"a_e",108,3.73457440283144
11,"a_e",109,3.34910213372124
11,"a_e",110,3.08455893874476
11,"a_e",111,2.91990100517681
11,"a_e",112,2.84310900144656
11,"a_e",113,2.84979993041325
11,"a_e",114,2.94291841909543
11,"a_e",115,3.1334940258596
11,"a_e",116,3.44268165906235
11,"a_e",117,3.90558996876207
11,"a_e",118,4.57783835327739
11,"a_e",119,5.54649661641049
11,"a_e",120,6.94826447689367
11,"a_e",121,8.99978890372264
11,"a_e",122,12.0484313454456
11,"a_e",123,16.6572785384051
11,"a_e",124,23.7461751820381
11,"a_e",125,34.8194414839128
11,"a_e",126,52.3112407092853
11,"a_e",127,80.0379894614043
11,"a_e",128,123.573710037793
11,"a_e",129,189.886604129701
11,"a_e",130,284.712290037175
11,"a_e",131,405.805717199646
11,"a_e",132,533.704960806671
11,"a_e",133,630.838983342622
11,"a_e",134,661.153937626819
11,"a_e",135,617.449426288188
11,"a_e",136,524.641908333059
11,"a_e",137,417.201485284385
11,"a_e",138,319.035692454253
11,"a_e",139,239.656276991602
11,"a_e",140,179.409771739479
11,"a_e",141,135.006038639511
11,"a_e",142,102.590439888625
11,"a_e",143,78.8922201884337
11,"a_e",144,61.4416210614703
11,"a_e",145,48.462391276182
11,"a_e",146,38.7003685488896
11,"a_e",147,31.2732135712014
11,"a_e",148,25.5578572361715
11,"a_e",149,21.1111133199865
11,"a_e",150,17.614950394511
11,"a_e",151,14.8389844005693
11,"a_e",152,12.6147132659674
11,"a_e",153,10.8177072374046
11,"a_e",154,9.35520151099636
11,"a_e",155,8.15738093669177
11,"a_e",156,7.17120906922344
12,"a_e",105,6.14270430755217
12,"a_e",106,5.05400533788826
12,"a_e",107,4.29892630733999
12,"a_e",108,3.75096915760961
12,"a_e",109,3.3584892763973
12,"a_e",110,3.08806200743023
12,"a_e",111,2.91819577634382
12,"a_e",112,2.83649605861773
12,"a_e",113,2.83823413331821
12,"a_e",114,2.92599840947914
12,"a_e",115,3.11040850836801
12,"a_e",116,3.41210190555096
12,"a_e",117,3.86548821770505
12,"a_e",118,4.52519742388789
12,"a_e",119,5.47685407604165
12,"a_e",120,6.8550006648463
12,"a_e",121,8.87301615416814
12,"a_e",122,11.8732659525561
12,"a_e",123,16.4111777278771
12,"a_e",124,23.394925865038
12,"a_e",125,34.3114084234189
12,"a_e",126,51.5699628657884
12,"a_e",127,78.9550343136966
12,"a_e",128,122.008660635071
12,"a_e",129,187.691327052881
12,"a_e",130,281.809100824595
12,"a_e",131,402.338423029578
12,"a_e",132,530.193252153432
12,"a_e",133,628.120016612007
12,"a_e",134,659.966044033161
12,"a_e",135,617.963972388021
12,"a_e",136,526.430422006807
12,"a_e",137,419.604458045192
12,"a_e",138,321.511719475722
12,"a_e",139,241.899340570298
12,"a_e",140,181.306162165092
12,"a_e",141,136.552113357315
12,"a_e",142,103.829662341615
12,"a_e",143,79.8801015499751
12,"a_e",144,62.2301588445287
12,"a_e",145,49.0949402040621
12,"a_e",146,39.2111698959485
12,"a_e",147,31.6886167593511
12,"a_e",148,25.8979154328996
12,"a_e",149,21.3910509105404
12,"a_e",150,17.8463599184727
12,"a_e",151,15.0307511112239
12,"a_e",152,12.7737102571741
12,"a_e",153,10.94931087054
12,"a_e",154,9.4636707502095
12,"a_e",155,8.24613522611382
12,"a_e",156,7.24303112493348
13,"a_e",105,48.4052242199579
13,"a_e",106,40.6530577532888
13,"a_e",107,35.2461648984938
13,"a_e",108,31.2937738731223
13,"a_e",109,28.4677203894827
13,"a_e",110,26.5562209818857
13,"a_e",111,25.4257696111836
13,"a_e",112,25.0066919924588
13,"a_e",113,25.2871170382136
13,"a_e",114,26.3144049403772
13,"a_e",115,28.2049486004709
13,"a_e",116,31.1649039678825
13,"a_e",117,35.5268027100635
13,"a_e",118,41.8108251007324
13,"a_e",119,50.8258172173615
13,"a_e",120,63.8356424273791
13,"a_e",121,82.8337852442872
13,"a_e",122,110.996670935722
13,"a_e",123,153.426200864545
13,"a_e",124,218.337615404655
13,"a_e",125,318.857174168472
13,"a_e",126,475.411542672005
13,"a_e",127,717.88253076597
13,"a_e",128,1084.33274814998
13,"a_e",129,1608.21405746438
13,"a_e",130,2281.59645710443
13,"a_e",131,2995.63017817154
13,"a_e",132,3517.14208470089
13,"a_e",133,3605.78662559832
13,"a_e",134,3226.8127976343
13,"a_e",135,2590.57733669691
13,"a_e",136,1951.54264713863
13,"a_e",137,1441.96230739774
13,"a_e",138,1076.71662823077
13,"a_e",139,822.991764602408
13,"a_e",140,644.72476198627
13,"a_e",141,515.763220114866
13,"a_e",142,419.489846645963
13,"a_e",143,345.671111852852
13,"a_e",144,287.888447129746
13,"a_e",145,241.948362551339
13,"a_e",146,204.982909684221
13,"a_e",147,174.949550023741
13,"a_e",148,150.346962386484
13,"a_e",149,130.046196396414
13,"a_e",150,113.184696333916
13,"a_e",151,99.096040097836
13,"a_e",152,87.2610961850634
13,"a_e",153,77.2728007073816
13,"a_e",154,68.8100898064225
13,"a_e",155,61.6182825493228
13,"a_e",156,55.494176383231
14,"a_e",105,33.358186812374
14,"a_e",106,27.959249645003
14,"a_e",107,24.1992725032441
14,"a_e",108,21.4633623502537
14,"a_e",109,19.5146425161564
14,"a_e",110,18.2012329518251
14,"a_e",111,17.4283328046617
14,"a_e",112,17.1466844899013
14,"a_e",113,17.3476790147855
14,"a_e",114,18.0640393660738
14,"a_e",115,19.3764955531426
14,"a_e",116,21.4281430399783
14,"a_e",117,24.4499105857096
14,"a_e",118,28.8032704792049
14,"a_e",119,35.0507777474135
14,"a_e",120,44.0724720952794
14,"a_e",121,57.2585510507396
14,"a_e",122,76.8286505849158
14,"a_e",123,106.357785068226
14,"a_e",124,151.625303505468
14,"a_e",125,221.92019687544
14,"a_e",126,331.835231458806
14,"a_e",127,503.075407442846
14,"a_e",128,764.24535192988
14,"a_e",129,1143.17687005844
14,"a_e",130,1642.67433183017
14,"a_e",131,2197.68853509478
14,"a_e",132,2649.3607660131
14,"a_e",133,2810.73072351003
14,"a_e",134,2616.45681463866
14,"a_e",135,2183.16560433282
14,"a_e",136,1694.52361952969
14,"a_e",137,1271.16882198367
14,"a_e",138,948.285145633804
14,"a_e",139,714.80882284764
14,"a_e",140,547.878222070672
14,"a_e",141,427.375453131906
14,"a_e",142,338.851750629274
14,"a_e",143,272.592911714271
14,"a_e",144,222.137696912613
14,"a_e",145,183.131237483138
14,"a_e",146,152.573995034861
14,"a_e",147,128.353082218047
14,"a_e",148,108.950160954675
14,"a_e",149,93.2557755834039
14,"a_e",150,80.4480527200177
14,"a_e",151,69.9111883049837
14,"a_e",152,61.1792610870936
14,"a_e",153,53.8966679025806
14,"a_e",154,47.7897829972338
14,"a_e",155,42.6463881925461
14,"a_e",156,38.3005977973313
15,"a_e",105,11.2902679773755
15,"a_e",106,9.41113178981865
15,"a_e",107,8.10407428373773
15,"a_e",108,7.15402166676387
15,"a_e",109,6.47622298898741
15,"a_e",110,6.01612210180052
15,"a_e",111,5.73933017008741
15,"a_e",112,5.62729688530099
15,"a_e",113,5.67532921111085
15,"a_e",114,5.89253634024127
15,"a_e",115,6.30378215066351
15,"a_e",116,6.95415370045049
15,"a_e",117,7.91702120877456
15,"a_e",118,9.30764024098528
15,"a_e",119,11.3056827325395
15,"a_e",120,14.1924885189049
15,"a_e",121,18.412846024334
15,"a_e",122,24.6776444214452
15,"a_e",123,34.1336800578485
15,"a_e",124,48.6396925058948
15,"a_e",125,71.196268552745
15,"a_e",126,106.552952238852
15,"a_e",127,161.87213809826
15,"a_e",128,246.863882721029
15,"a_e",129,371.74159111794
15,"a_e",130,540.027240225502
15,"a_e",131,734.815378252345
15,"a_e",132,907.955642319464
15,"a_e",133,995.683543643793
15,"a_e",134,964.635936279109
15,"a_e",135,839.597535732681
15,"a_e",136,676.91772001603
15,"a_e",137,522.192415226582
15,"a_e",138,395.467027606413
15,"a_e",139,298.93782734054
15,"a_e",140,227.606995298029
15,"a_e",141,175.290345276316
15,"a_e",142,136.762931929757
15,"a_e",143,108.122434846024
15,"a_e",144,86.5850937894925
15,"a_e",145,70.1920698620781
15,"a_e",146,57.5639248928955
15,"a_e",147,47.7223187561331
15,"a_e",148,39.9667139418527
15,"a_e",149,33.7903340663151
15,"a_e",150,28.8228406234156
15,"a_e",151,24.7909474133533
15,"a_e",152,21.4910893207632
15,"a_e",153,18.7702541832029
15,"a_e",154,16.5124016678268
15,"a_e",155,14.6287509952289
15,"a_e",156,13.0507793540809
16,"a_e",105,8.89972038287723
16,"a_e",106,7.37952918687327
16,"a_e",107,6.32286401827157
16,"a_e",108,5.55523080249769
16,"a_e",109,5.00642333081727
16,"a_e",110,4.63108030180125
16,"a_e",111,4.40033957564773
16,"a_e",112,4.29810819005862
16,"a_e",113,4.31925334499472
16,"a_e",114,4.46933190628469
16,"a_e",115,4.76587571293925
16,"a_e",116,5.24158001136212
16,"a_e",117,5.95016910317907
16,"a_e",118,6.97636391441212
16,"a_e",119,8.45243908261215
16,"a_e",120,10.5856380813646
16,"a_e",121,13.7037005018216
16,"a_e",122,18.3306501633604
16,"a_e",123,25.3125607197911
16,"a_e",124,36.0231540169524
16,"a_e",125,52.6874047782749
16,"a_e",126,78.8487924806005
16,"a_e",127,119.912983209492
16,"a_e",128,183.38364675788
16,"a_e",129,277.647807376009
16,"a_e",130,407.115685186725
16,"a_e",131,562.210377593555
16,"a_e",132,709.816069831669
16,"a_e",133,800.893759590669
16,"a_e",134,802.322066298831
16,"a_e",135,722.680347187666
16,"a_e",136,600.490900745065
16,"a_e",137,473.656848027643
16,"a_e",138,363.370679909327
16,"a_e",139,275.849426423449
16,"a_e",140,209.499983250434
16,"a_e",141,160.190414682161
16,"a_e",142,123.734926148721
16,"a_e",143,96.7032809408911
16,"a_e",144,76.5115026053407
16,"a_e",145,61.2828746963974
16,"a_e",146,49.6737363522222
16,"a_e",147,40.7250123421524
16,"a_e",148,33.7501792336355
16,"a_e",149,28.2548699749563
16,"a_e",150,23.8803832177994
16,"a_e",151,20.3642645744193
16,"a_e",152,17.5127911501587
16,"a_e",153,15.1816848410858
16,"a_e",154,13.2625116869181
16,"a_e",155,11.6730260702924
16,"a_e",156,10.3502693559386
17,"a_e",105,0
17,"a_e",106,0
17,"a_e",107,0
17,"a_e",108,0
17,"a_e",109,0
17,"a_e",110,0
17,"a_e",111,0
17,"a_e",112,0
17,"a_e",113,0
17,"a_e",114,0
17,"a_e",115,0
17,"a_e",116,0
17,"a_e",117,0
17,"a_e",118,0
17,"a_e",119,0
17,"a_e",120,0
17,"a_e",121,0
17,"a_e",122,0
17,"a_e",123,0
17,"a_e",124,0
17,"a_e",125,0
17,"a_e",126,0
17,"a_e",127,0
17,"a_e",128,0
17,"a_e",129,0
17,"a_e",130,0
17,"a_e",131,0
17,"a_e",132,0
17,"a_e",133,0
17,"a_e",134,0
17,"a_e",135,0
17,"a_e",136,0
17,"a_e",137,0
17,"a_e",138,0
17,"a_e",139,0
17,"a_e",140,0
17,"a_e",141,0
17,"a_e",142,0
17,"a_e",143,0
17,"a_e",144,0
17,"a_e",145,0
17,"a_e",146,0
17,"a_e",147,0
17,"a_e",148,0
17,"a_e",149,0
17,"a_e",150,0
17,"a_e",151,0
17,"a_e",152,0
17,"a_e",153,0
17,"a_e",154,0
17,"a_e",155,0
17,"a_e",156,0
18,"a_e",105,0
18,"a_e",106,0
18,"a_e",107,0
18,"a_e",108,0
18,"a_e",109,0
18,"a_e",110,0
18,"a_e",111,0
18,"a_e",112,0
18,"a_e",113,0
18,"a_e",114,0
18,"a_e",115,0
18,"a_e",116,0
18,"a_e",117,0
18,"a_e",118,0
18,"a_e",119,0
18,"a_e",120,0
18,"a_e",121,0
18,"a_e",122,0
18,"a_e",123,0
18,"a_e",124,0
18,"a_e",125,0
18,"a_e",126,0
18,"a_e",127,0
18,"a_e",128,0
18,"a_e",129,0
18,"a_e",130,0
18,"a_e",131,0
18,"a_e",132,0
18,"a_e",133,0
18,"a_e",134,0
18,"a_e",135,0
18,"a_e",136,0
18,"a_e",137,0
18,"a_e",138,0
18,"a_e",139,0
18,"a_e",140,0
18,"a_e",141,0
18,"a_e",142,0
18,"a_e",143,0
18,"a_e",144,0
18,"a_e",145,0
18,"a_e",146,0
18,"a_e",147,0
18,"a_e",148,0
18,"a_e",149,0
18,"a_e",150,0
18,"a_e",151,0
18,"a_e",152,0
18,"a_e",153,0
18,"a_e",154,0
18,"a_e",155,0
18,"a_e",156,0
19,"a_e",105,0
19,"a_e",106,0
19,"a_e",107,0
19,"a_e",108,0
19,"a_e",109,0
19,"a_e",110,0
19,"a_e",111,0
19,"a_e",112,0
19,"a_e",113,0
19,"a_e",114,0
19,"a_e",115,0
19,"a_e",116,0
19,"a_e",117,0
19,"a_e",118,0
19,"a_e",119,0
19,"a_e",120,0
19,"a_e",121,0
19,"a_e",122,0
19,"a_e",123,0
19,"a_e",124,0
19,"a_e",125,0
19,"a_e",126,0
19,"a_e",127,0
19,"a_e",128,0
19,"a_e",129,0
19,"a_e",130,0
19,"a_e",131,0
19,"a_e",132,0
19,"a_e",133,0
19,"a_e",134,0
19,"a_e",135,0
19,"a_e",136,0
19,"a_e",137,0
19,"a_e",138,0
19,"a_e",139,0
19,"a_e",140,0
19,"a_e",141,0
19,"a_e",142,0
19,"a_e",143,0
19,"a_e",144,0
19,"a_e",145,0
19,"a_e",146,0
19,"a_e",147,0
19,"a_e",148,0
19,"a_e",149,0
19,"a_e",150,0
19,"a_e",151,0
19,"a_e",152,0
19,"a_e",153,0
19,"a_e",154,0
19,"a_e",155,0
19,"a_e",156,0
20,"a_e",105,0
20,"a_e",106,0
20,"a_e",107,0
20,"a_e",108,0
20,"a_e",109,0
20,"a_e",110,0
20,"a_e",111,0
20,"a_e",112,0
20,"a_e",113,0
20,"a_e",114,0
20,"a_e",115,0
20,"a_e",116,0
20,"a_e",117,0
20,"a_e",118,0
20,"a_e",119,0
20,"a_e",120,0
20,"a_e",121,0
20,"a_e",122,0
20,"a_e",123,0
20,"a_e",124,0
20,"a_e",125,0
20,"a_e",126,0
20,"a_e",127,0
20,"a_e",128,0
20,"a_e",129,0
20,"a_e",130,0
20,"a_e",131,0
20,"a_e",132,0
20,"a_e",133,0
20,"a_e",134,0
20,"a_e",135,0
20,"a_e",136,0
20,"a_e",137,0
20,"a_e",138,0
20,"a_e",139,0
20,"a_e",140,0
20,"a_e",141,0
20,"a_e",142,0
20,"a_e",143,0
20,"a_e",144,0
20,"a_e",145,0
20,"a_e",146,0
20,"a_e",147,0
20,"a_e",148,0
20,"a_e",149,0
20,"a_e",150,0
20,"a_e",151,0
20,"a_e",152,0
20,"a_e",153,0
20,"a_e",154,0
20,"a_e",155,0
20,"a_e",156,0
21,"a_e",105,0
21,"a_e",106,0
21,"a_e",107,0
21,"a_e",108,0
21,"a_e",109,0
21,"a_e",110,0
21,"a_e",111,0
21,"a_e",112,0
21,"a_e",113,0
21,"a_e",114,0
21,"a_e",115,0
21,"a_e",116,0
21,"a_e",117,0
21,"a_e",118,0
21,"a_e",119,0
21,"a_e",120,0
21,"a_e",121,0
21,"a_e",122,0
21,"a_e",123,0
21,"a_e",124,0
21,"a_e",125,0
21,"a_e",126,0
21,"a_e",127,0
21,"a_e",128,0
21,"a_e",129,0
21,"a_e",130,0
21,"a_e",131,0
21,"a_e",132,0
21,"a_e",133,0
21,"a_e",134,0
21,"a_e",135,0
21,"a_e",136,0
21,"a_e",137,0
21,"a_e",138,0
21,"a_e",139,0
21,"a_e",140,0
21,"a_e",141,0
21,"a_e",142,0
21,"a_e",143,0
21,"a_e",144,0
21,"a_e",145,0
21,"a_e",146,0
21,"a_e",147,0
21,"a_e",148,0
21,"a_e",149,0
21,"a_e",150,0
21,"a_e",151,0
21,"a_e",152,0
21,"a_e",153,0
21,"a_e",154,0
21,"a_e",155,0
21,"a_e",156,0
22,"a_e",105,0
22,"a_e",106,0
22,"a_e",107,0
22,"a_e",108,0
22,"a_e",109,0
22,"a_e",110,0
22,"a_e",111,0
22,"a_e",112,0
22,"a_e",113,0
22,"a_e",114,0
22,"a_e",115,0
22,"a_e",116,0
22,"a_e",117,0
22,"a_e",118,0
22,"a_e",119,0
22,"a_e",120,0
22,"a_e",121,0
22,"a_e",122,0
22,"a_e",123,0
22,"a_e",124,0
22,"a_e",125,0
22,"a_e",126,0
22,"a_e",127,0
22,"a_e",128,0
22,"a_e",129,0
22,"a_e",130,0
22,"a_e",131,0
22,"a_e",132,0
22,"a_e",133,0
22,"a_e",134,0
22,"a_e",135,0
22,"a_e",136,0
22,"a_e",137,0
22,"a_e",138,0
22,"a_e",139,0
22,"a_e",140,0
22,"a_e",141,0
22,"a_e",142,0
22,"a_e",143,0
22,"a_e",144,0
22,"a_e",145,0
22,"a_e",146,0
22,"a_e",147,0
22,"a_e",148,0
22,"a_e",149,0
22,"a_e",150,0
22,"a_e",151,0
22,"a_e",152,0
22,"a_e",153,0
22,"a_e",154,0
22,"a_e",155,0
22,"a_e",156,0
23,"a_e",105,0
23,"a_e",106,0
23,"a_e",107,0
23,"a_e",108,0
23,"a_e",109,0
23,"a_e",110,0
23,"a_e",111,0
23,"a_e",112,0
23,"a_e",113,0
23,"a_e",114,0
23,"a_e",115,0
23,"a_e",116,0
23,"a_e",117,0
23,"a_e",118,0
23,"a_e",119,0
23,"a_e",120,0
23,"a_e",121,0
23,"a_e",122,0
23,"a_e",123,0
23,"a_e",124,0
23,"a_e",125,0
23,"a_e",126,0
23,"a_e",127,0
23,"a_e",128,0
23,"a_e",129,0
23,"a_e",130,0
23,"a_e",131,0
23,"a_e",132,0
23,"a_e",133,0
23,"a_e",134,0
23,"a_e",135,0
23,"a_e",136,0
23,"a_e",137,0
23,"a_e",138,0
23,"a_e",139,0
23,"a_e",140,0
23,"a_e",141,0
23,"a_e",142,0
23,"a_e",143,0
23,"a_e",144,0
23,"a_e",145,0
23,"a_e",146,0
23,"a_e",147,0
23,"a_e",148,0
23,"a_e",149,0
23,"a_e",150,0
23,"a_e",151,0
23,"a_e",152,0
23,"a_e",153,0
23,"a_e",154,0
23,"a_e",155,0
23,"a_e",156,0
24,"a_e",105,0
24,"a_e",106,0
24,"a_e",107,0
24,"a_e",108,0
24,"a_e",109,0
24,"a_e",110,0
24,"a_e",111,0
24,"a_e",112,0
24,"a_e",113,0
24,"a_e",114,0
24,"a_e",115,0
24,"a_e",116,0
24,"a_e",117,0
24,"a_e",118,0
24,"a_e",119,0
24,"a_e",120,0
24,"a_e",121,0
24,"a_e",122,0
24,"a_e",123,0
24,"a_e",124,0
24,"a_e",125,0
24,"a_e",126,0
24,"a_e",127,0
24,"a_e",128,0
24,"a_e",129,0
24,"a_e",130,0
24,"a_e",131,0
24,"a_e",132,0
24,"a_e",133,0
24,"a_e",134,0
24,"a_e",135,0
24,"a_e",136,0
24,"a_e",137,0
24,"a_e",138,0
24,"a_e",139,0
24,"a_e",140,0
24,"a_e",141,0
24,"a_e",142,0
24,"a_e",143,0
24,"a_e",144,0
24,"a_e",145,0
24,"a_e",146,0
24,"a_e",147,0
24,"a_e",148,0
24,"a_e",149,0
24,"a_e",150,0
24,"a_e",151,0
24,"a_e",152,0
24,"a_e",153,0
24,"a_e",154,0
24,"a_e",155,0
24,"a_e",156,0
25,"a_e",105,0
25,"a_e",106,0
25,"a_e",107,0
25,"a_e",108,0
25,"a_e",109,0
25,"a_e",110,0
25,"a_e",111,0
25,"a_e",112,0
25,"a_e",113,0
25,"a_e",114,0
25,"a_e",115,0
25,"a_e",116,0
25,"a_e",117,0
25,"a_e",118,0
25,"a_e",119,0
25,"a_e",120,0
25,"a_e",121,0
25,"a_e",122,0
25,"a_e",123,0
25,"a_e",124,0
25,"a_e",125,0
25,"a_e",126,0
25,"a_e",127,0
25,"a_e",128,0
25,"a_e",129,0
25,"a_e",130,0
25,"a_e",131,0
25,"a_e",132,0
25,"a_e",133,0
25,"a_e",134,0
25,"a_e",135,0
25,"a_e",136,0
25,"a_e",137,0
25,"a_e",138,0
25,"a_e",139,0
25,"a_e",140,0
25,"a_e",141,0
25,"a_e",142,0
25,"a_e",143,0
25,"a_e",144,0
25,"a_e",145,0
25,"a_e",146,0
25,"a_e",147,0
25,"a_e",148,0
25,"a_e",149,0
25,"a_e",150,0
25,"a_e",151,0
25,"a_e",152,0
25,"a_e",153,0
25,"a_e",154,0
25,"a_e",155,0
25,"a_e",156,0
1,"icu",105,0.185665395086057
1,"icu",106,0.150840686560808
1,"icu",107,0.126985854586884
1,"icu",108,0.10964870754845
1,"icu",109,0.0971521532603723
1,"icu",110,0.088397564976765
1,"icu",111,0.0826634992145522
1,"icu",112,0.0795106611235065
1,"icu",113,0.0787288340149331
1,"icu",114,0.0803159348761973
1,"icu",115,0.0844868555340882
1,"icu",116,0.0917157301913437
1,"icu",117,0.102822453891691
1,"icu",118,0.119124724675759
1,"icu",119,0.142693595041685
1,"icu",120,0.176778360169219
1,"icu",121,0.226513491726926
1,"icu",122,0.300098356422753
1,"icu",123,0.410765245973822
1,"icu",124,0.580032506331634
1,"icu",125,0.842941421322088
1,"icu",126,1.25598705006723
1,"icu",127,1.90753740679519
1,"icu",128,2.9267077903287
1,"icu",129,4.47613878173876
1,"icu",130,6.69513041128001
1,"icu",131,9.55187684434632
1,"icu",132,12.6380129732269
1,"icu",133,15.135839893426
1,"icu",134,16.221817809249
1,"icu",135,15.6509567666568
1,"icu",136,13.8643404865147
1,"icu",137,11.55995092713
1,"icu",138,9.27835842618369
1,"icu",139,7.29096316461922
1,"icu",140,5.67341250586014
1,"icu",141,4.40346702771655
1,"icu",142,3.42445788379573
1,"icu",143,2.67578401397752
1,"icu",144,2.10441458150036
1,"icu",145,1.66764087373153
1,"icu",146,1.33242802016533
1,"icu",147,1.07374832010104
1,"icu",148,0.872838374487924
1,"icu",149,0.715696393797456
1,"icu",150,0.591884813401317
1,"icu",151,0.49361270020385
1,"icu",152,0.41504718641676
1,"icu",153,0.351802745242079
1,"icu",154,0.300564766929175
1,"icu",155,0.258812988872191
1,"icu",156,0.224618518977427
2,"icu",105,0.276833505257687
2,"icu",106,0.225073983424962
2,"icu",107,0.189288053990434
2,"icu",108,0.163244202607157
2,"icu",109,0.14441202767138
2,"icu",110,0.131148421722737
2,"icu",111,0.122372032042076
2,"icu",112,0.117417384251625
2,"icu",113,0.115955166682715
2,"icu",114,0.117959684231334
2,"icu",115,0.12371921084255
2,"icu",116,0.133894047588279
2,"icu",117,0.149637291831471
2,"icu",118,0.172807970315338
2,"icu",119,0.206329512752079
2,"icu",120,0.254785259682685
2,"icu",121,0.325407645808529
2,"icu",122,0.429725283557971
2,"icu",123,0.586302996778278
2,"icu",124,0.825254716445134
2,"icu",125,1.1954716653667
2,"icu",126,1.77548038550997
2,"icu",127,2.68747265647523
2,"icu",128,4.10853257051562
2,"icu",129,6.2581983380691
2,"icu",130,9.31520770690651
2,"icu",131,13.2077537547672
2,"icu",132,17.3317392001137
2,"icu",133,20.5310651459376
2,"icu",134,21.7002985407736
2,"icu",135,20.6037747588862
2,"icu",136,17.9616561809709
2,"icu",137,14.780112837119
2,"icu",138,11.7688445124549
2,"icu",139,9.23226721963637
2,"icu",140,7.21433146569693
2,"icu",141,5.64949610243703
2,"icu",142,4.44684486272872
2,"icu",143,3.52318235231631
2,"icu",144,2.81148762757538
2,"icu",145,2.26034196451373
2,"icu",146,1.83100808546002
2,"icu",147,1.49445430126044
2,"icu",148,1.22891617319146
2,"icu",149,1.01803473874953
2,"icu",150,0.849469692377466
2,"icu",151,0.713873880098569
2,"icu",152,0.60413542264423
2,"icu",153,0.51481666751625
2,"icu",154,0.441737938630775
2,"icu",155,0.38166808619122
2,"icu",156,0.332094037085534
3,"icu",105,0.234454808669012
3,"icu",106,0.191572753074159
3,"icu",107,0.16168747788285
3,"icu",108,0.139847141295532
3,"icu",109,0.124007228806679
3,"icu",110,0.112828789352797
3,"icu",111,0.105428341525211
3,"icu",112,0.101263002423685
3,"icu",113,0.100068089185085
3,"icu",114,0.101832914224789
3,"icu",115,0.106811908499081
3,"icu",116,0.11557566239876
3,"icu",117,0.129114983122998
3,"icu",118,0.149023409648108
3,"icu",119,0.177803365381947
3,"icu",120,0.21937391964649
3,"icu",121,0.279913071229422
3,"icu",122,0.369258246040699
3,"icu",123,0.503232209382721
3,"icu",124,0.70746551929334
3,"icu",125,1.02349958852883
3,"icu",126,1.51790689855798
3,"icu",127,2.293946271697
3,"icu",128,3.50048431108213
3,"icu",129,5.32014237918701
3,"icu",130,7.89639969334955
3,"icu",131,11.1533164397101
3,"icu",132,14.5583040165099
3,"icu",133,17.1178505181541
3,"icu",134,17.9088216023671
3,"icu",135,16.7786579563622
3,"icu",136,14.3937635171784
3,"icu",137,11.6386771718858
3,"icu",138,9.11178947250742
3,"icu",139,7.04592970719974
3,"icu",140,5.44888192849679
3,"icu",141,4.24193176539731
3,"icu",142,3.33382232237829
3,"icu",143,2.64729166855066
3,"icu",144,2.12366933352377
3,"icu",145,1.72019882415327
3,"icu",146,1.40608422945138
3,"icu",147,1.15910422097589
3,"icu",148,0.963100455282777
3,"icu",149,0.806206882906935
3,"icu",150,0.679619808527449
3,"icu",151,0.576742492719028
3,"icu",152,0.49258521392632
3,"icu",153,0.423339845555077
3,"icu",154,0.366074805722347
3,"icu",155,0.318514116516524
3,"icu",156,0.278876028841602
4,"icu",105,0.143701822141117
4,"icu",106,0.118160987820902
4,"icu",107,0.100288475779363
4,"icu",108,0.0871837696026888
4,"icu",109,0.0776652193365027
4,"icu",110,0.0709567042693758
4,"icu",111,0.0665468642860089
4,"icu",112,0.0641252031326464
4,"icu",113,0.0635480443957971
4,"icu",114,0.0648269067825582
4,"icu",115,0.0681382497384415
4,"icu",116,0.0738579976056251
4,"icu",117,0.0826295428123179
4,"icu",118,0.0954817405586
4,"icu",119,0.114025991514483
4,"icu",120,0.140782465673333
4,"icu",121,0.179720644741615
4,"icu",122,0.237157346795542
4,"icu",123,0.323246893742124
4,"icu",124,0.454427595730259
4,"icu",125,0.65732234613629
4,"icu",126,0.974554055565763
4,"icu",127,1.47214143651386
4,"icu",128,2.24504672235178
4,"icu",129,3.40923084653478
4,"icu",130,5.05435432104945
4,"icu",131,7.12766519314455
4,"icu",132,9.28239996338744
4,"icu",133,10.8780176797325
4,"icu",134,11.3255810221302
4,"icu",135,10.5383115711686
4,"icu",136,8.95758778129935
4,"icu",137,7.1603013618715
4,"icu",138,5.53224724467407
4,"icu",139,4.21892074640396
4,"icu",140,3.2190834643969
4,"icu",141,2.47623052692488
4,"icu",142,1.92720168721287
4,"icu",143,1.51938363620602
4,"icu",144,1.21339209416467
4,"icu",145,0.980982484212676
4,"icu",146,0.802184288298527
4,"icu",147,0.662881751039946
4,"icu",148,0.553033682344095
4,"icu",149,0.465429574587722
4,"icu",150,0.394835987174138
4,"icu",151,0.337412221346588
4,"icu",152,0.290308328976652
4,"icu",153,0.25138620238038
4,"icu",154,0.219024165043893
4,"icu",155,0.191978734394741
4,"icu",156,0.16928596599604
5,"icu",105,0.120299967779033
5,"icu",106,0.0994889327460735
5,"icu",107,0.0849175211886635
5,"icu",108,0.0742272221355894
5,"icu",109,0.066473632827322
5,"icu",110,0.061038846756668
5,"icu",111,0.0575188421109814
5,"icu",112,0.0556736561745207
5,"icu",113,0.0554017599014473
5,"icu",114,0.0567329668716666
5,"icu",115,0.0598394730575324
5,"icu",116,0.0650684226899355
5,"icu",117,0.0730040344237634
5,"icu",118,0.0845742638008514
5,"icu",119,0.101228227170831
5,"icu",120,0.125229391437645
5,"icu",121,0.160141035428078
5,"icu",122,0.211632498578091
5,"icu",123,0.288816764191578
5,"icu",124,0.406445905005198
5,"icu",125,0.588410108618797
5,"icu",126,0.872950785097456
5,"icu",127,1.31927980045777
5,"icu",128,2.01251000075555
5,"icu",129,3.05641251594108
5,"icu",130,4.53075213844884
5,"icu",131,6.38680265223453
5,"icu",132,8.31127008143968
5,"icu",133,9.72737851453429
5,"icu",134,10.1067071080844
5,"icu",135,9.37474715811204
5,"icu",136,7.93286540136573
5,"icu",137,6.30305576059637
5,"icu",138,4.83319700392299
5,"icu",139,3.65324286378167
5,"icu",140,2.76034771271966
5,"icu",141,2.10188930501511
5,"icu",142,1.61955608606817
5,"icu",143,1.26491061391221
5,"icu",144,1.00176483765406
5,"icu",145,0.80422589358075
5,"icu",146,0.654045246800312
5,"icu",147,0.538382771832367
5,"icu",148,0.448159973613257
5,"icu",149,0.376907599934599
5,"icu",150,0.319973676620116
5,"icu",151,0.273980933427002
5,"icu",152,0.236453617675627
5,"icu",153,0.205558967014297
5,"icu",154,0.17992660759213
5,"icu",155,0.158521325123222
5,"icu",156,0.140552743510174
6,"icu",105,0.0932595291728517
6,"icu",106,0.0774174294066691
6,"icu",107,0.0663483963959459
6,"icu",108,0.058246873687698
6,"icu",109,0.0523966866638755
6,"icu",110,0.048332525739697
6,"icu",111,0.0457535831406106
6,"icu",112,0.0444859884172375
6,"icu",113,0.0444641813708017
6,"icu",114,0.0457269534195765
6,"icu",115,0.0484280747783326
6,"icu",116,0.0528645199818834
6,"icu",117,0.0595291427301809
6,"icu",118,0.0692004406290552
6,"icu",119,0.0830914695151229
6,"icu",120,0.103095723981801
6,"icu",121,0.132194265263338
6,"icu",122,0.175132111225566
6,"icu",123,0.239540940297996
6,"icu",124,0.337782876440865
6,"icu",125,0.489890788433272
6,"icu",126,0.727951734558432
6,"icu",127,1.10167700306264
6,"icu",128,1.68255823394811
6,"icu",129,2.55778827910802
6,"icu",130,3.79437267370374
6,"icu",131,5.35119482519469
6,"icu",132,6.96449223483531
6,"icu",133,8.14889322157758
6,"icu",134,8.46015048665331
6,"icu",135,7.83655943461267
6,"icu",136,6.617056572684
6,"icu",137,5.24171493381495
6,"icu",138,4.00346301308576
6,"icu",139,3.01133143251677
6,"icu",140,2.262360088394
6,"icu",141,1.71169675878721
6,"icu",142,1.30981487125334
6,"icu",143,1.01563270916886
6,"icu",144,0.798488521388868
6,"icu",145,0.636462211366382
6,"icu",146,0.514116653469346
6,"icu",147,0.420597361630788
6,"icu",148,0.34823533599191
6,"icu",149,0.291570694824075
6,"icu",150,0.246682301167509
6,"icu",151,0.210728698217835
6,"icu",152,0.181632362001835
6,"icu",153,0.157860882375096
6,"icu",154,0.13827399125688
6,"icu",155,0.122015683402398
6,"icu",156,0.108437517380015
7,"icu",105,0.0657579802595894
7,"icu",106,0.0546316361355548
7,"icu",107,0.0468870466824478
7,"icu",108,0.0412424052709212
7,"icu",109,0.0371898336733868
7,"icu",110,0.0344014089227939
7,"icu",111,0.0326672831305229
7,"icu",112,0.0318688267814473
7,"icu",113,0.0319655905566117
7,"icu",114,0.0329930362704982
7,"icu",115,0.0350710463474679
7,"icu",116,0.0384255304893264
7,"icu",117,0.0434283345644568
7,"icu",118,0.0506650253350254
7,"icu",119,0.0610472470730197
7,"icu",120,0.0759982807335605
7,"icu",121,0.0977605112217457
7,"icu",122,0.129906735776023
7,"icu",123,0.178189806109117
7,"icu",124,0.251939740846361
7,"icu",125,0.366295059975543
7,"icu",126,0.545535966358321
7,"icu",127,0.827334571454592
7,"icu",128,1.26596635571754
7,"icu",129,1.92780853868976
7,"icu",130,2.864255552586
7,"icu",131,4.04502539120191
7,"icu",132,5.27082717158878
7,"icu",133,6.17314201567172
7,"icu",134,6.41302962699624
7,"icu",135,5.94143940650801
7,"icu",136,5.01487375227198
7,"icu",137,3.96832293339667
7,"icu",138,3.02556173311464
7,"icu",139,2.27026394777954
7,"icu",140,1.70045133692924
7,"icu",141,1.2819731674075
7,"icu",142,0.977014078937201
7,"icu",143,0.754184415475771
7,"icu",144,0.59005914120175
7,"icu",145,0.467901223142563
7,"icu",146,0.375932435743133
7,"icu",147,0.305876814784134
7,"icu",148,0.251890094476447
7,"icu",149,0.209812389923678
7,"icu",150,0.176655884831267
7,"icu",151,0.150254615850366
7,"icu",152,0.12902401019413
7,"icu",153,0.11179450498346
7,"icu",154,0.0976953862373638
7,"icu",155,0.0860729409105559
7,"icu",156,0.0764322783129738
8,"icu",105,0.0535068401425388
8,"icu",106,0.0443926991286194
8,"icu",107,0.0380698101392993
8,"icu",108,0.0334786598367591
8,"icu",109,0.0301974722986491
8,"icu",110,0.0279548475651977
8,"icu",111,0.026578059417756
8,"icu",112,0.0259705014059474
8,"icu",113,0.0261008005614796
8,"icu",114,0.0270010388635353
8,"icu",115,0.0287740980556181
8,"icu",116,0.0316121105570393
8,"icu",117,0.0358304662273264
8,"icu",118,0.0419255650029399
8,"icu",119,0.0506706135857053
8,"icu",120,0.0632740176997451
8,"icu",121,0.0816422020550818
8,"icu",122,0.108817358142215
8,"icu",123,0.149706103447051
8,"icu",124,0.212279944554916
8,"icu",125,0.309496800897046
8,"icu",126,0.462179634910842
8,"icu",127,0.702704486253787
8,"icu",128,1.07783226633907
8,"icu",129,1.64495299106249
8,"icu",130,2.44890894497201
8,"icu",131,3.46457848957729
8,"icu",132,4.52127551395717
8,"icu",133,5.30173642401199
8,"icu",134,5.51283755865836
8,"icu",135,5.11049207145301
8,"icu",136,4.31448818824315
8,"icu",137,3.41344520132385
8,"icu",138,2.60086576394662
8,"icu",139,1.94953825054263
8,"icu",140,1.45814467578486
8,"icu",141,1.09737514106148
8,"icu",142,0.834622255164164
8,"icu",143,0.642773885205735
8,"icu",144,0.501585977779544
8,"icu",145,0.396596091265138
8,"icu",146,0.317632248483762
8,"icu",147,0.257552534996488
8,"icu",148,0.211317481130948
8,"icu",149,0.175342402851955
8,"icu",150,0.147053655410556
8,"icu",151,0.124585618160288
8,"icu",152,0.106572944723952
8,"icu",153,0.0920070660241695
8,"icu",154,0.0801361984222207
8,"icu",155,0.070395030567804
8,"icu",156,0.0623548418098238
9,"icu",105,0.0413101059632368
9,"icu",106,0.0341907523710614
9,"icu",107,0.0292581601516566
9,"icu",108,0.0256837302607119
9,"icu",109,0.0231341003715059
9,"icu",110,0.02139474516919
9,"icu",111,0.0203291814625962
9,"icu",112,0.0198609724897859
9,"icu",113,0.019964979577936
9,"icu",114,0.0206658321892397
9,"icu",115,0.0220436097079975
9,"icu",116,0.0242482860666889
9,"icu",117,0.0275264451354915
9,"icu",118,0.032266743884111
9,"icu",119,0.0390754557418407
9,"icu",120,0.0489015928037442
9,"icu",121,0.0632449020692497
9,"icu",122,0.084502989837023
9,"icu",123,0.116550412654163
9,"icu",124,0.165695172679374
9,"icu",125,0.242214592408302
9,"icu",126,0.362666434342855
9,"icu",127,0.552873529378107
9,"icu",128,0.85028131896075
9,"icu",129,1.30114567346044
9,"icu",130,1.94227731941747
9,"icu",131,2.75525221168557
9,"icu",132,3.60531229674457
9,"icu",133,4.2388186280309
9,"icu",134,4.41848941861722
9,"icu",135,4.10485079557911
9,"icu",136,3.47137212659777
9,"icu",137,2.7495428326231
9,"icu",138,2.09618518816558
9,"icu",139,1.5712942865588
9,"icu",140,1.1747619394505
9,"icu",141,0.883443034701037
9,"icu",142,0.671227697680743
9,"icu",143,0.516291183375883
9,"icu",144,0.402294392348267
9,"icu",145,0.317549658884316
9,"icu",146,0.253832906005208
9,"icu",147,0.205370268185141
9,"icu",148,0.168089111450386
9,"icu",149,0.13909396706129
9,"icu",150,0.116307102328888
9,"icu",151,0.0982230133007254
9,"icu",152,0.0837401409530713
9,"icu",153,0.0720447060255479
9,"icu",154,0.0625298406101603
9,"icu",155,0.0547387963483861
9,"icu",156,0.0483247205794967
10,"icu",105,0.0342487315181476
10,"icu",106,0.0282698105811598
10,"icu",107,0.0241287790742244
10,"icu",108,0.0211290583376578
10,"icu",109,0.0189884496346426
10,"icu",110,0.0175250663595401
10,"icu",111,0.016622851779693
10,"icu",112,0.0162162231861873
10,"icu",113,0.016282511177759
10,"icu",114,0.0168404603621862
10,"icu",115,0.0179547522701688
10,"icu",116,0.0197478138007872
10,"icu",117,0.0224218065046963
10,"icu",118,0.0262961666261116
10,"icu",119,0.0318701158172621
10,"icu",120,0.0399263851806801
10,"icu",121,0.0517039481563053
10,"icu",122,0.0691868408340069
10,"icu",123,0.0955870082325952
10,"icu",124,0.13614381883406
10,"icu",125,0.199411925099801
10,"icu",126,0.29920797559211
10,"icu",127,0.457145572232929
10,"icu",128,0.704696833275631
10,"icu",129,1.0810108194919
10,"icu",130,1.61786894892679
10,"icu",131,2.30141500517167
10,"icu",132,3.02030127701125
10,"icu",133,3.56181756295638
10,"icu",134,3.72397793577078
10,"icu",135,3.46932133203443
10,"icu",136,2.94098489251467
10,"icu",137,2.33385605946579
10,"icu",138,1.78165282716845
10,"icu",139,1.33659882993134
10,"icu",140,0.999649786798382
10,"icu",141,0.75175690671283
10,"icu",142,0.571024048244047
10,"icu",143,0.439013700234499
10,"icu",144,0.341866330765355
10,"icu",145,0.269643636931887
10,"icu",146,0.215342379190548
10,"icu",147,0.174042039222725
10,"icu",148,0.142270861766575
10,"icu",149,0.1175606203073
10,"icu",150,0.09814055128032
10,"icu",151,0.0827279993588125
10,"icu",152,0.0703847953145295
10,"icu",153,0.0604180740821823
10,"icu",154,0.0523112241519955
10,"icu",155,0.045675406514709
10,"icu",156,0.0402152361351594
11,"icu",105,0.0255544031153582
11,"icu",106,0.0210477885833118
11,"icu",107,0.0179249016122245
11,"icu",108,0.0156611974969391
11,"icu",109,0.0140430607700292
11,"icu",110,0.0129324992806338
11,"icu",111,0.0122411051292906
11,"icu",112,0.0119183627740736
11,"icu",113,0.0119458113510095
11,"icu",114,0.0123357386896591
11,"icu",115,0.0131343489602491
11,"icu",116,0.0144303130806336
11,"icu",117,0.0163708180231435
11,"icu",118,0.0191890586638827
11,"icu",119,0.023250107246983
11,"icu",120,0.0291271404381452
11,"icu",121,0.0377285607167688
11,"icu",122,0.0505108637356358
11,"icu",123,0.0698350875136046
11,"icu",124,0.0995581616173399
11,"icu",125,0.145987745340571
11,"icu",126,0.219330480272211
11,"icu",127,0.335589494669632
11,"icu",128,0.518140111604258
11,"icu",129,0.796210937740308
11,"icu",130,1.19387886375791
11,"icu",131,1.70177914680688
11,"icu",132,2.23835040967248
11,"icu",133,2.64602021197742
11,"icu",134,2.77346744117725
11,"icu",135,2.59035380678237
11,"icu",136,2.20113434223088
11,"icu",137,1.75042979292374
11,"icu",138,1.33858268514441
11,"icu",139,1.00553287442762
11,"icu",140,0.752751704802629
11,"icu",141,0.566441731092441
11,"icu",142,0.430432013300671
11,"icu",143,0.330999558583602
11,"icu",144,0.257781607487319
11,"icu",145,0.203325095113139
11,"icu",146,0.162367556292716
11,"icu",147,0.13120667487558
11,"icu",148,0.107228037098738
11,"icu",149,0.0885720307428148
11,"icu",150,0.0739042071134645
11,"icu",151,0.062257897770265
11,"icu",152,0.0529260998044596
11,"icu",153,0.0453867432169543
11,"icu",154,0.0392506266770283
11,"icu",155,0.0342248456784353
11,"icu",156,0.0300868972273221
12,"icu",105,0.0220644290901415
12,"icu",106,0.0181560068872409
12,"icu",107,0.0154450755921198
12,"icu",108,0.0134779504934894
12,"icu",109,0.0120692450215463
12,"icu",110,0.0110989733191297
12,"icu",111,0.0104900158984557
12,"icu",112,0.0101979435609457
12,"icu",113,0.010205885679013
12,"icu",114,0.0105232916734886
12,"icu",115,0.0111885177232073
12,"icu",116,0.0122759967160591
12,"icu",117,0.0139097772308823
12,"icu",118,0.0162867714319457
12,"icu",119,0.0197155955201539
12,"icu",120,0.0246811791605271
12,"icu",121,0.0319526093983693
12,"icu",122,0.0427638871006131
12,"icu",123,0.0591169242152013
12,"icu",124,0.0842848359435091
12,"icu",125,0.123625838568135
12,"icu",126,0.185820329691157
12,"icu",127,0.284497603295328
12,"icu",128,0.439602657339796
12,"icu",129,0.67614997334367
12,"icu",130,1.01491852619338
12,"icu",131,1.44840022038542
12,"icu",132,1.90767993032689
12,"icu",133,2.25876444408016
12,"icu",134,2.37208705748205
12,"icu",135,2.22028870677109
12,"icu",136,1.89099999456237
12,"icu",137,1.50713497465365
12,"icu",138,1.15480595762658
12,"icu",139,0.868896048494541
12,"icu",140,0.651290094325288
12,"icu",141,0.490556708352871
12,"icu",142,0.373024502131929
12,"icu",143,0.286995001741449
12,"icu",144,0.223589175484961
12,"icu",145,0.176398663232148
12,"icu",146,0.140887370419463
12,"icu",147,0.113858344427779
12,"icu",148,0.0930511994379463
12,"icu",149,0.076856717679432
12,"icu",150,0.0641194182190791
12,"icu",151,0.0540019189424692
12,"icu",152,0.045891598386647
12,"icu",153,0.0393359957585978
12,"icu",154,0.0339977633392837
12,"icu",155,0.0296230003065183
12,"icu",156,0.026018818013608
13,"icu",105,0.166523081976918
13,"icu",106,0.139866441058663
13,"icu",107,0.121270062823788
13,"icu",108,0.107675453118341
13,"icu",109,0.0979545218926699
13,"icu",110,0.0913791962946179
13,"icu",111,0.0874905076350633
13,"icu",112,0.0860489703343033
13,"icu",113,0.0870138906464485
13,"icu",114,0.0905483120423133
13,"icu",115,0.0970527599424373
13,"icu",116,0.107236584921888
13,"icu",117,0.122243953742936
13,"icu",118,0.143864699192121
13,"icu",119,0.174881944943708
13,"icu",120,0.219644585772053
13,"icu",121,0.285012358683653
13,"icu",122,0.381916085320542
13,"icu",123,0.527913554703049
13,"icu",124,0.751278691576459
13,"icu",125,1.09719082824531
13,"icu",126,1.63596282760483
13,"icu",127,2.47046472002017
13,"icu",128,3.73174532692598
13,"icu",129,5.53499821062888
13,"icu",130,7.85294225513889
13,"icu",131,10.3107808803362
13,"icu",132,12.1056360508131
13,"icu",133,12.4101195674518
13,"icu",134,11.1049967715255
13,"icu",135,8.91479323393031
13,"icu",136,6.71542164839761
13,"icu",137,4.96186252923472
13,"icu",138,3.70512786958819
13,"icu",139,2.83217784661642
13,"icu",140,2.21885890058162
13,"icu",141,1.77516003798859
13,"icu",142,1.44390101062955
13,"icu",143,1.18987646560232
13,"icu",144,0.99101020029883
13,"icu",145,0.832881433647847
13,"icu",146,0.705628543524685
13,"icu",147,0.602228102417983
13,"icu",148,0.517517313526643
13,"icu",149,0.447613422431546
13,"icu",150,0.38954941999227
13,"icu",151,0.341032562459068
13,"icu",152,0.300276514874604
13,"icu",153,0.265880299250201
13,"icu",154,0.236738700645154
13,"icu",155,0.211974837109752
13,"icu",156,0.190888923478514
14,"icu",105,0
14,"icu",106,0
14,"icu",107,0
14,"icu",108,0
14,"icu",109,0
14,"icu",110,0
14,"icu",111,0
14,"icu",112,0
14,"icu",113,0
14,"icu",114,0
14,"icu",115,0
14,"icu",116,0
14,"icu",117,0
14,"icu",118,0
14,"icu",119,0
14,"icu",120,0
14,"icu",121,0
14,"icu",122,0
14,"icu",123,0
14,"icu",124,0
14,"icu",125,0
14,"icu",126,0
14,"icu",127,0
14,"icu",128,0
14,"icu",129,0
14,"icu",130,0
14,"icu",131,0
14,"icu",132,0
14,"icu",133,0
14,"icu",134,0
14,"icu",135,0
14,"icu",136,0
14,"icu",137,0
14,"icu",138,0
14,"icu",139,0
14,"icu",140,0
14,"icu",141,0
14,"icu",142,0
14,"icu",143,0
14,"icu",144,0
14,"icu",145,0
14,"icu",146,0
14,"icu",147,0
14,"icu",148,0
14,"icu",149,0
14,"icu",150,0
14,"icu",151,0
14,"icu",152,0
14,"icu",153,0
14,"icu",154,0
14,"icu",155,0
14,"icu",156,0
15,"icu",105,0
15,"icu",106,0
15,"icu",107,0
15,"icu",108,0
15,"icu",109,0
15,"icu",110,0
15,"icu",111,0
15,"icu",112,0
15,"icu",113,0
15,"icu",114,0
15,"icu",115,0
15,"icu",116,0
15,"icu",117,0
15,"icu",118,0
15,"icu",119,0
15,"icu",120,0
15,"icu",121,0
15,"icu",122,0
15,"icu",123,0
15,"icu",124,0
15,"icu",125,0
15,"icu",126,0
15,"icu",127,0
15,"icu",128,0
15,"icu",129,0
15,"icu",130,0
15,"icu",131,0
15,"icu",132,0
15,"icu",133,0
15,"icu",134,0
15,"icu",135,0
15,"icu",136,0
15,"icu",137,0
15,"icu",138,0
15,"icu",139,0
15,"icu",140,0
15,"icu",141,0
15,"icu",142,0
15,"icu",143,0
15,"icu",144,0
15,"icu",145,0
15,"icu",146,0
15,"icu",147,0
15,"icu",148,0
15,"icu",149,0
15,"icu",150,0
15,"icu",151,0
15,"icu",152,0
15,"icu",153,0
15,"icu",154,0
15,"icu",155,0
15,"icu",156,0
16,"icu",105,0
16,"icu",106,0
16,"icu",107,0
16,"icu",108,0
16,"icu",109,0
16,"icu",110,0
16,"icu",111,0
16,"icu",112,0
16,"icu",113,0
16,"icu",114,0
16,"icu",115,0
16,"icu",116,0
16,"icu",117,0
16,"icu",118,0
16,"icu",119,0
16,"icu",120,0
16,"icu",121,0
16,"icu",122,0
16,"icu",123,0
16,"icu",124,0
16,"icu",125,0
16,"icu",126,0
16,"icu",127,0
16,"icu",128,0
16,"icu",129,0
16,"icu",130,0
16,"icu",131,0
16,"icu",132,0
16,"icu",133,0
16,"icu",134,0
16,"icu",135,0
16,"icu",136,0
16,"icu",137,0
16,"icu",138,0
16,"icu",139,0
16,"icu",140,0
16,"icu",141,0
16,"icu",142,0
16,"icu",143,0
16,"icu",144,0
16,"icu",145,0
16,"icu",146,0
16,"icu",147,0
16,"icu",148,0
16,"icu",149,0
16,"icu",150,0
16,"icu",151,0
16,"icu",152,0
16,"icu",153,0
16,"icu",154,0
16,"icu",155,0
16,"icu",156,0
17,"icu",105,0
17,"icu",106,0
17,"icu",107,0
17,"icu",108,0
17,"icu",109,0
17,"icu",110,0
17,"icu",111,0
17,"icu",112,0
17,"icu",113,0
17,"icu",114,0
17,"icu",115,0
17,"icu",116,0
17,"icu",117,0
17,"icu",118,0
17,"icu",119,0
17,"icu",120,0
17,"icu",121,0
17,"icu",122,0
17,"icu",123,0
17,"icu",124,0
17,"icu",125,0
17,"icu",126,0
17,"icu",127,0
17,"icu",128,0
17,"icu",129,0
17,"icu",130,0
17,"icu",131,0
17,"icu",132,0
17,"icu",133,0
17,"icu",134,0
17,"icu",135,0
17,"icu",136,0
17,"icu",137,0
17,"icu",138,0
17,"icu",139,0
17,"icu",140,0
17,"icu",141,0
17,"icu",142,0
17,"icu",143,0
17,"icu",144,0
17,"icu",145,0
17,"icu",146,0
17,"icu",147,0
17,"icu",148,0
17,"icu",149,0
17,"icu",150,0
17,"icu",151,0
17,"icu",152,0
17,"icu",153,0
17,"icu",154,0
17,"icu",155,0
17,"icu",156,0
18,"icu",105,0
18,"icu",106,0
18,"icu",107,0
18,"icu",108,0
18,"icu",109,0
18,"icu",110,0
18,"icu",111,0
18,"icu",112,0
18,"icu",113,0
18,"icu",114,0
18,"icu",115,0
18,"icu",116,0
18,"icu",117,0
18,"icu",118,0
18,"icu",119,0
18,"icu",120,0
18,"icu",121,0
18,"icu",122,0
18,"icu",123,0
18,"icu",124,0
18,"icu",125,0
18,"icu",126,0
18,"icu",127,0
18,"icu",128,0
18,"icu",129,0
18,"icu",130,0
18,"icu",131,0
18,"icu",132,0
18,"icu",133,0
18,"icu",134,0
18,"icu",135,0
18,"icu",136,0
18,"icu",137,0
18,"icu",138,0
18,"icu",139,0
18,"icu",140,0
18,"icu",141,0
18,"icu",142,0
18,"icu",143,0
18,"icu",144,0
18,"icu",145,0
18,"icu",146,0
18,"icu",147,0
18,"icu",148,0
18,"icu",149,0
18,"icu",150,0
18,"icu",151,0
18,"icu",152,0
18,"icu",153,0
18,"icu",154,0
18,"icu",155,0
18,"icu",156,0
19,"icu",105,0
19,"icu",106,0
19,"icu",107,0
19,"icu",108,0
19,"icu",109,0
19,"icu",110,0
19,"icu",111,0
19,"icu",112,0
19,"icu",113,0
19,"icu",114,0
19,"icu",115,0
19,"icu",116,0
19,"icu",117,0
19,"icu",118,0
19,"icu",119,0
19,"icu",120,0
19,"icu",121,0
19,"icu",122,0
19,"icu",123,0
19,"icu",124,0
19,"icu",125,0
19,"icu",126,0
19,"icu",127,0
19,"icu",128,0
19,"icu",129,0
19,"icu",130,0
19,"icu",131,0
19,"icu",132,0
19,"icu",133,0
19,"icu",134,0
19,"icu",135,0
19,"icu",136,0
19,"icu",137,0
19,"icu",138,0
19,"icu",139,0
19,"icu",140,0
19,"icu",141,0
19,"icu",142,0
19,"icu",143,0
19,"icu",144,0
19,"icu",145,0
19,"icu",146,0
19,"icu",147,0
19,"icu",148,0
19,"icu",149,0
19,"icu",150,0
19,"icu",151,0
19,"icu",152,0
19,"icu",153,0
19,"icu",154,0
19,"icu",155,0
19,"icu",156,0
20,"icu",105,0
20,"icu",106,0
20,"icu",107,0
20,"icu",108,0
20,"icu",109,0
20,"icu",110,0
20,"icu",111,0
20,"icu",112,0
20,"icu",113,0
20,"icu",114,0
20,"icu",115,0
20,"icu",116,0
20,"icu",117,0
20,"icu",118,0
20,"icu",119,0
20,"icu",120,0
20,"icu",121,0
20,"icu",122,0
20,"icu",123,0
20,"icu",124,0
20,"icu",125,0
20,"icu",126,0
20,"icu",127,0
20,"icu",128,0
20,"icu",129,0
20,"icu",130,0
20,"icu",131,0
20,"icu",132,0
20,"icu",133,0
20,"icu",134,0
20,"icu",135,0
20,"icu",136,0
20,"icu",137,0
20,"icu",138,0
20,"icu",139,0
20,"icu",140,0
20,"icu",141,0
20,"icu",142,0
20,"icu",143,0
20,"icu",144,0
20,"icu",145,0
20,"icu",146,0
20,"icu",147,0
20,"icu",148,0
20,"icu",149,0
20,"icu",150,0
20,"icu",151,0
20,"icu",152,0
20,"icu",153,0
20,"icu",154,0
20,"icu",155,0
20,"icu",156,0
21,"icu",105,0
21,"icu",106,0
21,"icu",107,0
21,"icu",108,0
21,"icu",109,0
21,"icu",110,0
21,"icu",111,0
21,"icu",112,0
21,"icu",113,0
21,"icu",114,0
21,"icu",115,0
21,"icu",116,0
21,"icu",117,0
21,"icu",118,0
21,"icu",119,0
21,"icu",120,0
21,"icu",121,0
21,"icu",122,0
21,"icu",123,0
21,"icu",124,0
21,"icu",125,0
21,"icu",126,0
21,"icu",127,0
21,"icu",128,0
21,"icu",129,0
21,"icu",130,0
21,"icu",131,0
21,"icu",132,0
21,"icu",133,0
21,"icu",134,0
21,"icu",135,0
21,"icu",136,0
21,"icu",137,0
21,"icu",138,0
21,"icu",139,0
21,"icu",140,0
21,"icu",141,0
21,"icu",142,0
21,"icu",143,0
21,"icu",144,0
21,"icu",145,0
21,"icu",146,0
21,"icu",147,0
21,"icu",148,0
21,"icu",149,0
21,"icu",150,0
21,"icu",151,0
21,"icu",152,0
21,"icu",153,0
21,"icu",154,0
21,"icu",155,0
21,"icu",156,0
22,"icu",105,0.400189931252153
22,"icu",106,0.320315108568735
22,"icu",107,0.26521992551956
22,"icu",108,0.225567531402166
22,"icu",109,0.197105440014592
22,"icu",110,0.177055758302209
22,"icu",111,0.163598461246241
22,"icu",112,0.155596417841354
22,"icu",113,0.152435443340252
22,"icu",114,0.153945942043279
22,"icu",115,0.160392095079478
22,"icu",116,0.172528936034596
22,"icu",117,0.191742586107827
22,"icu",118,0.220308606537782
22,"icu",119,0.261833614456585
22,"icu",120,0.321995094520321
22,"icu",121,0.409778753890664
22,"icu",122,0.53955619668436
22,"icu",123,0.734584544713376
22,"icu",124,1.03288672445578
22,"icu",125,1.49699523661893
22,"icu",126,2.22953272134344
22,"icu",127,3.39621647688443
22,"icu",128,5.25394941747402
22,"icu",129,8.16789310379995
22,"icu",130,12.5690069089693
22,"icu",131,18.7605815226667
22,"icu",132,26.5097863482854
22,"icu",133,34.6158784689508
22,"icu",134,41.027254813056
22,"icu",135,43.8500830766984
22,"icu",136,42.5095755901174
22,"icu",137,37.9324898207059
22,"icu",138,31.7410271318006
22,"icu",139,25.3680165539523
22,"icu",140,19.6733037055594
22,"icu",141,14.9912482541283
22,"icu",142,11.3306233552542
22,"icu",143,8.55218511866809
22,"icu",144,6.4770308397215
22,"icu",145,4.93804219478812
22,"icu",146,3.79776465269168
22,"icu",147,2.95020726949129
22,"icu",148,2.31647215191369
22,"icu",149,1.83894397767484
22,"icu",150,1.47594536976659
22,"icu",151,1.19742621025553
22,"icu",152,0.981701045490194
22,"icu",153,0.813062757112943
22,"icu",154,0.680069690017606
22,"icu",155,0.574328262601512
22,"icu",156,0.489631469879242
23,"icu",105,0.350283612844075
23,"icu",106,0.277718444939315
23,"icu",107,0.227841005145243
23,"icu",108,0.192082832012403
23,"icu",109,0.16644982374505
23,"icu",110,0.148335152967155
23,"icu",111,0.136028110690312
23,"icu",112,0.128446135264416
23,"icu",113,0.124976191092233
23,"icu",114,0.125391874255964
23,"icu",115,0.129830471426417
23,"icu",116,0.138827129762452
23,"icu",117,0.153415862922952
23,"icu",118,0.175322817075211
23,"icu",119,0.207300612725686
23,"icu",120,0.253690712405222
23,"icu",121,0.321365229785341
23,"icu",122,0.421309330214264
23,"icu",123,0.571289309200365
23,"icu",124,0.800346084802104
23,"icu",125,1.1562778980738
23,"icu",126,1.71772690843626
23,"icu",127,2.61241325251033
23,"icu",128,4.04064978728489
23,"icu",129,6.2940192613512
23,"icu",130,9.73595552137661
23,"icu",131,14.6761291908403
23,"icu",132,21.0741419065041
23,"icu",133,28.1668165810333
23,"icu",134,34.4115184887382
23,"icu",135,38.1082034881241
23,"icu",136,38.356366166276
23,"icu",137,35.4835558713846
23,"icu",138,30.6461645461419
23,"icu",139,25.1203100464732
23,"icu",140,19.8380792951793
23,"icu",141,15.2860172637208
23,"icu",142,11.6092056042903
23,"icu",143,8.75821072400976
23,"icu",144,6.60204778708947
23,"icu",145,4.99403497094884
23,"icu",146,3.80231678412063
23,"icu",147,2.91982552835431
23,"icu",148,2.26432181646622
23,"icu",149,1.77462826771733
23,"icu",150,1.40605613454385
23,"icu",151,1.12626604379517
23,"icu",152,0.911936142063596
23,"icu",153,0.746236658315479
23,"icu",154,0.616979362139388
23,"icu",155,0.515287621010993
23,"icu",156,0.43465074013984
24,"icu",105,1.13889955198106
24,"icu",106,0.900876841676687
24,"icu",107,0.737358884349097
24,"icu",108,0.620222362012221
24,"icu",109,0.536278013825178
24,"icu",110,0.476911529077108
24,"icu",111,0.436463253137268
24,"icu",112,0.411339892351139
24,"icu",113,0.399484999793916
24,"icu",114,0.400097778532465
24,"icu",115,0.413547174501627
24,"icu",116,0.441469739149701
24,"icu",117,0.487079892590587
24,"icu",118,0.555770875984135
24,"icu",119,0.656158108675042
24,"icu",120,0.801835883586618
24,"icu",121,1.01431948016967
24,"icu",122,1.32798683651786
24,"icu",123,1.79840702866489
24,"icu",124,2.51636094833761
24,"icu",125,3.63118263106785
24,"icu",126,5.38846527483651
24,"icu",127,8.18700026415827
24,"icu",128,12.6524701143258
24,"icu",129,19.6970762212033
24,"icu",130,30.463313640153
24,"icu",131,45.9430186487977
24,"icu",132,66.0719137680826
24,"icu",133,88.5784106795218
24,"icu",134,108.765501991989
24,"icu",135,121.33138127726
24,"icu",136,123.256093170345
24,"icu",137,115.217675906555
24,"icu",138,100.561941955379
24,"icu",139,83.2257538358555
24,"icu",140,66.2527506476433
24,"icu",141,51.3574742553107
24,"icu",142,39.1579532398992
24,"icu",143,29.6011630960839
24,"icu",144,22.3221457293463
24,"icu",145,16.8695741755259
24,"icu",146,12.8194871263483
24,"icu",147,9.81865544711535
24,"icu",148,7.59128634522725
24,"icu",149,5.9300529366955
24,"icu",150,4.68252284827648
24,"icu",151,3.73798832956587
24,"icu",152,3.01648792697819
24,"icu",153,2.46031444788411
24,"icu",154,2.02771520744675
24,"icu",155,1.68833116205273
24,"icu",156,1.4199407121376
25,"icu",105,1.77585722829261
25,"icu",106,1.40474851529162
25,"icu",107,1.14981573090525
25,"icu",108,0.967174915322702
25,"icu",109,0.83626949668658
25,"icu",110,0.743674043972756
25,"icu",111,0.680567016628035
25,"icu",112,0.641346233974324
25,"icu",113,0.622803632895741
25,"icu",114,0.62368684010639
25,"icu",115,0.644564782047736
25,"icu",116,0.687979242295557
25,"icu",117,0.758926742930018
25,"icu",118,0.865792309929066
25,"icu",119,1.02197075095279
25,"icu",120,1.24859621979308
25,"icu",121,1.57911314548035
25,"icu",122,2.06695257395737
25,"icu",123,2.79846734731254
25,"icu",124,3.91470388090956
25,"icu",125,5.64763964746563
25,"icu",126,8.37870707821192
25,"icu",127,12.72713931564
25,"icu",128,19.664243941351
25,"icu",129,30.6056789863545
25,"icu",130,47.3235908318639
25,"icu",131,71.3542494559355
25,"icu",132,102.591361867019
25,"icu",133,137.499680235718
25,"icu",134,168.782199128552
25,"icu",135,188.215522170031
25,"icu",136,191.132076742853
25,"icu",137,178.606307911384
25,"icu",138,155.842397476941
25,"icu",139,128.948275704014
25,"icu",140,102.637646952934
25,"icu",141,79.5602022543593
25,"icu",142,60.6664707765859
25,"icu",143,45.8691483527665
25,"icu",144,34.5998550096398
25,"icu",145,26.1581211573121
25,"icu",146,19.8869280009077
25,"icu",147,15.2393514626483
25,"icu",148,11.7886037648291
25,"icu",149,9.21395606686679
25,"icu",150,7.27964009079505
25,"icu",151,5.81442976137682
25,"icu",152,4.69464401164992
25,"icu",153,3.83100962389035
25,"icu",154,3.15892026413426
25,"icu",155,2.63138618067795
25,"icu",156,2.21400129935015
