draw,age_group,A0,A1,A2,A3,E0,E1,E2,E3,I0,I1,I2,I3,R0,R1,R2,R3,S0,S1,S2,S3
1,1,2.26993290666375,0.00971732380021109,8.83872089797846e-05,2.12857693468184e-07,46.1215771534402,0.202554021010356,0.00242372424449645,5.91522146679342e-06,52.6975797680509,0.225592326799754,0.00205195139557381,4.94159331663654e-06,670.063112152709,8.43960179249688,0.0722634201400913,0.000119962593556359,29575.3164945815,134.439503210619,1.93593224600458,0.0137300717190534
1,2,3.18200556455555,0.0469332982115358,0.000548321231291696,1.44483444374733e-06,55.6679542932793,0.960821857993709,0.0149893603333564,4.00644385443658e-05,73.8717834206839,1.08957899989883,0.0127295400404495,3.35425237140197e-05,2385.61718467989,49.5604621298479,0.476134935395658,0.000852476972077012,31225.8521746361,627.150465640903,11.9302137096761,0.0927696984637784
1,3,3.3755806519651,0.125515565771513,0.00177673718583901,5.11321742059136e-06,56.356854149266,2.54449394966532,0.0484496860767791,0.000141476749894561,78.3657218009442,2.9139039836635,0.041247804859231,0.000118705791744758,5358.25299708084,153.796434361086,1.63394223012473,0.00320000466528923,30914.6680824284,1646.68279809656,38.4532934760616,0.32679393800955
1,4,3.21784996436465,0.243633001839503,0.00402743891239455,1.27396214168338e-05,52.8638061411738,4.90994409323253,0.109594387648745,0.000351642271759786,74.7039283323827,5.6560568424187,0.0934989235689789,0.000295756413706117,9347.89677910676,336.261269850197,3.92879392889314,0.00867179104554298,28810.2193356898,3161.71073041329,86.7783959884825,0.810089230759205
1,5,2.88839536221025,0.38364131862218,0.0072377145668006,2.5633402361035e-05,47.1096457318308,7.70187706299683,0.196588172230091,0.00070549194664192,67.0554819285196,8.90641698310219,0.168027010667438,0.000595091714685329,13734.0486421302,585.105489511596,7.55128048361639,0.0197374594833964,25586.1322855844,4943.81731712352,155.340719162931,1.62009117500797
1,6,2.5090830384204,0.522404108972678,0.0111179816903367,4.56098978914593e-05,40.7434202863448,10.4599980367842,0.301455026792291,0.0012507442387214,58.2495646341185,12.1278616310325,0.258109270660058,0.00105885562753502,17840.5462040493,870.77544122013,12.6261646849892,0.0415496254985181,22073.1922297814,6699.80140694589,237.743730002636,2.86078971802727
1,7,2.16041772561573,0.64229496646443,0.0154239774214477,7.67887480829014e-05,34.967068105482,12.8363825591349,0.417459852896435,0.0020966445585451,50.1551323802235,14.911185317642,0.358075024209409,0.00178268756997534,21215.3552271927,1166.91244639004,19.6018006572311,0.0851958402358011,18905.2074674989,8209.40821210693,328.581375994763,4.77279482068687
1,8,1.87919501984608,0.7359000578273,0.020203256241029,0.000127649636143968,30.3350416999396,14.6865628813786,0.545741395358897,0.00346949320981607,43.626412554903,17.0842723522013,0.469028271368952,0.00296344744961922,23708.251013869,1466.99278583734,29.6734589586201,0.171852608457383,16372.8287673416,9382.12741790702,428.624555735528,7.85824827184193
1,9,1.66777860130779,0.804401844730192,0.0258755758002701,0.000212255122407341,26.8633712716168,16.0357646808304,0.697440952532858,0.0057453704693607,38.7182791261613,18.674574148775,0.60071388708273,0.00492760434081639,25387.0800186806,1788.41188410934,44.9936170994325,0.336689320002017,14478.2082760963,10234.8835927709,546.455622329066,12.953678322534
1,10,1.51035368829325,0.853335871512936,0.0331354557282431,0.000349914513774009,24.2833195980174,16.9942297588406,0.891057366457296,0.00944060237484741,35.0635843610833,19.8106010208404,0.769255477227404,0.0081234330527885,26409.4099346453,2165.38798144081,68.5426906847703,0.631741558313874,13071.8586336583,10837.9652315746,696.379901690531,21.2074364126357
1,11,1.3868183450977,0.888918507111326,0.0427446861637965,0.000563301814856174,22.2628062497679,17.6847604109594,1.14687779841471,0.0151605188457117,32.195652193084,20.6366689509977,0.992338364787909,0.0130773214638755,26930.9160535313,2636.38752987066,103.688487014621,1.12842612025071,11971.9355957149,11269.1704117554,894.082567712343,33.9634635457759
1,12,1.28052121801788,0.916107060836815,0.0553010272009941,0.000875869325980694,20.5291962131395,18.204936948601,1.48079966336349,0.0235292231683781,29.7279134696359,21.2678642495551,1.28383983668608,0.020333725960251,27069.3913863419,3231.43864297894,153.593706533447,1.92252907044203,11029.9445095964,11590.1441908231,1151.83675023343,52.6024590527535
1,13,37.4638513431467,71.6430986396757,25.3505460525618,6.76796699084235,165.440958090992,374.741518947017,174.263722473892,45.9542218930274,200.370851146442,375.756067723878,131.938438240084,35.1858356250345,235085.549062365,140333.472000878,54111.4020275783,18311.7211345071,35737.0763376277,94162.096532772,52674.6907504805,39273.399231348
1,14,8.49909014607071,41.44751777963,29.0534375108949,15.3764975153424,35.2706737008501,211.808752128091,198.493230108561,104.032613934416,44.2978431565515,215.521362242262,151.03666067271,79.9349636164888,139924.989182744,158500.825557912,101357.906081249,51963.8274547709,7938.10997026309,56497.0985456378,64242.9015263412,95384.2521496792
1,15,1.94404625922832,23.6394793100971,26.4530670476123,24.2288635589187,8.08835925315115,120.773980115625,180.545701759601,163.667679011293,10.1085444999504,122.891100283212,137.516654123993,125.954077058918,77833.1193995338,137302.173655329,125053.591155936,95205.8153926987,1831.67621995698,32230.8561665788,58375.4113229631,149801.154144116
1,16,0.497697419680988,13.4811265334888,21.2195880433601,31.6897278601197,2.07841375255379,68.808106782259,144.666896279169,213.762133296521,2.58733719916907,70.0818356674336,110.310317282756,164.73948115383,43354.1777157025,106352.965798977,126264.956085942,141371.558064709,471.919282488531,18348.2421375552,46717.5731622997,195338.09503374
1,17,0.861283745001928,83.8778133140822,202.319304762681,1242.94616567938,1.22352253771641,138.753704707177,441.612648892889,2671.57307575924,0.853477306715925,80.0549196273108,191.931611283535,1173.89400255388,48305.061304709,179571.605573007,335223.043558911,1716322.6620557,120.620683512324,15761.893001041,60593.7046367074,1034124.07531933
1,18,0.044896911181583,16.0571531944133,49.5011361046142,1264.82585738918,0.0602911415798386,26.1178397926991,107.012179344102,2705.68123359608,0.0425025872455339,15.1460504123381,46.6854163587317,1192.81177885864,10084.6749904076,47463.3506120476,115020.14922191,2106312.12968072,6.05518461666011,3080.53661284742,15279.4493049754,1093649.96043331
1,19,0.00208018942250656,2.51312218977505,9.6013190324416,2381.59513212953,0.00178212082426249,2.64089695926589,13.5010928067923,3307.10119406964,0.000719467220387568,0.770685687198848,2.89366455942294,700.135340838976,1892.83046176299,10763.0210773716,32672.4282570294,3795932.41330454,0.379286008126649,680.70135338271,4217.34383143901,2940069.84357862
1,20,9.71362558332011e-05,0.183660098121967,0.840301400177711,2286.55174972497,8.27736295213765e-05,0.193360338506634,1.18280812296331,3184.12495813928,2.86775409827579e-05,0.0538881741896313,0.246398140382821,670.21155598426,140.491529854428,925.892271313601,3314.14060940417,3434942.75801874,0.0215463549884602,59.4559986283495,439.445255845885,3346684.19833677
1,21,6.07671206595002e-06,0.0125685621441034,0.0650561972359878,2492.08320860044,5.18424281101922e-06,0.0133356780270683,0.0920403459191973,3480.08736660045,1.78152736634811e-06,0.00368405040861878,0.019068680003834,730.452075368714,8.37357078766019,62.1378397847753,252.16512236218,3602988.30213085,0.00117257154239013,3.58074219726629,29.8357883363491,3182602.77503411
1,22,5.25783948184767e-07,0.000472128182490092,0.00269714416829473,1865.17020886367,4.348416227016e-07,0.000484226328858257,0.00372405733668517,2571.09352412108,1.5411275316484e-07,0.000138385180241484,0.000790557440347721,546.698215828125,0.409754176932282,3.32333864597219,14.7286573912754,3053225.3963622,0.000154930480201831,0.203210541028155,1.88952860987157,3734421.0787331
1,23,5.77202344238699e-08,1.60174510334928e-05,9.70478037092797e-05,1265.92579417185,4.75367397186058e-08,1.60789456389741e-05,0.00013203665952252,1732.96938725643,1.69183228571928e-08,4.69485965564119e-06,2.84455870221066e-05,371.054271481692,0.0168233842776613,0.145162308682489,0.682684207708489,2242338.63383126,3.0768825655811e-05,0.0120759138536138,0.119983949528371,4546940.43966076
1,24,4.05720983849985e-09,5.32195232826957e-07,3.28923202948373e-06,878.184546836845,3.33444837207545e-09,5.30729523787214e-07,4.4565436042974e-06,1200.28075346073,1.18920481055878e-09,1.55991224628108e-07,9.6410358359761e-07,257.403813677871,0.000590690795983415,0.00531998375064634,0.0261295926000659,1690412.29443892,3.4964637582933e-06,0.000643859223733664,0.00654343729450408,5099901.79720609
1,25,2.32821378016606e-10,2.01438813997513e-08,1.27495647648936e-07,605.466020266766,1.93309183544216e-10,2.03586144585186e-08,1.74538825996701e-07,828.133504604383,6.82420464212769e-11,5.90435337747884e-09,3.73701245946867e-08,177.46755306773,1.78510404549599e-05,0.000167176824585218,0.000856535095869998,1152565.20235351,2.11429045744987e-07,2.58924778630986e-05,0.000268737134083372,3645548.72923177
2,1,7.81930506891794,0.0345243420184035,0.000323147388617527,7.33080566298551e-07,38.1268721940365,0.169633441125466,0.00178592878451649,4.10828374327619e-06,44.6233520981083,0.197024141693442,0.00184414338291825,4.18355748214178e-06,701.108489129128,8.9080135800544,0.0691423187399077,0.0001080090700446,32659.152010807,148.114154325996,2.19014522016177,0.0140791127304013
2,2,10.5453488058416,0.164143226199948,0.00199012466972242,4.94830400041491e-06,44.6545350215846,0.792718637312093,0.0109612126181791,2.76663860119663e-05,60.1803879773107,0.936735542696161,0.0113572795885868,2.82390710878797e-05,2449.89136526515,51.8370016405707,0.452997545151804,0.000763215896348417,34282.3616799275,682.883702586507,13.4040910775705,0.094633335027681
2,3,10.9678869012183,0.434037636376365,0.0064078047593853,1.74243951472771e-05,44.6310959922626,2.07704652085757,0.0351969560213188,9.71929035695841e-05,62.5917360496363,2.47697386163416,0.0365681765110557,9.94378545024732e-05,5437.41610772886,159.657120794063,1.54674286742537,0.00284975854137604,33735.8228493237,1777.2174942264,42.945599219165,0.331821558584952
2,4,10.3401617849,0.835210348042405,0.0144453531409123,4.32341690170712e-05,41.5435412807676,3.97516995306999,0.079165260896391,0.000240538023106753,59.0094229617837,4.76639357438925,0.0824370035069684,0.000246729540504405,9403.77361266926,346.866863919455,3.70356635121715,0.00768526272460925,31263.940226105,3388.18224623989,96.4159338967974,0.819517746421216
2,5,9.21626695954125,1.30611135863186,0.0258414789280187,8.67487323691582e-05,36.8170659501277,6.19466206468196,0.141335252652236,0.000481143096168025,52.5955595722373,7.45374000910204,0.147472621003697,0.00049505924048941,13721.9639649379,600.340270227712,7.09735590927997,0.0174150957654245,27638.0932032613,5266.98885217509,171.855992484092,1.63523861828325
2,6,7.96989552458402,1.76857201572481,0.0395601189765109,0.000154184209690606,31.7223850662231,8.36796763916146,0.215955314203952,0.000851869392220822,45.4827444439209,10.0929188812773,0.225762405044031,0.00087990124651123,17725.8809273768,889.563688544723,11.8526314310461,0.036501765404432,23768.4347427964,7103.04086455803,262.192378418063,2.88637775443052
2,7,6.84614868455207,2.16451295905945,0.0547743264594775,0.000259678482162138,27.1731731020834,10.2239122155589,0.298423158911514,0.00142817610398538,39.0697255797238,12.3524818435552,0.312587120465966,0.0014819378755134,20981.2875427865,1188.19008935604,18.4145768803587,0.0744809988498407,20327.8633855351,8668.26972451939,361.755860918282,4.82158535643897
2,8,5.95194992011245,2.47072449280904,0.0717252939965063,0.000431979986123391,23.569759197284,11.6554534798312,0.389935524904583,0.0023645036235026,33.9666958399206,14.0999753825048,0.409323209688933,0.00246523122582139,23353.1347054134,1490.58284942793,27.9361916163642,0.149388930560528,17608.915665913,9873.4058205876,471.887981162632,7.95253336310234
2,9,5.2867734481592,2.69261982796401,0.0919683359659595,0.000718089421045259,20.8961708126489,12.6891891380006,0.49879375787029,0.0039138659510207,30.1706546759384,15.3662917088632,0.524846569038396,0.00409800574230103,24917.2930421643,1815.24033445402,42.4516191546858,0.29088165704789,15594.3752164436,10741.5775815165,602.490307162995,13.1189100678744
2,10,4.79513013295923,2.84970064452109,0.117984443059333,0.00118163936190374,18.923756991191,13.4168542075274,0.638284526622565,0.00641871300378585,27.3649356807739,16.2627233640173,0.673315761225872,0.00674340095884136,25833.490814644,2196.90347075511,64.7275804870679,0.542505924325819,14109.7100789661,11350.3313190789,769.45257069005,21.4569933543539
2,11,4.4104051730258,2.96329716387067,0.152417541590505,0.00189644118094593,17.3834910557364,13.9381193106864,0.82256238608348,0.0102755235116026,25.169380296155,16.9109980425697,0.869819192930194,0.0108226449543569,26257.2037055398,2673.41780303724,97.8365792572851,0.963921682848145,12951.6979127884,11783.5445648623,989.697826142663,34.2803781469262
2,12,4.07867204213063,3.05021062616387,0.197257715605897,0.00293839299988271,16.059053342074,14.331281018203,1.06226248309379,0.0158904671325002,23.276239643364,17.4069973667797,1.12571391191014,0.0167688745074794,26306.3862631093,3272.93815889764,144.617607713185,1.63571007495568,11957.532843967,12106.9884645911,1275.92367919374,52.9307955143177
2,13,38.7461856210177,76.3283366356424,29.5215333773994,7.89487367543242,128.746193960403,294.046415855139,127.842774613335,33.8003719939014,171.17446578026,335.649101475152,129.572780745652,34.6403028530248,225161.813233688,139166.676844666,54362.9370371576,16772.5381808292,38116.3894246022,97365.2442153007,59412.0756281414,43027.7689804065
2,14,8.16365483446521,43.0747978609371,34.2414418853928,17.9253633420269,25.9329030888373,163.140251780788,147.319538627102,76.4457605872431,35.8403782582982,189.007183225896,150.238766902738,78.6495438431362,131233.080421309,154894.601345874,101433.057293501,47348.9510282964,8000.9660346166,57228.945953525,73007.3570071585,103979.171359844
2,15,1.70824844421249,24.1204489086246,31.4177892219721,28.1797440817237,5.43530569812743,91.3378351805682,134.95769227281,119.95838370804,7.49552663295454,105.831347574136,137.849069053107,123.641775692638,71429.3340923237,132491.173061276,124306.61940314,86450.465495459,1683.10659322046,32051.1218088423,66803.0859839076,162929.288525821
2,16,0.39823564248577,13.6148058389954,25.3619543699953,36.8519929923272,1.26962158354507,51.5044242448483,108.777762704743,156.616630167837,1.74731075382799,59.7364846204198,111.278408500491,161.692236566736,39236.1969922092,101628.721981533,124721.95024099,128196.250834914,393.63462703144,18060.7974417397,53778.8974889839,212437.468824428
2,17,0.52148306846133,73.6384393324837,200.336828555144,1290.78994201781,0.639996040083936,102.185207606294,313.12320947134,1984.10014401861,0.502523932772513,68.2723349620598,184.962943473063,1185.73826963138,43554.7850164555,169029.558233282,327763.24635139,1636377.01207652,85.5114530710003,15175.0789165303,65473.5335546388,1133434.76052477
2,18,0.0218862970650127,14.038435431439,47.8558530532839,1320.42362521515,0.0253255220324932,19.1846476233726,74.0360762387707,2019.17069048282,0.0201602764859547,12.8787737411916,43.8982934571387,1211.14117934695,9107.55171204785,44265.994749142,110960.75859816,2012178.06331252,3.42514117364659,2941.52871127298,16012.3572884039,1196091.02453518
2,19,0.000875210415632702,2.00275150234149,8.88381146246504,2265.71476364382,0.000705199624318922,1.94338000542555,9.77557799435807,2467.44534139293,0.0003904353374451,0.828180776799989,3.64266551297458,913.97299411857,1711.79216700021,9982.87453788247,31274.8447273655,3455630.99772097,0.207304349892664,665.400350880098,4721.51257109721,3282988.06970295
2,20,7.84723257849645e-05,0.148951619972526,0.823065227491908,2145.14226387012,6.39830766972859e-05,0.145146953209972,0.907734311553578,2345.90119925015,3.16545906959011e-05,0.059996493497678,0.331429046296925,863.567825325668,127.168799756702,856.285115598906,3165.057028576,3082628.69521613,0.0230400548875431,59.3018688615497,521.583638411616,3699934.85524817
2,21,6.40710834638458e-06,0.0102571793483729,0.0649086079554469,2348.89837651314,5.24309220485112e-06,0.0100662373713703,0.0719486042808309,2575.90370525706,2.57940400991111e-06,0.0041292611898657,0.0261302377947888,945.590905142336,7.58509332664309,57.4081851857115,241.859173279978,3262615.73551052,0.00163776894123225,3.57757131015376,35.9281012623443,3523817.32423439
2,22,6.06928054124443e-07,0.000387147718811394,0.00277367705279581,1726.27388204042,4.86430962898246e-07,0.00036809535287463,0.00299499567050861,1868.22668690006,2.4432988798143e-07,0.000155853291283053,0.0011165932914839,694.94231543545,0.371413026419539,3.06536522607966,14.085954476965,2680835.03093952,0.000243550961714689,0.207452314949939,2.37538728660801,4107505.41256144
2,23,5.99751781858465e-08,1.32856681348444e-05,0.00010151296106699,1133.38674776627,4.79018158564175e-08,1.23999606228398e-05,0.000108062648594365,1218.69586258269,2.41440771186529e-08,5.34838259261222e-06,4.08658517790456e-05,456.265033587818,0.0152557715815171,0.133517864876669,0.64646887386603,1905463.26420402,4.38684905722669e-05,0.0126463917279446,0.155299434627402,4884377.42463821
2,24,3.84372469741376e-09,4.418853639525e-07,3.41716167961966e-06,769.527712364825,3.06485057848434e-09,4.10400478528462e-07,3.62656444987008e-06,826.525173207278,1.5473598771368e-09,1.77888828354117e-07,1.3756393322417e-06,309.787094494328,0.00053571397341043,0.00487847365812805,0.0244669476384993,1409922.89084464,4.55882972889196e-06,0.000678680489081269,0.00845727038150603,5380821.23014418
2,25,2.11836496203518e-10,1.6794447978818e-08,1.32379328119477e-07,529.930438063388,1.70614601532091e-10,1.58024696384622e-08,1.42240544029785e-07,569.644192367233,8.52785567212144e-11,6.76090433081484e-09,5.32916576890192e-08,213.332941821248,1.61904386463462e-05,0.000152994668689266,0.000795708429406056,959360.067582666,2.64244993750854e-07,2.73107506944135e-05,0.000346892538017897,3839052.02350536
3,1,4.78194801368,0.0212303320569085,0.000201226120253319,4.69148046090108e-07,42.0801246712773,0.185452086075764,0.00195520588109702,4.62048114548734e-06,43.8985935421597,0.194895828031826,0.00184726886151743,4.3068095528205e-06,696.203869913997,8.72940192316139,0.067952312587953,0.000108971878852249,32542.9477591288,147.627019477523,2.15958541894143,0.0139100824408973
3,2,6.4707891801609,0.101123553814118,0.0012445204338766,3.18418969118368e-06,49.9363182518557,0.868877760509688,0.0120521107987118,3.12885994907358e-05,59.4022652074563,0.928320795986331,0.0114247784637913,2.92310683040732e-05,2431.0845457999,50.9653998628834,0.447387505581279,0.000774738545215404,34231.6853401462,681.259261775391,13.2692243294358,0.0939923635151246
3,3,6.74405047017295,0.267955673300178,0.00402436510665,1.12744844564191e-05,50.1489345807792,2.28216423227236,0.0388691520993532,0.00011053197275617,61.910821608891,2.45985049521021,0.0369439332206635,0.000103500500033429,5394.49505994554,157.523213433376,1.53515280948228,0.00291064060971648,33745.0187424255,1775.72166261124,42.6864546259174,0.331329314067179
3,4,6.36830355103541,0.516795266675064,0.00911098395927285,2.8125313340197e-05,46.7937288578411,4.37853635736607,0.0878026025060438,0.000275040419417038,58.4614404715909,4.74421413436111,0.0836394248647347,0.000258192204314041,9333.52490075494,343.453207012736,3.69360699563607,0.0078961286958721,31318.856717177,3391.85893909023,96.2237492804975,0.822530016566837
3,5,5.68246043012591,0.810042423280378,0.0163651051029926,5.67097320978413e-05,41.5312945319602,6.83986860056452,0.157401481868745,0.000552904780549969,52.1653560490163,7.43624208999421,0.150232728406041,0.000520599026197296,13631.1904743091,596.495324990532,7.10981537812423,0.0179879748231241,27714.9049403667,5283.67704109367,172.181502291139,1.64891113563653
3,6,4.91575029127202,1.09927647457979,0.0251442653965799,0.000101194568433465,35.8052433697051,9.26062272534016,0.241392618250725,0.000982939577942462,45.1269071462022,10.0914294781093,0.230825990454717,0.000928972714807144,17627.089825056,886.660819371345,11.9169215745119,0.0378690251272408,23841.082478957,7140.05593162829,263.60484584403,2.92130650084115
3,7,4.22021296885811,1.34802068393005,0.0349156721173493,0.000170900334081877,30.6583368709524,11.3373571291794,0.334565078834966,0.00165269340483383,38.7418293237954,12.3749174857152,0.320528139190558,0.00156887617360485,20885.9873465044,1187.38145915543,18.5597551465285,0.0775654506022983,20376.937072401,8729.45839235846,364.709780746777,4.8918189669208
3,8,3.66386679193912,1.54124050698482,0.0458061578766479,0.0002847945267246,26.5594678751037,12.9464159753607,0.438007987249008,0.00274142463600197,33.6345352629998,14.1486880186244,0.420503506228523,0.00261443226399566,23267.7829598402,1492.15987654946,28.1887243378298,0.156188156541257,17625.8159563561,9958.4022251832,476.560060614888,8.07973622366807
3,9,3.24841533475751,1.68179762465215,0.0587740086299682,0.000474150694215437,23.5063127493537,14.1130232939808,0.56071888069471,0.00454527592087348,29.8206638860757,15.4390114935521,0.539549218918593,0.0043527341877308,24843.0513952289,1818.42467102915,42.851196291249,0.305533394384523,15579.9989460934,10847.0117235324,608.781786033655,13.3445879042059
3,10,2.94092519818598,1.78156476516687,0.0753792824644527,0.00078187111699536,21.250647411251,14.9366798326989,0.717397446041573,0.00747039070105866,26.997884448708,16.3548803272974,0.691986711888184,0.00717762766745764,25768.0643319937,2200.09046785688,65.3668548111631,0.572957769599467,14070.427041324,11471.6671461811,777.152895700766,21.8648913633617
3,11,2.70079616601374,1.85377284771851,0.0973111090796576,0.00125862826177743,19.4925559173922,15.5275349667495,0.923954711756836,0.0119956046952505,24.7934843274928,17.0177552178911,0.893322305554976,0.0115542892407821,26196.7428643028,2674.72163851555,98.9221358651416,1.02421971025159,12895.4500752009,11916.4744084555,998.746531760969,35.0277853226261
3,12,2.49469641996554,1.90895254258834,0.125872518156122,0.0019577381235413,17.9874344512165,15.9730193994879,1.1926428145366,0.0186230045268273,22.9014752644437,17.5243084028988,1.15551789706961,0.0179721632065993,26246.5110771367,3270.84665425613,146.539429646676,1.74875824284829,11891.337833384,12248.0468309323,1286.68816493295,54.2831288842409
3,13,27.6211752014164,55.7246875477329,22.15480413119,6.07102324061486,143.847503445638,327.352210622725,144.546231802594,39.1827678339494,167.353046791078,335.480974090577,133.016417920762,36.4334518722597,223113.042661005,139238.983941666,54710.4992701501,17162.1918935798,37763.8532056949,98070.7810646609,60043.2346666148,43385.0200202591
3,14,5.80019884836022,31.4480992404959,25.6803640775837,13.7449083182924,28.890009695412,181.583366526635,166.487228769637,88.3811124834418,34.8342104778934,188.737108873005,154.109665845124,82.483705755324,129445.752136976,154642.287378389,101551.396397522,48321.3428442332,7861.63812751413,57436.6111944649,73562.1317410107,104320.848620937
3,15,1.19644335355977,17.601964244083,23.4971246802812,21.5421009145518,5.9659310679758,101.607351682965,152.099408827002,138.275094727232,7.18035992781398,105.630260647075,141.007106519148,129.274926599891,70346.0462655089,131925.283237628,124053.573068081,87961.2744383829,1629.64282608965,32147.6738159901,67115.1958276841,162948.719845662
3,16,0.274607209352671,9.94407429348148,18.9332850088481,28.1124084224855,1.37186301843551,57.3470250830752,122.376814343069,180.164778313896,1.64793569262225,59.6747528818921,113.61932800016,168.703579303747,38646.8775643788,100998.430926259,124248.48039856,130102.059212843,375.272880232724,18129.7587065022,53925.9962834173,211998.706586062
3,17,0.457416924723207,68.8837788723365,191.619602750577,1260.77584801115,0.689136229972479,114.360583319377,354.280879122971,2294.30914511492,0.459725948300093,66.580803886479,184.426383512309,1207.05837678815,42970.991036197,167591.038832128,325417.663424015,1647926.8312812,80.7048007756279,15173.0854248156,65413.4119056745,1125982.43347173
3,18,0.0192333579949227,13.1845497986704,45.9264146372576,1294.15650862916,0.0273703256312887,21.5687600293336,84.0770482211572,2344.01837972955,0.0184584009642437,12.6051042699603,43.9037919527114,1237.07239159904,8996.00667475187,43826.7972877179,109890.791566,2022653.31844459,3.21884894983864,2938.37032521812,15971.3339596821,1186947.09390123
3,19,0.000777229656336271,1.97439228007732,8.92207325031327,2321.14504885822,0.000730518895535149,2.16427857104665,10.957274357606,2821.84058095019,0.000307121605620215,0.709986206318855,3.17609139703359,809.5527539563,1691.14863384148,9874.10458174576,30919.7603000463,3475439.71213034,0.188657853885404,668.842049956684,4722.42369812329,3263353.29246705
3,20,6.17142478545948e-05,0.147434029953483,0.826415211101458,2203.61275984794,5.84357161008181e-05,0.162092012794144,1.01644002588611,2689.07139641481,2.15265233189857e-05,0.0513224806911274,0.287585285295515,766.590784060891,125.581372542868,846.577862045995,3128.98103386817,3105684.23427463,0.0185555213137639,59.6799290978844,520.176647566984,3676622.98185734
3,21,4.9273818250171e-06,0.0101811668356497,0.0653171219335718,2418.57532242885,4.68233910994602e-06,0.0112711596077984,0.0807445511263286,2959.96646321371,1.71421715136114e-06,0.00354185070758417,0.0227225006614845,841.368747566328,7.48608163579262,56.7533342292135,239.212369017363,3288161.46427256,0.00128530441917138,3.59850468634255,35.7944360214083,3497925.58534577
3,22,4.70633301928568e-07,0.000382879827178322,0.00277766850398825,1774.21618041116,4.38465455177981e-07,0.000411166858423796,0.00334731138716402,2143.2595429587,1.63723035535621e-07,0.000133195475146529,0.000966289460473803,617.21048144102,0.366371052784371,3.03019315576742,13.9402442552642,2699090.94470973,0.000193697586671964,0.20875800866648,2.36394248180597,4089004.45136222
3,23,4.75755469143192e-08,1.31142463321681e-05,0.0001015355816371,1171.44845205735,4.41875587793729e-08,1.38416036587508e-05,0.000120710890524919,1406.17306939279,1.65504784237597e-08,4.56215570737185e-06,3.53219783944194e-05,407.520949845254,0.0150431585071132,0.131981747698657,0.640369176655327,1907750.85201862,3.56651243833084e-05,0.0126876207664366,0.154119219016767,4881913.05098429
3,24,3.10519035362902e-09,4.34612917449312e-07,3.41657730505936e-06,799.115864719527,2.87970053991353e-09,4.56624509289394e-07,4.04992044376478e-06,958.13133351911,1.08022689393971e-09,1.51192200388408e-07,1.1885515119748e-06,277.99469592962,0.000528179744580884,0.00482283588928756,0.0242621328132097,1394712.31292313,3.77029070208699e-06,0.000677661241989742,0.00837851037410204,5395902.40649991
3,25,1.73269070752292e-10,1.64576790267066e-08,1.32246507733349e-07,550.57733496955,1.62150636770132e-10,1.75071356707567e-08,1.58625917137471e-07,660.647005066026,6.02764689888202e-11,5.72526172849231e-09,4.60056286309265e-08,191.533650598115,1.5961481617146e-05,0.00015127037208004,0.000789783318385663,946651.65631488,2.21190731264878e-07,2.71877213063835e-05,0.000343625665526118,3851670.58436606
4,1,6.49474517483585,0.029361854288183,0.000285528647219751,6.79531838397901e-07,42.0097650393842,0.189065834433955,0.00207032844631859,4.99237039385887e-06,42.1011573065769,0.190333571667933,0.00185089424889355,4.40495755461883e-06,696.027650148461,8.98477379671911,0.0726182583837595,0.000118926425084184,31633.1583705704,146.60533521816,2.21242794969337,0.0148236852109884
4,2,8.74751596739908,0.139705380474211,0.00176416952495371,4.60650784535285e-06,49.615341382977,0.884929752149603,0.0127501963349339,3.37678033304321e-05,56.7043872963915,0.905618009881133,0.0114359496309911,2.98609577759273e-05,2427.89399804036,52.424874146419,0.47762618842655,0.000844449752924098,33113.3123239463,675.891847230986,13.5819643652486,0.100051681376587
4,3,9.09032133928395,0.369865341793291,0.00569885088543176,1.62893493286803e-05,49.6966461041237,2.32245207525218,0.0410807709169364,0.000119141639137074,58.9265688445119,2.39759351874552,0.0369418985865525,0.00010559312798995,5385.81280130603,161.92426318737,1.63714488191478,0.00316811880726177,32568.0840014553,1760.37487971796,43.6512255777969,0.352256667039155
4,4,8.5715177127639,0.712781442730492,0.0128881245832938,4.05783077189205e-05,46.3208005632742,4.45255787941969,0.0927042687900509,0.000296066744721939,55.5635064758802,4.62049285041637,0.0835452270814806,0.000263042455172559,9317.77011010479,352.789144669382,3.93451216274216,0.00858042892649827,30201.4077819233,3360.18074786338,98.3005392836499,0.873330007621767
4,5,7.64586268486981,1.11641809217352,0.0231243360508132,8.1691872957201e-05,41.1088786284032,6.9506922776433,0.166015763708129,0.000594296107201282,49.5630943131385,7.23700352411343,0.149899847257678,0.000529554632469001,13607.5095437461,612.244638255771,7.56450697429105,0.0195038417808749,26729.3026382827,5230.84912983361,175.717974964699,1.74821948664083
4,6,6.61774408089917,1.51402986129266,0.035491023436163,0.000145506334280741,35.4669171915976,9.40467050800037,0.254340328501505,0.00105469865947332,42.8984782411645,9.81445886500819,0.230064940260735,0.000943221774488124,17595.4970146486,909.404712218536,12.6629479068286,0.0409283806105682,23013.1223366674,7064.31407964732,268.745862726114,3.09202217707482
4,7,5.68816423334455,1.85553313261091,0.0492311185142483,0.00024515582124059,30.4094109436269,11.5072602153708,0.352155592500094,0.00176940005983751,36.8726240563758,12.0281997523624,0.319132931185323,0.00158918379656581,20847.7618998375,1217.04599562071,19.692734841189,0.0834441135607933,19697.6646541459,8632.17648024876,371.455971043852,5.16645156431799
4,8,4.94607721419515,2.1204627608124,0.0645182275316032,0.000407239805027584,26.3881915821571,13.134337753993,0.460576289154365,0.00292612881622129,32.0621624466688,13.7455641218376,0.418229195038156,0.00263986755929948,23225.6455739698,1528.61776158045,29.8524686628422,0.166996521583143,17068.1933146491,9843.01665867215,484.901684546441,8.5080861364767
4,9,4.39220840184936,2.3129383624401,0.0826872050595887,0.000675187364656627,23.393565442704,14.3126017381918,0.588965459985638,0.00483201114691189,28.4717955626646,14.9932567354297,0.53600671523543,0.0043767951914357,24800.897794666,1862.00718663554,45.2608253189425,0.324231618960555,15112.9121142071,10717.5456198007,618.779436752693,13.9965298218621
4,10,3.98152884248295,2.44934829675995,0.105896699620247,0.00110765458610321,21.1765859791457,15.1433336901394,0.752516656865551,0.00790177399564247,25.8096303404674,15.8775125373711,0.686458589050341,0.00718019548350658,25730.4414346576,2251.69911411478,68.7991002890159,0.602740423116189,13666.9288498843,11331.5128336836,788.874481517925,22.8193614787282
4,11,3.65934276608108,2.54782236430646,0.136454051364301,0.00177230451592908,19.4403427485156,15.7378548050846,0.967466045136079,0.0126130055135574,23.7211101107377,16.5158550892017,0.88454178369721,0.0114886834220055,26168.4009057585,2735.48631560068,103.656534882475,1.06695248834397,12535.8752108524,11767.7447639099,1012.05124686635,36.341961590836
4,12,3.38117610571633,2.62271285925123,0.176090428008526,0.00273790088798442,17.9448855254606,16.1840632226957,1.24597579846626,0.0194493844041031,21.9179387760352,17.0013208655425,1.14147831981057,0.0177480090245052,26232.2288853651,3341.48928314363,152.75312514851,1.80241711738144,11563.3193159575,12091.5044749458,1300.92361356329,55.942609806045
4,13,35.8860812741743,72.5422116832597,28.3738753234102,7.63322879282674,143.416662965452,327.994933170406,144.376802927532,38.4190648730295,158.340799477285,318.162414781866,124.122826393707,33.3770199850193,224844.079505594,139138.888192447,54186.0176609437,16987.7785839051,37339.2605531448,97454.958464184,59100.5382730855,42729.734244347
4,14,7.84172062805728,41.3253155452272,32.9011778368136,17.4351116911693,30.0636812151796,183.791353016433,166.386160925132,87.4325519349341,34.3117712077813,180.708173013694,143.860309094859,76.2345779490028,131681.49512017,154651.383188163,101096.440894755,48232.1940801266,8094.80298731014,57437.236978326,72149.0266612876,103227.598236698
4,15,1.7239639606354,23.186368402723,30.0914793915049,27.4209440156223,6.62366676672971,103.09270957528,151.949593622031,137.270765872214,7.53839462862538,101.381995046726,131.574209367616,119.897353806534,71939.3436768605,132241.834925002,123969.074678817,88169.8151456147,1791.10928774547,32225.4699163046,65801.6492660574,161804.935499306
4,16,0.423246472052762,13.0681219293928,24.2360397288014,35.8489265178424,1.63027154425538,58.0513448279578,122.209338090628,179.186374529312,1.85064098902921,57.1400211969591,105.971443881569,156.74848458525,39499.7852212631,101403.003642453,124440.162041726,130700.957505421,441.676072117235,18132.4872595387,52852.1346242245,210901.979589554
4,17,0.60329936065429,69.9912940251436,191.201728216772,1243.13256391746,0.898709545785937,115.503519266607,355.88275563483,2278.20103827537,0.589784931345278,66.3499751572201,180.545682753864,1168.47232857778,43607.493506255,168537.884075591,326416.079346568,1651605.33885441,104.229979880705,15167.7845576222,64604.3072253918,1120563.14906636
4,18,0.0284986257781871,13.3923824247011,46.0439350061027,1277.68116340123,0.0404320450285224,21.7920299202382,84.9102724188145,2331.08377929509,0.0268264940746714,12.5725607694262,43.2215593208166,1199.28943559566,9091.75710719171,44122.2488177302,110424.54726102,2028301.08904233,4.71628744834173,2932.1706623797,15825.7757420896,1180589.62086414
4,19,0.0011031933555787,1.86747354368998,8.23601116665135,2140.84858919386,0.0011305032585859,2.23135712853483,11.1739914329148,2876.2491125444,0.000553936596763603,0.884035051162135,3.87392164365325,994.113640825737,1705.8761253558,9940.65404212341,31084.5056781577,3557114.91626569,0.278162164744762,651.873010454361,4522.42359576365,3181589.81765202
4,20,5.71205160552335e-05,0.135120661294803,0.739233756861398,2004.93532950243,5.89648873680085e-05,0.161960598719412,1.00431061431702,2701.45579705501,2.65486860838444e-05,0.0626709484358689,0.342794882882511,929.532099602889,126.530220168464,851.528835901585,3139.44016442798,3161338.5275233,0.0181598558643398,57.736059274585,494.433332581914,3621003.41167755
4,21,3.88488481405029e-06,0.00931664326137185,0.0582564358128316,2201.41878371762,4.02270471396316e-06,0.0112494820747961,0.0795676653540929,2974.75677968884,1.80121817501267e-06,0.00431942882178298,0.027008995154507,1020.62391234646,7.53560265922068,57.0147688759514,239.373672073241,3342525.06949221,0.00106987175452342,3.47590749668291,33.9151668035222,3443586.6250081
4,22,3.45307372824234e-07,0.000350844056088474,0.00248223808162709,1637.77790755449,3.49576105310681e-07,0.000411440221646254,0.00330882950739363,2185.74238058893,1.60091902398915e-07,0.000162658715487686,0.00115081773942968,759.308180518692,0.368493907700898,3.04329629232219,13.9535736316951,2783446.47360374,0.00014630166699207,0.198328740394927,2.20366550654872,4004600.9225532
4,23,3.65579652363595e-08,1.19071227147482e-05,9.05786431684317e-05,1090.78173303536,3.69020534314051e-08,1.37167406142956e-05,0.000119077988427768,1446.47454952794,1.6949039525472e-08,5.52039184934098e-06,4.19941584634868e-05,505.709284042701,0.0151208322757043,0.132658821219137,0.642454126885731,1995942.84994362,2.80575351280025e-05,0.0118601544707295,0.142451146080018,4793663.2396337
4,24,2.49156915844999e-09,3.93515573562782e-07,3.05226613203192e-06,745.541887940227,2.51097271225287e-09,4.50991570056738e-07,3.99899379372033e-06,987.349074609304,1.15514370799043e-09,1.82442071646842e-07,1.41509458198108e-06,345.64885252059,0.00053069281610229,0.00485261021997308,0.0243977317409346,1475005.59521757,3.10172719058671e-06,0.000632072120191885,0.00776040171592067,5315565.82678125
4,25,1.41771063569249e-10,1.48999995167836e-08,1.18293873484363e-07,513.566435789751,1.44112736470966e-10,1.72841528990219e-08,1.56760090060221e-07,680.644422325508,6.57280378694747e-11,6.90795221430746e-09,5.48435202524034e-08,238.100168609237,1.60322984340547e-05,0.000152296668449873,0.000795305991428674,1002911.27964264,1.85504557266999e-07,2.53562590138271e-05,0.000318627520013208,3795381.40802246
5,1,3.75428762848259,0.0168027513428376,0.000157685266649541,3.71909360855105e-07,43.2724271440544,0.19696912125116,0.00245599209639576,5.86703731880244e-06,43.9735703695494,0.196808833444375,0.00184695070155222,4.35613465696716e-06,650.367524633463,8.46004013159258,0.0741997616546694,0.0001203035956493,30057.4671794259,135.561468207045,1.97989035415622,0.0144290088402016
5,2,5.29105048886681,0.0813696970987583,0.000976495154649534,2.52288988996077e-06,52.7206559214178,0.937871301495043,0.0151639555510071,3.97143682216582e-05,61.9735097641047,0.953074579095946,0.0114375835438748,2.95503400616257e-05,2352.88955300216,49.6870421567332,0.488549455485241,0.000856927020789888,31793.3722178272,634.689219641985,12.1790381862452,0.0974151281663839
5,3,5.6274628480567,0.21763595211049,0.00315909592723781,8.93398795148906e-06,53.5511396263211,2.48522973930671,0.0489390606590236,0.000140327340628428,65.913871828479,2.54914668297341,0.037002153486225,0.000104642847523192,5324.86579340892,154.109913812529,1.67663200492394,0.00323405660294918,31502.532925336,1667.13039147882,39.188700337339,0.343293001406624
5,4,5.37138968142302,0.422015863752374,0.00715290278625533,2.23184128724802e-05,50.2977428572025,4.79177116152125,0.11058184279089,0.000349704005488593,62.9145141534597,4.94302677850012,0.0837811870437521,0.000261413188360672,9317.16164871303,336.752020345107,4.03719124799804,0.0088481958900484,29369.1593398557,3197.76349572131,88.3278272981861,0.852992350563052
5,5,4.82594131758646,0.663597057453096,0.0128513632387759,4.51565145141286e-05,44.8616188860731,7.50663046949532,0.198314486092629,0.000705472329688323,56.5257356730488,7.77264152100511,0.150526646237108,0.000528913435818232,13698.4725983921,585.856855119555,7.78770311906727,0.0204107554293225,26092.7546928243,4992.74194663649,158.05163787489,1.71470944768067
5,6,4.19666656786982,0.902336474829925,0.0197633422830339,8.10372806201357e-05,38.8385220397506,10.1807765365155,0.304442598759269,0.00126143078008807,49.1551076800014,10.5689708406764,0.2314859192,0.000949181020354252,17788.5535318201,872.503733832559,13.1061414016845,0.0435630062404919,22526.0076560905,6755.80024283334,242.119360478448,3.05265829154183
5,7,3.61822629082059,1.10806111024868,0.0274982432497264,0.000137780313801437,33.3749762345076,12.4785678870756,0.422829951011384,0.002135624558655,42.3798984407224,12.9786015423052,0.322083988825748,0.00161380611291492,21137.9392490193,1171.62301549573,20.5321827651472,0.0901101793115161,19313.2334242752,8267.00729875644,335.539865343869,5.14193424244591
5,8,3.15144507994859,1.26834630556501,0.0361921362358781,0.000230780240199784,28.992536031864,14.2636403959781,0.555415016864525,0.00356169123789171,36.9125399283541,14.8560049308911,0.423914629640658,0.0027031043267264,23601.1253617478,1478.35243338728,31.3807087172569,0.181893826283428,16745.5542042176,9438.06097227849,439.707799478909,8.5307251211706
5,9,2.79966457828815,1.3855098045041,0.0466268034003877,0.000384622789901053,25.7004886603993,15.5636266807932,0.713999801090818,0.00591341642072487,32.7921724511683,16.2283284913593,0.546134772647348,0.00450504569472274,25249.3898730377,1811.48461135053,47.9088812438722,0.354081598045425,14820.8051116482,10288.1248255213,563.782919783858,14.0980218199636
5,10,2.53627597293022,1.46921660144123,0.060027802675365,0.00063183216267312,23.2409809168604,16.4870071213647,0.917143461181143,0.00968514049601212,29.7071298230077,17.2087772714683,0.703099247124407,0.00740058269810315,26242.0009287994,2205.57029687902,73.1178027307032,0.65727236200405,13384.9393644904,10888.8395494259,722.223775957193,23.0059621081087
5,11,2.32795446286594,1.53017671461779,0.0776736819473868,0.00100909634498814,21.3000618912102,17.1530624026272,1.18420452232702,0.0154334902383045,27.2670822057705,17.9227965720058,0.909783548032499,0.0118194378074133,26735.9634757921,2697.68144877876,110.247376856494,1.15958171405851,12253.6230551548,11318.4554692013,930.108667078077,36.5602817448331
5,12,2.14746919389152,1.57686099207381,0.100482620805953,0.00155283862997314,19.6234616030801,17.655851783945,1.52906622449749,0.0237090365767598,25.1530775099923,18.4696045321336,1.1769422149238,0.0181882331682929,26851.3208370217,3314.54533739619,162.165474049004,1.95220451465923,11278.4407309917,11638.5188368144,1198.23368606024,56.046709446536
5,13,29.3049331948074,57.4821341133965,20.5358361122084,5.43344330465483,156.812690649564,362.950224080365,172.408303457822,45.0508930272804,178.509504844909,346.218179157221,123.135742023281,32.558174248946,233428.331708113,139675.439581049,54911.9223916603,18677.147424681,36337.315865829,94565.5807726607,52543.0802233157,40649.2230739507
5,14,6.51867451395989,32.9266423913665,23.3222551294564,12.3074291080664,33.0805524505229,203.790836575842,194.699358193638,101.695735334694,39.1178018192541,197.323902443633,139.746436578719,73.7452871001842,138177.241459018,156829.872340659,102535.389069515,52729.7226364808,7954.48009749172,56253.8924103198,63438.9333833429,98311.6725974358
5,15,1.45862383545004,18.5545567715858,21.0975120945591,19.3004217592775,7.41927221126839,114.820312477367,175.964310553517,159.232488812834,8.74115517926974,111.17812596778,126.41485698876,115.646801680519,76053.8869679529,135403.052183173,125811.335638095,96120.4640606992,1794.54922327041,31711.5267869557,57276.6866381705,153645.192866798
5,16,0.363652379181654,10.4753817194815,16.8252731943365,25.1394217193332,1.85586316755174,64.7626416681299,140.188900449264,207.11560431004,2.17900428901898,62.7677760505669,100.815881446548,150.633688150033,41950.6054752369,104562.9591788,126264.48622722,142141.364833095,450.057525563779,17871.3323033606,45575.267073461,199502.63210225
5,17,0.686887363632526,74.5308476017018,184.017299552917,1118.05663978704,1.04107896505644,130.087408570354,427.42069775483,2555.75658473381,0.659369951694577,68.6035168056916,168.277445425557,1017.65236453602,46547.0607572731,175815.814423018,331247.632194012,1712397.74038638,110.669356781353,15398.7970591346,59429.6269689335,1049573.8251126
5,18,0.0339595988899588,14.2681485277206,44.8972857408978,1130.90260587172,0.0485289419574951,24.4743883940334,103.25610003455,2572.23149902154,0.030996464741354,12.9693662363273,40.8039765932932,1027.73677501102,9737.119865522,46411.7635707824,113143.762817552,2096164.04928349,5.26291298311585,3019.95356847501,15001.1223887877,1107866.6890474
5,19,0.00154016506319571,2.25477297919524,8.71174718937667,2155.43572155064,0.00138950615327869,2.47040836539435,12.8904649784621,3146.83181416401,0.000475792081625877,0.60747092754351,2.30196210511324,553.863829658128,1830.18348785895,10503.9739360658,31996.1259450643,3755941.4866832,0.318081478958697,666.020060635175,4097.34753481393,2981728.96006576
5,20,7.59574571771913e-05,0.164956691767539,0.756389855779262,2073.77580297221,6.8190480357806e-05,0.181105210178087,1.12066542572088,3037.211369739,1.96030425699199e-05,0.0422969126943317,0.193811203418421,531.135353656827,135.805684651166,901.15095257789,3232.49086801039,3395501.42646052,0.0190893083857684,58.0134429460843,421.974198625898,3386754.53179201
5,21,4.91796590648928e-06,0.0112506054246112,0.0581512404316567,2256.95154590466,4.42274135820054e-06,0.01244623829763,0.0865875858450572,3314.46219843621,1.25985752984305e-06,0.00288157065283846,0.0148937334542124,578.047880188231,8.08534472069966,60.3084345063279,245.005450264763,3564362.15340949,0.00107811516513302,3.48871850702634,28.50656192083,3221792.80302345
5,22,4.2504996759798e-07,0.000421148292203009,0.00239081393401715,1685.96940982713,3.71159941900323e-07,0.000450369618346797,0.00347494510840038,2444.1385840133,1.08863821760787e-07,0.000107864151344548,0.000612332686425618,431.808578485771,0.395111203160771,3.21782659797502,14.2768391996094,3008797.75899137,0.000142802222114119,0.197371749983842,1.79138952079548,3779270.43829398
5,23,4.4884418634762e-08,1.42153975157741e-05,8.54402853144379e-05,1139.71816811467,3.90192601391307e-08,1.48786023072606e-05,0.000122364274760587,1641.00770762777,1.14957474727547e-08,3.64083174124771e-06,2.18828693977696e-05,291.903328242804,0.0161998781198485,0.14028318545695,0.661072720237136,2200765.66421118,2.73071201343988e-05,0.0116712591398892,0.112984794253541,4588810.76408311
5,24,3.05727089253519e-09,4.69540499672329e-07,2.88738145369319e-06,788.88243642198,2.65213744523182e-09,4.88233784974219e-07,4.11783727755145e-06,1134.18266291473,7.83024765084425e-10,1.20258182081355e-07,7.3951287259483e-07,202.04767742256,0.000568079049890196,0.00513349474172726,0.0252932458479104,1656601.46454631,3.00536327862682e-06,0.000618200446919312,0.00613841586116495,5133923.38491366
5,25,1.72076116469879e-10,1.76376456878653e-08,1.11412024600996e-07,543.760847649652,1.50809206501535e-10,1.85839161604506e-08,1.60489416628259e-07,782.329095463748,4.4071940342443e-11,4.5173338666672e-09,2.85347217385804e-08,139.267413328704,1.71461179398904e-05,0.000161105045872707,0.000828768988382645,1129516.03431187,1.78377419002882e-07,2.46903996297783e-05,0.000251061300358585,3668743.60704839
6,1,5.1875693777773,0.0235789488653654,0.000223980579963558,5.37193061118342e-07,39.856468563996,0.181502629078383,0.00188873961217899,4.59151781944309e-06,42.3115550730926,0.192317812221724,0.00182686070378722,4.38152671032435e-06,680.343852843379,8.92826720976948,0.0683495383317163,0.000112318021096076,31679.0069471041,142.763817502514,2.19185016398818,0.0138634952738847
6,2,7.01319529231093,0.112612066503444,0.00138381503477553,3.6351483147165e-06,47.2706206556481,0.852991651656813,0.0116314290467971,3.10015964869483e-05,57.2019721066574,0.918501769666314,0.0112868593730434,2.96494884050859e-05,2388.61402729765,52.1556919752725,0.449049419578631,0.000795575620231353,33440.8885394892,661.294264658965,13.4575661854699,0.0934164694519877
6,3,7.32060633037196,0.299011250920257,0.00446820910752358,1.28301724377939e-05,47.5705754464236,2.24569633906624,0.0374599619843113,0.000109174774340482,59.7093195982815,2.43883601152098,0.0364442115301564,0.000104647187953675,5329.09189514431,161.176856441058,1.53716602709256,0.00297768443604978,33068.1972509584,1728.4452257968,43.2388980226595,0.328309842832623
6,4,6.92848028427349,0.577485576209529,0.010097773201546,3.19029016008183e-05,44.4985609763328,4.31540038407706,0.0844734654367473,0.000270800422499616,56.5110080988412,4.71016597221401,0.0823608236957934,0.000260210761490162,9261.09464476249,351.18172530032,3.68916474985241,0.00805005299509082,30775.5418634622,3307.67813589016,97.3142050835269,0.812553037147489
6,5,6.19681911512736,0.905917308323796,0.0181019338539561,6.41371494021664e-05,39.5889393888899,6.74781617605678,0.151143593018386,0.000542800504016114,50.5433343004362,7.38896529211018,0.147645441518763,0.000523124093681746,13570.5605575648,609.299222537006,7.08446956723798,0.0182904065454353,27302.1802160004,5158.52008007543,173.819692449288,1.6244099355609
6,6,5.37273269844541,1.22991236763844,0.0277576019756409,0.000114196471424018,34.2071232791527,9.14093375351838,0.231345064887434,0.000962882484179431,43.8218091958668,10.0315776211766,0.226400307959358,0.000931424707399375,17591.9463801111,904.629127544993,11.8528752918607,0.0384499552259723,23540.0529097685,6975.61961255921,265.623497478196,2.87210247971793
6,7,4.62201775221296,1.5084732918454,0.0384750263373106,0.000192653051013067,29.3496075295691,11.1936867872513,0.320071556955531,0.00161728530535391,37.6987264034169,12.3036139116761,0.313815214266555,0.00157134287453738,20882.516642823,1210.05138042788,18.445087400933,0.0787080758140576,20161.5222104807,8531.4375980881,366.887627424319,4.80525818087483
6,8,4.0196605838498,1.72469066981706,0.0504052583854714,0.000321038838699412,25.4692190450437,12.7832236994108,0.418458324229558,0.00268273047283335,32.7856993869397,14.0671553372613,0.411122186680833,0.00261850040260127,23296.6681535076,1519.22859295383,28.0259426784028,0.158387946207324,17469.9137324338,9733.91472779508,478.793137560087,7.93837348765674
6,9,3.56836516869944,1.88170814276526,0.0646226491170414,0.000534696262929025,22.5693019334687,13.9339554041583,0.53526458334646,0.00444985931381556,29.1047826758941,15.3478424896194,0.527083992128966,0.00436116198719481,24902.4982004888,1850.37487367449,42.6579237098285,0.309400190185491,15461.6848949807,10602.2925566421,611.202636333691,13.1191627557898
6,10,3.23291996317178,1.99270729222733,0.0828620022910327,0.000881729226381382,20.4177493696075,14.7433645400143,0.684683011531844,0.00731415973501104,26.3687791154425,16.2531887671362,0.675850271694287,0.00719167918628899,25855.8375407207,2238.46414685907,65.162465055537,0.578804423403414,13973.5167053083,11210.6572964858,780.145459122697,21.5009227539041
6,11,2.96962437812489,2.07234142080137,0.106989288434586,0.00141828630392321,18.7323294207997,15.3191346037827,0.881975044692459,0.0117364504932351,24.2212520491179,16.9027114185907,0.872640506597058,0.0115680186013381,26310.9715396763,2721.99037821403,98.6974074398829,1.03125326996663,12809.3287376482,11640.4439720792,1002.85353791945,34.4253800563666
6,12,2.7426101395245,2.1322509394666,0.138428812572761,0.00220245948850529,17.2829282085803,15.7465883136663,1.13876987337405,0.0181918639633485,22.3696478083988,17.3913535385912,1.12907180614609,0.0179639980032567,26385.816324278,3329.95802665461,146.212228171323,1.75399195563962,11809.9415142139,11956.0479645745,1292.43785457273,53.2717031114154
6,13,42.4113866193959,86.5498223194562,33.5888436744527,9.38845476403684,137.964788452874,319.736856764374,135.375934312631,37.4375875399556,150.138782405137,302.88561425643,116.975243153322,32.6682945727909,225978.231418822,139740.280781278,54399.6620307216,17194.7408590604,37789.7066523254,95838.9002562723,59794.8373577572,42127.6544065359
6,14,9.08149842370147,49.0238074145957,39.0991051725704,21.336511611927,28.1445247299738,177.802813365895,156.53396493959,84.7666817201732,31.6418177902743,170.600984250016,136.044556893951,74.2392169847331,132056.437284892,155346.131387914,101564.724669646,48685.5551547521,7996.59471314977,56250.2893788935,73476.0930502202,101589.33840988
6,15,1.91969478920055,27.4431384614124,35.924417185347,33.5089276484737,5.95603843730466,99.5177255716414,143.596590567138,132.894509271996,6.68020363907244,95.4872309072231,124.997011016883,116.592431951927,72145.7572683504,132838.510191103,124600.834904404,88971.0917179972,1698.79859044357,31495.2602758523,67314.1778940798,159022.682866247
6,16,0.451283296383381,15.4823168415138,29.0448151852924,43.7896625581115,1.40291791206494,56.0972099993842,115.924132721658,173.396311322837,1.57022742154725,53.8698573134977,101.059803316809,152.363671308708,39742.466312699,101906.290780101,125188.330857533,131981.389281816,400.731294490601,17741.7090885503,54269.5611982252,207194.872039232
6,17,0.527225400913488,73.4776696344194,198.700032368333,1324.59851761295,0.727424808102902,113.289165305758,335.841038363389,2206.0733012114,0.469185081106058,63.3061525198294,170.614368772079,1132.19477538642,44212.4413348503,169910.818584354,329958.802584401,1661984.02200016,89.1090849544375,15078.0814837046,66096.6350745016,1103343.92982773
6,18,0.0230245562346177,14.1952446649509,47.9075104584873,1365.85991936292,0.0302120140041055,21.5978796356582,80.2510778146397,2265.11947806624,0.0197156815095195,12.1185041351156,40.8956529146563,1165.87740089723,9253.13684436112,44599.2949362913,111815.796711291,2042795.01845043,3.70876137761545,2938.81879719597,16179.9425589793,1163723.48533752
6,19,0.000834979840103672,1.90741062135744,8.40262617389886,2213.26304830856,0.000808086090732577,2.18474712965001,10.605075426545,2770.10935042848,0.000393733545615348,0.847428139605081,3.71070064673557,965.231897183192,1738.6551564803,10058.0649421371,31506.8921213215,3592737.13626273,0.211400274796958,653.201960088454,4697.30100887704,3145282.16537194
6,20,5.40780816260852e-05,0.137627777176329,0.765508874559095,2084.01076398244,5.3012756841228e-05,0.158304599152922,0.96800374623723,2616.10147237261,2.35943129292037e-05,0.0599514140601143,0.333393541416256,907.444341904496,129.029828171674,861.72062086069,3185.93243970454,3207254.6188465,0.0172919607596305,57.3820350795099,518.02328654482,3575033.29341482
6,21,4.08367511263505e-06,0.0094732646933205,0.0605692491690478,2286.88001741961,4.01812599837855e-06,0.0109764934038579,0.0769981748285163,2879.40669722262,1.77823127796411e-06,0.00412498494927214,0.0263738005476606,995.777853793509,7.68652448544842,57.6742226203856,243.354151516941,3386728.31898685,0.00113247363305223,3.44921044505001,35.6781717197123,3399411.58444244
6,22,3.78610455289619e-07,0.000353518191849542,0.00258796958292928,1699.93826181672,3.64993445885131e-07,0.000397847715713051,0.00320903197052576,2113.07404019371,1.64858745022354e-07,0.000153932735852788,0.00112688161688609,740.205369994126,0.375938904100267,3.07785046588494,14.1899197799999,2823304.77943243,0.000162867573678751,0.195931392572461,2.33410408181788,3964771.82115667
6,23,3.93210905785025e-08,1.18907344031547e-05,9.44868448684863e-05,1135.57508809221,3.7793243783516e-08,1.314662660506e-05,0.000115548658071852,1402.24146878986,1.71216116271554e-08,5.17759131348702e-06,4.1142476635745e-05,494.464297388713,0.0154278049369564,0.134191826560166,0.65274793296002,2026451.57616705,3.06584995025513e-05,0.0116277106675288,0.151190578380979,4763165.17748065
6,24,2.63519698497531e-09,3.90993599592763e-07,3.17656752469192e-06,778.8258946208,2.52872240482398e-09,4.30087538462031e-07,3.87220914238421e-06,960.377691454388,1.14744576527421e-09,1.70250631286275e-07,1.38317513821588e-06,339.12473319469,0.000541479962008913,0.00491112553061769,0.0247636644895085,1496366.79273898,3.32951270979047e-06,0.000616050598451787,0.00821357051850453,5294204.8398831
6,25,1.48877746492425e-10,1.4748471447839e-08,1.22939173228318e-07,536.680040889544,1.4412160964975e-10,1.64188169270661e-08,1.5164133516164e-07,662.28831443368,6.48259468604415e-11,6.42193779050702e-09,5.35314947902799e-08,233.686985672447,1.63580575047016e-05,0.000154189662024508,0.000806675401503635,1017002.26718754,1.97714619394255e-07,2.46069204712863e-05,0.000336807418574431,3781290.07613226
7,1,6.7546136438933,0.0286344850752532,0.000276701497174481,6.53504771435302e-07,44.0248201440896,0.191785527776121,0.00231760413081358,5.54046581807045e-06,39.7253905116313,0.16840579812323,0.00162734326638312,3.84340742715199e-06,666.186928240736,8.42299937767902,0.0728506514031178,0.000118034993389382,30266.6422550384,137.745822474167,1.99357870848488,0.0143142477747224
7,2,9.32723978129255,0.137992279199538,0.00171579334277507,4.435794255545e-06,53.0969290929471,0.909664959923551,0.0143299962490364,3.75315157589103e-05,54.855579051876,0.811563394709875,0.0100909636246359,2.60878961138046e-05,2377.80445208335,49.4844046120722,0.480222328676406,0.000839444099586817,31846.8426518239,642.547952130421,12.282712035638,0.0967293047925667
7,3,9.81216517939788,0.368357071959163,0.0055575634287131,1.57002461330843e-05,53.6423665701064,2.40748531584665,0.0463087637773536,0.000132571193235669,57.7075335565068,2.1663901597878,0.0326852710070824,9.23366519015305e-05,5348.10296652271,153.600686330379,1.64885317782521,0.0031553505593125,31443.4843624982,1686.04416588443,39.5805470383212,0.340836500616743
7,4,9.30745775766149,0.713860096005811,0.0125940399353089,3.91354104631463e-05,50.2048211127485,4.6415457712964,0.104736898182845,0.000329717071632369,54.7392365554307,4.19837056263605,0.0740683599278162,0.000230164084201472,9333.17566968079,335.901546690271,3.96777826802355,0.00857008595166329,29233.4873480017,3234.41775049371,89.3080393582921,0.845420870550297
7,5,8.3260153015785,1.1225243998954,0.0226305131541493,7.88231548069603e-05,44.6458220407465,7.27413090361118,0.18788044012007,0.000662306531901702,48.967154407129,6.60181655023226,0.133095099131238,0.000463576567239518,13708.1796809343,584.629301175878,7.6361055374897,0.0195685015523496,25906.7152787295,5052.68131679137,159.870260419189,1.69276993228977
7,6,7.21361136748052,1.52668625629645,0.0347710533344919,0.000140475824799039,38.540840760419,9.87022544891269,0.28820269750308,0.00117639410114263,42.4248585752025,8.97878263917396,0.204496325776123,0.000826169680723413,17795.7264399036,870.461278917067,12.7943384483575,0.0413356049741306,22308.1620378971,6840.9860105676,244.755692913363,2.99473721858069
7,7,6.19852679364074,1.87510779785798,0.048272020279358,0.000236940631596422,33.0273316788474,12.1027102873593,0.399440124655529,0.00197636329755548,36.4549196232426,11.0279274949586,0.28389852587891,0.00139350074104536,21145.4950347471,1167.45702328559,19.9193080124257,0.0849595685817524,19077.9001237464,8375.29237022107,338.546405115116,5.00741598379404
7,8,5.3836503117586,2.1465196447082,0.0633079938740014,0.000394383753712886,28.6219897580018,13.8373608188672,0.522906526877007,0.00327601026305499,31.6624491477805,12.6241611471017,0.372328442712096,0.00231945888449914,23609.8919447018,1469.65829375021,30.2473947966513,0.171468179071936,16504.9669096321,9564.66649572874,442.226253986404,8.25907086963091
7,9,4.77313032215049,2.3447274786853,0.0812095775451437,0.000655793727834054,25.3296200319537,15.1000434580616,0.669420319578637,0.00542722178283362,28.0718448170256,13.7898656599459,0.477611652027214,0.0038568692906424,25258.7787766236,1794.9886945714,45.9741288891146,0.335556659482085,14585.466035505,10427.8238136564,564.772908296413,13.6211676964553
7,10,4.31945287515764,2.48614091748792,0.104140262419976,0.00107966202611474,22.8869927627395,15.9963306163461,0.856625207920934,0.00890868565026774,25.4036664876248,14.6215496579056,0.612472128047991,0.00634973336287904,26250.843693299,2177.85466593732,70.1055611294298,0.628282826882621,13163.0725993664,11037.5880751625,720.881478478742,22.2789393320574
7,11,3.96355288141889,2.58904025809543,0.134433051545591,0.00173405206647334,20.9740782110859,16.6430136061129,1.10354297274836,0.0142765452284112,23.3105391853489,15.226723647793,0.790630782435203,0.0101983472541664,26742.4971848473,2656.2769715489,105.999359562189,1.11947216611612,12050.5918075989,11474.0082575225,926.390341696358,35.6067881128359
7,12,3.65700786146696,2.66792814297317,0.173866221027272,0.0026887952884844,19.3304026831662,17.1324764893169,1.42465246644981,0.0220996058284156,21.5076795002511,15.690680907027,1.02254605388635,0.0158134052474555,26852.4514250923,3259.08780653593,156.767408426312,1.90266298131663,11096.4652924603,11800.2338553401,1193.33536343034,55.0050947725212
7,13,26.3258910579666,50.274414392827,18.8107387664434,4.89217986539332,154.604957509218,350.248746989919,164.615784730748,42.3507865499979,166.407885344806,318.246233127986,119.145168347275,30.9893200618859,231913.124924074,139838.195754183,54182.4426080052,17802.9858422269,36001.2690058068,96026.5954705253,54039.0887888875,40612.4827148149
7,14,5.81410822843997,28.87006815969,21.5742578855714,11.171414530066,33.0072844882647,198.401959688932,187.899346113926,96.389466101906,36.8231188440927,182.874107772353,136.661935647752,70.7652904534619,137441.918744428,157380.089269323,101343.077532941,50659.0930169972,7948.04997414451,57321.8653679768,65568.0574731873,98449.1784804557
7,15,1.31471725906155,16.3946769682855,19.5946091461605,17.5961362613135,7.49164716028596,112.651832178855,170.486564431232,151.591900338334,8.32795813252844,103.851984252488,124.12199262414,111.46267362587,76079.2751391093,135878.018531205,124710.111210787,92781.0121809295,1814.14674580875,32557.5843454948,59425.0936044216,154545.848707555
7,16,0.333155584384972,9.31907482801578,15.6898701804648,23.0116880772259,1.90473679360219,63.9768677842789,136.369259419681,197.978616554593,2.1103709847213,59.0316514846973,99.3874367220392,145.767470781971,42190.5734212594,104956.064247108,125603.546754028,137665.114411078,462.472144980419,18474.5150334205,47472.7851411247,201500.674428959
7,17,0.710458161362763,71.5880958553523,184.194074628765,1119.23388673418,1.11154614485354,128.703198358841,414.983480097307,2483.41805194855,0.644287261475356,62.5271221750411,159.947790389758,967.257103987445,46907.898049002,176524.806452039,331721.850932847,1692986.22866535,116.776021342023,15767.1106638014,61116.7641113786,1065523.17316878
7,18,0.0363691828847801,13.6693856598488,44.9082467545005,1139.07478100029,0.0539976131636024,24.1942179461903,100.233091836248,2515.84144604126,0.0314895974495474,11.7970659245803,38.7520831509261,982.869627352319,9800.6210564837,46547.185920655,113366.890041413,2078597.31337374,5.7620812285801,3070.60833957337,15327.2905147817,1124733.58338093
7,19,0.00160913670777734,2.09763818250225,8.53529026769364,2108.26153122982,0.00156977982167045,2.46735807218002,12.7241744224703,3105.49431700609,0.000508413509526884,0.593082400590559,2.37898036974109,573.957240887447,1839.85437538864,10530.0334708093,32085.9938400737,3718568.79666337,0.350619695432413,676.446604335524,4207.82958728911,3018923.9258565
7,20,6.66180622963372e-05,0.152241998839448,0.740533973429599,2004.58735942344,6.48892669402505e-05,0.179378359195374,1.10495664512706,2960.55766391729,1.82045877474777e-05,0.0413659376120568,0.201115759819681,544.217126770753,136.447504836377,903.854155838981,3246.22785123363,3337272.05801867,0.0179767431426265,59.3730676829409,439.870946014604,3445080.3617635
7,21,3.90856556340607e-06,0.0104476902069605,0.0574409102569862,2190.44968119841,3.81616820941168e-06,0.0123986161507015,0.0861345291000473,3243.54158197549,1.06131434035974e-06,0.00283644092083788,0.0155944246500082,594.674050778032,8.12287592999947,60.5756453343194,246.758955763159,3511753.11815722,0.000916919434462496,3.57445242147697,29.839522298672,3274519.15913484
7,22,3.24166746324776e-07,0.000392146545817263,0.00238383316778665,1639.48099256431,3.07590744755447e-07,0.000451591126583594,0.00349426683592326,2398.89266000975,8.80067120872801e-08,0.000106461946541556,0.000647174846244261,445.094360166491,0.397011669796665,3.23639905122185,14.4044059852694,2960376.63695519,0.000115651316558387,0.202418792901913,1.88492408313465,3827769.76227707
7,23,3.56822945149851e-08,1.3233752900033e-05,8.55173986890489e-05,1108.21133101005,3.37355493686452e-08,1.49561511668634e-05,0.000123639714655605,1611.321208639,9.68720529486241e-09,3.59276440877173e-06,2.32166839463184e-05,300.86266052447,0.0162833368218006,0.141240436390135,0.667345103762242,2152158.10240823,2.30057302547834e-05,0.011974541217349,0.119222387227351,4637470.54603848
7,24,2.52924572048081e-09,4.36131189633933e-07,2.88453203575663e-06,765.849786693841,2.38687503253365e-09,4.90118079804637e-07,4.15428110281186e-06,1111.95411110342,6.86652063842207e-10,1.18403039707272e-07,7.83106938641049e-07,207.916665295958,0.00057129094799533,0.00517302180390846,0.0255356813796207,1603508.15823053,2.63903217503051e-06,0.000634338828172649,0.00647725677399072,5187056.08280328
7,25,1.4635184962334e-10,1.64358857493298e-08,1.11564236169297e-07,527.93944715385,1.39333366090701e-10,1.86957038590967e-08,1.62259550516328e-07,767.04631227386,3.97323196577961e-11,4.46209506843444e-09,3.0288007326957e-08,143.327596661329,1.72526753634764e-05,0.000162481033362133,0.000836941137195961,1091035.27998069,1.60700843732868e-07,2.53791251974464e-05,0.000265404033515304,3707251.40535526
8,1,3.73354777449943,0.0164273312987476,0.000146176089578043,3.24092379540958e-07,45.3163390399052,0.20418298846971,0.0023293067840076,5.22973332784092e-06,50.6704893730581,0.222946367979046,0.00198385408220804,4.39847578369905e-06,708.389034144666,8.91286290456002,0.074065030819019,0.000113960769064351,31040.9503503493,141.251675100793,2.03911641305159,0.0141058730932744
8,2,5.12999700727163,0.0783142593860895,0.000900515326477236,2.19095140218715e-06,53.9562639222728,0.956611767424053,0.0143050198562623,3.52780025073811e-05,69.6226416643692,1.06285551643003,0.012221499505697,2.97348758999864e-05,2488.76102289553,51.8815737427848,0.485593803962911,0.00080787121075189,32539.3792292076,651.319154594926,12.4797286603499,0.0949302847537576
8,3,5.3753827105568,0.207278788368141,0.00290092245061134,7.73118077864536e-06,54.1690256181427,2.50822137205832,0.0459676337795886,0.000124213030948684,72.952936178219,2.81311992711181,0.0393703707797004,0.000104925057116234,5530.46990525817,159.841215986751,1.65988059626358,0.00303079789846262,32015.3873308232,1693.91523641559,39.9931291153264,0.333460241299684
8,4,5.0836347902074,0.398987278986602,0.0065446528309058,1.92389576620878e-05,50.5103266385602,4.8008825543852,0.103489330089463,0.000308357274436479,68.9934288167101,5.41492486528756,0.088821887852561,0.000261104841465766,9564.19209301806,347.430614163658,3.98095636197384,0.00822949357073786,29683.430601762,3226.98284169869,89.8347559514953,0.825674093197192
8,5,4.53966313853799,0.624048833404026,0.0117207714961078,3.87557733573222e-05,44.8267542788233,7.48152433958375,0.184996248822185,0.000619366265907852,61.6108234611765,8.46938667753021,0.159070477574698,0.000525980681286483,13952.0172119937,601.78261273777,7.64642951533289,0.0188165934326023,26264.1414846829,5013.7060561633,160.268024572647,1.65332882372066
8,6,3.93214719035836,0.845224799525292,0.0179702862620118,6.92258472269995e-05,38.6810525280269,10.1077264863105,0.283140185570528,0.00110233014303095,53.3658156949839,11.4711145561633,0.243886848131242,0.000939510558888434,18020.5195609661,892.758831163316,12.807875670994,0.0398294165923008,22613.2107992658,6759.84208095314,244.833412181403,2.93128597411988
8,7,3.38281749007113,1.03490084191089,0.0249297122098049,0.000117213528157927,33.1826409248198,12.3538738553381,0.392086941776012,0.00185857150558172,45.9104926559097,14.0453357716161,0.338337901078467,0.00159078367055345,21333.2548512852,1194.46476424339,19.9673855825621,0.0819536387445345,19363.6230135946,8250.11252238349,338.39036300644,4.92000882286904
8,8,2.94449068818179,1.18206150592584,0.0327179133439735,0.000195870994341809,28.8161945211231,14.0917791334337,0.513565003718585,0.00309223215182052,39.9616646514153,16.0425521760858,0.444036819811879,0.0026582970774005,23756.4621003281,1501.74594240128,30.3900875042477,0.165241660660354,16789.9423807839,9400.66493095924,442.304256554722,8.14757570273813
8,9,2.617082261991,1.28926737031198,0.042044970319293,0.000326502833831221,25.5628451398307,15.3533453830383,0.658537620274342,0.0051345874046476,35.5181845670672,17.497515106843,0.570620586752748,0.0044311896810096,25368.3901615917,1833.55175636698,46.2829707468833,0.322419207720425,14875.2474995111,10233.497074032,565.852246390775,13.4726688776344
8,10,2.37360032123218,1.36572708506875,0.054032936635045,0.000537721600659397,23.1474570957639,16.2480567630354,0.844381403786701,0.00843042946612838,32.213727295617,18.5352013500756,0.733317345036049,0.00729778170724729,26330.6673715392,2224.94614528428,70.6230065556894,0.601137939885651,13455.2056153164,10821.4744490667,723.786121924752,22.0479172751581
8,11,2.1816793813924,1.4214820823283,0.0698668075263387,0.000862389711480917,21.2471101042551,16.8944542594817,1.08944343665419,0.0134897380365961,29.6090390660891,19.2918899387233,0.948209462450896,0.0117040711275985,26799.7162864796,2713.84459474765,106.683002948519,1.06599806741548,12339.3198728049,11243.049338881,931.677513059742,35.1924552878672
8,12,2.01522911002895,1.46441138849253,0.090422250171091,0.00133380010027207,19.6033456379984,17.3852856319214,1.4072616922014,0.020827402045974,27.3500304191742,19.8745124423498,1.22718120755708,0.0181018987538417,26893.653722699,3328.11820977961,157.436889550721,1.8031781809541,11375.7932616364,11559.4655979018,1200.99869091043,54.2332132559077
8,13,33.287124803527,64.4884727546288,22.8411724495298,5.83491358303053,156.261708108843,355.795973288402,161.61309490097,40.7853115695772,190.351905787946,363.950563938393,128.231323236137,32.7316315212887,233568.169583507,140914.980258022,54597.1435885868,17331.2300454677,36494.4286439258,93587.3578070879,53770.797069849,40743.7382737672
8,14,7.32832644025591,36.9315741292239,26.1008666690073,13.2402913970419,32.580424444702,199.654609311155,183.563372503725,92.2147591738081,41.1762923181225,207.196953372597,146.410016314089,74.2693382261619,138704.477545449,158054.859566255,101976.150136597,49054.7155027592,7954.47502749769,55926.458304527,65551.4401453766,99073.0908574116
8,15,1.63640055278135,20.9646830121856,23.8088328519542,20.9035433301494,7.29433881656393,113.33079698185,167.264842988682,145.357695744542,9.18046142523774,117.5986298067,133.551894310399,117.255116355368,76841.1060370633,136441.80154109,125526.755245558,89897.0999409631,1790.90309191898,31763.5760460546,59668.8087876681,155905.058973106
8,16,0.409458851022707,11.9169197745596,19.1319309075356,27.401973790453,1.83100051234124,64.3619066491919,134.253470158525,190.272732046653,2.29682048533168,66.8460833290751,107.31753696902,153.707032699568,42663.9509195685,105458.811531728,126503.894815252,133629.382659958,450.560583828922,18025.5575625613,47833.4336434011,203760.123350397
8,17,0.734022671818976,79.9980218132165,194.069007442405,1166.68556694601,1.01443575955233,127.32626048999,397.117749588335,2348.85102533803,0.687284250383508,71.9543545388017,173.513869181575,1038.10545227529,47569.8207441545,177917.828245139,335222.412070103,1672803.65713483,109.899704734875,15410.5921350892,61019.6469063456,1080614.75792845
8,18,0.0357957751434856,15.2081316837746,46.8688772604531,1179.37033986088,0.0467233175388534,23.7982316775483,94.9465996495954,2361.72045706725,0.0319305672051424,13.5139474716989,41.6418011518027,1047.77687990377,9955.15847689953,47026.5962217519,114737.503136814,2059210.50441336,5.19362165867601,3012.5152064418,15290.5449949588,1142258.41813332
8,19,0.00159144159137041,2.35417284918804,9.10588969374936,2215.49571471181,0.00136518595674933,2.45174236504649,12.343688246244,2965.40973777296,0.000540580375938266,0.716506085694187,2.73008716940678,649.65093025818,1870.80029315723,10652.7396257375,32522.9461028158,3616722.7484723,0.318956189275916,671.214895102176,4301.73136269223,3120047.02546044
8,20,8.35288684344405e-05,0.173361214627048,0.812439953014931,2121.26363683191,7.15971699292846e-05,0.181075493864525,1.10308832986424,2849.92006641218,2.45603599467819e-05,0.0507435551214235,0.237681768868911,620.373889663278,138.853974212198,915.031731635005,3295.23467671594,3245673.24908108,0.0203728461364221,58.915817076505,455.502387647088,3536519.0701706
8,21,5.57765697021744e-06,0.0118032775991514,0.0627596363665502,2303.74405872135,4.78624771395797e-06,0.0124123684121463,0.08558799016967,3102.09570064339,1.63144005119996e-06,0.00345198167294866,0.0183543960282509,673.738888293828,8.27159596936762,61.3361151639612,250.89380351894,3418299.75870562,0.00119021805370312,3.54517060002102,30.9974801966855,3367915.42277544
8,22,4.9732950838753e-07,0.000444419286366656,0.00263314622183482,1717.58615600143,4.15746100494273e-07,0.000452735671629159,0.00350808761491174,2285.25703442004,1.45446355018754e-07,0.0001299722488705,0.000770073942811511,502.31473347038,0.404493772233514,3.27628878127563,14.6392092170916,2848171.31665176,0.000163152211054695,0.202217611069971,1.98976136604808,3939953.00534806
8,23,5.21607517322907e-08,1.50343057921917e-05,9.51295487287206e-05,1143.9750811151,4.34379414457814e-08,1.50112969386728e-05,0.000124983762922007,1512.75011142428,1.52546148938426e-08,4.3968412070209e-06,2.78210056536241e-05,334.559949703595,0.016595766277241,0.142919284030831,0.676780968297465,2052119.68964786,3.1105320631615e-05,0.0120658701165518,0.127699933802979,4737538.04883443
8,24,3.52230777423382e-09,4.9558581285341e-07,3.20890593579168e-06,782.818472595033,2.92791288103014e-09,4.91953619067907e-07,4.20086544067812e-06,1033.953948738,1.03011257214213e-09,1.44935993493936e-07,9.3845698774355e-07,228.938298693664,0.000582301849782136,0.00523271420340749,0.02583903527096,1530383.40417101,3.40613139986563e-06,0.000640754146943977,0.00695845564410523,5260220.8458428
8,25,1.98867671077255e-10,1.86756235838771e-08,1.24262053816387e-07,539.319879382503,1.66954695724695e-10,1.87809341375131e-08,1.64376279839315e-07,712.849159538944,5.81596217734725e-11,5.46175855620102e-09,3.63409196243921e-08,157.726190630374,1.7585062075578e-05,0.000164326071724411,0.000845667571664218,1042006.73224613,2.02498678209983e-07,2.56234938666135e-05,0.000285315189321984,3756308.37118523
9,1,2.517994496513,0.0114626773858654,0.000114709071382803,2.80257334507858e-07,42.0504855483571,0.191732328189556,0.00218197886343414,5.39986557471314e-06,42.1186714051655,0.191737012494378,0.00191874672143033,4.68788418615318e-06,665.201892329635,8.79195607086232,0.0729729152928227,0.000122135795630637,31110.2923783461,141.314939028877,2.16984158478081,0.0149228013950695
9,2,3.42747327862652,0.054980640282192,0.000711370450283099,1.90445794454884e-06,50.3102186536756,0.9052793190864,0.0134897648447435,3.66158623067711e-05,57.3315870913822,0.919665044899075,0.0118991436575063,3.18560022599301e-05,2351.0577734987,51.5747574711676,0.481407714809823,0.00086912146800122,32714.9678435046,656.670146520098,13.3695797786154,0.100959207355141
9,3,3.58552195438001,0.146429581345823,0.00230498691859081,6.74708459891098e-06,50.7227192138866,2.39082943435675,0.0436014902678806,0.000129443651872774,59.9752784295885,2.44933792716447,0.0385556786370165,0.000112858959603734,5263.50232322856,159.972394822579,1.65419385952022,0.00326576983019866,32305.3768889291,1720.26525742872,43.0980154184805,0.356096585132074
9,4,3.39668123996816,0.283482421087152,0.00522549067031679,1.68261836466146e-05,47.4838245786462,4.60541621224975,0.0986409850339571,0.000322053992309885,56.8165264905974,4.74183043666111,0.0874071507219813,0.000281452759724518,9166.6797449661,349.706669437252,3.98272965896861,0.00885199195293754,30062.45686249,3298.21511158916,97.2860040592035,0.883771714706293
9,5,3.04043656444089,0.445592338565926,0.00939218848388397,3.38764687647949e-05,42.2800866354129,7.21556527443058,0.176970380792541,0.000646578201112249,50.8575966958136,7.45345445143257,0.157103798708023,0.000566654080558029,13452.7189406327,608.461217256692,7.66464203595736,0.0201241489416426,26682.5123194932,5152.07906954485,174.200463443845,1.76911141513348
9,6,2.63814848001358,0.605944109240684,0.0144284162946717,6.02732621381281e-05,36.5641109546849,9.79037374940699,0.271394849582704,0.00114638429124438,44.1284955553338,10.1356698207034,0.241345136239886,0.00100819510369415,17459.5444725941,905.408701259094,12.8295872298396,0.0422362635092044,23020.7043395064,6976.39187446149,266.660746273099,3.12521611587402
9,7,2.27103061074436,0.744140360900892,0.0200129075476213,0.000101361710289276,31.3957432594943,12.0042108157476,0.375773709272723,0.00191989114461246,37.9876890825129,12.447288261952,0.334757315009035,0.00169548447173008,20744.1516724784,1212.84735186932,19.9302243190372,0.086206434008364,19728.3385703827,8541.65463255398,368.53587598487,5.21124712835012
9,8,1.97612163521563,0.851613867247327,0.0261977128185711,0.000168099763390738,27.2618051001603,13.7217748511615,0.490956277891886,0.00317012084022398,33.0547258643923,14.2450051770744,0.438210988665913,0.00281181658949032,23158.7763351765,1523.43395496222,30.1654526287599,0.172978795426725,17102.7716736427,9753.43879722222,480.530789975193,8.56550046815741
9,9,1.75512323658226,0.929754492742707,0.0335099544949078,0.000278586327605987,24.1713211501623,14.9667405535377,0.626651495176332,0.00523308307329485,29.3580700750342,15.5520689268926,0.560523370534614,0.00465993313593717,24769.5841104313,1854.34915927659,45.6850456778538,0.337185933500984,15143.3663021041,10629.3731489151,611.977525502333,14.0808790653345
9,10,1.59100900672733,0.98500150609328,0.0428230436057532,0.000457557273965495,21.8800978185614,15.8426911498988,0.799003215324308,0.00856792915289978,26.6129197858878,16.4761896128798,0.716304068455094,0.00765359276912006,25731.5100161381,2239.83755665054,69.4507942256596,0.629858183132251,13692.5103847476,11242.962335221,778.450449748937,22.9773456428291
9,11,1.46241193034027,1.02458926267315,0.0550879195768331,0.000733922940689963,20.087903964262,16.4652255210861,1.02558430347061,0.0137104288637239,24.4618674259592,17.138376807238,0.921459513221316,0.0122763807539854,26198.6068001052,2718.15071988623,104.790042869666,1.1207656134738,12559.1958993504,11675.7518857513,996.898265001236,36.676025643649
9,12,1.35169562926414,1.0542939630753,0.0710387476571671,0.00113748418449021,18.5485742379633,16.9263838072034,1.31994105066,0.0212110770034451,22.609908054849,17.6352494243781,1.18827013869577,0.0190267781210255,26288.5233647173,3318.5779810943,154.809198010287,1.90313245987247,11587.5852636497,11992.5066759608,1280.36536365672,56.6321451403699
9,13,33.8319188563324,68.9572025519979,27.0748261543668,7.39937267934478,149.119411389522,343.655092935568,152.842542604776,41.2997421145963,151.263701164135,303.805270569426,118.533427049201,32.3596089922975,225964.104379295,138948.072228562,54506.6738465779,17635.6910773525,37588.6958688481,96576.8405199709,57906.7629905071,42427.7831388351
9,14,7.49299440859295,39.367424166823,31.212093403684,16.8111614491504,31.3850821539558,192.357057458954,175.07289449746,93.4976542820603,32.8221148575676,172.186149866579,136.49201726777,73.5151233138542,132617.235109558,154768.694088633,101464.415578069,49902.6619327105,8182.52113928431,56944.3000797788,70421.3866814284,102201.190518268
9,15,1.65410306070536,22.0917789340353,28.42526975004,26.3677362634586,6.9384771590474,107.918611313514,159.229999294652,146.40677978946,7.23431031264578,96.607673612654,124.303533518115,115.305931415979,72620.6030696029,132511.594338481,124281.807008983,91008.5208335975,1817.45046890289,31958.7478363767,63965.6136702341,159758.601161794
9,16,0.407524514019059,12.4519938235163,22.8134044607354,34.3917959643818,1.7136594737232,60.7770954341903,127.628872320995,190.680282927997,1.78211764777467,54.4524910810911,99.7628625724655,150.395089447438,39956.1790690894,101699.825270071,124681.598082689,134649.489226803,449.804574329392,17984.6271127917,51200.9588006522,207743.193309395
9,17,0.597992396266841,68.8340330962838,186.655847991847,1211.59867226288,0.949838333568571,121.906946734236,376.418823663863,2406.88255061824,0.557799964972033,62.2129679367331,168.018581656648,1085.66529998197,44160.8680536168,169308.057063486,326406.901502281,1670491.38987871,107.429747277435,15240.52737046,63685.7690747547,1101184.3858154
9,18,0.028552700495215,13.2158740011196,45.2090420300375,1243.2259508641,0.043224699896251,23.082781392875,90.3482935322502,2459.09833049408,0.0256221461016487,11.8273094004247,40.4554435289029,1112.438875214,9205.27893882996,44391.0144483729,110585.407162284,2048189.688053,4.91642887478591,2959.92064681828,15713.400920471,1160233.25009328
9,19,0.00110619044555648,1.81573057884185,7.89580170746406,2055.33297884334,0.00121604652865645,2.34243020793154,11.68335466745,3011.95741476829,0.000525884825862997,0.813721069683509,3.51559142488369,903.274935225017,1726.80600910804,10010.2021199355,31167.7551893064,3627544.47377129,0.291531178143583,653.415167229192,4421.82848315453,3111126.41025768
9,20,5.7491327493755e-05,0.130772272113794,0.700997879510887,1937.79536324448,6.3669319120878e-05,0.169308199190121,1.03903521711432,2847.49876921252,2.52890152622252e-05,0.0574046515203473,0.307649028889637,850.27284168893,128.089379851984,857.862284081523,3149.82938773571,3240885.6416418,0.0190346677464002,57.3264737553339,475.714072844282,3541457.54064866
9,21,3.92732801587318e-06,0.00899386844799415,0.0549440697925691,2124.24354290416,4.36229507897978e-06,0.0117285602856703,0.0818669129585177,3130.45187665392,1.72334114237678e-06,0.00394638770302131,0.0241085845303825,932.081265879251,7.63002461988965,57.4346366079269,239.938951874869,3418058.02142725,0.00112793490232991,3.44866650894009,32.5132377495323,3368064.04953037
9,22,3.47842439197957e-07,0.000336562524566917,0.00232117392748078,1583.05002575013,3.77731358572844e-07,0.000426407569691021,0.00337670858877609,2304.07106038122,1.52627388032169e-07,0.000147677853051267,0.00101849100227434,694.614924571805,0.373206310653851,3.0664777290557,13.9958717695922,2863142.89444125,0.000153684029831583,0.195462835531985,2.09385108191762,3924905.63689431
9,23,3.67182275199039e-08,1.13469797349426e-05,8.44180051632176e-05,1061.84051476475,3.9748407927713e-08,1.41216719215807e-05,0.000121110428163959,1535.41861394566,1.61113223211246e-08,4.97885818711004e-06,3.70411582248027e-05,465.917221231221,0.0153179680234474,0.133758797320804,0.645772782396846,2063780.98080702,2.93636898330092e-05,0.0115902124588641,0.134646302120006,4725804.90145446
9,24,2.50283984807525e-09,3.74520477243526e-07,2.85294426703837e-06,730.075233747694,2.7048870671714e-09,4.63651559322677e-07,4.07839487842018e-06,1054.18034472827,1.09820276339294e-09,1.64333096852921e-07,1.25182251656875e-06,320.344363835862,0.000537723825665382,0.00489660771180576,0.0245821251196948,1526996.89148014,3.24223270268711e-06,0.000615810619336935,0.00734313251393146,5263548.47058971
9,25,1.42298013834921e-10,1.41560555060646e-08,1.10635028573391e-07,503.108292634354,1.55100963374604e-10,1.77318500889041e-08,1.59883314740227e-07,726.98090369692,6.24379031233298e-11,6.21143189906389e-09,4.85447337591678e-08,220.755202333293,1.62479412336484e-05,0.000153757217381333,0.000802675242306117,1038161.23310794,1.93864893561191e-07,2.46754900978613e-05,0.000301792534765986,3760112.92119369
10,1,5.8823593777198,0.0270269529374106,0.000270612384160032,6.4903369571632e-07,44.8576163245253,0.206891503812228,0.00258873104856772,6.28925336067568e-06,41.8729795063235,0.1923886273853,0.0019263268509247,4.62008063338992e-06,669.223863707883,8.8905478376481,0.0795089565968507,0.000130855713488683,29713.4104608566,137.77725753654,2.08978623770317,0.0155271262549791
10,2,8.13833082727019,0.130056435561762,0.00167562055388928,4.40167592047501e-06,54.0416182352261,0.979126896933609,0.0159804732733448,4.25618189219169e-05,57.9318838010305,0.925793565345569,0.0119277352177992,3.13328842691303e-05,2386.18941060811,52.1333734027015,0.523467783691826,0.000929964554570839,31166.3493575991,641.078356374478,12.8533471470491,0.104814435903324
10,3,8.56283935485476,0.346625232626679,0.00542010248571956,1.55657073880927e-05,54.5301029340835,2.58600420876081,0.0515649978838287,0.0001501869593317,60.953704763404,2.46741661468799,0.0385824506347458,0.0001108029116568,5358.43913998425,161.546583402241,1.79515572598596,0.00349252952934347,30721.0257020039,1678.44140929082,41.3540552953887,0.368925391517666
10,4,8.12145374176044,0.670754033823565,0.0122664307467152,3.87597452624878e-05,51.0043319610503,4.97686795491699,0.116457562991113,0.000373088904100863,57.8117459770218,4.77469466052331,0.0873173450126815,0.000275907321336697,9337.07393553297,352.718985028644,4.31420253814316,0.00947332927591109,28543.1070913522,3213.76317903633,93.1698402556163,0.913951939680248
10,5,7.2669663120199,1.05335883927238,0.0220120833450427,7.79573077718441e-05,45.361315125969,7.78785836769508,0.208600951200079,0.000748258092128891,51.7291637448893,7.49822822058769,0.156690786062742,0.000554931200406177,13696.4736651065,612.964792360898,8.28972466987462,0.0215849942605688,25298.0519441143,5012.48591387537,166.531431636053,1.82699543402701
10,6,6.30131131454945,1.43097424322887,0.0337697508441962,0.000138652875193877,39.1891419128671,10.5537426632714,0.319472353738802,0.00132612219227653,44.8552464401406,10.1862452314204,0.240386551421618,0.000986986450279849,17762.5358232058,911.221857024654,13.8603161852194,0.0454518563886116,21801.7409570321,6777.5637445085,254.531996882208,3.22477153887308
10,7,5.42208115102322,1.75577593019711,0.0467956243228284,0.000233214107404365,33.6286926717178,12.9265551263446,0.441921350578385,0.00222117612253575,38.5965355633245,12.4983131464739,0.333109912610434,0.00166011100527385,21089.8243055549,1219.98483271597,21.5172047498777,0.0930464342215463,18670.7313675387,8288.28143623643,351.373181318195,5.37519428137225
10,8,4.71749431861918,2.00806419718505,0.0612283118087527,0.000386846936547585,29.1938050836086,14.7647647525109,0.577108387330079,0.00366822458869039,33.581005552454,14.2942016250468,0.435847536837932,0.00275373074067775,23534.8954828913,1532.55104530262,32.5547354201279,0.186952504328152,16181.1560487914,9455.88536110168,457.844724826828,8.83190747848797
10,9,4.19021800849442,2.19151723075224,0.0783146935234292,0.000640855575295407,25.883098999128,16.0969631545638,0.73659017998335,0.00605282637922712,29.8276425376662,15.6000934656622,0.557475214685321,0.00456186551139616,25170.0461584058,1866.96772684062,49.2767737528397,0.364148535695452,14325.8151146934,10299.5493771242,582.938629967336,14.5062919275474
10,10,3.79841356377786,2.32146363566447,0.100095760788242,0.00105110118187837,23.4267861665462,17.0356602579289,0.939346659825633,0.00989634628573587,27.0386222771491,16.5251037889722,0.712521536176627,0.00748215731506807,26154.8435581214,2258.2755982984,74.8269937227768,0.678461635219466,12950.8143207942,10891.1991884101,741.479592344435,23.6305754925103
10,11,3.49053784557249,2.41488063752143,0.128768783866446,0.00168189536030185,21.4998061143315,17.7045409546127,1.20580685164353,0.0157980428797997,24.847040156591,17.1900832560742,0.916627547156767,0.0119724017917789,26645.6111091129,2745.18793776103,112.686794836644,1.20245386639646,11873.4514591428,11309.386272231,949.420171295583,37.6184237914781
10,12,3.22453350697848,2.48519741617009,0.165995412671065,0.00259805639752331,19.8388578885333,18.201131668959,1.55139874616198,0.0243598847690234,22.9535152113575,17.690626123696,1.18162153425137,0.0184940013528953,26760.5336440115,3356.94631696132,166.027941396085,2.03179747979307,10946.5074395428,11615.8761568976,1218.78886163638,57.8843866851771
10,13,35.9982804536169,71.9877921121994,26.94247625284,6.99821691215608,160.413052954132,370.224649095056,173.356639800012,44.4821464646005,166.410044757601,330.373256421199,123.265891679831,32.0022510582723,232279.662147398,140147.160282626,54611.9436956002,18169.9850041145,35862.7996914544,93951.9520792205,53297.3449810629,40639.9033826825
10,14,8.24257017655979,41.4639570953036,30.7108014371514,15.9697343389978,35.1684148193568,209.531188835624,196.518258222575,101.150240583016,37.7245052151448,189.623832395638,140.434221801463,73.0259227869965,138239.009114052,157061.673426349,101868.348139928,51696.1097432321,8130.21707441436,55997.972016176,64180.6731581711,98360.902790259
10,15,1.94381991507888,23.4691298862101,27.7671972652874,25.1227456752392,8.32442235321607,118.583381890972,177.502568576449,158.868410706145,8.88925627361404,107.319210797442,126.972995354547,114.880518327361,76645.3572045411,135388.411685439,125186.161630002,94584.6191787156,1936.36070151831,31706.4569333042,57908.0815666724,154198.062744028
10,16,0.513726844093839,13.2717891029427,22.1559022464786,32.8059728197106,2.20810631681401,67.0035134635981,141.482266262827,207.160344935827,2.34916588199926,60.6888334106471,101.31382797686,150.014142760104,42439.2156858234,104460.887325335,125924.906299772,140142.842556373,515.136135439583,17901.7730870501,46099.984290438,200732.453819705
10,17,0.876385285413564,77.3287617891232,197.253665001861,1198.32274887793,1.36230331501835,135.601607818623,433.100195291307,2589.59686104968,0.801321035199724,68.518011034959,173.848825887732,1051.50771633706,46903.8152322518,175467.847480219,331133.389361098,1707214.78494673,136.952936513483,15316.6803813083,59505.0308640783,1054626.70413221
10,18,0.0473495862851315,14.7853287438871,48.1755616064356,1216.0129622023,0.0700903335516772,25.5181742480375,104.770335277839,2615.33564733713,0.0416066039350287,12.9573974902159,42.2143192234243,1065.48391692046,9765.64550656613,46279.0951683434,113054.389585828,2092441.92698173,7.17617414624803,2990.22237224633,14968.9699117002,1111666.05135686
10,19,0.00216896398382068,2.25327967901147,9.08358819996587,2246.14673386033,0.00210098771998654,2.57235349296283,13.1355713038862,3205.88485158564,0.000696275569869523,0.649781809452775,2.58059328379695,622.513862050905,1830.7550185243,10470.0382273505,31984.1176085344,3757767.81546002,0.453114782917717,654.892081762325,4082.11117056469,2979754.6183446
10,20,8.13218614318001e-05,0.161979009544573,0.782767798526733,2143.9134273528,7.86537376737819e-05,0.185313752934453,1.13323937641608,3068.54296819778,2.26376511465628e-05,0.0448028799471112,0.21639639268607,592.452316280296,135.715455433123,898.470006608847,3234.39259867334,3378594.04428701,0.0209666616013826,56.8232575350416,422.846010215188,3403500.24385511
10,21,4.32193927498971e-06,0.0110747570368537,0.0604840145427396,2341.56995008974,4.19093044768992e-06,0.0127678670797258,0.0880301747427157,3360.92687891172,1.19460896449287e-06,0.00306046738270831,0.0167142865050867,647.070558786347,8.07827620670688,60.1583564183473,245.533541801482,3553467.3074314,0.0009686456298454,3.40864752773735,28.5718171232416,3232487.18118298
10,22,3.31200464448518e-07,0.000412036188059743,0.00249417671575884,1752.80695334888,3.10639494927289e-07,0.00046016382639322,0.00354345519420179,2483.714643535,9.15245777870772e-08,0.000113862374639791,0.000689242111010939,484.371508854399,0.394816367445571,3.2127421564073,14.328853149791,3005111.95378268,0.00011220847927677,0.191334125197287,1.79380725476769,3782797.22372713
10,23,3.66289154591932e-08,1.38033910126227e-05,8.93944565641463e-05,1188.6786237626,3.4216940335991e-08,1.51068805678666e-05,0.000125139673481314,1672.87388642091,1.01220527856672e-08,3.81443580205678e-06,2.47033068888385e-05,328.480017397599,0.0161933316439644,0.140267444910749,0.664393399342022,2197245.17399026,2.24061725283182e-05,0.0112085947753063,0.113134335232882,4592213.8479905
10,24,2.63146229614759e-09,4.55052691801504e-07,3.02669410955778e-06,823.283019606419,2.45362783661717e-09,4.94853851002556e-07,4.2186285148001e-06,1156.84768057345,7.2717954646551e-10,1.2574947795728e-07,8.36398092907572e-07,227.506422002815,0.000568145891993691,0.00514099857584566,0.0254478541319847,1646484.0872304,2.6036107633629e-06,0.000592980588279729,0.00616164587190844,5143958.23772403
10,25,1.52874352143233e-10,1.71302309477106e-08,1.1715377260598e-07,567.535579640951,1.43819031909802e-10,1.88609421333627e-08,1.64947255875405e-07,798.051544657683,4.22453713314362e-11,4.73377618447114e-09,3.23743293559679e-08,156.833052557228,1.71584232687519e-05,0.000161554142392513,0.000834622914610217,1121532.1021956,1.5919629557893e-07,2.37037174824105e-05,0.000252732652958808,3676670.47633726
11,1,2.82876156026501,0.0124075205345797,0.000113684100788378,2.59272047273387e-07,41.3821946321908,0.188484631048822,0.0021805811435155,5.03501523643385e-06,45.9166837470952,0.201399865041476,0.00184532941068522,4.20852459476956e-06,665.205552547618,8.6889733351677,0.0726398208529764,0.000114371799977477,31011.6577670155,137.451164479303,2.05271407386536,0.01431410747322
11,2,3.92080903318157,0.0597022230465452,0.000704602422153416,1.76318840369578e-06,49.6365012450737,0.891926861418119,0.013473739985776,3.41670370393212e-05,63.6428856140446,0.969091256447197,0.0114371628347582,2.86202150991687e-05,2378.93707876319,50.983805623838,0.479342273732111,0.000816529768149767,32608.6471258996,640.194632433802,12.6398050881816,0.0969017030911827
11,3,4.13118684093277,0.159123593888087,0.00228211929185125,6.25730490503115e-06,50.0477852228992,2.35572943892554,0.0435323343042093,0.000120989121939667,67.0577550048087,2.58290689462565,0.0370435427534803,0.000101569073360339,5350.08367715266,158.126489499494,1.64854157754603,0.0030856976318132,32178.7441201242,1677.09883731202,40.7254696580941,0.342313011595698
11,4,3.92185155458845,0.307969819896465,0.00517343679866682,1.56556766010601e-05,46.8133600182732,4.53432941880757,0.0984802788704115,0.000301983034602618,63.6598079048489,4.99899073236525,0.0839756396250359,0.000254124193935359,9329.59790544436,345.661079387987,3.9766259392704,0.00844194432061605,29913.448249261,3212.68436970638,91.9179284655083,0.852141201472954
11,5,3.51121801082115,0.483774743805978,0.00930394781259356,3.16937484780795e-05,41.637666366704,7.09720565458192,0.176780810671441,0.000609575152056784,56.9943714007748,7.85267030922537,0.151022424551864,0.000514455458554669,13691.6666939515,601.6128266459,7.67949067445557,0.0194468516321971,26519.4791040132,5013.11052826905,164.664864763126,1.71469533237001
11,6,3.04548794824518,0.657441750804707,0.0143141689182089,5.6846818500748e-05,35.9703866304722,9.62110914822422,0.271501965184035,0.00108944453830871,49.4346037995734,10.6716470479075,0.232348734001575,0.000922742101629388,17761.7616023599,896.07658858102,12.9265746998062,0.0414383549683208,22855.3029763133,6781.63126459336,252.408418959471,3.05263415680374
11,7,2.62043816586127,0.806989311559812,0.0199082482146344,9.65402101287171e-05,30.8575558168766,11.7886883643446,0.376928828066617,0.00184241633932787,42.5351617579947,13.0991150073131,0.323152276271883,0.00156704840719878,21093.1726305801,1202.63562218725,20.2367063813403,0.0857099859935866,19568.5359111984,8297.11997933164,349.733902833798,5.13896886054128
11,8,2.27903737708783,0.923296653765882,0.0261654662057837,0.000161601641273972,26.7724115673519,13.4699124628618,0.494428733552348,0.00307079788565392,36.9935168667052,14.9870250823641,0.424719938839144,0.00262313075786188,23540.4329830175,1515.25704907629,30.8983024453902,0.173476756000184,16950.3009124926,9469.92878081347,457.778108438959,8.52490499991963
11,9,2.02294538988876,1.00797185290326,0.0336339382734005,0.000269601023504029,23.7166606080711,14.6896663566535,0.634186371341011,0.00510344457625462,32.8366112612418,16.3614796827898,0.545948774390291,0.00437618536253297,25173.8904454751,1852.12941921023,47.1595481120948,0.339508459000491,14995.213871735,10318.3686130702,585.799400310166,14.108245644327
11,10,1.83225859490211,1.06800637090972,0.0431935987425724,0.000444239062793472,21.4455782437994,15.5497809948601,0.812605629028275,0.00838383140047629,29.7413679635605,17.3359647775863,0.701121947222664,0.00721092397497187,26152.1078284755,2247.92049121449,72.0653102110739,0.634776331240165,13543.904621124,10913.9185875445,748.762939105876,23.0993592767122
11,11,1.68227402397031,1.1111910390494,0.0557811385011956,0.000712926977473497,19.6627860134792,16.1628872586655,1.04714448673304,0.0134239705227043,27.3068064200368,18.0369417625491,0.90544389869762,0.0115722876820895,26631.7225255702,2740.51176540955,108.986237485431,1.12895245606405,12406.1242748427,11335.1548373455,962.591355002516,36.8930169424568
11,12,1.55277315087821,1.14371253804925,0.07209435399955,0.00110372344467662,18.1276229069349,16.6181568888005,1.35078838723489,0.0207461871731386,25.2047378970944,18.5648333337346,1.17024131657047,0.0179157271738106,26732.3299339073,3357.97660406025,161.022173440246,1.91563986263686,11428.1594340913,11644.1339406291,1239.10828834917,56.9067646279143
11,13,30.8379068496938,60.1933284680937,21.5844396896465,5.65136905631311,145.140208279616,338.71882133892,153.099594586406,39.5952126261265,173.643439647395,333.761479261517,118.96426039856,31.1190457279297,231409.302065217,140251.518037175,55078.9501074755,17835.2115666693,36791.6532208236,93755.8677308333,54633.8832140607,41565.9325338815
11,14,6.79670167100322,34.2284865987211,24.508378205502,12.7270452225822,30.1991934574073,188.596063925693,172.758554072727,88.8463599554257,37.4983192959523,188.503780073463,134.948013665398,70.0768977079697,136883.552406071,156715.1595606,102365.251301753,50221.1735940478,7999.55068025067,55622.2681200484,66228.579676985,100408.976636906
11,15,1.50622741061351,19.2991077008508,22.2574608571333,19.9928952056589,6.70723556623207,106.342292238439,156.729824902623,139.349887507735,8.29496445329117,106.264150791178,122.552681978517,110.083651155176,75534.2309303356,134852.853167342,125488.352193038,91636.6794941517,1786.85236429695,31385.2348025021,60022.3181045723,157214.653304153
11,16,0.373390498153356,10.916278958058,17.8227458966981,26.1097529316213,1.6680051206173,60.1010299069331,125.359122484196,181.722539212097,2.05596895014055,60.1065537552435,98.1345083419762,143.763916935345,41813.230014591,103959.865246942,126058.446325151,135745.656162191,445.403684613051,17725.3028755578,47948.2162942073,204690.157522395
11,17,0.620999639168201,69.044622360648,169.079766722473,1033.24866703298,0.916106710556213,119.49708303075,370.185207629147,2225.84303483952,0.642314138569329,68.7091877091826,167.359810364138,1018.12744841104,46570.192795888,174888.486072525,331779.754267725,1674949.90605412,108.697457744958,15353.1655457008,61561.3985864232,1085817.262484
11,18,0.0301552621887683,13.1877695150289,40.8637282516038,1043.66930500175,0.0419971386767408,22.444935534057,88.5687272554446,2236.32282205983,0.0297875467385472,12.9782318107158,40.2093711543052,1026.89736200061,9752.67691404039,46203.9379965927,113254.464824007,2057150.18424919,5.10771026428471,3015.49001131854,15435.7544628171,1146978.76881813
11,19,0.0012459097679812,1.90474970399754,7.40769402834458,1829.57255111136,0.00120578305621657,2.29273322437453,11.4179260710192,2786.75781806881,0.000612608970063926,0.86929851655473,3.34900585549602,815.271777458633,1833.29663532267,10456.3827373618,32036.1766603031,3630065.13478829,0.307296106937386,665.640409870067,4302.75128440842,3107831.26523385
11,20,6.07595899374127e-05,0.139064937883437,0.657846495813674,1757.09204527443,5.91024584848989e-05,0.168145057931376,1.01656077287037,2686.54555568297,2.71328595675236e-05,0.0618960447801543,0.292703699566327,781.630821563075,136.026033293509,896.911935268811,3241.16515450557,3262023.51114872,0.0183326023089679,57.8485729866739,452.476362312749,3520614.43244733
11,21,3.94868296727113e-06,0.00944005198610638,0.0506854261275435,1906.29899966546,3.84715500515789e-06,0.0114922729908925,0.0786738235893207,2921.43634850002,1.75672905769303e-06,0.00419938843884525,0.0225471078974359,848.002659126143,8.09848500548704,60.0249871102839,246.48368909617,3432017.35646105,0.00104466802633008,3.4765281397263,30.76171356981,3354607.8819123
11,22,3.4509039161376e-07,0.000352254571395071,0.00211651903816287,1421.83068169454,3.27094088021857e-07,0.000415414844607909,0.00320803742712468,2152.26403073092,1.53511181650624e-07,0.000156697857654968,0.000941517545729253,632.490598806352,0.395788234052067,3.20313690499645,14.3773384877529,2864419.24001225,0.000140038902132797,0.196387981446293,1.96311235489459,3924004.03157857
11,23,3.60148766982569e-08,1.17612276081747e-05,7.60671120128429e-05,950.409216987944,3.39909984533429e-08,1.35903541789013e-05,0.000113653005144107,1429.37127597929,1.6020945453111e-08,5.2318930591656e-06,3.38378781788548e-05,422.782334423084,0.0162298682195102,0.139688025638208,0.664816016508434,2056473.33343704,2.65587402749299e-05,0.0115560150360716,0.125235468542286,4733373.14592933
11,24,2.43514698407852e-09,3.8485250346301e-07,2.56206477537059e-06,653.270479120943,2.29376533187707e-09,4.42073413290326e-07,3.81398827731267e-06,981.205166420156,1.08325667432445e-09,1.71198718514695e-07,1.13971509056741e-06,290.602419711109,0.000569238548269676,0.00511475530174041,0.0253918333744896,1520335.44935383,2.90736176862772e-06,0.000608166126160281,0.00680328246753034,5270389.43408221
11,25,1.3764534825119e-10,1.44105517144209e-08,9.90159324364422e-08,450.227663511397,1.30964036814942e-10,1.67683698027624e-08,1.48959271864276e-07,676.724913874046,6.12304895805357e-11,6.41042467344032e-09,4.4046486831642e-08,200.280362604703,1.71844086100316e-05,0.000160608976383031,0.000831187039922269,1033223.26120058,1.73129076083864e-07,2.41777183327454e-05,0.000278587035477857,3765174.50454718
12,1,6.96694740706537,0.0305742018575914,0.000288676556711817,6.92655785852691e-07,45.1593654037821,0.199639420612083,0.00243883621544884,5.92923984842259e-06,45.3881668331926,0.19918436204883,0.00188066579971308,4.51250375944787e-06,669.752710524448,8.64391255236427,0.0757119488434283,0.000124962891073314,29529.908813029,137.094220375109,2.03156493878772,0.0147797645160992
12,2,9.66760340940676,0.147474345835678,0.00179356173188767,4.7138780969038e-06,54.0742480263371,0.945907920933696,0.0151053268327988,4.02634076262134e-05,62.9823609660527,0.960763706299485,0.0116846696775679,3.0709903920995e-05,2382.88495118761,50.8375912031398,0.500133173068245,0.000891268664393622,30868.8850996093,638.787726753873,12.5380956536172,0.100119808282517
12,3,10.175619756655,0.393971927997835,0.00582013471057274,1.67263153848232e-05,54.389599160621,2.50248460386664,0.0488939827663717,0.000142551671115259,66.2919784176658,2.56664254095359,0.0379169282901768,0.000108968354263885,5347.48607172699,157.980536072866,1.72061403190185,0.00335941702741214,30363.1355340449,1675.50459532292,40.4695406516256,0.353604638098741
12,4,9.64341467290464,0.764047882748708,0.0132106716450156,4.17884264026899e-05,50.7679540559963,4.82477493197493,0.110746054648154,0.000355279806716744,62.8247765400917,4.97760794570909,0.0860646899665721,0.000272242627716464,9320.50567003629,345.848239935728,4.14767938312083,0.00914667514947633,28165.7082382755,3214.21500025289,91.4482468429703,0.878926308489005
12,5,8.61694555236114,1.20218940324412,0.0237704154236075,8.4325965595489e-05,45.068076923956,7.56250951565885,0.198896283178362,0.000714836074577989,56.1375505614514,7.8320059003466,0.154859153931154,0.000549365564456055,13681.2718205307,602.468374000737,7.99296929253552,0.0209220938145457,24924.6642051527,5021.94704887401,163.897341269998,1.76278455255621
12,6,7.45842830220431,1.63579122942682,0.0365558448322781,0.000150470539271875,38.8578193371819,10.2630625545697,0.305336014643498,0.00127091237682752,48.5900593638109,10.6568287210269,0.238153482010371,0.000980283263373894,17755.855915931,897.515618837969,13.4013293663605,0.0442277726204679,21441.3423262293,6800.45181813549,251.116874805069,3.12163263100193
12,7,6.4042452960753,2.00963055089991,0.0507663570871616,0.000253899397517326,33.270457931265,12.5848874691832,0.423263833211299,0.00213526547018627,41.7222833696393,13.0923116521339,0.330731918924603,0.00165410007282051,21095.2335430236,1203.83082028052,20.8598023397868,0.0908736333780331,18324.3668271102,8326.09189678707,347.413310834746,5.21996640339851
12,8,5.56007371436176,2.30058197277267,0.0665527380618485,0.000422428025811185,28.8183131460476,14.3868188823739,0.553788200926046,0.00353658525951629,36.222686724515,14.9877977100483,0.433576802272624,0.00275202790982607,23551.8193477881,1514.61866015131,31.6391291766101,0.183197378066101,15847.5498812292,9507.42184277972,453.566063097763,8.60293695244364
12,9,4.92927685725063,2.51250792206633,0.085274657700061,0.000701734070208866,25.4997531904356,15.6946340881791,0.708027837780653,0.00585119479658874,32.1131806071904,16.3684497777054,0.555546089871243,0.00457164683328526,25195.407548904,1847.61168338476,48.0030889254772,0.357923006761649,14004.1395848458,10362.3238518195,578.509358290644,14.1697685777386
12,10,4.46178611197944,2.66289778940075,0.109167908781569,0.00115386239129497,23.0439578768733,16.6175065186028,0.904330678707346,0.00959018320011767,29.0675787532387,17.3482074807238,0.711205491745737,0.00751716579136668,26184.9522824543,2237.5690310331,73.0528805973094,0.668755718644038,12641.2631311696,10962.8201044883,737.043642775021,23.1415476586005
12,11,4.09573532606403,2.77130849215201,0.140651734244838,0.00185067281685589,21.1240424150899,17.27654061686,1.16254669221123,0.0153445196944003,26.6828364594041,18.0544799377239,0.916315856325896,0.0120567361366793,26677.2085651472,2723.11003487727,110.243952183791,1.18837761107732,11576.8905260881,11388.2928415219,945.177809750131,36.9276759836862
12,12,3.7805282469511,2.85327453234492,0.181569980464451,0.00286511205033321,19.4747183412544,17.7676044215256,1.4977836075052,0.0237121195918579,24.6293300012855,18.5884710947633,1.18288944694236,0.0186655899834173,26790.9680087749,3333.59979897248,162.753267166419,2.01271732968206,10664.0037909498,11701.4109062054,1215.07776181869,56.9488910014384
12,13,31.5317470842608,61.3565139511081,22.0678458126763,5.74935371940935,158.749022622574,362.725235399447,169.5664850286,43.655679900235,189.109925545826,367.360820860476,132.032910001334,34.3949598346406,231953.172069462,140173.835355997,54123.1069377214,18042.2977106447,35092.667393008,94672.64376013,53677.4316022454,40230.4530439957
12,14,7.28590373928966,35.3387930604104,25.1670535567388,13.1242174929341,35.275307109637,205.515006899165,192.353086612595,99.2969045464311,43.5963847180461,211.41456429444,150.558634731295,78.513830448704,138284.800897104,157242.150022493,101096.463989109,51445.6554586978,8088.89786906422,56605.3808209361,64805.4421722715,97577.3910759107
12,15,1.76175412367037,20.0831365718746,22.7955101158176,20.6887078528801,8.57447660693589,116.786995013512,174.046642795415,156.27443603502,10.5396425071916,120.144689906092,136.371008633591,123.767351154631,76916.5008594024,135614.84492206,124500.57351645,94339.4150981345,1979.21967084501,32182.2453405056,58576.539321654,153292.39121127
12,16,0.478557337041767,11.3855895298231,18.2172352336504,27.0571839720974,2.33926988789103,66.1499832572872,138.937157049661,204.084417070818,2.86290737638398,68.1127258891306,108.982105899779,161.865884163038,42666.9322107497,104680.918688845,125488.634271196,139995.77602182,541.613866889595,18215.0222239516,46703.1153717045,199865.812192438
12,17,1.00787410525448,78.2753260835071,192.037701314928,1174.662824499,1.51677180312847,134.17740860236,427.005561194916,2570.30968609376,1.04498683899144,78.5860951444673,191.651006233481,1166.98644793521,47137.5690668777,175968.373495169,331121.67183239,1707467.99855273,150.285400467106,15539.3752502669,60212.8855111225,1052596.40815587
12,18,0.0573031309568528,14.951293710649,46.8779952076293,1192.67858738879,0.0818561205457949,25.1900823316775,103.199944242427,2596.969436089,0.0570160465910677,14.8345045212908,46.5049824545573,1183.11817002549,9808.3521420624,46416.6603763778,113142.252058018,2093226.35186358,8.2742920318342,3027.7208043038,15138.4611354579,1110324.70171461
12,19,0.00294104286976473,2.50503454061272,9.7321666585154,2419.21923527913,0.00248987844873286,2.51766749704461,12.8548369033106,3151.0981391283,0.00081472256606311,0.593633125270437,2.25123606344057,539.544517816986,1837.96719987505,10502.0687916697,32020.4455788798,3755640.24067003,0.537194926738596,665.311435731869,4150.60379738417,2981692.02326478
12,20,9.81838726117033e-05,0.181531578740972,0.845494139758064,2316.87070160933,8.25875253146251e-05,0.182541911974932,1.11694047647122,3026.32269935676,2.20984780240459e-05,0.0403712939714907,0.187861190824446,514.481853108529,136.189340490104,901.43239462054,3239.7889183053,3382098.0862854,0.0219230237030243,57.8098754508676,430.861878934674,3399925.56592858
12,21,4.5514499903719e-06,0.0124216225524691,0.0654601703557157,2531.93121224105,3.84410440124196e-06,0.0125912702381319,0.0869388609030973,3316.80833012085,1.01122809016784e-06,0.00275841556717078,0.0145360729961985,562.234703311006,8.10280843810856,60.3784977005687,246.113908181986,3556444.68897214,0.000885605729585391,3.46922464069104,29.151569703765,3229446.92484322
12,22,3.0694953971041e-07,0.000461770930137387,0.00269385790236055,1888.47666576321,2.48624279838402e-07,0.000452432925786176,0.0034899363634247,2441.4606747081,6.81614960777901e-08,0.000102539930702658,0.000598191937384502,419.350693867858,0.395846639569122,3.22508205845616,14.365617635395,3004935.89688397,8.9586790456291e-05,0.19515773908916,1.83472382958398,3782944.79075746
12,23,3.42025944288575e-08,1.54767079000637e-05,9.64023294922048e-05,1280.42719113187,2.75713915540247e-08,1.48436726933214e-05,0.00012304237289952,1643.82784066875,7.59494965605746e-09,3.43672167974936e-06,2.14068751372045e-05,284.328655353095,0.0162299423755088,0.140803675205346,0.665993192848685,2193869.77317319,1.80269431533416e-05,0.0114439996126413,0.1157044189317,4595570.69267157
12,24,2.5262194910894e-09,5.09451199425586e-07,3.25605640967626e-06,887.522270560969,2.03257365416239e-09,4.85373582287859e-07,4.13810047939361e-06,1137.60647232627,5.60966371535104e-10,1.13127537483778e-07,7.230322407149e-07,197.081111313679,0.000569310034032933,0.0051604282268777,0.0255049750241617,1639421.48053601,2.15351440820264e-06,0.000604487364715012,0.0062878107400151,5151006.27147139
12,25,1.49206794621171e-10,1.91556490620609e-08,1.25929136090866e-07,611.95911899238,1.21181460025032e-10,1.84953377189876e-08,1.6172637682882e-07,784.969605698228,3.31325104513369e-11,4.25365844998688e-09,2.79635282528589e-08,135.890204956015,1.71904352639573e-05,0.000162158737174936,0.000836385554884469,1115998.60521042,1.33862922917481e-07,2.41503682531659e-05,0.000257706559854097,3682193.57456185
13,1,6.34386127739121,0.0276899545569619,0.000226985097996758,4.99952262309563e-07,41.4512282737145,0.177965175464965,0.0019338111483443,4.31700640023856e-06,46.1155262755631,0.20128700346768,0.00165002618959148,3.63431050600542e-06,671.220562315669,8.21794059780158,0.0639732315820809,9.72782175409892e-05,31161.2485458907,136.932519752621,1.90492828347955,0.0123158391308997
13,2,8.8467841776998,0.133476364977784,0.00140661216517373,3.3983854686775e-06,49.6910172118661,0.842135104959891,0.0119449117078525,2.92771424041832e-05,64.3100613903591,0.970281749103904,0.0102251069855158,2.47039346421106e-05,2399.97006351424,48.2054121058236,0.421858509679182,0.000694252656812685,32857.2208369534,638.008313002225,11.7268164971627,0.0833279339185145
13,3,9.35306806315928,0.356113346103167,0.00455547126072622,1.20603397961344e-05,50.129702411601,2.22413645879763,0.0385838306421509,0.000103656971132831,67.9903984598359,2.58870010727168,0.0331151558074396,8.76704096199229e-05,5394.23423344835,149.465438483759,1.45026044996651,0.00262500930503869,32467.3909231911,1671.63584337237,37.777474208402,0.294326440540879
13,4,8.89420575587086,0.689667540905899,0.0103282012898408,3.01980908698755e-05,46.9099299488746,4.28093748449552,0.08728410024994,0.00025887395575005,64.6547837823777,5.01341063642045,0.0750789491028754,0.000219519436521201,9400.94484817853,326.672684726455,3.49867336102898,0.00719527689225198,30199.8235355817,3202.51507160734,85.2671808688104,0.733131451714966
13,5,7.96998108342536,1.08389401239039,0.0185833324102039,6.12553171044329e-05,41.7330743166366,6.70086635966164,0.156738917370478,0.000523467559235615,57.9363034589537,7.8791670597295,0.1350880980176,0.000445284198681135,13789.5668018419,568.609004560293,6.76264722192609,0.0166347063145108,26780.680715662,4997.81705754565,152.811299509644,1.47781356914824
13,6,6.91664203528094,1.47368844207978,0.0286218307968181,0.000110261669883179,36.0579688792102,9.0852299586685,0.240953192965658,0.00093860296138386,50.2792500607501,10.7127055749036,0.208061105445259,0.000801526816610375,17882.5772850158,847.333612762613,11.4071388763311,0.0356200744135726,23084.2104236546,6762.31992678836,234.470385869129,2.63952603020779
13,7,5.95371089014924,1.80990536114976,0.0398867349202144,0.000188194269830382,30.9360315881529,11.13561024772,0.335134427496518,0.00159475592213282,43.279400192794,13.1567722856493,0.289949242555944,0.00136804343849749,21232.5489391887,1138.47234594695,17.9202810950307,0.0740500074217791,19766.9625067183,8276.3753032038,325.483005039238,4.46445393785171
13,8,5.17947754474509,2.07224220702226,0.0525865742552383,0.000316800293780387,26.8416778530638,12.7304541926533,0.440899821326739,0.00267213883165621,37.6512540807963,15.0637814682108,0.382268375800069,0.0023029211442567,23694.620599946,1437.16940935595,27.4871388478673,0.150516220602262,17123.1377302862,9451.42648118652,427.292069319795,7.44576603137225
13,9,4.59803961573391,2.26447253507336,0.0678804589043522,0.000531243929515078,23.7764788378941,13.8943986723711,0.567794965302301,0.0044626532197364,33.4245985912628,16.4611642854855,0.493444441693124,0.0038617794934445,25339.9773968682,1761.65035371232,42.158240735449,0.295544205760236,15147.2916883771,10306.5204896462,548.984044175166,12.383750108492
13,10,4.16453571200609,2.40246776556848,0.0875975643883131,0.000878955751779436,21.4959596722776,14.7247021309675,0.730934213831626,0.00735987557974444,30.2733221385185,17.4642950917154,0.636774293382057,0.00638940627700965,26327.7713608021,2145.78279430377,64.7036902362836,0.554126665029809,13679.0518890733,10913.7177436553,704.994652967796,20.3570709593139
13,11,3.8232358806192,2.50389420164467,0.113675975641343,0.00141500751556298,19.7045150261896,15.3287374414007,0.946327840326021,0.0118199124913166,27.7923061367563,18.2015958102191,0.826346480852491,0.0102861354324725,26815.0185011994,2626.34768982995,98.1943373609193,0.988437979765657,12527.2390003826,11352.1111748212,910.611367599264,32.6133712064768
13,12,3.52852922540621,2.58276400224925,0.147558473242577,0.00219637879461961,18.1622893025524,15.7913909159199,1.22587426311626,0.0183129300332964,25.649990611905,18.7749252389522,1.07264903068598,0.0159661694330149,26921.6546982096,3230.50403696677,145.475014254647,1.68346229338414,11537.4839887442,11684.0857869989,1177.17637521492,50.4339691305899
13,13,25.3373876065411,49.4435229763461,16.6011166700369,4.40828382872,145.763156337639,328.804718775165,147.152659768714,38.6200740001343,197.41429163767,385.852506981845,129.63981602527,34.4279479048846,233595.67949012,139991.201635967,54146.6744363714,17538.3931103064,36831.5043429368,95062.294541087,54390.1069609722,40301.8726220798
13,14,5.40971634564529,28.1850440557644,19.1209884567675,10.0141947560427,29.8615781196364,184.394254737394,168.546722827784,87.4127287103854,42.2395421318625,220.116416312371,149.332340545644,78.2095976836127,138226.160836063,157754.415333796,101604.776843269,49692.0745877888,7869.2622696177,56691.2163864813,66783.700101018,97996.4292368093
13,15,1.16617833346583,15.9721442674988,17.5107444743191,15.7960973887631,6.45938229714106,104.490418347557,154.167051905796,137.651932658675,9.10750384884493,124.740342785205,136.756707544494,123.365531950436,76321.4849392785,136398.433382493,125241.08632395,91073.9854705906,1711.18946691657,32141.1767353235,61017.9299060252,154059.540031998
13,16,0.281144794940208,9.08248882532665,14.1053199558094,20.6931361039845,1.56245986388221,59.3552385319868,124.02737751781,180.050687058011,2.19570117059002,70.9330926340592,110.160773061092,161.610787848551,42331.2045617654,105485.429568359,126293.258081476,135392.968442332,414.812369117243,18243.4127070657,49025.9999718056,201197.026037616
13,17,0.640571211035043,81.4637060703639,190.76135162577,1175.83291628464,0.843273746032214,119.366776158578,371.199865265918,2249.82823266468,0.618120436079628,74.8645063197767,174.018884508221,1066.6783479065,47355.6503794885,177990.604816801,335064.430726444,1685173.0428638,97.5062962671611,15663.306016584,62510.9837630229,1066919.98494865
13,18,0.0301709085619213,15.5572092543259,46.066189153776,1190.00971228338,0.0371844899454243,22.3631131489918,88.6639282154159,2264.17801612024,0.02747194464378,14.0916693030229,41.718565114192,1077.61782885449,9940.27837099292,47048.9015143945,114670.185569863,2072418.50947516,4.40268400161383,3068.58282193382,15646.8406269037,1128764.22796531
13,19,0.00147560057676996,2.71725966911121,10.1542211838442,2520.0281906104,0.00103340034900942,2.23399673403636,11.249270029168,2753.26883610646,0.00027174568655202,0.377999915812004,1.34943562994781,314.323395528505,1870.65960579158,10659.5389612653,32504.1499706346,3618355.94474445,0.267280714736074,691.686543171983,4482.60954723564,3118469.28115627
13,20,8.67633858629702e-05,0.204159885538204,0.926005736879858,2439.61176802732,6.02316199300849e-05,0.16808138983074,1.0266379372882,2676.74702947834,1.09057871041193e-05,0.0253384779175284,0.114721806033391,301.928723010999,138.886916992365,915.825182425614,3295.82197878699,3268012.38744948,0.0187553181616414,60.8568114898759,476.815427527152,3514328.63077899
13,21,6.09348590686145e-06,0.0139483669787508,0.0719033570260743,2654.88048884751,4.23732958221152e-06,0.0115703590018714,0.0800966252745582,2920.73690662499,7.54445508836502e-07,0.00172636867921435,0.00889888897439461,328.567085112861,8.2723945009544,61.4023526419224,251.205755694498,3442951.5272374,0.00114937243293996,3.66409593078244,32.5088360385162,3343437.04544712
13,22,5.57375200614718e-07,0.00052276274097902,0.0029990930764755,1959.30973845313,3.76946449993621e-07,0.000417972071653325,0.00325509014640565,2126.53202948209,6.89811635674675e-08,6.4697147755851e-05,0.000371166910549413,242.483488038559,0.404411674988641,3.27878078082834,14.6489720118581,2853779.84060618,0.000164379685848391,0.210514467297914,2.10460791588413,3934521.1790528
13,23,5.73934892902776e-08,1.77503117328522e-05,0.000108340705780806,1305.13754070067,3.8645993074839e-08,1.38831417778173e-05,0.000115888951483277,1407.06893792199,7.10299931457312e-09,2.19677274286393e-06,1.34082081188345e-05,161.523365612249,0.0165864583195413,0.142904939922316,0.676054816788952,2048356.17570097,3.08344611827562e-05,0.0126231958450505,0.13540907330248,4741419.11057386
13,24,3.80857824636909e-09,5.8505572424236e-07,3.6468488932628e-06,896.493513943773,2.55947141724581e-09,4.54793748778942e-07,3.88743793147913e-06,965.330418238812,4.71348314063959e-10,7.24062924730993e-08,4.51332744013352e-07,110.949723769346,0.000581770274578413,0.00522749771867467,0.0257675939038567,1522402.81578386,3.30746698221293e-06,0.000668285451229366,0.00734448888179953,5268274.37095814
13,25,2.129217957823e-10,2.19570246457896e-08,1.40706397950777e-07,617.893044711997,1.4466047901556e-10,1.73196831401959e-08,1.51699232076475e-07,665.85360069478,2.63511269885361e-11,2.71739369260201e-09,1.7413774603829e-08,76.4702271277065,1.75624262664921e-05,0.000164039494669979,0.000842234881891745,1035773.1296344,1.94877520913229e-07,2.66575110379887e-05,0.000300320403152688,3762591.65214171
14,1,9.90353758639713,0.0410208878366158,0.000417089751317073,9.85142292417667e-07,44.1551554956537,0.196986632284745,0.00238348618808427,5.69687309248337e-06,41.9528745321343,0.173770649688862,0.00176685490946978,4.17321089858488e-06,689.10142425313,8.77319881891815,0.0788941971576041,0.000129581463705684,31485.3491542487,141.562375767086,2.10681269154334,0.0158319577491626
14,2,13.4959393542249,0.195770091448591,0.00258869565340009,6.71037278750791e-06,52.4095090416,0.924927871167521,0.0147481404253395,3.87245319198012e-05,57.1708286540741,0.829311547720909,0.0109661040816512,2.84261482487677e-05,2405.64583126581,51.3906337202982,0.521317635197876,0.000923978344762917,32969.4949862739,654.148087779678,12.9921160897902,0.107376312059846
14,3,14.1056248913655,0.520010640498862,0.00839903229052036,2.38213782899535e-05,52.621576968079,2.43558546253886,0.0477345736365339,0.000137186774851065,59.7535482752777,2.20284327351759,0.0355795638479253,0.000100910940748446,5341.76271132508,159.371049030073,1.794208019261,0.00347443082912668,32464.2411073361,1708.6483419531,41.9394615492461,0.379550164873799
14,4,13.345163563871,1.00552893620688,0.0190698076792081,5.94699439984389e-05,49.1442443164119,4.68540866266213,0.108161881724673,0.000341723986798798,56.5321197321337,4.25957178746513,0.0807825730895014,0.000251923626000717,9256.92638025807,348.56859438638,4.32463588971573,0.00940301799465422,30154.10657442,3271.65350260418,94.8227183270384,0.943180786404886
14,5,11.9319357024839,1.58005309004591,0.0343220747798526,0.000119647329458976,43.6919290303241,7.33805553266754,0.194327951052064,0.000685703907223452,50.5454739869279,6.69334250135587,0.145393470197907,0.000506844080421514,13546.3540639373,606.948513018792,8.3220167014431,0.0212824232534409,26730.906058084,5108.73051584926,170.038103094646,1.88727883181285
14,6,10.3437001522292,2.14901578958829,0.052765800402373,0.00021219856515408,37.7435723847158,9.95781443544354,0.29826317591637,0.0012121489617968,43.8174693536309,9.10355405850202,0.223523865543658,0.00089890503288802,17553.5271220444,903.720097896029,13.900831801634,0.044385029419606,23041.8993303734,6918.72110028152,260.521379325932,3.32464921413574
14,7,8.89753164517727,2.64012600624432,0.073163503312703,0.000354898517143003,32.379944978916,12.2137900359835,0.412876444967503,0.00201937309823935,37.6912820797011,11.1839707905109,0.30993160252405,0.00150340348905138,20839.2407387526,1210.64464854428,21.4943839287991,0.0900995407665872,19732.3162209531,8474.20259408808,359.992039460167,5.51564633361814
14,8,7.73767552416366,3.02265523794607,0.0955985471250167,0.0005849801346836,28.0974152712116,13.9668310965111,0.538512901753908,0.00331464715939968,32.7779571293271,12.8044221416019,0.40496982194513,0.00247806382114214,23256.970222438,1519.29467561174,32.3175252243787,0.180434694981469,17096.8560822466,9680.43541969397,468.637674265708,9.01316955760936
14,9,6.87055227436092,3.30112943077074,0.121880438493571,0.000965224361221956,24.903449613032,15.2391898587789,0.685196577597551,0.00544820746671435,29.1046926432269,13.9840806999798,0.516303866111996,0.00408883554673676,24872.7866091085,1845.59593718501,48.6126240567779,0.352444083773542,15134.3141815817,10553.634921151,595.027595588136,14.7537025849727
14,10,6.22927324482699,3.49816166140924,0.15512271113797,0.00158327389786484,22.5451291392569,16.1351997070112,0.870237884788067,0.00890894192459157,26.3881382371449,14.8187388591125,0.657123132081058,0.00670698632762916,25841.2932166865,2222.91415829024,73.5404882716651,0.661662445444707,13686.7648777295,11166.0085941776,754.017093146213,24.0443719866125
14,11,5.72961387946443,3.63939933348492,0.198807135740547,0.00254397477447269,20.7107747090586,16.7723799707184,1.11299086206089,0.0142808481010381,24.271506025575,15.4170428776624,0.842176924059153,0.0107766597132888,26316.1178668946,2689.50486033583,110.739810152325,1.1849102982016,12562.1380159112,11598.4070433045,962.211569626292,38.4441641777707
14,12,5.30157687445286,3.74544536720544,0.255733039585675,0.00395802436493411,19.1431721599126,17.2448467327539,1.4289947688776,0.0221787678436029,22.4582769031828,15.8662698239426,1.08332361339199,0.0167667864264268,26413.9894445405,3275.82210604276,163.711284532999,2.02477500434488,11602.6511706351,11915.4087027282,1232.92397506873,59.5894067820275
14,13,46.2123059676383,84.5467418172534,33.2034009698808,8.42117490841787,153.190760171842,347.678363354715,163.009805823533,40.8846484847572,166.769347383814,304.183440323155,119.320771849976,30.2568814933378,227508.39738721,139099.129218252,54748.7174366977,17281.169586357,37873.3490495081,96412.3292830999,55651.9517382085,42821.1219976859
14,14,10.184598647978,48.3390264777277,37.9602663621741,19.065211162649,32.4405285053944,195.838200368027,185.396834585168,92.2402387771702,36.6055498413461,173.683626820853,136.388023626107,68.4995473745151,134278.93026488,155752.10348385,101239.948969816,48735.8649002032,8336.94666281246,57439.7721332464,67472.2337742094,103169.363615194
14,15,2.27950343912847,27.4385371040458,34.4335615013159,29.9547211336432,7.28105564331291,111.149424209219,167.998108351415,144.69948110903,8.19028609495853,98.584215554081,123.716609495671,107.624546234633,74172.151713316,133900.290685565,123845.153743626,88824.1698832435,1880.04301942813,32611.2828665764,61077.4980234055,161573.950981612
14,16,0.571398884314837,15.6158400774826,27.5602905914775,39.1437918004646,1.82994478810328,63.2023133765118,134.31600453959,188.825134009911,2.05298783519426,56.1062722432065,99.0215784510484,140.640028307385,41145.2333030695,103128.492229598,124350.476850262,131420.52006116,473.407380548011,18529.2659084408,48774.2923420771,210525.721979822
14,17,0.76469199666972,78.0365955096442,208.33406677135,1256.07997904678,1.00252709051742,123.725711527326,394.568992100098,2341.9443874832,0.602239551015346,59.2201773388102,157.34490275956,944.373601892657,45667.0867331085,172438.313611605,326708.513908324,1645841.6404683,114.223259557619,15689.3434427093,61830.061932396,1122417.45285882
14,18,0.036391667648191,14.7623095167175,50.2846357459439,1276.62065443973,0.0453117824196037,23.0711897908253,94.3647376062372,2368.84970074962,0.0274198398472037,11.0848756052781,37.7543151001019,958.448849352999,9507.78163416265,45278.3650908475,111185.053855772,2022454.8819828,5.25932799904878,3037.44246709265,15382.9994160498,1184634.51627303
14,19,0.00134493999634707,1.88683381241807,8.01241691153059,1955.63173888343,0.0013447564808312,2.42835949133869,12.4385213658344,3005.76570319403,0.000681724215644561,0.921348719222625,3.89691717009562,944.213185332688,1782.04461891447,10230.3352067963,31451.1858270003,3575650.34248142,0.317950436989937,668.932778786348,4245.56300556423,3162685.88215886
14,20,7.89438315147277e-05,0.136236230765045,0.697217645676031,1838.57696020753,8.00391844490397e-05,0.17624861912029,1.08575576634104,2834.25743879201,3.81373963885736e-05,0.0657356824951307,0.336373280667386,886.925500464184,132.266795436002,878.80265462972,3186.15263967077,3176740.57025881,0.0235640041253303,59.0922548946335,449.890321059962,3605640.93863228
14,21,5.73593324111883e-06,0.00933823211370193,0.0541177786050457,2004.41826019189,5.82954286530686e-06,0.0121605230743613,0.0846692824403671,3096.88394379365,2.7670910302148e-06,0.00450475985318279,0.0261063129374303,966.925905009838,7.88960468347488,58.9924466059769,242.810527343939,3349422.69631203,0.00149639091541134,3.56953840924458,30.688882408324,3436814.93204788
14,22,5.2031839789503e-07,0.0003545992337063,0.00228411381122033,1502.79814098459,5.17105564372054e-07,0.000449169639880926,0.00349598887354567,2296.23370662686,2.51000332144443e-07,0.000171057734834483,0.00110185032711415,724.945725945884,0.386507985851877,3.15662444096848,14.1937482069414,2801818.02595793,0.000206607380605147,0.203269520284693,1.95618180575773,3986288.09206921
14,23,5.3824919986089e-08,1.20283345016187e-05,8.25391971884196e-05,1002.30307470532,5.33036239216339e-08,1.49662015236357e-05,0.000124611165478796,1522.40114670768,2.59649949143051e-08,5.80243581349441e-06,3.98166837482755e-05,483.508270533619,0.0158869624574822,0.137902335885723,0.657422493580324,2008091.49596802,3.86984612999769e-05,0.0121414364492469,0.125100370782733,4781549.34276778
14,24,3.6095565941373e-09,3.98526653445055e-07,2.79409911419309e-06,685.398785207507,3.56810594849844e-09,4.93294305520504e-07,4.2027592629426e-06,1039.72745068832,1.74124026027096e-09,1.9224817113157e-07,1.34786579485768e-06,330.634505295673,0.000558349467085373,0.00505347203648077,0.0251267236904907,1479071.75164326,4.21388425613299e-06,0.000649344163943258,0.00684848033030065,5311522.44936552
14,25,2.03825887381448e-10,1.51592958286548e-08,1.08863596702623e-07,472.165647125611,2.03395930407472e-10,1.89857096055466e-08,1.65407590172051e-07,716.750757426943,9.83250523575576e-11,7.31280297714795e-09,5.25155022409925e-08,227.771420849139,1.68895353595634e-05,0.00015882864780998,0.000823024919373413,1004812.76716827,2.50485472478189e-07,2.61778982299956e-05,0.000282409859990507,3793495.54369838
15,1,2.21510864602447,0.010254957710629,0.000104321530362866,2.56472596273922e-07,41.7275964460804,0.191572954883249,0.00221219176390358,5.51296683327244e-06,44.4579629662238,0.20582039212279,0.00209376760899558,5.14748981159969e-06,669.034293642917,8.89466310211978,0.0748041050684133,0.000125954429054012,30872.0196267762,140.979309171604,2.17374137471834,0.0151461369567505
15,2,3.0250624727088,0.049182396996803,0.000646742783856433,1.74234404745701e-06,49.8631230847865,0.903748006683946,0.0136698319046935,3.73679940785944e-05,60.714004084437,0.987106970214877,0.0129803415218326,3.49694211501934e-05,2364.68457748982,52.1532332343632,0.493296711598807,0.000895960919351574,32492.0152945228,654.709470770379,13.3876491361732,0.102432822552729
15,3,3.16948483503178,0.130956041710496,0.00209497246486155,6.17073517229452e-06,50.2640367545759,2.38518823440646,0.0441647099190395,0.000132044221719006,63.6126086504808,2.62833105862212,0.042046790086451,0.000123848695302873,5291.82180561526,161.702210749108,1.69437561601583,0.00336487497961058,32097.8177665237,1714.1905875677,43.1395477547522,0.361146880740659
15,4,3.00436132945683,0.253467791461787,0.00474806440820076,1.53817466963342e-05,47.0510054564445,4.5922620092054,0.0998761752798554,0.000328331656993003,60.2985252943983,5.08718238546128,0.0952952226518931,0.000308716742273014,9212.00819461205,353.365515053372,4.07753901275346,0.00911374710668223,29871.6538307667,3285.16272730996,97.3449902279595,0.895816686884641
15,5,2.68956098446399,0.398342380680753,0.00853143857473641,3.0946346861811e-05,41.8860023231853,7.19239785565661,0.179113452975494,0.000658616384713778,53.9803782795491,7.99486329483937,0.171228793172276,0.000621103414133446,13514.7540615532,614.627304085603,7.84188960097901,0.0206994411503041,26509.2343135721,5130.10001472238,174.240611653024,1.79177582044139
15,6,2.33330467523557,0.541625569656578,0.0131006878654083,5.50039220708016e-05,36.2102113384281,9.75658514373508,0.27454268100106,0.0011663214203567,46.8301963547996,10.8706042751305,0.262935137288948,0.00110394690337629,17536.3524604855,914.257544677502,13.1134555131847,0.0434068420040031,22863.7858079919,6945.17885663145,266.596268541082,3.16163245186219
15,7,2.00790904794815,0.665105593129399,0.0181601216549325,9.23906024342645e-05,31.0766482571154,11.9609134167576,0.379864608405683,0.00195050791446954,40.299398520897,13.3488891757269,0.364479646380374,0.00185430994042731,20833.3288143482,1224.13280344827,20.3442753434623,0.0885731674632161,19584.8333793557,8502.31862956777,368.200936497474,5.2648082817792
15,8,1.74637854641256,0.761131041312228,0.0237513816289896,0.000153073363952142,26.9694482926481,13.6708458394369,0.49581565094321,0.00321670309036169,35.0503948782654,15.276151672214,0.476698082847267,0.00307223302925272,23258.1930015248,1536.61487519387,30.746824218331,0.177838249911401,16969.1397922076,9707.69835592729,479.644543045786,8.64327485901388
15,9,1.55033377062092,0.830929815229536,0.0303470465685413,0.000253593166716495,23.8984285527987,14.9097947347981,0.632081572837939,0.005306741776287,31.1157114046089,16.6770361441666,0.609075259084866,0.00508969870827945,24877.5912873652,1868.79142881605,46.5088894624915,0.347142683416326,15016.7106249127,10578.7329279437,610.130622011586,14.200474012468
15,10,1.40476324857884,0.88022859383964,0.0387362799487616,0.000416671327560309,21.6220203914725,15.7804504548781,0.80489759377204,0.0086901061030087,28.1940628933559,17.6664789318428,0.777449946982105,0.00836273131930114,25846.7686948438,2255.04911336455,70.6607064647495,0.649673928039813,13571.225162962,11188.2291114329,775.14263926522,23.1770517931972
15,11,1.29077629521697,0.91546198135509,0.0497837642203101,0.000669016784470127,19.8427905912516,16.3973784458553,1.03204819025189,0.0139177417692075,25.9063070488335,18.3736246694335,0.999176609236764,0.013427388079197,26319.756274374,2734.02401855035,106.627337958433,1.15839488687921,12442.938677697,11616.9350439513,991.637277384629,37.0265328863192
15,12,1.19275158562108,0.941769370515783,0.0641641958061601,0.00103833025033924,18.316516768702,16.851804380307,1.32738809978211,0.0215591485033858,23.938918714717,18.901622668603,1.28779662615081,0.0208396314551616,26413.8623636989,3335.59672948872,157.631814863823,1.97087084213908,11476.8138730181,11928.9860022251,1272.80392764723,57.2464719020808
15,13,39.4339195966234,81.4897512294549,32.3258431369612,8.85435972811139,147.411709229446,342.08102702494,153.299805499503,41.4816096064936,154.528202850595,313.808268567208,123.550119938266,33.7980432307446,226828.270493337,139556.628936598,54877.7711423365,17944.2166137695,37103.1969383661,95649.165202137,57190.4201740854,42227.181776295
15,14,8.72781883968487,46.4691620188395,37.0986819319544,20.0477660804639,30.8767621351812,190.937953617259,174.739981666604,93.5666738043373,33.3821987077864,177.405381452542,141.600290198325,76.5182169369435,133165.184107395,155378.668367933,101890.80289076,50659.138049161,8057.40565302262,56362.5824706705,69360.4380159945,101556.678774449
15,15,1.92407074892371,26.0918271793846,33.7036799258066,31.4083580164034,6.81727747478736,107.186174453443,158.538307245319,146.337084697975,7.3450072774026,99.5877535837106,128.640009780574,119.879209966397,73042.772136171,133029.762871379,124674.837123716,92276.0652217331,1787.70065324384,31653.4982401802,62854.0012626303,158566.368238655
15,16,0.474147185121604,14.7194569450449,27.0030193670404,40.9320459901121,1.68449386626414,60.4167382144856,126.851361117057,190.416866399179,1.80974350238037,56.1811340215213,103.064942961422,156.229157589876,40266.2950666226,102122.810178365,125030.548764086,136407.704438084,442.667554503555,17828.9993725175,50226.0989597563,206014.089559686
15,17,0.634048567394815,74.0272784906287,201.393594134053,1302.99071140138,0.937349342149002,121.390179936633,375.424804585001,2391.04482516003,0.573989045776336,64.9426100322136,175.958914401166,1133.24518020076,44581.1917561805,170201.086337591,327198.97837371,1680490.78787427,106.402871696488,15177.9385295899,62870.8717893577,1089804.3253126
15,18,0.0305815801381536,14.2282432404163,48.8790195087885,1335.01435566415,0.0430643355589591,23.0000821777626,90.2660807823936,2438.77687455905,0.0266379263079473,12.3589260894634,42.4533067325358,1159.43942753526,9297.03768035339,44669.1531454188,110967.868379049,2059310.56557802,4.92796076169464,2955.30492748402,15567.9830302126,1148384.41800952
15,19,0.00117660099386266,1.92306950033189,8.36935736809177,2173.01649575252,0.00121584818052664,2.32374295829256,11.5847140388784,2977.24733486316,0.000558549697704546,0.861412058437177,3.72484137982126,954.467070636604,1744.25939723691,10080.3707208905,31304.7828107039,3654294.42968943,0.294889929242233,652.733127313621,4369.76190160822,3084069.65753941
15,20,6.02996887908992e-05,0.138741179175599,0.742029151493273,2058.62152093093,6.28603702500517e-05,0.168378727462943,1.02945980049701,2829.04245556198,2.65122929341e-05,0.0608698087593473,0.32547775593313,902.782439386908,129.401441462347,864.337274908108,3165.8800001148,3273871.45978534,0.0188917532433405,57.0878601044457,467.140102086719,3508301.75816016
15,21,4.07560222718693e-06,0.00952269376670947,0.057973724056066,2253.23448835224,4.26054196569149e-06,0.011643566960691,0.0808701291536343,3105.82756016414,1.78741095428007e-06,0.00417608728926365,0.0254236793084553,988.125288475084,7.7093570380324,57.8828453835442,241.134156743056,3449588.86023106,0.00110864471150855,3.43228461999509,31.8715880157287,3336371.73135395
15,22,3.62611298693985e-07,0.000355744962461097,0.00244181088549639,1680.02221155073,3.70098644981731e-07,0.000421938570531724,0.0033209747466265,2285.23344632501,1.59018424918946e-07,0.000156007165414572,0.00107082301620683,736.750851500643,0.377144042577616,3.09122574825664,14.0703204509679,2892647.57907302,0.000151872595927933,0.194378863593898,2.04845029774946,3895280.6249756
15,23,3.86692821131792e-08,1.19859188321889e-05,8.87743725227898e-05,1129.51918529992,3.93367384439854e-08,1.39499077491566e-05,0.000118961809384663,1525.72296431856,1.69578871161963e-08,5.2562614900581e-06,3.89307917256618e-05,495.33524963569,0.0154818351728536,0.134886384913214,0.649781064612493,2087764.87875324,2.93270077346618e-05,0.0115157585821768,0.131656245021751,4701733.60021888
15,24,2.65384350471179e-09,3.95963902516987e-07,3.00599680079878e-06,778.342427534673,2.69496875735871e-09,4.58260252903638e-07,4.01265227056218e-06,1049.74913164482,1.16380691231146e-09,1.73644574789286e-07,1.31823894214396e-06,341.331467107891,0.000543550229743545,0.0049398002684474,0.0247605699104597,1545678.17120088,3.25827770059132e-06,0.000611875102480434,0.00718779689649966,5244802.36771661
15,25,1.51326946660554e-10,1.49624121966251e-08,1.16614904634633e-07,536.450216842332,1.5503638734984e-10,1.75295453198986e-08,1.57436816316321e-07,724.060238403392,6.6362370712358e-11,6.56156201438924e-09,5.11398776138586e-08,235.25293375708,1.64261573948945e-05,0.000155164074949533,0.000809186035110241,1050884.49724321,1.95421016412965e-07,2.45161949366866e-05,0.000295552680861007,3747344.73806638
16,1,3.84958970506211,0.0177970682854876,0.0001654247896389,3.7981144925958e-07,43.7557910754604,0.202162165983467,0.00246604182947761,5.73301704918458e-06,44.267033736132,0.204651270020271,0.00190224551310191,4.36751122220485e-06,668.848272402184,8.83563334048573,0.076852676643009,0.000121470295600547,30252.6349132209,137.679740766803,2.06534841971144,0.0149515488744621
16,2,5.34301213358585,0.0856882278476224,0.00102316169938978,2.57362068089554e-06,52.7169213169968,0.957001155697742,0.0152071330109192,3.87654515530695e-05,61.4401316740302,0.985342325685294,0.011765496308567,2.95944664844151e-05,2393.65793060648,51.7727620796536,0.505524415717318,0.000863130444244135,31763.4180831991,641.004369025962,12.6901197946408,0.100846212317626
16,3,5.62942755154095,0.228326156727931,0.00330618968601353,9.09675502921822e-06,53.1922025594667,2.52653429436787,0.049021359233791,0.000136728862209872,64.7336673338162,2.62555816517948,0.0380183919798931,0.000104605007967007,5383.05896860639,160.292866444494,1.73248288215892,0.00324387502427628,31314.8858911689,1677.8048596209,40.78948968588,0.354796798964126
16,4,5.3412388347236,0.441588670730546,0.00747595360065778,2.26558191745161e-05,49.7406581544464,4.85905301037777,0.110622140351569,0.000339727807444542,61.4197402332343,5.07789714810851,0.0859671589974641,0.00026052280594974,9382.92870972753,349.69989196155,4.16271571943371,0.00881699740529491,29088.2293597203,3210.55061225615,91.823502757555,0.879123606764386
16,5,4.77920876785515,0.693018923772593,0.0134082128826999,4.5623372530989e-05,44.2231322092657,7.59773535435842,0.198045057999625,0.000682198267827697,54.9568686451089,7.96913292813481,0.154183135735017,0.000524630291984019,13760.9569424238,607.335574840615,8.00300476640058,0.0201607751855958,25772.5568226286,5003.86914032756,164.039815017936,1.75952138690971
16,6,4.14391804106626,0.940865128343481,0.0205688764324415,8.13479384204102e-05,38.1966166889748,10.2888556919417,0.303293197201594,0.00121211400979014,47.651561277408,10.8191551745796,0.236524725154971,0.000935432659144382,17839.190766963,902.575557462158,13.4027968774748,0.0426345928535636,22205.0280248892,6761.30210412435,250.711928564105,3.1134880955561
16,7,3.56590302285942,1.15381405187005,0.0285207297103809,0.000137305215293394,32.7743651211816,12.594763868719,0.419810360742446,0.00203744236604006,41.0048762352834,13.2678881316082,0.327964328927923,0.00157889413241806,21172.0352981879,1208.62294044485,20.8659151481511,0.0875838472280731,19014.4005615974,8263.68020941996,346.317548257331,5.20818975243182
16,8,3.10301207330753,1.31908907111562,0.0373707949348037,0.000228550059131735,28.453726875924,14.3795113897215,0.549029186575679,0.00337687324168228,35.6820208533141,15.1684114115471,0.429732612270256,0.00262813285391832,23617.8869009046,1519.48923401745,31.6822777806026,0.176257164888188,16479.8318387277,9423.77248999098,451.904001427298,8.58867313596701
16,9,2.75667517474845,1.43923560905148,0.0479010744601412,0.000379513322632092,25.2294055962509,15.67239000762,0.702252411057352,0.00558596922411823,31.6994387219192,16.5499952310103,0.55082194248798,0.0043640830175161,25251.0271513425,1853.69241140232,48.1159413391223,0.343217847923691,14591.6462248847,10261.6217946183,576.598057395905,14.1431961501524
16,10,2.49918966952785,1.52438513734488,0.0613684977543698,0.000622947831955566,22.8362357084788,16.5836352024792,0.897704250185988,0.00914131477768236,28.7385726506137,17.5291429663192,0.705685948000165,0.00716337449073223,26232.4018178871,2246.33381329499,73.2244703429664,0.638534009620079,13191.7973495242,10849.3381969445,735.169694669085,23.0621099299896
16,11,2.29665252502764,1.58570114678686,0.0791088594724678,0.000996248709271306,20.9571102963511,17.2337914028368,1.15474845282309,0.0145861402131615,26.4095663680426,18.2342253430108,0.909685140338393,0.0114560196285072,26719.2798027327,2735.70886713479,110.3593806588,1.12963795271572,12094.0306440665,11265.2692166893,943.308512196944,36.6995809985934
16,12,2.12151909171095,1.63199236273073,0.10211232668549,0.00153686431591553,19.336344419742,17.7176776274937,1.48771905272392,0.0224625953727217,24.3956796437612,18.7665352707882,1.17420560542272,0.0176726429912854,26830.7589754195,3350.20922410713,162.538879351433,1.90596136051303,11148.9435846217,11570.8786506626,1212.61042932819,56.401637680377
16,13,36.2098143196438,73.2932082581819,25.8052812932527,6.62635142363366,155.930251756073,362.360113450468,167.38447654549,42.4482372937752,168.003328935753,335.519900645242,117.462519987167,30.1368585908769,233447.843650006,140147.956870263,54658.3395356989,17951.9901972255,36239.8793168323,93619.9427970827,53121.078083753,40764.9338778432
16,14,8.18404687978761,42.0789111275006,29.3551391703752,15.0628895445633,33.4356377417711,203.811765370252,189.306372010543,96.1564562803277,37.282548042251,191.401642256805,133.502280333719,68.5028584601091,138824.738099916,157170.514840241,102108.572923706,50905.771613898,8074.85565350889,55779.0888994292,64190.0121406872,98865.6367045439
16,15,1.8828642332774,23.7759512003765,26.5999033301296,23.7115373630365,7.71487638019108,115.152722546265,171.373041948613,151.130991824141,8.56408204400261,108.128581870684,120.970754832631,107.835060784696,76830.1391962139,135632.530925941,125551.39940737,93136.725001937,1874.64723845999,31533.8155722433,58049.3658204239,155103.379850934
16,16,0.484899792234329,13.4381612817591,21.2550263404343,30.9842786560925,1.99380289273875,65.0290301380957,136.794810533945,197.208780756108,2.20524530778158,61.1139268804543,96.663367781192,140.909950848591,42518.5460830985,104744.175949668,126308.113729218,138111.164922988,485.803321742215,17794.5754231285,46279.3360757903,202051.397745856
16,17,0.725538566270832,71.8547342724218,173.173098634097,1036.63538295049,1.1749099314007,131.199359891499,415.845372680343,2450.15719207976,0.777074337618416,74.6529870624098,179.000809951328,1067.43632786719,47110.7545469999,176250.761641866,332507.350446566,1695752.76660566,124.485623608802,15303.742437205,59823.1928302403,1063775.48315156
16,18,0.0373374797369449,13.6888222674333,42.0171820798357,1045.39067012247,0.057406438603793,24.5814888000166,99.9270721086661,2458.31901283164,0.0385113305767012,14.0802083539365,43.2132653970965,1075.09775911073,9829.60146630641,46547.1480028406,113646.185573209,2081026.94829645,6.23501527443306,2997.34738169411,15063.0654654077,1122387.19798871
16,19,0.00174884059786283,2.17770826871424,8.2915159741249,2024.11327434761,0.00168913050366225,2.47910723093577,12.5787207566599,3029.42453355417,0.000656687236359823,0.733123526391667,2.74636426987242,654.934614785552,1845.04229060819,10539.4318658049,32184.293733148,3703402.41265077,0.387449068412153,658.897169201322,4137.17404006817,3034144.58814701
16,20,7.75822127196115e-05,0.158240124983077,0.72438450136277,1943.09532465612,7.45790885209453e-05,0.180527037487461,1.10021068964338,2917.86138689217,2.51958236817243e-05,0.051108604723897,0.233827665187916,626.99600034591,136.87083658032,904.750454413172,3256.50840113771,3331359.14634046,0.020926508662798,57.1821759004105,429.873425951497,3451015.23848111
16,21,4.66143231180574e-06,0.0107831614383058,0.0558305364353192,2115.69999381072,4.48677773100202e-06,0.0123937330285694,0.0852072804025007,3185.1649342463,1.50442506122199e-06,0.0034795632250869,0.0180153786504555,682.689508154784,8.15057665952991,60.5826952238507,247.304082749396,3504955.40523158,0.00109542058479187,3.43256563548011,29.0834677233595,3281362.29994086
16,22,3.90396752860492e-07,0.000401481422679811,0.00230550542731122,1576.90938177956,3.64650570195223e-07,0.000446487050213614,0.00343589067350692,2344.48509358718,1.2597288180409e-07,0.000129549278989198,0.000743935635008086,508.833714215184,0.398460864601582,3.23480142160291,14.4263133126266,2945977.46915944,0.000140280689096817,0.193449322530657,1.83731316931315,3842222.20470478
16,23,4.20895924562938e-08,1.34770853828849e-05,8.2770434602548e-05,1060.0449728832,3.9154593546152e-08,1.46773022840117e-05,0.000121593396733814,1565.8249978682,1.35813796920529e-08,4.34875700094104e-06,2.67081852539568e-05,342.053022840852,0.0163449111572898,0.14116845607856,0.668163311893302,2145268.37422789,2.74101642772293e-05,0.0113931165880507,0.116595627949899,4644412.74882194
16,24,2.92047579895648e-09,4.44723110958132e-07,2.80234214493174e-06,730.368382441576,2.71157682042951e-09,4.81220085099034e-07,4.10028536856774e-06,1077.39833443636,9.4237282604247e-10,1.43502293435191e-07,9.04253712263191e-07,235.673692524598,0.000573439046723152,0.00517151375306611,0.0255621804922511,1610869.5954525,3.07734562112833e-06,0.00060369206228365,0.00635666099215009,5179736.92585865
16,25,1.66433334372174e-10,1.67418050083939e-08,1.08504470202033e-07,503.312719489839,1.56010755349388e-10,1.83500648748464e-08,1.60355832636854e-07,742.98701162226,5.37043489500216e-11,5.40220948916121e-09,3.50119881457759e-08,162.407861496189,1.73163718378947e-05,0.000162446455256667,0.000837626139095206,1097987.32161003,1.84707025850189e-07,2.41381930215642e-05,0.000260747948626077,3700328.96949456
17,1,3.41101947072086,0.0155031106791188,0.000142327174340355,3.25830568788451e-07,42.2720628022232,0.194542732228825,0.00228435107885257,5.29809003209367e-06,44.0528501793045,0.200220555151526,0.00183813600053546,4.20805725498887e-06,655.659805881357,8.64406871300791,0.0721550271721951,0.000113458792883349,30125.3986092047,134.722695207087,2.00921742688457,0.0139556282016876
17,2,4.77823176787463,0.0748882052505577,0.000881949835060386,2.21450825993358e-06,51.2182769110452,0.923961375690245,0.0141113539848723,3.59282976177492e-05,61.7102100996479,0.967170933621972,0.0113902615576002,2.86000714546111e-05,2365.9533265439,50.7638385046649,0.475866506259144,0.000810176911893943,31780.7832762276,629.380365818852,12.3665724712719,0.094396223704868
17,3,5.06382782764517,0.199989501799481,0.00285553737636805,7.85771999071148e-06,51.8787870807359,2.44455363037808,0.0455740885887004,0.00012719424063464,65.3986441707125,2.58283707725198,0.0368788748649275,0.000101481379532725,5345.88940371168,157.490578316143,1.63596883310596,0.00306591515501617,31435.5566219375,1650.94004465209,39.8225967070605,0.333317121904753
17,4,4.82300513477865,0.387442020499974,0.00647140024976172,1.96717646707028e-05,48.6478785222335,4.70903668375783,0.103062230988171,0.000317625581368519,62.2884520127112,5.00376073158132,0.0835772495877366,0.000254058151599429,9345.17050432905,344.295806625476,3.94661571731015,0.00841326058887565,29272.7711173988,3164.21180603825,89.8344583170533,0.829966073593574
17,5,4.32715102308923,0.608923531307999,0.0116375446747621,3.98924867419542e-05,43.3434078246621,7.37334675686401,0.184983698159713,0.000642155752520815,55.8845639433095,7.86416416722926,0.150297298626652,0.000515206012984678,13732.8870864439,599.297922540563,7.62807083288023,0.0194697883265413,25985.9989454693,4938.31551305299,160.890154725763,1.67222008114682
17,6,3.7590172203608,0.827778996460214,0.0179116093427887,7.17613208837905e-05,37.4936692998011,9.99751321469734,0.284194585626257,0.00115081702047757,48.5471935447452,10.6906525822118,0.231325986151978,0.000926787649469069,17829.5724262461,892.950518978283,12.8644097791687,0.0416883118232157,22419.7961256431,6680.89263204352,246.668180658983,2.98414620392792
17,7,3.23815069326346,1.01636171136783,0.0249378599693668,0.000122297441768438,32.197276027702,12.2523352876277,0.394934830894185,0.00195270014512053,41.8202735495379,13.1261725660588,0.322069052508464,0.00157945474242591,21185.8429244957,1199.43348585322,20.1969494906886,0.0864900840038033,19211.8120862466,8174.65100906602,342.058814228393,5.03857220870332
17,8,2.81836009409018,1.16323455170633,0.0328334214620054,0.000205295224755402,27.9526790272339,14.0034348661345,0.518910422913502,0.0032633374369806,36.3987353464291,15.0230152215695,0.42403914986566,0.00265135976393741,23655.6287968283,1513.3853108113,30.933194417779,0.175064199738783,16649.5176616264,9331.90637235964,448.39743933626,8.3779761437501
17,9,2.50224371784794,1.27044057670481,0.0422982439378252,0.000342825849152662,24.7659424303388,15.2769663221823,0.666994372930437,0.00542818805345852,32.3161355602481,16.4075663794022,0.546276038303264,0.00442754897764433,25309.638464544,1853.50490603347,47.3172292528682,0.341689334389655,14729.5144409692,10170.9491451368,574.897744751089,13.8736758586851
17,10,2.26572109993885,1.3467565491001,0.0544349228662523,0.000564224283288658,22.3862959280116,16.178416389986,0.856371321008403,0.00890625536069322,29.2614782825035,17.3931767305232,0.703019587584537,0.00728687948942955,26306.9826892598,2254.57441115164,72.3429974992447,0.635995528602307,13297.6851176726,10761.961487718,736.176738738675,22.6829830219457
17,11,2.07877077504642,1.40193478422045,0.0703975201103045,0.000902843513579632,20.5092812262067,16.8240860278198,1.10502454661934,0.0142184402285335,26.8470403925556,18.1057960942589,0.909174348910542,0.0116601005595184,26804.8733591839,2754.02890212869,109.265655992202,1.12521441376153,12169.9110599172,11181.8160395337,947.5272665226,36.1165063877855
17,12,1.91687984715294,1.44370081000416,0.0910198195098182,0.00139218641451504,18.8883913027042,17.30582746802,1.42592656765037,0.0218860302682056,24.7562411892392,18.6451986078559,1.17550852659483,0.017979897232112,26923.6356813075,3378.91182443265,161.005488318879,1.89961646189986,11197.9400654467,11491.0720348535,1219.96210219209,55.4802386275298
17,13,39.3832015429036,78.9664691397564,27.9886456293062,7.4093197078786,151.919704516809,355.734265417635,160.894995682698,42.0476084175003,164.995102168694,325.383673549796,114.561506357143,30.2962079027424,234289.696341559,140452.105932205,54981.6923522151,18212.2469841038,36070.5774343009,92805.7876653908,53208.9326951721,40470.2841803688
17,14,8.80970582835988,45.1998341284707,31.8761211176175,16.7963956267968,32.0802512994198,199.26514978293,182.098206052509,94.9754170304483,36.0984776787031,184.848810743049,130.332572742752,68.6749458802026,139099.168945334,157364.306738563,102702.607220761,51542.2229497234,7914.9024793891,55121.9415818027,64408.5792109975,97985.9610913707
17,15,1.98337165366788,25.4709277394941,28.9385663109525,26.4020939986088,7.23944077819427,112.286518229398,165.143202777649,149.049297221405,8.11092199528989,104.142911372899,118.320271413831,107.949452018205,76866.7729031008,135792.757298934,126192.659607606,94227.7702508813,1797.03391905685,31082.3738621313,58348.4505588123,153490.434173912
17,16,0.498939535641387,14.3808146067679,23.1557493104441,34.4723343107109,1.82770548179098,63.3440708808542,131.994130744222,194.323470957584,2.04003090719308,58.7984178962747,94.6762195736328,140.946001753196,42532.9175408284,104881.52746662,126886.784277726,139698.25789113,454.941873173581,17521.8658340842,46576.4439765078,199773.425361227
17,17,0.650490817838811,69.3257393739879,168.48232074835,1028.14668896082,1.06128895882556,129.944785236976,404.436233440349,2428.8813753555,0.741653816139956,76.7525728366991,185.707836914183,1129.23093973997,47347.3492531014,176932.437445083,334251.663405026,1708969.79472295,113.870532467491,15169.6503615693,60096.3219297569,1047757.05881325
17,18,0.032880428480105,13.3338093870371,41.0745338120202,1040.68646479025,0.050887841005288,24.5913106266709,97.6542212477458,2446.25739035633,0.0361769043101759,14.6297600038319,45.0618551889169,1141.65811669067,9922.49580472353,46834.6194788413,114276.754273254,2097339.51972316,5.56709958720679,2987.77491147712,15138.9108242787,1104950.19860413
17,19,0.00153141523198779,2.16784070637322,8.3202777526433,2065.09596291238,0.00143500003510122,2.44176871524458,12.1475487456517,2973.24055715212,0.000580539043479981,0.723671320009448,2.72970470466565,659.756368039176,1865.74950465653,10605.613147826,32332.3811112377,3735982.13106733,0.336659398118257,658.521305124263,4184.01734486841,3001294.37957292
17,20,6.06257098965716e-05,0.157305612807606,0.73055120467908,1990.33212824686,5.65204576395244e-05,0.177521584170746,1.06758141799083,2875.43854958232,1.94762862820711e-05,0.0501521374428345,0.232766014049246,633.884039656132,138.359425838525,909.431570616671,3268.46562307491,3370608.4105494,0.0162241643217879,56.8374772510343,434.996300566152,3411731.40563716
17,21,3.37853484274176e-06,0.010716853992358,0.0563835524459842,2169.91107778254,3.15718993218527e-06,0.0121891798939998,0.082824446910342,3143.89239135866,1.07630236891207e-06,0.00341319195554271,0.0179571710818253,691.073748283619,8.22937029299957,60.8020358254027,248.074114586078,3546048.67423327,0.000786986806533054,3.40313988200533,29.3992787734691,3240246.35617625
17,22,2.70407380029011e-07,0.00039513582408005,0.00231971587368951,1615.95602611389,2.44299806494847e-07,0.000434345220383472,0.00332235209068397,2309.89289990801,8.61199583562083e-08,0.00012584308068373,0.000738783765603659,514.650021381962,0.40173929722359,3.24221048967444,14.4614384344262,2979476.80675902,9.63298166420038e-05,0.190717892048148,1.85747182909931,3808712.53327917
17,23,2.92757271678796e-08,1.31147214327613e-05,8.30443806317773e-05,1092.39239913482,2.63348949728369e-08,1.41116797439338e-05,0.000117177042982982,1550.67486304171,9.32374088139754e-09,4.17677951582968e-06,2.64479923315984e-05,347.905365296045,0.0164568998463233,0.141383616188232,0.669450555692887,2165201.23886997,1.88890357131228e-05,0.0110948996638641,0.117426710543884,4624456.83241277
17,24,2.05216328638128e-09,4.27844472531042e-07,2.7970231408625e-06,756.24058972683,1.84232182567981e-09,4.5732804705417e-07,3.93036715975821e-06,1071.92055021304,6.53573404950289e-10,1.36259999630848e-07,8.90796529347733e-07,240.8476650231,0.000576723886799126,0.00517823663922851,0.0256107843252268,1615879.92941334,2.13968295723444e-06,0.000580365885428549,0.00636078645994069,5174701.02346403
17,25,1.17698317728577e-10,1.59329359854058e-08,1.07699907399376e-07,521.392764196357,1.06706023801836e-10,1.72570160015619e-08,1.52947625115203e-07,739.588393123783,3.748458544777e-11,5.074324866481e-09,3.43002895810589e-08,166.053279237489,1.73968336623624e-05,0.000162606997693641,0.000839200086198885,1099739.40857979,1.29282835377953e-07,2.29694810957986e-05,0.000259695534597762,3698558.55568131
18,1,3.5971153800968,0.0170685517622011,0.000160893108498721,3.78972722279701e-07,44.0905604936374,0.206558650956225,0.00252551014583426,6.02745406890461e-06,47.6021994236284,0.225875602810092,0.0021291687998169,5.01511160912169e-06,678.341452090804,9.11828371585814,0.0799294884572879,0.000129825599558406,29820.2566570182,138.876708871177,2.13049463212033,0.0155493389414779
18,2,4.97872710107466,0.0819893014382197,0.000994985104645974,2.57066782130644e-06,52.7344032432517,0.974629560511594,0.0155684547095857,4.0793811785085e-05,65.8856709608246,1.08500024749306,0.013167072604055,3.40187704177675e-05,2414.38641242614,53.3743108586062,0.525998026817607,0.000924418769576767,31175.9168595457,644.626702754086,13.0867124101354,0.104978801585965
18,3,5.23255854633503,0.218111439841865,0.0032153729479948,9.1004495936905e-06,53.0018045258263,2.56754490684657,0.0501817734561403,0.000144084531956979,69.2447333762611,2.88636397747347,0.0425504350343273,0.00012043022550805,5410.13732002913,165.148229416212,1.80406861835038,0.00348518948183788,30651.4344454399,1683.91509221792,42.0629790794049,0.369865498515044
18,4,4.95466446804661,0.421333745045765,0.00727280252977037,2.27172287187222e-05,49.4445080206009,4.93059036043954,0.113259821157428,0.000358764037945682,65.5672396248722,5.57569353114077,0.0962441734024895,0.000300627012912689,9407.93760416392,360.178350091304,4.3402261915757,0.00951661357604698,28418.7065892782,3217.79317503287,94.7108232255274,0.918430694909848
18,5,4.42636519723064,0.660648720898153,0.0130514671287598,4.58989987955552e-05,43.8882499344469,7.70132056224602,0.202860698955832,0.000722656822839198,58.5760245574082,8.74265316457894,0.17271576677016,0.000607401504577843,13775.7611783965,625.509613116304,8.36051983316962,0.021890165169211,25145.7322023191,5010.15751648926,169.282736742584,1.84394024460654
18,6,3.8334349520865,0.896308449198761,0.0200404187301612,8.21964547811085e-05,37.8630597159856,10.4206965008717,0.310922492517685,0.00128926133635726,50.7295195690438,11.8612413101674,0.265203616821565,0.0010877415981859,17838.4552769824,929.816865422051,14.0401795876096,0.0465777356394104,21644.1439367702,6764.70827949876,258.945822380543,3.27639707567168
18,7,3.29589325939876,1.09857133504354,0.0278254469643441,0.000139405183766382,32.4611342144968,12.7480222335294,0.430896445725029,0.00217694722012105,43.6159954948874,14.53787444828,0.368226296764675,0.00184480970364546,21153.6134115412,1245.79582154555,21.9328650668365,0.0961317986579377,18521.7066401747,8262.92672676562,358.139883483572,5.50607563921263
18,8,2.86630104178286,1.25535100036927,0.0365212553130331,0.000232998516189893,28.1651898820651,14.5467722410137,0.564400667252668,0.00362202332183191,37.9310139880555,16.6126082574036,0.483301727887712,0.00308337116302961,23581.8115038084,1567.52708782749,33.4162662268711,0.19388601629134,16045.4430092673,9418.22585662012,468.072070299994,9.11629552138589
18,9,2.54513419098459,1.36911495777603,0.0468932685553908,0.000387841330109596,24.9615495772885,15.8471693025324,0.723061159387989,0.00600495312312256,33.6808727319398,18.1180964098441,0.620559110711486,0.00513247377127654,25198.242080689,1914.10950512404,50.8776772848324,0.37752862705355,14201.6361131624,10250.9882419686,598.206249715591,15.0482589901792
18,10,2.30616120040288,1.44950663712704,0.0601563599402306,0.000636995417016181,22.5815149820872,16.7607438898548,0.925392496174671,0.00983149917949169,30.5184387390037,19.1819546262477,0.796075393722113,0.00842963866005476,26163.9336862139,2321.31849206718,77.5110371179451,0.701249422390903,12833.2198684709,10833.2950942395,763.668171649862,24.5528479807551
18,11,2.11769428963735,1.50711368146613,0.0775846966389021,0.00101788538245327,20.7076758001074,17.4089900194559,1.19080918185951,0.0156731414989129,28.0243737666494,19.9442938128104,1.02671218778847,0.0134701219855319,26636.004641343,2827.71136212732,116.783066836486,1.23738049028854,11757.0710175754,11243.1864997062,980.315399986026,39.0407660160697
18,12,1.95418422904232,1.55026347567432,0.100099265521405,0.00156759268283477,19.0860095223045,17.8871680059737,1.53332380964136,0.0240940479405648,25.8605736963819,20.5153138919414,1.3246573145453,0.0207446388615183,26733.5949848296,3461.19641783646,171.77437304768,2.08077443847493,10827.3248200428,11541.7032570711,1259.57554433223,59.8991405831
18,13,35.2121605562556,72.7350089088944,25.8930775760926,6.73921641301467,154.209703104676,362.205322440355,167.150452278569,42.9404980424587,179.055292967557,364.676632522034,129.031867012265,33.5515737585295,231775.907246167,140974.215116767,55079.3007887238,18226.1742509279,35318.7356256446,92668.8495660198,53609.0414047102,40971.1012109957
18,14,8.12658506950782,41.7029406401749,29.2713401447211,15.2824464347694,33.7236704308805,203.23251353972,187.777436614806,97.0123346400452,40.5299994769148,207.651391904492,145.721781488295,76.0798835633068,137910.659504061,156976.287408279,102384.431425396,51670.1859082119,8036.1052813899,55069.8556714958,64311.6129537912,99044.7045823185
18,15,1.93737829900585,23.528804063036,26.4283334755422,24.0232390134878,8.07072671059816,114.663393078801,169.364200315983,152.247602451145,9.64622077893312,117.133037496423,131.566903135784,119.59371694907,76404.9404364903,134927.461566262,125588.180082606,94449.5649418362,1935.85647894455,31091.0197343905,57946.9552363007,155160.5426949
18,16,0.518281272217947,13.2620407003716,21.070308740838,31.3560482266053,2.16792901422407,64.5770689136361,134.877424582749,198.426838599288,2.58016373935158,66.0217816789183,104.893288433396,156.098282283541,42239.7579976513,103928.053253518,126152.294252597,139875.968112416,521.545274159722,17498.457763624,46091.8469200369,201895.440724768
18,17,0.907249850476332,78.0810143801843,188.564704901371,1152.49524767751,1.34973773331024,129.679364842191,407.073915954283,2447.12007605975,0.921913356854091,76.8892093566777,184.628372063378,1123.48075818233,46668.1641334287,174657.910931542,331151.402578625,1702440.08359632,141.624273132855,15054.2413491299,59466.6538108182,1060853.6337378
18,18,0.0499847284048675,14.933441714975,45.8598195300218,1163.8220030382,0.0706198552720398,24.3718362301679,97.9992657958851,2458.21811912232,0.0488016248548092,14.5392688527561,44.6430047030758,1132.87602896926,9731.67165735846,46136.8697122902,112989.237329913,2085969.72275086,7.59989220486341,2952.52896100749,14974.5868938749,1118558.60907682
18,19,0.00229793269384575,2.26674417418048,8.63861372619891,2145.51555281711,0.00213586577934806,2.46129293327432,12.3607979068619,3028.88854619848,0.000923480427475456,0.830533553252966,3.12103374293722,759.222441547226,1825.81184598603,10435.0066867348,31915.0127312331,3728700.89141824,0.484452759224427,647.040662627253,4102.26139522705,3009059.76440929
18,20,7.69442880170845e-05,0.163342414644108,0.751261986413191,2059.78161185124,7.16285998719195e-05,0.177920758651716,1.07678969228533,2917.65481734223,2.73644973432592e-05,0.0577098688997946,0.265286143334519,727.1064282421,135.287652264791,894.225438872566,3222.52289888021,3354730.03334083,0.0198971345884545,55.8113996678099,425.051523242945,3427480.00110937
18,21,3.60080151423711e-06,0.0110917649801708,0.0577538448523204,2240.86194375136,3.36468595178076e-06,0.0121763941010579,0.0832010661840464,3182.67453271943,1.27145345698413e-06,0.00391548134768033,0.0203872529174936,791.025500174029,8.04438606686316,59.768381829197,244.375772587703,3527549.1798877,0.000815424098545986,3.34142462079951,28.7048354706237,3258541.83370506
18,22,2.44187267640612e-07,0.000410973756673548,0.00238195188474996,1676.32472096915,2.19209741400757e-07,0.000436054909889845,0.00334705885170462,2349.63135461005,8.61989103149272e-08,0.000145074097617432,0.000840830467901162,591.743547341818,0.392679706369021,3.18716306437651,14.2456384033532,2972004.30910398,8.29072279416498e-05,0.186797144382618,1.80509813234128,3816008.166245
18,23,2.64961423125247e-08,1.36324416674134e-05,8.51014950854165e-05,1132.8913379659,2.36710616852629e-08,1.41481861520576e-05,0.000117770504336427,1576.78334902788,9.35315401527729e-09,4.81225962177074e-06,3.00408746955349e-05,399.911264619825,0.0160866089046328,0.139014855774538,0.659814258102758,2159649.68754812,1.62742431957693e-05,0.0108506847118054,0.113819233901854,4629889.78663266
18,24,1.91551536555818e-09,4.45264449376285e-07,2.86877363771483e-06,783.832877674926,1.70807178650708e-09,4.58919389665974e-07,3.95300900594695e-06,1089.2730262564,6.76177978510487e-10,1.57178595594067e-07,1.01267867021459e-06,276.693436392932,0.000563835245478836,0.00509269417151173,0.0252555966876266,1608908.5304369,1.90331477409691e-06,0.000568618022405089,0.00617477991033533,5181591.63255645
18,25,1.11876478720563e-10,1.66134103915744e-08,1.10655863388965e-07,540.373251058732,1.00707891432649e-10,1.7354570381911e-08,1.54099287140045e-07,751.49999603049,3.94924584482602e-11,5.86454299489273e-09,3.90615805618808e-08,190.752054460606,1.70115799321063e-05,0.00015996389434067,0.000827953015467016,1094704.74861772,1.17013106882138e-07,2.25423466880511e-05,0.000252409208431514,3703537.62480038
19,1,3.83106173819682,0.0173662862779479,0.000169133323537875,4.16367624508471e-07,38.7332996358932,0.178249686757079,0.00192484137178117,4.80309987568681e-06,45.5000208265767,0.206252585138142,0.00200873028662376,4.94503531430022e-06,680.267051305319,9.09730837014972,0.0722316491635067,0.000121996341114075,31389.8940211387,143.72202764237,2.24833333042355,0.0147734068015379
19,2,5.17607651248146,0.0829403257719115,0.00104445323599153,2.81596654245626e-06,45.662252723927,0.837402494786369,0.0118477904268159,3.24115275305413e-05,61.4742348758675,0.985049787206313,0.0124045622956647,3.3444132484539e-05,2389.61240163887,53.1354164315509,0.474333792851591,0.000863749444220562,33022.235525593,665.787011780013,13.7988181903035,0.0994969071766689
19,3,5.3963358326534,0.220170871945491,0.00337055476158384,9.93269123671871e-06,45.8159955920048,2.20368868966455,0.0381346269613644,0.000114066569716805,64.0901686143272,2.61488327349182,0.0400307597030176,0.000117966686265769,5332.39951241204,164.153430938431,1.62285705939955,0.00323127182664715,32586.4216467256,1739.83296364902,44.3131159662336,0.349477491088195
19,4,5.10077677691606,0.425039607272872,0.00761236926539132,2.46802762628078e-05,42.7805202239102,4.23241250085139,0.0859391462154097,0.000282723784267553,60.5799293880959,5.04802905946855,0.0904091303623629,0.000293117981568202,9266.36858412665,357.514764837164,3.89245965477336,0.00873091582200065,30283.672983545,3328.15128173427,99.673792060145,0.864362713257662
19,5,4.55704136254827,0.666412847114486,0.0136368958402427,4.95738090855488e-05,38.0114057557817,6.61402378695834,0.153656216335014,0.000566196237963945,54.1221966840737,7.91472455807486,0.161960074554409,0.000588768727832317,13575.120496556,619.972191709622,7.46960165772957,0.0198260187747923,26836.5066891924,5187.75475681983,177.917510628877,1.72660586278552
19,6,3.94759004795618,0.90420893711685,0.0208946374838222,8.81744847591294e-05,32.8127567023482,8.95389663372135,0.235005171599665,0.00100331402346377,46.883981953612,10.7389356480999,0.2481574314501,0.00104721384490174,17591.7821633417,919.956805578311,12.4868855200671,0.0416544784901704,23119.66995101,7011.04634413684,271.686180277785,3.04989185121489
19,7,3.39413602958996,1.10831799370511,0.0289369294741357,0.000148577614781418,28.1360458490932,10.9575258456725,0.324848093423734,0.00168315469541789,40.3108251936617,13.1630590270225,0.34367258574905,0.00176459817901537,20874.1232044268,1229.81619262353,19.4131342401132,0.0852219716193745,19791.4553075399,8569.57875380515,374.952669414251,5.09723026250328
19,8,2.9511934965889,1.26641419132073,0.03787227731279,0.000247292399188347,24.4097860243132,12.5056900023086,0.424281075677609,0.00278852439100912,35.0501700923395,15.0407056888847,0.449794214825911,0.00293699503746965,23278.2954251337,1543.08428175107,29.4662009765383,0.171399928399788,17146.2291787799,9771.64505490273,488.865593568661,8.41143186875869
19,9,2.6200390208284,1.38090926262795,0.0485017151437267,0.000411408223605048,21.630914416923,13.6233222081923,0.54211706153072,0.00461998813813276,31.1171779941729,16.4005188386125,0.576035887691789,0.00488613445082855,24874.250081422,1878.24313577229,44.8038359239023,0.334579241409007,15176.4691307912,10637.3643485933,623.42454506767,13.8865813995281
19,10,2.37420571461957,1.46153865755258,0.0621196386600631,0.000677730876936129,19.5716956119841,14.4063444815912,0.692645957585244,0.00758582239001593,28.197512032947,17.3581226046201,0.737770635380735,0.00804914436850657,25818.9677960234,2270.74094842168,68.3746144348354,0.625260215955949,13718.4165777814,11241.5510624915,794.89080377211,22.7369613954467
19,11,2.18121104664577,1.51906031117541,0.0801158311090236,0.00108905266165897,17.9582630539556,14.9600688451293,0.891206173499637,0.0121598836842861,25.9053898975414,18.0412847713174,0.951504369573226,0.0129342522185625,26267.0185854973,2759.52081027207,103.469244929498,1.11230935283338,12577.4107451692,11665.9514758483,1020.71424023356,36.3698197088479
19,12,2.01454279274269,1.5619858888434,0.10354616190279,0.00168929114295509,16.5685842382365,15.3675968119436,1.14943099903518,0.0188268183277818,23.9259362781674,18.5510950566525,1.22977723802136,0.0200630497337757,26336.0194868194,3373.83238600264,153.141405180755,1.88764451916977,11596.2691590505,11974.9451935546,1314.1106032142,56.2202249810335
19,13,36.7325730375191,74.3806477777015,28.9853339823937,8.08242818129639,131.853914882695,308.530168669675,132.744237505834,36.6057710782083,161.273953171176,322.20888037725,124.865007680726,34.7843438492794,225115.985491387,139905.556794287,54611.9703811565,17448.1868559205,37291.150895533,95738.1330057036,59617.6261978444,42414.2179141628
19,14,7.98412636551799,42.0901227175134,33.4519101710817,18.2927388383135,27.2066537996577,171.191734732108,152.143893179534,82.5305044541487,34.4154807611986,181.163826209492,143.959917106178,78.7216622531761,131651.302532328,155068.565875647,101597.789644154,49298.7222548955,8010.79080127223,56216.5469344164,72796.4323147975,102086.726206353
19,15,1.7313541657166,23.5651148420016,30.5994106842353,28.6927272421846,5.90942497702713,95.8355182212212,138.958495572402,129.226504732723,7.45177185970147,101.411441587583,131.682632629016,123.477318526919,71977.2684713032,132379.461561308,124452.185655568,89953.6187710301,1747.35979621975,31484.1724311546,66407.2748985319,159611.626423576
19,16,0.418883574143666,13.277181512401,24.6591620774461,37.4498701707901,1.43316598890837,53.9507532563184,111.817215023413,168.402396268174,1.8026566108588,57.1375093516717,106.119128520229,161.163123098504,39613.2824529463,101432.987149097,124904.6065129,133232.635350823,424.466480407421,17712.7369385456,53369.1856320749,207716.771073115
19,17,0.605681138009737,74.7150896047167,201.468666097523,1344.20828560545,0.761383257942035,106.707286015013,319.314535107065,2097.91740471136,0.516275229614166,61.3248681885859,164.662998889163,1092.73171340109,43907.4286443367,168849.968915394,328120.00191068,1658238.82775326,98.9969427950353,15117.2154160885,65692.7155675072,1110793.81876562
19,18,0.0280334080422954,14.4018638365942,48.6106963223819,1383.61457156973,0.0334495057104062,20.2766176050109,76.3127726233068,2149.59039773465,0.0228358948446325,11.6905557003926,39.4554087174979,1122.94294628012,9170.39024647619,44297.0295090249,111149.429988978,2035445.8916405,4.38127144966865,2945.43942161481,16128.9472837065,1172313.95110598
19,19,0.000984544340502993,1.81687296927013,7.94192070573871,2096.12643006462,0.00093748137815909,2.09404515296197,10.2248679471783,2677.50394921086,0.00054569558668047,0.970648740438903,4.22699728411028,1107.12311027796,1721.68407333238,9986.12547649566,31304.5893408567,3606487.50425298,0.255007512389658,648.984855362955,4610.04563515147,3131982.6323448
19,20,5.46712985853033e-05,0.130288270035654,0.71537336562613,1969.33314029297,5.29407307774494e-05,0.151002325821211,0.923625752151674,2522.97647354481,2.88913327582043e-05,0.0687671451432879,0.377531484435165,1039.16693622207,127.733338237715,855.197838237039,3162.79523233384,3218962.54763696,0.0179239381225501,56.8832618884664,504.577478511605,3563446.40018542
19,21,3.89216610935188e-06,0.00892245835741165,0.0562164645328204,2151.45719924058,3.78106850511672e-06,0.0104158257687607,0.072955298775409,2764.02925713189,2.05386404632339e-06,0.00470817313752873,0.0296640189488723,1135.26762161833,7.60848831728429,57.2184213851767,241.286843936387,3391389.16323944,0.00111305374422462,3.42336606115919,34.7340232694677,3394865.62744488
19,22,3.51514643216459e-07,0.000335291522468655,0.00241175840080192,1611.96842554214,3.33989176229717e-07,0.000380185030524624,0.00305377286842184,2044.84004007285,1.85485186230413e-07,0.000176924592943294,0.00127262182978602,850.593522461684,0.3721101746545,3.05341786312139,14.0710011433292,2840364.39784522,0.000153842106661952,0.193838911910185,2.25865315500666,3947758.24335827
19,23,3.67627015636929e-08,1.12628217753352e-05,8.79268340145975e-05,1078.56550464798,3.48129895071506e-08,1.25350152600312e-05,0.000109729299020138,1358.85168125758,1.93987150290575e-08,5.94309614485128e-06,4.63966877111983e-05,569.1307703455,0.0152709618667616,0.133140660572153,0.647826358719421,2040759.53681579,2.9146470170116e-05,0.0114767349348468,0.145967179311182,4748882.961243
19,24,2.48851228265119e-09,3.70333158841873e-07,2.95943874744918e-06,740.162826584653,2.35238862925532e-09,4.09939255569801e-07,3.68051638426121e-06,931.094403187207,1.31312276043796e-09,1.95415109379376e-07,1.56161832269316e-06,390.564539529484,0.000536008783447033,0.00487309045970978,0.0245978420912101,1504921.51314223,3.19976476714162e-06,0.000608446469050517,0.00794401468073845,5285666.62651669
19,25,1.41277179321568e-10,1.39773219688351e-08,1.14685096036902e-07,510.021840200918,1.34770840331999e-10,1.566335215015e-08,1.44332468548604e-07,642.076315554989,7.45482676328726e-11,7.37546675221679e-09,6.05163217009622e-08,269.12516815686,1.61942049245068e-05,0.000153008250694745,0.000801789760538185,1022531.55319841,1.90988985161206e-07,2.43214497518271e-05,0.00032613324661997,3775772.22215568
20,1,6.05118419833709,0.0304863133430001,0.00028879248584645,7.38538869101955e-07,48.7209157504038,0.245350117311052,0.00292959293877041,7.5881857548949e-06,44.9113063130164,0.226266481406786,0.00214339001551327,5.48136435566144e-06,685.42947683065,9.73660084767966,0.084527296853617,0.000149375686964129,29473.069666757,140.38823412994,2.30612108157477,0.016608815051109
20,2,8.3252833306446,0.145852602179371,0.001783022008711,5.00291770245049e-06,58.4905637385131,1.15396297381813,0.0180319526359898,5.12921810936334e-05,61.7894510479419,1.08250396588958,0.0132334176206494,3.71311733421223e-05,2410.35511664374,56.804204506561,0.555186362916261,0.00106136331397603,30819.2909140996,648.821987278321,14.1411585642722,0.111977744687095
20,3,8.73405846017811,0.387196325133697,0.00575353940215866,1.76863119207443e-05,58.9136343497184,3.0354183325282,0.058043210486675,0.000180931555081943,64.8233406890252,2.87373383314501,0.0427022153028108,0.00013126610365594,5369.42138720852,175.304858226844,1.90058664460079,0.00399144595787363,30333.372662743,1691.47234153054,45.3838309657786,0.393972043342022
20,4,8.27510127193141,0.747093070534429,0.0129954539391957,4.40842428030947e-05,55.076685075872,5.82475941000894,0.130830380190021,0.000449890956731728,61.4170046413517,5.54485281481339,0.0964510075069771,0.000327189004203716,9311.93273566222,381.478956487191,4.56338555771359,0.0108667095376717,28173.2028441166,3229.04467747647,102.042426145274,0.97682208296652
20,5,7.4061093668847,1.1705624611372,0.0232865696727927,8.89292886886272e-05,49.0077900948491,9.09401539960469,0.234005581230597,0.000904896048908987,54.9674304172173,8.68780184630605,0.172830677314631,0.000660024615610141,13618.7368653808,661.113781544562,8.77102816995855,0.0249193022530797,24984.9525607925,5024.84428853194,182.116837483938,1.95801310997169
20,6,6.4295180446789,1.58718255609056,0.0356959150428292,0.000159025526352324,42.3959617692356,12.3008566555334,0.358083265553085,0.00161227891041528,47.719263682139,11.7799160651643,0.264931643471119,0.00118027214037883,17625.6191488391,980.591999459926,14.6930754761697,0.0529083450848469,21561.7442694163,6781.68596309726,278.108141085749,3.47379274992949
20,7,5.54258946280812,1.94425519619732,0.0494615954000177,0.000269500542161324,36.4513277096059,15.0423628270296,0.495287378384556,0.00272066180898667,41.1365651701495,14.4300748093386,0.367099197269706,0.00200020706754512,20895.7021607563,1310.51493522499,22.8945123309687,0.109176262619928,18501.7611033906,8280.18605380824,383.858941557239,5.83248941890019
20,8,4.83259540518973,2.22032383660986,0.0647614141825839,0.000450684962215035,31.7140222823504,17.1565122639803,0.647224153730042,0.00452971145341915,35.8670576560858,16.4790296695117,0.48065297870414,0.00334494038278854,23290.2938747892,1643.9057630732,34.8110466700627,0.22064780613514,16070.5200180027,9433.12111401266,500.458997659539,9.66016964136627
20,9,4.30087739096283,2.41965200786941,0.0829345205238534,0.00075179618393134,28.1746288002594,18.6779812470864,0.827050578649199,0.00752659767768984,31.9206977657927,17.9584241587277,0.615532023664641,0.00557975886947481,24882.685915033,2000.00555545134,52.9593275493971,0.431239200011199,14257.1186458693,10260.3927883877,637.878906263834,15.9769810170704
20,10,3.90429868376383,2.55915022060906,0.10613402841915,0.0012390306092263,25.5388819513372,19.7372106629328,1.05599178347594,0.0123664190268382,28.9773287966033,18.9937664582053,0.78771653685187,0.00919596584705809,25831.1429199881,2415.65002058923,80.7452645456993,0.804642506535519,12908.2520515299,10833.5912642364,812.267307944374,26.1544310221122
20,11,3.59037688514672,2.65737311652271,0.136646008267794,0.00198836654525319,23.4560488200252,20.4763097582832,1.35657919978715,0.0197998658578112,26.6474314419829,19.7227673315454,1.01417351259153,0.0147574649935397,26290.0035928151,2930.95872283279,121.921261438137,1.4262217565461,11843.7390399517,11230.219365212,1040.76265714847,41.7611699357734
20,12,3.31662796221335,2.72890853451337,0.176163297222709,0.00307621720451023,21.6441546945939,21.0066822339192,1.74547324973243,0.0305794887359346,24.6156933015215,20.2536963140892,1.30746702519058,0.0228313878125039,26375.8559268668,3575.50092939672,179.893933038981,2.40723068540034,10919.4431309917,11510.8774622963,1336.01630190274,64.3637051811155
20,13,29.2996543064681,60.9452692343086,21.5901160782917,6.01233996998442,173.127368957498,413.890403159465,185.223081575755,51.0356714215266,184.761153657545,383.206260668331,135.577615006053,37.747396098557,227018.788282576,141551.792202052,55843.1456105928,18791.6766641392,35778.7963282382,91244.2152487333,56099.9405737142,41813.7951313289
20,14,6.73390031254092,34.6314093525088,24.3773317302247,13.5663163783287,38.3240805868241,231.529110179282,207.992039250859,114.756044357021,42.291570411062,217.432979220391,153.046920118485,85.1724918257673,134382.081999374,155816.244280474,102866.424916011,53104.3601403652,8199.49171817089,53787.4578815711,66927.2286993269,100114.156838861
20,15,1.61922004301541,19.4265807677724,21.9527651792034,21.2086935175409,9.25591795953866,129.893939436923,187.090214130112,179.120642100371,10.1661039819252,121.96472529097,137.824563196043,133.153103980505,74211.5967792763,132774.520807742,125471.33714696,96640.7291860505,1992.99313394524,30195.7092390535,60125.4050297679,155975.657332054
20,16,0.437306586322486,10.9001036759625,17.482191241208,27.5778841494248,2.50915401102944,72.832482250823,148.817199698679,232.589933513388,2.74551716201251,68.4333847411093,109.757257134656,173.140362011816,40921.7101076726,101642.576168676,125578.182448013,142555.052308966,541.900781101632,16920.2708220342,47759.5655320237,202197.863139532
20,17,0.917957086002681,76.1543465265562,181.904003561716,1202.74419258382,1.55169096253928,144.106567971542,434.562991837866,2831.53518712888,0.958606767108556,77.1093127750469,183.200786930678,1205.72661687452,45027.3752911194,169702.797191963,327369.27239349,1708273.46093547,148.342593403391,14550.920395981,60526.889713762,1064278.73401946
20,18,0.0513224028587324,14.7019474583376,44.3367196689343,1225.95701263041,0.0827173959950724,27.3838086723804,104.940376495619,2873.33025274576,0.0515111248618607,14.7192384516154,44.3834318609034,1227.17817652902,9367.45682936932,44704.7617778188,111068.460554855,2086161.94629169,8.02705815017901,2854.38234041269,15125.5826946718,1121450.01403614
20,19,0.00209811899292826,1.95406467402149,7.401887260224,1956.86910644655,0.00257196854653988,2.81833818744963,13.6398010129911,3572.21011690228,0.00131912252031993,1.18151739637732,4.45027949335085,1166.41613612841,1755.31050795625,10086.5580292677,31245.8522766019,3769721.44690337,0.513425841322921,621.901064105877,4162.72593099107,2968328.29432089
20,20,6.57662416483556e-05,0.137731496840091,0.642917276921461,1860.09699205047,8.14936042643464e-05,0.199618025203451,1.18749236214344,3403.98488918704,3.9276878495019e-05,0.0820388167005328,0.382873643603165,1107.58870441104,129.980511147981,862.65505004117,3148.56648208569,3388457.35804932,0.0201906927596566,53.3149765101844,437.045777365664,3393186.74309121
20,21,2.9195457702638e-06,0.00933420906098641,0.0495908948936366,2024.72766823096,3.63791567333262e-06,0.0136303454653333,0.0920419595085716,3714.86399688471,1.73862716243211e-06,0.00555805816808152,0.0295287591145324,1205.61591002236,7.72626727916678,57.5624117311317,238.859768238124,3558319.61302639,0.000787322307720713,3.18559657354592,29.6065350570778,3227048.03803214
20,22,1.81745299044773e-07,0.00034587811156281,0.00207593643006725,1529.10559094773,2.18014406164573e-07,0.000490071494595491,0.00376623669821881,2771.59445848375,1.08219832244922e-07,0.000205951786195929,0.00123610803174109,910.499745099614,0.377092675353725,3.06679544867432,13.9237092395707,3019060.65690121,7.24968540596836e-05,0.176465125102448,1.86888432417016,3768358.72215737
20,23,1.92855700206386e-08,1.13490188870578e-05,7.46075212292278e-05,1043.22936240026,2.30249928489234e-08,1.57549678149405e-05,0.000133440105949488,1877.88032334167,1.14835152900137e-08,6.75772753026374e-06,4.44247471187841e-05,621.186708208214,0.0154476112156351,0.13376226847357,0.644273285985904,2192814.03854418,1.38623743599783e-05,0.0101084618300714,0.118161752662895,4596292.74300811
20,24,1.4097191186375e-09,3.68092181919924e-07,2.51466706013394e-06,726.745544785267,1.68032475790559e-09,5.07622841151897e-07,4.479821000474e-06,1305.94572787679,8.39411553528996e-10,2.19179002427973e-07,1.49734833942953e-06,432.73769790323,0.000541491135211395,0.00490215641188376,0.0246303649405596,1615496.97677512,1.6391729770289e-06,0.000525718643279522,0.00640874512554354,5174687.55723462
20,25,8.33228863922147e-11,1.3663243834724e-08,9.70201527070644e-08,501.296624398194,1.00167821221769e-10,1.90735744228811e-08,1.74596256130337e-07,901.427795023919,4.96142760005815e-11,8.13572332918215e-09,5.77702578763962e-08,298.495049285554,1.63400839885425e-05,0.000154034714490287,0.000806995898308022,1096394.35425743,1.01937561240184e-07,2.07214434912714e-05,0.000262148153252666,3701629.42501316
21,1,0.591097333101511,0.00273075094856859,2.6736234803713e-05,6.4326456590168e-08,41.6254673051306,0.182414429391028,0.00218313517538645,5.32917834786284e-06,46.6426539036046,0.215479692189968,0.00210971844533924,5.07590964052817e-06,654.426837314606,8.41205712373511,0.0710755451247663,0.000116395324293073,29664.8478766014,135.36598141598,1.9805186226244,0.0138214059358669
21,2,0.821170311657616,0.0132137720626648,0.000165899592586718,4.3655236790692e-07,50.2358719208926,0.867227973551221,0.0135021323582906,3.60827662934821e-05,64.797386991397,1.0426800504176,0.0130909020332907,3.44477294462513e-05,2350.63331025153,49.4941770498769,0.468502285891844,0.00082777236563922,31372.2997337264,633.398563478279,12.2076950546842,0.0933630898359661
21,3,0.867841120531533,0.0353689358620072,0.000537581706871951,1.54514650746063e-06,50.8776589333644,2.29905254302187,0.0436366805935197,0.000127411657865047,68.4801144608061,2.79091266694496,0.0424198115849583,0.000121925323871276,5309.48545591856,153.778135483589,1.60855217472591,0.00311366565910573,31085.1475059152,1665.51571243334,39.347178669277,0.328896093613089
21,4,0.825942202145134,0.0686756893282583,0.00121856081540172,3.8530430226501e-06,47.7298806377103,4.4381535023413,0.0986920336983084,0.000316889493832886,65.1739301155342,5.41910143989657,0.0961549091670761,0.000304038171240241,9293.01061172664,336.504761355236,3.87126993202277,0.00847321637130218,28974.9828099465,3199.87548167387,88.7900542387386,0.815884021444602
21,5,0.740614409208323,0.108146387080373,0.00219023221336755,7.76904126443919e-06,42.5233602436311,6.96236843922206,0.177035490128845,0.000636940292000574,58.4408347496198,8.53367833187097,0.172828123856692,0.000613044049714616,13678.3323661941,585.955517652165,7.45406157841338,0.0194167385726562,25725.9895367147,5004.50500043492,158.956300690095,1.63479301383622
21,6,0.642719358524997,0.147249806285446,0.00336642352484055,1.38751452756488e-05,36.7555053089298,9.45492530267332,0.271592038969717,0.00113305531521168,50.7160748628855,11.619273793552,0.265639715439428,0.0010948680745328,17785.7470453559,872.802713696363,12.5034336991327,0.0412216926036702,22180.8784780542,6782.0059102204,243.398326316998,2.89682106629346
21,7,0.55280554642776,0.181018633776432,0.00467620471013274,2.34777944107045e-05,31.5186940485156,11.6013593195808,0.376526593055234,0.00190824558179176,43.6211032161686,14.2839241737663,0.368992694879356,0.00185259952599112,21160.3840504734,1171.14405523752,19.5046304962757,0.085188149089864,18981.8136221216,8309.34328876641,336.79013427381,4.85616301178752
21,8,0.480272241223758,0.207371412692812,0.00613811729269052,3.9226766075294e-05,27.3163958937428,13.2716022380407,0.4931839858034,0.00317276919928068,37.8976027676667,16.3633846577876,0.484350147547574,0.00309532858862245,23650.2622046321,1475.16932193054,29.6985936693409,0.172757688186754,16422.8896562687,9495.20027493479,440.207053458306,8.03512674959477
21,9,0.42568614483227,0.226650376189356,0.00788314943604285,6.54688946665667e-05,24.1628686518233,14.4890203206639,0.631894606916843,0.00527224943853969,33.5902911637084,17.8846603794546,0.622048164024786,0.00516605781210622,25322.2730723121,1803.06910436579,45.2794471600408,0.339380869296653,14506.123212015,10357.0857029498,562.701420306908,13.2941237206728
21,10,0.384955457830088,0.240421145687586,0.0101232700004818,0.000108124305008805,21.8142305172045,15.3535955686473,0.809435162026018,0.00867726904507552,30.3762903034261,18.971292309127,0.798812907051518,0.00853193586685897,26333.6107600737,2189.59348053172,69.2500599845918,0.637457899096141,13080.393297048,10966.3935132922,719.026469610411,21.8043556138645
21,11,0.35290656585855,0.250436486091037,0.0130868643545509,0.000174107334272208,19.969861302766,15.9763687652269,1.04387689683044,0.0139364059793521,27.847357600619,19.7615886444426,1.03266594279814,0.0137385633122848,26840.1823201622,2673.10642798373,104.97286585371,1.13917160880609,11962.3125469662,11401.9298120149,925.06965559529,34.9286104491075
21,12,0.325274098625524,0.258090042348616,0.0169481630874189,0.000270566798389102,18.3839110167896,16.4453337501293,1.34898315866791,0.0216147612328176,25.6669187228286,20.3655199357257,1.33735556044637,0.021350043095021,26960.7057701824,3282.68980291586,155.585419902771,1.94213424106415,11002.699561752,11725.9842242026,1192.91163515689,54.0656006100572
21,13,37.3611168030279,79.2011199994909,30.3456858600782,8.22712040620403,148.952156835039,340.876407710859,158.80061469529,42.471764352406,163.559131257318,339.099797624039,128.635628541893,34.8205219712201,232436.031124393,140702.87757346,54716.4862477728,18543.7047419292,35350.5332694456,94612.7490708171,53828.0826456032,40071.7463273721
21,14,8.38037700995707,45.6916734361401,34.7603452090321,18.7168958314905,31.3697138347202,191.748736216776,180.648309189521,96.2551187486444,35.5685026049643,193.433410763538,147.108305146267,79.2096957633828,137447.837340142,157979.307838086,102169.499805941,52640.7977544658,7707.59228000262,56143.8628081156,65148.4290676295,96811.7605381365
21,15,1.87095840265133,25.8457284446047,31.4981609964057,29.3859874147155,7.01633272118245,108.424003211006,163.502216375995,150.858444789551,7.91983330969171,109.379914739871,133.299827332593,124.361096018411,75999.3819718461,136146.121491387,125521.611563921,96213.252751024,1733.88641877171,31760.4925083292,58902.8003438406,151467.4241569
21,16,0.46801975430542,14.6554258352034,25.1765846219345,38.3292656758307,1.76146766595391,61.4228216793745,130.52942830258,196.464106004486,1.98069105196373,62.0215807088613,106.546961079173,162.208926138145,42144.8927018256,105036.356095469,126259.307148953,142510.377117666,436.50492829485,17979.2737531966,46967.4210054835,196946.937413455
21,17,0.650023288225597,73.6534291191913,192.08994944621,1200.16334772535,1.05495876949071,127.806891184179,408.076515068756,2508.4873944563,0.73705652033781,81.2974312098215,211.092918907379,1313.81405662458,46974.1683330677,176716.974014389,332788.822870331,1726816.00028613,109.924725669657,15422.5413520569,60381.3157018851,1030931.38833081
21,18,0.033614584309621,14.2156334979058,47.1537439598541,1225.2547210243,0.0518994455536816,24.27839937798,99.20150208794,2549.05578334737,0.0368463539747774,15.5445354774836,51.5560786413498,1339.57360987304,9837.7895593086,46653.9871847522,113669.57414396,2115608.81056017,5.47124415473915,3022.12183337799,15175.7432099119,1086981.35284412
21,19,0.00154074574851981,2.27049702349944,9.34033431701848,2367.02219412832,0.00143813472170076,2.3613487921589,12.0259699469126,3005.58537401488,0.000576034337281325,0.751373117457022,3.03966630302663,747.940982952938,1848.64651258135,10555.8395366833,32147.5320459417,3792468.3461812,0.334192331829918,670.474348682269,4201.56169818634,2944606.67459322
21,20,5.70896798553039e-05,0.165722033251149,0.817999634933359,2280.04864675096,5.31290293739223e-05,0.172638098843059,1.05408721397154,2904.10466592035,1.81342071089891e-05,0.0522426389829793,0.257703963688633,717.944033360122,137.075367559178,905.67859927323,3251.77702886362,3431043.00865305,0.0151433526542352,58.3166767097605,436.712426926275,3350912.7915888
21,21,3.02635519507211e-06,0.0113933194418444,0.063612966743194,2500.96678794423,2.82615839100772e-06,0.0119711402446913,0.0824746704026672,3196.75844842737,9.53212069293821e-07,0.00358762169586723,0.0200305942604019,787.503023366449,8.15475484875607,60.633448308861,247.037439472234,3608983.03125229,0.00069394609085662,3.49568675027916,29.5124687754847,3176832.71275928
21,22,2.36971846306261e-07,0.000419875830804589,0.00260086267360836,1854.73449455869,2.13795278266423e-07,0.000425659558747121,0.00327977068783346,2335.57253114806,7.46180427295868e-08,0.000132210431416861,0.000818958420749562,584.017756598945,0.398243966969168,3.23664130482654,14.4124263924042,3044687.84683385,8.36406283765759e-05,0.197184602348594,1.86466127007342,3743167.71146133
21,23,2.68354240746433e-08,1.40650674755977e-05,9.31750465894829e-05,1264.06910607785,2.41206709277342e-08,1.39581141228245e-05,0.0001156506219547,1579.53381785876,8.44992411292641e-09,4.42880082747226e-06,2.9338906698953e-05,398.029370605206,0.0163212211711707,0.141209483494084,0.667661234608251,2220751.31674706,1.71319113873742e-05,0.0115694250463589,0.117735370459198,4568656.09617378
21,24,1.95671924028619e-09,4.61803337164597e-07,3.14435659727775e-06,881.403365814476,1.75556411047153e-09,4.55303480546635e-07,3.88541732817604e-06,1099.43254864402,6.16130657565421e-10,1.45412376057477e-07,9.90093240881263e-07,277.535797099712,0.00057227172256918,0.00517274543951495,0.0255578332559843,1654015.88388072,2.01499021213611e-06,0.000608148486838007,0.00637612418606387,5136375.7061095
21,25,1.14885473685269e-10,1.72782497776075e-08,1.21181764917515e-07,608.069446601386,1.0400547683836e-10,1.72691596518348e-08,1.51450259601244e-07,759.083933547629,3.61750734719045e-11,5.44056559253213e-09,3.81576461190228e-08,191.468566039058,1.72723448046912e-05,0.000162488594913435,0.000837980528929937,1124881.83178249,1.24432570838127e-07,2.41746059218152e-05,0.000260528793029094,3673284.5449684
22,1,4.56876893204924,0.0191532736792693,0.000186376990197082,4.45393818229661e-07,42.064271401992,0.178815288900356,0.00222141870561172,5.37708793092941e-06,43.8320270046763,0.183753396510936,0.00178807056974637,4.27303594441182e-06,645.641189047895,8.09351596854972,0.0716830719255134,0.000117610452770914,29991.580588316,133.6464466952,1.91633160725459,0.014099769613781
22,2,6.35284696836663,0.0928542517971661,0.00116119419959775,3.0361229357971e-06,50.6258154139629,0.852184528896424,0.0137985900140594,3.65767107435396e-05,60.9481818878339,0.890828608932708,0.0111403085319995,2.91280702724629e-05,2316.10996716049,47.7940354831097,0.474602798697874,0.000839927748805174,31568.4028706317,626.651258300185,11.8626301299848,0.0956848071196222
22,3,6.71208758465886,0.24914344520098,0.00377746736944065,1.07876023992814e-05,51.1796089998569,2.26541444233649,0.0447793006367059,0.000129682984491919,64.3946780071803,2.3902417435651,0.0362404083483252,0.000103494505131151,5232.91804103063,149.040259814892,1.63607551963899,0.00316874683148028,31214.6282929377,1652.02953934854,38.3914849086482,0.338447111367271
22,4,6.38756280125235,0.48498356073665,0.00859312970413309,2.69761997964201e-05,47.9868719746698,4.38523895860323,0.101657687364771,0.000323533363221823,61.2812399494625,4.65285350325172,0.0824410905537536,0.000258805278959441,9169.43413694896,327.264621979682,3.95061709373541,0.0086310593649226,29081.9508940468,3182.36896326399,86.9569231527538,0.842172592869548
22,5,5.72980368581805,0.765523023761908,0.0154916549941229,5.44550588370825e-05,42.7641070850077,6.89661608891821,0.182936599881721,0.000651258543134492,54.9708058392926,7.34430354200101,0.148624421621812,0.000522432989058531,13515.7123699651,571.601699373039,7.62324856933747,0.0197437917361162,25830.789560754,4989.29751261132,156.167375243832,1.6900227319798
22,6,4.97558453374644,1.04442362920227,0.0238624357226401,9.71428272940737e-05,36.9873833143931,9.38554740723603,0.281303424474577,0.00115771151318344,47.7349498061403,10.0200306472892,0.228932332220832,0.000931972505633943,17598.3541338827,853.486442558554,12.7925302848092,0.0417480208785327,22287.5410255768,6775.48612822818,239.686439121581,2.99273399110316
22,7,4.28259462969513,1.28598785720507,0.033180255090179,0.000163812768895703,31.7413783694269,11.5354951805066,0.390464229603096,0.0019441143731976,41.0865172327029,12.3375586121874,0.31832597769011,0.00157159309580726,20961.2767260709,1147.04359718927,19.9216060960641,0.0858872893574314,19088.806355412,8314.99353345385,332.058256814947,5.00261614998987
22,8,3.72360015625268,1.4749077223514,0.0435384176465551,0.000272448559739268,27.5319111117711,13.2123404557071,0.511383720991924,0.00321921599640713,35.7236150549374,14.1500251111442,0.417700506724622,0.0026138272268719,23447.9325544792,1445.66664632685,30.2274352926698,0.173618732453985,16529.9483215492,9513.04246008271,433.981660895519,8.24369223576897
22,9,3.30354855354027,1.61328205919177,0.055826819695752,0.000452846881738571,24.3774583598459,14.4363236670887,0.654338245950125,0.00532957970644842,31.6937082097274,15.4775660219122,0.535593439914204,0.00434453942507561,25121.4248575154,1766.30746686182,45.8955142921023,0.340619565787167,14615.7289911607,10385.0441110033,554.016038658119,13.5879611832689
22,10,2.99115996184741,1.71216855671338,0.0715239282963525,0.000745930328728152,22.0356296652619,15.3063338243505,0.83646021495849,0.00875108830511993,28.6967028039643,16.4262670164755,0.686188950063642,0.00715633440839268,26137.4489273497,2142.57331579221,69.9497784046094,0.639819009202269,13196.2655548066,11002.0840626435,706.486007550963,22.2326091164052
22,11,2.74640605505008,1.78413757262072,0.0922487855191157,0.00119981666611988,20.2041605781508,15.9339103978563,1.07650756277349,0.0140423883031781,26.3485735788278,17.116726064781,0.885019863810195,0.0115108462021604,26652.0332929678,2612.23628459584,105.807491109159,1.14411078699997,12087.5167237161,11443.8294720231,907.071975286686,35.5805248741817
22,12,2.53602161304452,1.8392670716487,0.119262677281756,0.00186442692895722,18.6339062416681,16.4081758348859,1.38907295152979,0.0217812097144905,24.3301794160887,17.6456295234781,1.14418675337105,0.0178870091076468,26784.3120776331,3204.58999907225,156.682825906075,1.95148718215206,11138.5807805025,11773.7605499582,1167.95390131104,55.0773808502269
22,13,28.488608215294,54.3845571789324,20.3318219308448,5.28058326167166,151.188202219507,338.846672793206,162.105577863147,41.5941789807212,179.513352599004,340.132788800357,126.770998446718,32.9099438834671,232410.941144254,139172.603276472,54030.9868436561,18128.2116722005,36416.2210106389,96184.9508847013,53117.1298669691,40316.4662504616
22,14,6.4296655070208,31.4077139404113,23.2505728939728,12.0188216911526,32.5620283152189,192.112541115534,184.368899544268,94.3372532006601,40.1084665559566,195.754711242572,144.899987851874,74.9021495796881,138251.943246526,157181.821280275,100971.730657471,51494.4155226417,8143.9276873833,57668.2477487414,64442.5653659585,97716.8940179808
22,15,1.47996902694217,17.892169597345,21.0841362527614,18.920951103763,7.5213434233545,109.419054743305,167.03204799335,148.278789864713,9.22402457121297,111.505573288999,131.3978209281,117.916689845064,76763.7823420521,136003.510510351,124290.590299824,94238.4639337078,1892.29980849327,32858.5375478974,58327.7008413429,153323.007690559
22,16,0.381780763273575,10.186215549107,16.8569479436253,24.7273675958286,1.94738840041646,62.2338297503541,133.404158691423,193.508458040396,2.37929940210256,63.4812125229928,105.053677860972,154.102683073009,42641.4709670123,105202.737113963,125250.076244146,139723.363980559,491.25869379861,18673.7107737418,46530.930789205,199773.0891749
22,17,0.781857998479987,73.4360513346839,187.58140913861,1126.58317175919,1.16212132945464,124.900244828259,408.441773670599,2413.83675482662,0.778937947000574,70.5164900493478,179.026280371857,1070.1676812199,47378.7865248663,177212.260025407,331057.138928414,1699474.86338618,127.643732950537,16016.9652279217,60704.9780249284,1058618.59482818
22,18,0.041107637231523,13.9772449574816,45.7598395645205,1142.1858471462,0.0578337063064868,23.3717874771198,98.6437481942702,2435.07811938275,0.0391280519884356,13.2594397244769,43.4034563921392,1083.30377082466,9887.29968909178,46765.6830526838,113326.520227643,2084410.99511634,6.49310989235561,3121.52590125805,15302.7603217114,1118599.5711438
22,19,0.00180488213651337,2.07808452474472,8.36745491436308,2042.36183307264,0.0017031878825976,2.36367150764528,12.3503842939679,2976.97215438524,0.000745625220303807,0.785161132353269,3.12342529824838,747.981989236379,1855.17556240492,10588.2063290223,32111.4644550751,3736887.37355239,0.404229148982644,688.025211920144,4181.45876299528,3000541.19978101
22,20,7.45046042936856e-05,0.152031484052857,0.725518088132311,1958.29698226907,7.03804796626106e-05,0.173440746374271,1.07292991500523,2863.16226054336,2.73792582235434e-05,0.0555952626251002,0.265195324320053,715.589804260698,137.59138756474,909.619421834482,3251.55953109554,3368268.60190405,0.020465673192512,60.2582270331716,432.403310892568,3414050.44363735
22,21,4.32640242368414e-06,0.0104134902673131,0.0560473989680979,2134.94785515526,4.09487851125646e-06,0.011968811680081,0.0833097695514208,3129.89423554342,1.5812022217214e-06,0.00380529258394566,0.0204805637058851,780.138264346027,8.19335353579074,61.0024473986823,247.096158339732,3538360.25484491,0.0010354885163298,3.63189202899118,29.3029118974398,3247895.35076768
22,22,3.53356873609716e-07,0.000390391365835467,0.0023064791444542,1593.46574210462,3.24016199508368e-07,0.000434205334282948,0.00334609447877539,2306.34601922568,1.29121788430383e-07,0.000142654286599556,0.000842818194741409,582.27351599413,0.40059747489577,3.26082314356798,14.4290002976473,2985877.86332149,0.000128860292647393,0.205970503480064,1.84257415927201,3802269.90483895
22,23,3.83130065972527e-08,1.31751405985256e-05,8.22210061908979e-05,1077.63516846885,3.49845898692314e-08,1.43565658882315e-05,0.000117527847041302,1549.10825746502,1.4000081653778e-08,4.81437127993108e-06,3.00446462985514e-05,393.782183023825,0.0164357879306247,0.142348675843049,0.669211472150458,2172951.82973002,2.52880877752021e-05,0.012197261413929,0.115970892374947,4616676.68820933
22,24,2.69451570797923e-09,4.34821878738658e-07,2.77299777804694e-06,746.531909105344,2.45554295431604e-09,4.70951513337747e-07,3.94728917184032e-06,1071.49552147821,9.84611778175736e-10,1.58889681714569e-07,1.0132901660207e-06,272.792660694369,0.000576789120927844,0.00521449985168036,0.0256399056072812,1619959.14296904,2.87503306772144e-06,0.000646358632331368,0.00629250310283479,5170599.99855793
22,25,1.55294131713025e-10,1.63948262538911e-08,1.07225399863709e-07,514.743230899402,1.42892254568652e-10,1.79927204089932e-08,1.5421795140977e-07,739.341271399829,5.6746535366747e-11,5.99088695498416e-09,3.91815832200289e-08,188.094003509834,1.74227819848067e-05,0.000163798874169212,0.000841087764895234,1102189.20320586,1.7448581061769e-07,2.58907801691587e-05,0.000257775612388246,3696093.61698184
23,1,3.18830993822124,0.013869364458824,0.000127488154342446,2.88807124129316e-07,42.4153609362945,0.184487038534918,0.00218239390461707,5.00761409830338e-06,47.996301787201,0.208787167829041,0.0019191860417206,4.34765570367908e-06,669.784816937493,8.35591702595294,0.0714011926215005,0.000111765671520615,31422.4833910844,137.198256561023,1.96417006021256,0.0139538541580973
23,2,4.41682070244212,0.0668263424332734,0.000791269211282778,1.9625177237484e-06,50.9030987903643,0.873395818570614,0.0135035440823859,3.39553688875762e-05,66.4901039993116,1.00599294325559,0.0119116386410151,2.95434241830045e-05,2379.88557844518,49.0815548634845,0.471038132494725,0.000795273341934704,33216.2597366566,639.419530110257,12.1128846801017,0.0944039332005648
23,3,4.65982713228481,0.178491278462803,0.00256564637664125,6.95274113279709e-06,51.4284479759374,2.31072159849067,0.0436764627542133,0.000120037169635224,70.1482834639677,2.68697881745572,0.0386228253082612,0.000104665439723275,5341.09625335151,152.394435263518,1.61849818847605,0.00298882675626254,32879.2310524098,1678.22575199779,39.0753965377597,0.332977520049125
23,4,4.42963636208804,0.346246608376839,0.00582010022305496,1.73406742891603e-05,48.1784292739502,4.45692083355638,0.0988736615579004,0.000298674922968528,66.6830288654275,5.21234040305412,0.0876148467841076,0.000261043704189069,9314.21259302037,333.433874967318,3.89666896729104,0.00810677593619795,30616.9298657617,3221.97699149796,88.2641986936668,0.826469199079663
23,5,3.96840870700283,0.545078333212778,0.0104678126245648,3.49233892907039e-05,42.8782577463303,6.99026934025851,0.177505092350195,0.000599815945106529,59.7397823947212,8.20552100814284,0.157580757051738,0.00052573105008846,13681.3937516864,580.645720457753,7.49937221386892,0.0184556050744205,27160.3473503918,5038.43415426521,158.15382684008,1.65488953159268
23,6,3.44111649678215,0.742159594613423,0.0160935116882949,6.2178385529188e-05,37.0289187291976,9.49343407975648,0.272430036217548,0.00106415654893019,51.8020108034463,11.1723504199863,0.242269120246881,0.000936023352285756,17769.0641051226,864.850721315739,12.5556468364017,0.0388145345061268,23399.1255581964,6828.92172637096,242.292622190889,2.9252830664355
23,7,2.95752677420738,0.912424645766341,0.0223461782919911,0.000104680524435423,31.7269640099722,11.650154052,0.377606342335286,0.00178404455324752,44.5221293880163,13.7354929429205,0.336395751314997,0.00157584367247811,21125.891183306,1159.93860617328,19.5138304608724,0.0794046699665058,20009.5979417782,8368.39966840331,335.21729499593,4.88287869269054
23,8,2.56794847918321,1.04526869465153,0.0292953594021524,0.000173839983193835,27.4787901401246,13.3282590627344,0.494077596889068,0.00294966403039828,38.6574807873363,15.7353057542448,0.441007599033696,0.00261695897128125,23600.4672478849,1459.41979977977,29.5568753185218,0.159650074649899,17302.0454011477,9563.71656493844,437.736132381434,8.03615539522039
23,9,2.27553477903181,1.1423110510992,0.0375461840137931,0.000288480328933999,24.2995835094764,14.5498240433654,0.631875772611862,0.00487540728470459,34.2555322719393,17.1961656820604,0.565214177354782,0.00434273618170005,25258.9066151937,1780.49750326794,44.8024825032867,0.311688164236875,15279.4156642768,10431.4850590056,558.580108285646,13.227556103036
23,10,2.05844433326627,1.21140990609882,0.0480953611345697,0.000474310115023827,21.944034839784,15.4148510154523,0.80758195461539,0.00799058847513859,30.9874878371207,18.2363686616872,0.724019782363781,0.00714018770524747,26257.8565139677,2156.95158313957,68.1651181474391,0.583013345168428,13782.6820928335,11043.3368179359,712.231999934411,21.607303790347
23,11,1.88888969629661,1.26144806624513,0.0620280008522399,0.000761386258083987,20.10811766183,16.0355110612638,1.03924505731669,0.0127963048696875,28.4350397743219,18.989635025935,0.933759485698494,0.0114617855000679,26753.4953746102,2626.5351399638,102.915780673285,1.03907120649443,12617.6952449294,11479.1477116753,914.453965012579,34.5156393517047
23,12,1.74379662864595,1.29955021419814,0.0801832449829629,0.00118079893535655,18.541448666581,16.5014814482865,1.34080380366498,0.0198091562766611,26.250832216986,19.5632185944487,1.20706559244564,0.0177755560624689,26865.3716019688,3218.32656011815,152.107030997124,1.76865027349621,11625.3696780075,11802.6175984678,1177.40174201541,53.3294687319731
23,13,31.4250611480114,62.6938956309596,22.6532297570221,5.83534452414444,148.742493798013,341.07679166281,158.62677597305,40.3542141857144,183.040325189303,360.110434216258,129.373541647299,33.2979848206474,232513.203614647,139561.439893666,54670.3942979271,17765.7829582254,37192.2429261506,95621.9273476148,53808.9129155374,41307.822993273
23,14,6.77448433895049,35.7743509381255,25.871759101512,13.1792910405202,30.2870900842186,190.504782580872,180.079010896382,90.8161624274085,38.7267994231646,204.166221420604,147.624791308696,75.2005775433877,137176.47127525,157201.001866127,102025.0459708,50028.2376010123,7908.93874246403,56873.7302525362,65585.3805063521,100000.576989269
23,15,1.44355005669316,20.2382891259341,23.5268971137403,20.7063851505297,6.46246251138327,107.759333873193,163.596940582251,142.459756640905,8.23824215679025,115.479585534412,134.243637837017,118.1498805273,75609.7876899284,135832.215102014,125261.698683706,91290.2788387846,1695.88678797531,32187.9109325306,59527.6867052673,156610.297539412
23,16,0.342744910693105,11.5082333003572,18.8493096977113,27.042900269928,1.53818162348602,61.216829198005,130.926953410414,185.786131766911,1.95571749996562,65.6655711365265,107.553475518154,154.305804945958,41948.1909945333,105011.420273729,125931.585710656,135313.042693545,404.372937931277,18271.6678128866,47585.4723117956,203927.3172584
23,17,0.583703730725316,79.5521131410248,198.055172161444,1180.13934736131,0.794252882673303,121.898362876049,391.822386113147,2296.61035739976,0.538900078801336,70.1991293026138,173.664940019299,1029.67646199107,46906.4539120793,176842.661401767,332431.779120631,1673890.95052953,92.103129930351,15729.0099783559,61416.4539222141,1083437.18772642
23,18,0.0259646522008234,15.0936951684531,47.793152341507,1188.98520562517,0.0331831244690852,22.7253604916515,93.5715753115921,2301.15863958716,0.0227304382763126,13.1509478661768,41.6351389369532,1035.72085645655,9827.12513352353,46677.5205157142,113755.767048505,2056814.06084329,3.9524666340467,3079.32137489133,15433.6655018518,1145971.54695182
23,19,0.00114749613401835,2.28058340612597,8.97744864755351,2165.76792540222,0.000969693592644946,2.30615364569239,11.8800683325084,2829.99326747499,0.000391284561031787,0.69971798539085,2.71306391733887,639.84164477746,1848.58776685422,10580.3415846977,32279.060725694,3610178.87482003,0.247119012419993,688.951665923102,4324.34311710132,3127085.01046742
23,20,9.84490423691522e-05,0.170306946170202,0.80298288338431,2088.7236981674,8.3505690079479e-05,0.17289640991561,1.0652258732161,2740.3867617629,2.91009126368488e-05,0.0502232324853239,0.236672833215982,615.418468173702,137.424265786743,910.201138281407,3273.71795763488,3254029.35416754,0.0256787373191474,60.6839116892451,454.242871890144,3528337.31948595
23,21,7.88009071138746e-06,0.0116375634501401,0.0620161244451892,2269.26664621873,6.70108743149913e-06,0.0118949287129857,0.0826397627764405,2984.28169762196,2.32193727232319e-06,0.0034289336174731,0.0182723786759749,668.611013576576,8.20113700447493,61.1053656265688,249.22059450062,3423479.65983886,0.00180267207112777,3.66533992865751,30.9160278849845,3362894.88055835
23,22,7.39954485441487e-07,0.000438247865193579,0.00257724179800017,1677.0004612256,6.15146052719931e-07,0.000433266366845055,0.00335167979256649,2178.04242768768,2.18018624443988e-07,0.000129124361986095,0.000759352162883614,494.107193355148,0.401724877714855,3.2670593697676,14.5407004032969,2852057.17562308,0.000264519627359791,0.210788502446219,1.98259095856947,3936223.26347404
23,23,7.39975637234743e-08,1.49571103537279e-05,9.28909843964341e-05,1112.313062483,6.12683873485466e-08,1.44888511081472e-05,0.00011908660602306,1435.51117784758,2.1802456389132e-08,4.40692551821799e-06,2.73691659108636e-05,327.729120020755,0.0165041699440023,0.142525828633985,0.672157228674774,2062792.2728771,4.82137060604739e-05,0.0127290527891154,0.127296426632077,4726981.20222824
23,24,4.79108947815706e-09,4.98164432699776e-07,3.145662229027e-06,761.30958622272,3.9595809250015e-09,4.79862775122936e-07,4.0183304455458e-06,981.36902283528,1.41163454124849e-09,1.46777914412631e-07,9.2682999885053e-07,224.310339572181,0.000579570679970269,0.00521525088856457,0.0256520250241056,1550399.17826388,5.05284188912707e-06,0.00068213319848338,0.00695201441595187,5240283.79369223
23,25,2.64020744192343e-10,1.89195231715844e-08,1.22097445217355e-07,524.476665759523,2.20487870475199e-10,1.84697732167379e-08,1.57629406473716e-07,676.578936395055,7.77904072888896e-11,5.57440067001364e-09,3.59744838281554e-08,154.53048421196,1.75150883011846e-05,0.000163689154659649,0.000839077853149841,1057286.47448142,2.93381895701114e-07,2.74947518543165e-05,0.000285670112694984,3741082.93809812
24,1,5.53017863602344,0.0246160797565998,0.000237828183038921,5.4663010935798e-07,40.7571198341625,0.182679954942896,0.00227499498659571,5.29601345838797e-06,43.115857113026,0.191918461829577,0.0018542196612893,4.26178379396867e-06,661.126345494137,8.57638187537612,0.0763880063209332,0.000121115181377445,30791.1142926263,137.777932616412,2.02986578625373,0.0150965770203847
24,2,7.68552631351855,0.118717411954623,0.00147546340722004,3.71947226399327e-06,48.889641760749,0.865857904769735,0.0140697857200401,3.5956271157056e-05,59.9199548841957,0.9255764248412,0.0115034022638628,2.89987440234864e-05,2372.88777183477,50.4066438807946,0.504445487703354,0.000865277593891864,32349.988304005,642.790015074194,12.5104586013082,0.102249530221978
24,3,8.10479235479432,0.316853192425644,0.00478271249775553,1.32055809582086e-05,49.2754767510899,2.28906612714782,0.0454921508345031,0.000127372265925999,63.1887488812353,2.47033556591467,0.0372882617792235,0.000102956880629454,5346.1747685906,156.53957924131,1.7359193488174,0.00327188656757078,31904.424113512,1685.50443682734,40.3388868346485,0.36133585864034
24,4,7.69353083370068,0.613794034223852,0.0108495406774507,3.30471097280417e-05,46.0640209214013,4.40871849203075,0.102978473526891,0.000317961238422186,59.9823618643577,4.78542514052546,0.0845880895318238,0.000257650711633666,9331.26620953182,342.558704185586,4.18920927533466,0.0089543699461188,29640.0144433272,3230.7071163356,91.1022928348157,0.899620874786149
24,5,6.88414873499882,0.964777780085061,0.0195229749810536,6.68884586105605e-05,40.9397292498048,6.9034781649869,0.184951366534665,0.000641656848258072,53.6720407672866,7.52185845155285,0.152210236794369,0.000521493682894343,13700.3733353684,596.762872649228,8.09134440637736,0.020622156287409,26256.8893906249,5043.23151244875,163.287838826728,1.80974738044068
24,6,5.96593762323402,1.31169950626456,0.0300496187119015,0.000119867885572819,35.3337735690667,9.36125508812871,0.284164635276512,0.00114567838541144,46.5132378243656,10.2266223588026,0.234280870828233,0.00093454605482952,17776.9807532651,889.593414102879,13.615849691973,0.0438893197927499,22607.6083299409,6824.26122134211,250.398030047394,3.21876701725501
24,7,5.12804118875209,1.6106020202981,0.0418054482564835,0.000203195997973236,30.2787059313092,11.472799836905,0.394607537336267,0.00193380695406197,39.9806056397,12.5570060469254,0.325934811912087,0.00158421096155629,21113.1936395887,1194.8873308118,21.2945253168355,0.0905688227177114,19335.7183919779,8350.95947631855,347.036741420417,5.40831233405274
24,8,4.45522942751901,1.84321549208482,0.0549487916367027,0.000339193363065899,26.2413697518163,13.1112953310411,0.517634072906102,0.00321384903845267,34.7350507181418,14.370569382256,0.428406459297506,0.00264450997665278,23563.2841805606,1506.69856550585,32.452406837313,0.182723543866135,16730.3641068888,9532.9241190753,454.266729994476,8.94593042605433
24,9,3.9507657773557,2.01273789205522,0.0706154434721749,0.000563931042191236,23.2228637853756,14.3009761289136,0.663763377040804,0.00532226140125693,30.8020163460737,15.6922452368062,0.550550998639812,0.00439666995173248,25197.9414822861,1843.1332595447,49.3980845879769,0.356263549779059,14785.8119838262,10388.6117779967,581.153935028366,14.7524691447457
24,10,3.57541069126096,2.13315840934576,0.0906284380595361,0.000925738772461577,20.9810546545207,15.1411875784969,0.849936325105836,0.00870972351287485,27.8755726769148,16.6310998667732,0.70658165729009,0.00721749210368044,26176.2972432937,2238.62033088398,75.2417622039952,0.663401316154203,13343.2985014035,10990.1439684919,742.351119138564,24.0610743241274
24,11,3.28050454445284,2.22007963236944,0.116918575331158,0.0014799449570529,19.2231442633152,15.7418557998513,1.09409175258081,0.0138912473058385,25.5763465353385,17.3087783431186,0.911551853858671,0.0115383425207615,26655.5828377758,2730.65341592199,113.393104477551,1.17490240818416,12213.5813278804,11416.8289550409,953.370807608701,38.2782105342837
24,12,3.02627148283355,2.28589336367311,0.1509045441725,0.0022823773284542,17.711730657548,16.1900097629291,1.4093911332126,0.0213846128898695,23.5942267740017,17.8218929496668,1.17652234990484,0.0177944802959208,26755.9839882498,3346.79382304309,166.93500024444,1.985265481576,11243.9885091716,11731.3004054904,1225.57665015185,58.8124132959626
24,13,29.8440785324304,59.3061336171589,21.8224505227688,5.56420257912512,141.941190560489,330.516434874115,157.191675127597,39.5656394752794,173.522513509448,342.865246055606,125.868003778755,32.0818433263683,231610.522635273,139904.771451314,55153.6552765518,18165.3647412636,36302.7842874254,94768.1378901079,53291.2326239234,41703.7353490125
24,14,6.57434687784517,33.7456536050859,24.6421814626716,12.555908864026,29.8345607628205,184.667584296289,176.500458061681,88.9532104532689,37.9341419210703,194.580334585497,142.078209235465,72.3926744766781,137051.875956315,156588.083377507,102420.633795882,51182.475226648,7955.75999372571,56271.4974499835,64130.4643435211,100679.09818597
24,15,1.47336787956443,19.0273636627234,22.2440887276733,19.6981642766803,6.70885055282139,104.127875185013,159.177729011365,139.327853969504,8.49546914875232,109.704909136143,128.251086985069,113.572232702486,75570.9036128739,134883.929198258,125389.448772189,93255.9463675308,1799.42370468271,31749.192577182,57785.6899361745,157422.092118677
24,16,0.36961493830425,10.7536131016883,17.7226603337374,25.6819196522109,1.68899947043852,58.7958636779221,126.689089333103,181.385479918861,2.13107306045957,62.0013072332823,102.182217341635,148.072323426332,41760.6699170866,104027.702672291,125754.512255229,137895.151526116,454.146492586088,17913.9592695767,45939.5213340493,204614.170121219
24,17,0.70821859746157,76.4082281186014,192.731422055789,1142.96756154664,0.943363806194583,115.931229207038,377.870051967303,2202.2308025756,0.613526032933204,63.331856474682,158.647922324764,935.864832256922,46386.3308971816,174869.968603842,329830.056271977,1681371.21748443,113.404044499366,15490.5650865117,59933.9449520324,1083001.7283371
24,18,0.0352411100646966,14.5122439429729,46.62489558049,1148.17879569595,0.0442353733484107,21.6202562420146,90.42872421235,2199.55141427681,0.0289371470038951,11.8646310880761,38.1121346332339,938.478629780558,9704.41521272001,46169.3785572222,112631.085419175,2061270.41178971,5.48418494267619,3038.20622427399,15116.8843595595,1143875.82644211
24,19,0.00145432821735261,2.06450994179392,8.16997689552937,1974.54449106476,0.00128904651286496,2.21098837543629,11.4730254841447,2736.70072805705,0.000567268023544224,0.74116104403856,2.90031453099641,689.060622134321,1823.87035037058,10449.1015581944,31851.4300085548,3647150.4762087,0.334675047122948,670.579367893105,4144.19047347731,3091131.92145971
24,20,6.86283755625219e-05,0.15176733184249,0.715095560257051,1903.09850134213,6.12092307971548e-05,0.163384236985003,1.00757517529114,2648.53098656315,2.40125534124021e-05,0.0528924576733866,0.249117012855873,662.798058560377,135.329213284251,896.475648528013,3219.30016570976,3282512.45016148,0.0192463771265748,58.4713024078739,428.254922902506,3500182.92579539
24,21,4.33978699258732e-06,0.0102994123444188,0.0547396638095647,2061.62160779603,3.87526381889155e-06,0.0111653648875895,0.0774867752359037,2875.85801995714,1.51163129909943e-06,0.00358705791985489,0.0190643896491362,718.005472920055,8.05715674209359,60.0133735612043,244.246197590669,3450497.46124329,0.00106833548858545,3.51928804197265,28.9856292322194,3336152.05444655
24,22,3.73185008441952e-07,0.000386057605787663,0.00226035063480789,1537.1415605673,3.23649072535557e-07,0.000404665994492826,0.00312163970631049,2116.81216503104,1.29970336012602e-07,0.000134453224229896,0.000787217373850057,535.343656395986,0.39376492509231,3.2028540620723,14.2394583635517,2886302.04965596,0.0001406974698505,0.199466945453306,1.82872833011523,3902138.7814504
24,23,3.90916718659476e-08,1.29760738948022e-05,8.06244055565373e-05,1027.71484769365,3.37494666883883e-08,1.3310882794871e-05,0.000109655186015466,1405.69389562562,1.36145428350866e-08,4.51920582116377e-06,2.80792383642265e-05,357.92449986888,0.0161464047007891,0.139641765268019,0.659276548034816,2081272.37385571,2.6790240561632e-05,0.0118067589344074,0.115672228640514,4708585.35008129
24,24,2.65104369686669e-09,4.26850713756427e-07,2.71823475740047e-06,706.867554345852,2.28407282339843e-09,4.35135749094023e-07,3.68183972314404e-06,965.527819585613,9.23284793234678e-10,1.48660232798078e-07,9.46685569866852e-07,246.182310619096,0.00056628023076604,0.00511060638202932,0.0252216337565706,1547965.91539074,2.939459312099e-06,0.000624130539616582,0.00628157619479807,5242765.46910918
24,25,1.49628120208689e-10,1.6024666775074e-08,1.04977989400984e-07,487.130876812848,1.30245799138421e-10,1.65591534113437e-08,1.43706601101311e-07,665.881675932101,5.21113129917992e-11,5.58094577921766e-09,3.65609141856211e-08,169.654136889437,1.70940867703484e-05,0.000160412331021807,0.000826480385713926,1053281.79987477,1.74815417790888e-07,2.48942423769912e-05,0.000257003687125074,3745120.53214921
25,1,4.05203917547952,0.0173587274119215,0.000158977370769072,3.58552850141478e-07,44.3296770116009,0.196389546103336,0.0022250272127482,5.07945462734382e-06,47.3920397403904,0.203025060647652,0.00185937537793401,4.19358011782408e-06,689.346296922913,8.68733969687071,0.0722154560259301,0.000112738987604807,31334.0168765252,138.841650399246,2.03320323712385,0.0140522582933604
25,2,5.53925890311747,0.0830627706081995,0.0009840993619757,2.43104772372434e-06,52.8511191000872,0.924288851339226,0.013732389628196,3.43697084829973e-05,64.7863376192033,0.971489651292643,0.0115098778791363,2.84331679295512e-05,2420.11848746378,50.8267295755741,0.475285227574923,0.000799844045098556,32961.73600382,643.193508360259,12.5068617107524,0.0948725471579335
25,3,5.80187641256159,0.220857500888113,0.00318341596349181,8.59250683827241e-06,53.1950443296986,2.43598821753566,0.0443172144908355,0.00012123217294983,67.8578724452765,2.58311605731554,0.0372327535145667,0.00010049666548468,5394.28303823793,157.319442192217,1.6292974325245,0.00299534925553812,32529.3374155318,1681.65943960108,40.2569259867612,0.33390386189755
25,4,5.49417016649758,0.427063379818668,0.00720591183049707,2.13754831053666e-05,49.7247630041804,4.68572316830449,0.100117436468856,0.000300916589657205,64.2589865484968,4.99486895154133,0.0842792591698606,0.000250004430097766,9368.23525573153,343.300004283042,3.91329141629587,0.00808886350455748,30236.7073111522,3219.88953717936,90.7483802790172,0.82680837697758
25,5,4.91254642058375,0.670694584240638,0.012933507350494,4.29263891326069e-05,44.2064418359084,7.33397487985262,0.179383464201874,0.000602691922929622,57.456402840248,7.84434281443871,0.151268353486416,0.000502060580261597,13724.1139629939,596.418830560424,7.51212478358131,0.0183206027229968,26800.1749847036,5025.01308119914,162.289803469497,1.65123779334553
25,6,4.25690640666762,0.911496735303291,0.0198435775868589,7.61938433984373e-05,38.1699912828877,9.94414027003666,0.274774188351185,0.00106620806467255,49.7881360122932,10.6607284954538,0.232087493941034,0.000891151713478807,17792.1561165108,886.382540888801,12.542435489439,0.0383353787670956,23089.0129130279,6800.01865773092,248.151643567346,2.91074642447868
25,7,3.65979598714153,1.11897083220912,0.0274957935308014,0.000127911282375354,32.7268584652127,12.1876418863396,0.380098789719495,0.00178278962326081,42.8044225026051,13.0873142760563,0.321586658784241,0.0014960310883124,21126.4407621193,1186.22824725717,19.4388912434238,0.0781235064524518,19760.2306386968,8322.62311891162,342.654813327417,4.84625311595845
25,8,3.18102717263048,1.28040952439229,0.0359705087807638,0.000211985632319466,28.3823750633091,13.9290992416482,0.496343647723933,0.00294220233901814,37.2048145765336,14.9754768984416,0.420705651597824,0.00247935201911937,23580.2642135338,1489.16387267879,29.3715683628455,0.156760957555738,17110.6622466144,9502.10318370688,446.570953490465,7.96182860598828
25,9,2.8228816686263,1.39801365844594,0.0460088186969565,0.000351480056229671,25.1404290014768,15.1937578957331,0.633568859441837,0.00485977694610366,33.015998717763,16.3509571327967,0.538112212065804,0.00411085778577646,25222.5645251797,1812.59519572261,44.4495141424559,0.305900694397811,15136.6238326269,10356.4098947951,568.793458839734,13.0969530308914
25,10,2.55743626859603,1.48150693353797,0.0588355454106843,0.000578018054171324,22.7415424350845,16.0871783073399,0.808455237784106,0.00796782774568441,29.9113893094273,17.327481899675,0.688131675311536,0.00676041208084045,26210.9053536893,2190.81063988321,67.5882632788055,0.572335991418225,13677.5263101192,10957.4148670942,724.12037643035,21.4024107138973
25,11,2.34992722594231,1.54176769981263,0.0757887077071796,0.000928681908899323,20.8695834455807,16.7266544170397,1.03922188783411,0.0127725253131712,27.4843948086223,18.0322827434964,0.88641330746918,0.0108617236968174,26701.0180564665,2662.18881947227,102.074297909784,1.02029301278675,12540.3175953436,11384.5284676374,928.711075586402,34.2233913042101
25,12,2.1717243192527,1.5874689089454,0.097911023124704,0.00144183807765773,19.2660216076276,17.2054275092222,1.340048096842,0.0197959776557033,25.4001604589661,18.5667972004421,1.14515257577665,0.0168635209375726,26811.2608629983,3256.42083398772,150.987798387202,1.73604854698597,11567.8484063908,11700.723744177,1195.12400502335,52.9428799105434
25,13,29.0252234578568,56.0265190928829,20.2528867866344,5.183894323191,154.3981778704,352.321896767069,157.661303513717,39.9035201237008,182.722993838104,349.349325506177,125.801524295813,32.181098897054,232520.150085957,139907.79188058,54166.5357567694,17039.4457627114,37328.8134531752,94887.1166009717,54878.5968518457,41024.1314300033
25,14,6.33529171086393,32.0993939697955,23.3386526763673,11.8035960749975,32.1049466839111,198.2413072561,180.662048624519,90.5498152552098,39.373054877272,199.285805836123,144.879714867896,73.2728995214441,137806.830674051,157465.866152735,101402.350950826,48345.1094436166,8081.02392923278,56608.2706323233,67192.1661603075,99664.1812384898
25,15,1.38712181780575,18.2171669683142,21.3396210635325,18.6286832999223,7.04429401760755,112.49795467873,165.008091685878,142.688104477323,8.61162660604359,113.086594782901,132.469438045904,115.640806790527,76303.2516512933,136046.337626847,124925.777353892,88651.2952491506,1781.70331495483,32138.7491070584,61303.5152545906,156789.938584133
25,16,0.339382039477416,10.3711829435271,17.1795612474222,24.4210265673029,1.72792366859712,63.9918675340747,132.689684972603,186.795184500199,2.10678838993909,64.3809355291925,106.64512840479,151.597789554887,42428.1907027862,105193.457180756,125999.17657506,131865.389103933,437.873005238819,18268.1676802829,49236.0486927954,204942.968618644
25,17,0.62588069452037,74.2987291324366,184.6045342685,1111.71267210301,0.934723054729255,128.290214786198,395.418676516718,2344.74316641782,0.630957284327865,72.0706874221491,178.143451335651,1067.89624999594,47367.74188141,177246.601712128,334393.583781942,1662855.27165191,102.962111008523,15617.8953585451,62450.0672298165,1090686.40497766
25,18,0.0291119061495974,14.1346516372075,44.5621252109663,1127.35344791285,0.041088977657017,24.0224164097291,94.5328479555066,2365.92326094836,0.0280299750981544,13.5602542313389,42.7462737002024,1081.35431198019,9902.78285363308,46780.0176136182,114431.227141808,2048966.54359974,4.62219486132441,3047.58614209663,15591.1047736429,1152790.00386292
25,19,0.00128781447998055,2.18737781388069,8.70420357714573,2115.98489493141,0.00118767769497723,2.46017742858776,12.2686353582435,2947.52100877496,0.000486193064218069,0.748094430694286,2.93955028093786,700.326683431422,1860.09955414593,10597.8417057022,32477.5704886359,3606000.21167614,0.281264544642636,676.435143479238,4387.60308283289,3130856.64979461
25,20,8.67322464005806e-05,0.159999143994392,0.776599073289347,2013.6826554393,7.99341227722301e-05,0.180370022310362,1.09580621082703,2814.12133817456,2.87376202307818e-05,0.0528645647097878,0.256486249762431,664.858227209226,138.16025993707,911.30011225148,3295.25938416166,3226108.90889589,0.023264443519457,59.4517805905732,468.343288050421,3556173.3642118
25,21,6.49063520011112e-06,0.0109610544377855,0.0604686662889618,2196.34839125331,5.99463282693425e-06,0.0124396585359083,0.0857072986576742,3076.53237209016,2.14317721220998e-06,0.00361905889068639,0.0199649880181322,725.166822000226,8.24085978829009,61.1650989089304,251.327625447493,3401176.53115425,0.00151824859094195,3.58249867956685,31.9755437122919,3385118.93484009
25,22,6.00852280109047e-07,0.000411525927762019,0.00254117258106107,1632.0440825168,5.42831253661318e-07,0.000453365550520586,0.00352126310759929,2259.96883090001,1.98383260914091e-07,0.00013587330990692,0.000839017288851953,538.85085874159,0.403554668502301,3.27113955386999,14.6782622983574,2839053.96737433,0.000217391373084881,0.204245203366924,2.05802371562999,3949144.545505
25,23,6.22311708940331e-08,1.39324788839958e-05,9.20961886490568e-05,1085.53789554578,5.60325712388592e-08,1.50683793279339e-05,0.000125933998569974,1494.39958340855,2.05468228502402e-08,4.60007697389775e-06,3.04073346281478e-05,358.411291382623,0.0165781385857014,0.142838436989018,0.678555500273162,2052174.34530672,4.08895583913023e-05,0.012204639867502,0.132471708804849,4737536.32295142
25,24,4.14777959958784e-09,4.61606528911708e-07,3.11506852567795e-06,742.064687908586,3.72818697254845e-09,4.96591817826334e-07,4.24528507461603e-06,1020.3900048251,1.36946950412379e-09,1.52408306523196e-07,1.02850000702465e-06,245.006981491915,0.00058225205231165,0.0052329723337138,0.0258869327182031,1536222.04899682,4.41932385693437e-06,0.000651737158122697,0.00724005804184824,5254420.44972107
25,25,2.32734140880111e-10,1.75252971019733e-08,1.21097553615228e-07,511.187412113956,2.11174072331451e-10,1.90834308948716e-08,1.66723380780388e-07,703.406202061642,7.68416693008955e-11,5.78631514591419e-09,3.99826949872423e-08,168.778392045159,1.75998034275501e-05,0.000164409090987709,0.00084659372562851,1046742.61470207,2.60975574375673e-07,2.62265016657548e-05,0.000297885042788988,3751599.01193835
26,1,7.14634632900709,0.0301170959141179,0.000293541007173898,7.21646150883047e-07,41.5369165490449,0.181709906046406,0.0022283079033198,5.55350785996921e-06,43.3900112765872,0.182860033808801,0.00178227404956819,4.38157251033643e-06,652.289197530213,8.42951075540941,0.0729655706814316,0.000122678450909703,29115.2137171433,135.958573861347,1.99261388106693,0.0143084033534789
26,2,9.99018645984963,0.1458035536906,0.00182115477720787,4.90408292232904e-06,49.8175670795352,0.864561720171094,0.013780861962833,3.76540490650952e-05,60.6567724528837,0.885266057302962,0.0110573883046666,2.97758047965666e-05,2353.03857767682,49.6041965914569,0.481386364817298,0.000875459347416207,30502.3551679165,636.619550007841,12.2808151148629,0.0967791617654675
26,3,10.5588676382482,0.390051109350102,0.00590096668960233,1.73935133289695e-05,50.1792701154247,2.29095202600238,0.0445384906514644,0.000133238599792313,64.1095973801255,2.36824822839194,0.0358285198361195,0.000105607075943143,5320.17903478712,154.114080869043,1.65499022294977,0.00331007105898426,30047.2322571716,1673.05256615059,39.5809705820127,0.341610239903869
26,4,10.0301498965465,0.75655867956309,0.0133783463590916,4.35110292186808e-05,46.8892201570935,4.41798570368624,0.100754830682501,0.000332442304919181,60.8994158806017,4.5935486647767,0.0812284449505156,0.000264183117013416,9307.32353861148,337.23373587169,3.99131064015206,0.00907513228191308,27901.928479904,3210.77087816716,89.3318978737661,0.850031334057032
26,5,8.97728769131497,1.18986381532194,0.024060123628131,8.81441674841472e-05,41.6668587790781,6.92193480183291,0.180847916141091,0.000671353187460762,54.506820160428,7.22441958275414,0.146084304829057,0.000535179271340174,13684.2094025124,587.33613799406,7.70991152640096,0.0209943526313671,24714.8034839973,5014.80822020884,160.013930467994,1.71100004651574
26,6,7.78247153635072,1.61795320533684,0.037025726790475,0.000158393435058687,35.9676862131531,9.38755973892521,0.277785805286334,0.00120173434853379,47.252331775655,9.8236223928305,0.224806723463927,0.000961707230090078,17769.3790989461,875.396165706726,12.9927617174015,0.0449996502098141,21284.9078216626,6786.57334975396,245.303514041692,3.05035139650394
26,7,6.69370256095922,1.98652405582522,0.0515370697512547,0.00026980012125801,30.8394476394694,11.504268421128,0.385915187541371,0.00203771806225393,40.6417232290077,12.0614503153311,0.312914310994483,0.00163812803981978,21111.8050596481,1176.11833546939,20.3867971706238,0.0936317711438784,18215.7692921854,8304.14186157761,340.104728965473,5.1478803628271
26,8,5.82090320550302,2.27328136374549,0.0678448138723375,0.000453178276776233,26.7511858067404,13.1462681101134,0.506963711524908,0.00340685483007114,35.3424035302513,13.802536214541,0.411928991886361,0.00275153338984022,23565.763022545,1484.51967109694,31.226507661387,0.190368288156524,15776.0305597687,9478.61437173617,445.806016051223,8.56487045966285
26,9,5.16700236476825,2.48255280556674,0.0874212766638824,0.000758238802124251,23.6968877342388,14.3400406957963,0.651742243315125,0.00567689913528514,31.372155861441,15.0731561652751,0.530790141650822,0.00460374975684789,25203.7062398239,1819.54753386074,47.819003566449,0.373526734018451,13956.2129689426,10329.8995658316,571.741558532147,14.2102378212888
26,10,4.67969714471125,2.63190781344421,0.112589737021576,0.0012516584916529,21.424691614168,15.1869739413895,0.837365888952343,0.0093409432888677,28.413416105492,15.979985358497,0.683603863300723,0.00759961434373992,26186.3759430692,2216.22333215696,73.2680210331741,0.698986325075981,12603.7860173823,10930.9575273163,732.739300643753,23.3022651640433
26,11,4.29499590931395,2.74072700337553,0.145795223046167,0.0020100101531857,19.6342102022109,15.7980340186425,1.08184168294342,0.0149641960748404,26.0776503626184,16.6406958335916,0.885215476665074,0.0122040493417984,26671.4531246447,2712.33449702269,110.985052845378,1.24258504637599,11539.3010041064,11361.1499068938,944.395329626335,37.2346624904626
26,12,3.96107940149059,2.82424883260703,0.188826221312249,0.0031108393453991,18.0842216107503,16.2601956865187,1.39831948394118,0.0231169414651995,24.0502309831399,17.1478099511213,1.14648402062431,0.0188878831310814,26778.4572459121,3335.4228764981,164.074590679362,2.10524944370106,10619.3541329335,11682.5262688319,1218.07935478243,57.4082034356671
26,13,26.4044481174408,48.7124614510818,18.2269711205459,4.89913928698095,146.729403842081,332.336905192026,157.27863340426,41.7752240095405,189.499268830251,351.032764153815,131.557959915924,35.3697065053044,231544.933375439,140249.592783609,54324.20934277,18556.6655345381,34852.882272075,94796.9219274698,53574.936360022,39901.8079399286
26,14,6.06840257688918,27.9827254962336,20.7348008336837,11.151920784866,32.5907789293532,188.193795877063,177.986114756855,94.7398364652149,43.7882093835216,202.015638471705,149.698480623886,80.5134701366154,137913.67790278,157202.933307938,101341.87765347,52850.3226190066,8035.00890212834,56678.3803109124,64560.4427813539,96546.2524705431
26,15,1.47252438352165,15.900422877041,18.7601780128166,17.5465715668686,7.95716946090059,106.932476550972,160.8640673842,148.814155373318,10.6306713176772,114.796030138845,135.442776300342,126.680913067719,76625.8818756118,135496.372085912,124640.161294023,96789.1726858207,1974.97518253064,32219.6468407752,58290.0674948678,151383.73598452
26,16,0.402030902293792,9.01163792842463,14.9777299358778,22.9140099482504,2.18278368638931,60.5476910222645,128.282886388145,194.045823636805,2.90252996139213,65.0612833710549,108.134657351705,165.43218678245,42454.7327099504,104519.639209365,125489.9708964,143437.894190769,543.445660233874,18229.568060671,46427.8235536908,197081.232563814
26,17,1.05676527545962,76.8134807003919,196.126875321411,1228.18534382462,1.41636204169165,121.559934059526,391.015963645979,2408.25381781299,0.97014155543928,67.7798971589485,171.876810659412,1070.41331180859,46948.1807121387,175761.031416898,330720.463858874,1719931.57840113,153.484764243499,15665.1603509307,60408.1462171442,1040883.71757415
26,18,0.0612839439958783,14.7535848263039,48.1401044595674,1252.06646932998,0.0777296302514221,22.9412454079632,94.9845310870549,2442.93026057251,0.0535178699996088,12.8380258324057,41.8825925762293,1089.23464394318,9791.8890401099,46404.9282209779,113005.733396978,2104929.20339228,8.57330183785241,3059.12545893338,15218.3795995501,1098879.14216175
26,19,0.00279079853317624,2.17146537506454,8.74619073711505,2217.18995565727,0.00238845801554056,2.3147959448079,11.9063312684302,2980.47336478684,0.00103072489380826,0.727976515988372,2.89388565470187,718.076643904392,1836.64495689156,10491.8672990363,31915.6583775801,3808547.63984795,0.555477257071152,669.895670434448,4145.10587181941,2929097.62175455
26,20,8.32054329706701e-05,0.15679656188808,0.753969469999845,2122.39898750254,7.15479169725781e-05,0.167626713168951,1.02812097204867,2861.0733244,2.71277950708192e-05,0.0506965392878874,0.243658092128661,685.64093330663,136.005262786306,898.935459482076,3221.37303026229,3440046.63047709,0.0205058469343257,58.1894628672054,428.095261053559,3342189.22225295
26,21,3.3746426879297e-06,0.0107016914269534,0.0581503095301345,2314.18982498638,2.92614731602656e-06,0.0115341811005297,0.0797386963923307,3129.13520465009,1.09065378798608e-06,0.0034572408814077,0.0187855059944446,747.596327220657,8.08100727669032,60.1075057682192,244.245060755031,3609902.14319183,0.000731629137471834,3.49230455056336,28.9348333654328,3176211.89128464
26,22,1.86493950795558e-07,0.000399086287416688,0.00239634133480667,1740.27327300298,1.53820426429249e-07,0.000415678173508231,0.00320250220941057,2320.62599105317,6.02475818098482e-08,0.000128924478752182,0.000774135425512052,562.193251223686,0.394176129324669,3.20585539955697,14.2414434675607,3062871.40293127,5.95208241947468e-05,0.19587928307846,1.81125296697972,3725135.64856177
26,23,1.97251576965364e-08,1.33106149054785e-05,8.52857639581645e-05,1191.12091569364,1.61625750094563e-08,1.3563510364671e-05,0.000112178815999745,1576.19114829289,6.37219099342149e-09,4.29997881889456e-06,2.75514667798377e-05,384.790222649167,0.0161374701720457,0.139785242929848,0.659991642313158,2231428.41778559,1.132984004273e-05,0.0114076561581946,0.113319025156462,4558068.53901902
26,24,1.46918725271773e-09,4.34372639438795e-07,2.86485048447075e-06,832.392585979163,1.20142069997608e-09,4.39627920153421e-07,3.75091798127292e-06,1099.41761634697,4.74619232043994e-10,1.40323574904054e-07,9.25486608087394e-07,268.903454108109,0.0005653517202534,0.00511863081800723,0.0252817426024638,1650810.39453326,1.36260206446657e-06,0.000596308780027298,0.0061120480795968,5139638.85412631
26,25,8.74439780862251e-11,1.61723744452447e-08,1.10078389897421e-07,574.316877263905,7.22075896062875e-11,1.65930070945258e-08,1.45706133286347e-07,759.120095198205,2.82486751445681e-11,5.22446670376664e-09,3.55606954758513e-08,185.532397392969,1.70502275082114e-05,0.000160732208576562,0.000829307641954366,1120926.78380833,8.53931746764096e-08,2.3605645705734e-05,0.000249041192391144,3677279.24554166
27,1,3.27768588472406,0.0144539651745011,0.000137074918150713,3.19145717257042e-07,44.5994145025661,0.199670508731085,0.0023356672706835,5.50559705667798e-06,44.4643409530622,0.196079202902876,0.00185952715151028,4.3294581863269e-06,674.942169101135,8.66966726990716,0.073407396488454,0.000117581597964224,30799.1512256282,139.477141766275,2.06426325792012,0.0145103407874107
27,2,4.50439527653409,0.0694070734877832,0.000849326830154013,2.16614800230407e-06,53.5765341395446,0.943357494564831,0.0144290361660323,3.72914412343819e-05,61.1056014539465,0.941560567014141,0.0115217745338434,2.93854709440381e-05,2390.72975138204,50.8258839813522,0.483671559231609,0.000835840432624586,32371.9094687433,648.143590521439,12.7074078816351,0.0980484341255975
27,3,4.72763582846688,0.1848689799612,0.002749555406417,7.66616072823235e-06,54.0402445412453,2.49078219203534,0.0466005819822483,0.000131703617020872,64.1340319884134,2.5078905196346,0.0372998430478196,0.000103997392187505,5352.53459736552,157.532491710364,1.66002788206848,0.00313866399111796,31939.2968749209,1696.88247453619,40.9256802518994,0.345450684480453
27,4,4.4803659965735,0.357777564792339,0.00622827195807196,1.91036560751892e-05,50.5491694580344,4.7952101782312,0.105348570971578,0.000327451388571181,60.7796257092897,4.85352904023691,0.0844913202887415,0.000259155851735549,9315.44034853828,344.122520325511,3.99279114814759,0.00850713858149153,29686.8386723067,3250.75943967641,92.3041249457452,0.856638154029067
27,5,4.00744970594046,0.562105988007573,0.011187483360702,3.84505859099502e-05,44.953957412451,7.50815610921635,0.188897809443131,0.00065727699965085,54.3641509113637,7.62540193952441,0.151766853826764,0.000521611899942317,13659.7697924476,598.392721524989,7.67877890008171,0.0193519465152126,26313.0387368266,5073.93094322485,165.169888062441,1.71412944969699
27,6,3.47332804396227,0.764049865754898,0.0171811787489348,6.84314113378642e-05,38.8242973605889,10.1817341056819,0.289616799173506,0.00116580772970722,47.1183779715892,10.3649266375406,0.23307596174136,0.00092832495627695,17715.2547239422,890.15481773073,12.8505001789479,0.040646656329985,22669.9803458802,6866.02615624661,252.751266548155,3.028582020722
27,7,2.98658625990545,0.938020309469001,0.023835984212136,0.000115158774110904,33.2941153236394,12.4792593442613,0.401110002321156,0.00195398803619609,40.5153496755369,12.7249700941486,0.323353538513179,0.00156221772796113,21036.7097711264,1192.59996808865,19.9682085623699,0.082959069677489,19402.2968964941,8402.64152093013,349.368079564641,5.05285485964306
27,8,2.59612116258629,1.07338175252327,0.0312283904222877,0.000191067969971127,28.8780357202914,14.2624064262975,0.52453134485785,0.00322839735906646,35.2183890063081,14.5612526323608,0.423637239194701,0.00259198460767721,23478.4851190816,1499.18716614752,30.2376676944923,0.166203427780968,16800.8029175687,9592.54782558016,455.895588611985,8.30815237210785
27,9,2.30376249194537,1.17201097985803,0.0400012449047036,0.000316511235083134,25.5796004406525,15.5574957163852,0.670503486737863,0.00532780141616533,31.2523177996231,15.8992342896602,0.542647787049741,0.00429371940056913,25110.1972600551,1827.57593798438,45.8010101259882,0.32296864662076,14861.0620806663,10454.2655121054,581.394878886969,13.651219978588
27,10,2.08668682934226,1.24208260404758,0.0512038178588655,0.000518988904807956,23.1344700913901,16.4729404854154,0.856421593123748,0.00870988308494022,28.3075187511294,16.8498100002919,0.694619342868105,0.00704048539910041,26089.6402771494,2212.07977694868,69.5780684338855,0.600733181301979,13424.8307906497,11060.5713277278,740.759584526211,22.2393970635942
27,11,1.91655637900565,1.29271966881356,0.0659652224308604,0.000830167507808978,21.2214441254237,17.128895357809,1.10100135043493,0.0139008318881699,25.9995677709817,17.5367408996531,0.894869198686893,0.0112618635261566,26572.6702169372,2690.61748978609,104.80081381528,1.06377859337815,12302.6119952452,11491.6270817642,950.010697771275,35.4008513825283
27,12,1.77013405782339,1.33117832599737,0.0851398023541137,0.0012820819646794,19.5789804792038,17.6206525203092,1.41838519289832,0.0214312313616949,24.0132358767237,18.0584622926601,1.15498718720825,0.0173924322257243,26678.037012956,3291.80959329591,154.418462621981,1.79771741913314,11340.8828524273,11810.8449592497,1221.23613628444,54.4698207335544
27,13,32.091765840319,63.703297562166,23.4805041600321,6.12833894655077,157.445459378168,361.154730140545,164.035711248005,42.3188727401969,166.585310220747,326.43482274348,119.679887815465,31.2100129279646,231120.968945428,139408.873372289,54188.582712306,17499.3411645507,36742.1548177614,95775.2970704633,55012.0460620947,41202.0372689148
27,14,7.14576008873105,36.5725589636765,26.9933262697874,13.9765006418264,33.3265869599267,203.363525750534,187.477758605305,96.1851057513024,36.4454844508987,186.275205104019,137.464048967544,71.1749518510025,136737.144810729,156453.97701582,101463.088395082,49687.1635893218,8060.41509021909,56963.7616855337,66963.1322932127,99948.5406901854
27,15,1.59974149213482,20.6584993001817,24.5877971415512,22.0127445233901,7.47683898645203,114.850257669213,170.582012398811,151.254322765704,8.14763596738153,105.203279861236,125.212673052426,112.099275099148,75382.2243904138,134894.939058657,124839.177644982,90971.8073370195,1818.04125992903,32183.7520295378,60856.7006179809,156890.169099029
27,16,0.400041072284982,11.6936538174586,19.7271852886694,28.7884071206493,1.87511972074651,64.954098672703,136.706233999373,197.535440091999,2.03721574945581,59.5496061566536,100.460129705478,146.604143743366,41664.6956362852,104087.874447605,125639.830913587,135027.330493159,457.027852223229,18187.245892075,48707.5702141201,204560.212755249
27,17,0.635379643411664,68.7972268403554,175.214747294142,1075.28237644102,1.06608138369978,131.076476980288,412.669097718058,2494.33704156196,0.681015294332331,71.4603450814312,181.160921541635,1107.29413349234,46191.1394143361,174620.587123222,331152.808661611,1679887.48802544,111.66860332045,15459.359996944,61791.9372175394,1081333.05587031
27,18,0.0311710180556907,13.1270732117883,42.4880427969994,1093.7614821076,0.0496949530372709,24.6337246755753,99.1476877810569,2525.47445382046,0.0321517252469365,13.5025519238074,43.6988400345103,1124.87464406838,9637.59750446284,45981.0584056277,112942.185750438,2063749.41506329,5.28424039197867,3009.64298811317,15414.1616277687,1140601.17819526
27,19,0.00141036514796401,2.06855062769562,8.39033384879466,2086.31409629146,0.00142884098310068,2.49156076958933,12.6193860178011,3099.99421244846,0.000545441616597497,0.72269496162089,2.89302659820036,703.90882834965,1809.07817797187,10400.3350449244,31965.4060777452,3655086.90420534,0.321919322534531,665.87405662742,4294.79623761795,3082507.66299793
27,20,7.48632096378689e-05,0.150562163830066,0.740256580698854,1983.2290488149,7.55515637819409e-05,0.181633598567458,1.11407323650135,2955.49240684727,2.53090540669983e-05,0.0507061056888575,0.249193153048469,667.397639816096,134.267467765484,893.07860703656,3235.52734087612,3275935.08749756,0.0210307995635042,58.4123030841799,454.775749078229,3506330.21862962
27,21,5.04498434683722e-06,0.0103383562022054,0.0576377881799356,2169.54454570541,5.10175626701317e-06,0.0125616021210448,0.0871714988463241,3241.67893125775,1.69792698731426e-06,0.00347911673868117,0.0193963427943033,730.094256798297,8.00118563202505,59.8627272300291,246.17642434,3452485.88272314,0.00123008878588196,3.51521911479255,30.9337501918573,3333674.11827486
27,22,4.48008672028228e-07,0.000387015470463063,0.00240576256183482,1612.54139921599,4.42032826781858e-07,0.000456180008936875,0.00355486830392159,2380.55308706885,1.50764012004001e-07,0.000130238374117646,0.00080958636139658,542.651780281812,0.391450883376907,3.19828324902383,14.3603519773963,2894596.54608566,0.000168372087458733,0.199742892674726,1.97682531186947,3893497.57307748
27,23,4.78687331771507e-08,1.31084222733408e-05,8.70549198813557e-05,1079.38352472499,4.70734013294678e-08,1.51649987280797e-05,0.000126898627230548,1583.66067717494,1.61087672723073e-08,4.41124109265191e-06,2.92956866104754e-05,363.233707723824,0.0160682970961771,0.139562192907235,0.663753674820831,2103916.66114617,3.26040892524638e-05,0.0118977518490614,0.126573718784793,4685706.10277986
27,24,3.2751580684392e-09,4.34721165137848e-07,2.9469964495475e-06,740.814366385046,3.21507791073195e-09,5.00135098785299e-07,4.28019035523733e-06,1085.53546029831,1.10215487105414e-09,1.4629219107044e-07,9.91722054927526e-07,249.298551324167,0.00056403414275231,0.00511002466629945,0.0253233172342011,1579423.46764978,3.61340269173643e-06,0.000634918922096733,0.00691164487662777,5211150.84541535
27,25,1.85647746770997e-10,1.64777342677427e-08,1.14329167264187e-07,510.390189645503,1.83894615115036e-10,1.91875291902982e-08,1.67742030289977e-07,748.41326035755,6.24741047524597e-11,5.54508047987691e-09,3.84740051847088e-08,171.756300447549,1.70410612660363e-05,0.000160461122763192,0.000828068820295048,1076730.02768676,2.15564982364117e-07,2.55307620565432e-05,0.000284033716476643,3721564.41124709
28,1,7.83435540545736,0.0346670595513735,0.000340962380920041,8.06668122610499e-07,43.9661264297864,0.192206740373857,0.00241832840309915,5.79773696545672e-06,43.5125409515123,0.192543198556818,0.00189372817479963,4.48028943069373e-06,672.943795767208,8.52460269497564,0.0769736258772179,0.000125534753002494,30005.6064369564,137.654636560916,1.99638664426428,0.0149949762792211
28,2,10.8268111492209,0.166864302986394,0.00211621571360139,5.48645653885968e-06,52.5629146610777,0.908713847765536,0.0149618656971833,3.93449628291985e-05,60.132842987516,0.92677564921082,0.0117536055150333,3.0472151500751e-05,2388.45417399343,50.0696525618249,0.508070754376793,0.000894997904153927,31418.9740637031,640.256046192374,12.3083180589172,0.101516955612069
28,3,11.3829442895006,0.445140512668916,0.0068621450515008,1.94598252867881e-05,52.8861520419979,2.40062766981692,0.0483921868986898,0.000139238634806551,63.22164414454,2.47234057995262,0.038112818747111,0.000108081188671987,5351.21473344224,155.453294122358,1.74695690385648,0.00337283281971628,30940.3047546251,1677.30323100164,39.6995522638383,0.358399969064361
28,4,10.7913043598337,0.862477206510925,0.0155690105469508,4.86083893368484e-05,49.4108446337966,4.62403733691814,0.109557558691584,0.00034694281360524,59.9356358725321,4.79025686553745,0.086471339879069,0.000269974289158917,9316.19928397503,340.126182613665,4.20980802215683,0.00918297605222631,28733.708178999,3215.04919178674,89.6705709122637,0.890694476695106
28,5,9.6532395875711,1.35629450157028,0.0280097423493431,9.80872107201468e-05,43.9205765682183,7.24371602925524,0.196727183562859,0.000698026207119526,53.614746986887,7.53295159430448,0.155568007569341,0.00054478301690359,13663.9868749439,592.361617426414,8.11177994529312,0.021004841040445,25461.6118438728,5020.78368398628,160.690848366347,1.78643577122638
28,6,8.36825279400409,1.84496531384192,0.043082273409815,0.000175035431816678,37.9291291395335,9.8276345896782,0.302046539847172,0.00124103806710586,46.4778432362239,10.2470624088287,0.23928186672805,0.000972158652591051,17724.1518639945,882.537932302958,13.6010163108179,0.0443902994718472,21938.5171948121,6797.30961005284,246.248631365641,3.1638815560383
28,7,7.19791279320069,2.26650491618002,0.0598578578612361,0.000295314538218884,32.5320688718943,12.0503112042508,0.418889737806455,0.00208473531762581,39.9776955435781,12.5883219330831,0.332454599856743,0.00164019696232762,21050.9555440649,1184.24497167392,21.1710516839953,0.0911388336820576,18782.033930086,8322.09759468089,340.846784852288,5.29047519528712
28,8,6.25945012624624,2.59502857232358,0.0785278315179621,0.000491071001305772,28.2254663975071,13.7775931690941,0.548447325062865,0.0034509124651927,34.7654102802779,14.4129645873504,0.436148899037509,0.00272744162710986,23498.328258232,1491.09979608139,32.1033917541945,0.183517700661929,16270.3136891586,9504.38087315392,445.330126430646,8.71544072395836
28,9,5.55683144830237,2.83498403597046,0.100700333071775,0.000814943175854327,25.0092700667314,15.0346202630936,0.701756977706144,0.0057035014593751,30.8630185179597,15.745693497147,0.559296475567635,0.00452624963731101,25135.908343027,1820.75563351099,48.6733702508666,0.358076606545483,14397.4460513225,10362.3118682912,568.498207734691,14.3420525284039
28,10,5.03477707377817,3.00614597779414,0.129002737980124,0.00133825248968761,22.6233563036154,15.9261670737786,0.896915367525454,0.00933551617512488,27.9634931358745,16.6963385237634,0.716489950826996,0.0074327450373814,26121.79853529,2207.46070502525,73.9878475266498,0.668242237969038,13009.4778281839,10968.0353704686,724.831570211858,23.3937715245167
28,11,4.62484858810318,3.13062201313468,0.166263142624553,0.00214345943620642,20.7530437979674,16.568446645342,1.15339827187425,0.0149159946606229,25.6867225405937,17.3876868613004,0.9234367638132,0.0119049189970202,26612.0814104103,2689.06994832824,111.49661995333,1.18642815284401,11922.6790266987,11401.0808371734,929.911245083785,37.2801763775703
28,12,4.27103592188068,3.22597531256934,0.214618987616071,0.00331429922178083,19.1427391190925,17.0534790265919,1.48590453291987,0.0230207752776502,23.721623010204,17.9172855496139,1.19200840456015,0.0184078425281607,26725.3882842422,3294.15076986622,164.360650402283,2.00859726534472,10988.5309805749,11724.2599111138,1195.47937445907,57.4224606020076
28,13,26.1981565297389,51.1654179875209,19.0885135757182,4.87380299745237,155.069657777272,349.755013936843,168.251196670173,42.4436749075155,190.189216472267,373.707429293427,139.787423981515,35.7057880675605,231927.481632037,139773.180159438,54370.7731835505,18053.0550067307,35951.3624429184,95382.7121726692,52912.5764932944,40694.7975031432
28,14,5.89066790037356,29.4079124460375,21.7467930566466,11.1225546668035,33.8388864899622,198.402947053358,190.75875597077,96.5120408457433,43.1226667311439,215.430741455772,159.321784662444,81.486670460268,138081.824453665,157114.601474704,101388.443886253,51354.322169626,8132.43966352805,57074.3715244827,63813.321791264,98606.0894238298
28,15,1.38333719801162,16.711898505746,19.6643570497507,17.5129776169535,7.98853656473167,112.74084574656,172.322274421613,151.711041559248,10.1340179727214,122.435324553598,144.066103716873,128.304557450805,76630.9155526286,135642.617724341,124614.060822252,93973.9884471106,1931.4388450049,32444.5959384348,57590.9797459309,154730.670394977
28,16,0.364917137768644,9.48392440555997,15.6898962181417,22.8852591557969,2.115832241144,63.9187625766271,137.346765372296,197.959556125649,2.67346319500141,69.4816527749662,114.948196416318,167.663267559204,42475.6687268016,104765.425103804,125394.087508593,139257.020725899,512.988320807274,18380.376979691,45850.0800446951,201580.948381962
28,17,0.924304166152774,81.7910240387097,209.257292089337,1250.11964898002,1.29376195471474,127.315779489351,417.917252955156,2454.30287587491,0.837575895660072,71.2675919192682,181.042299171497,1075.72083174939,47022.4395361554,176214.26877494,330433.738020811,1697714.93656387,136.6679533499,15673.3149810756,59553.4387386357,1063613.6181079
28,18,0.0500118034222792,15.5352916483933,50.9424132887913,1263.46646739615,0.0662377689860475,23.7478650166587,100.661062299697,2467.25665008959,0.0431202194306888,13.3473549822027,43.760172343091,1085.25559545271,9800.52547345403,46483.4700737673,112955.770276989,2081041.39069814,7.17919361840534,3053.06645874934,15012.531312946,1122900.87263257
28,19,0.00228275731907568,2.36930251833865,9.54690194796764,2323.43252050912,0.00198926395218098,2.41013639023577,12.6365627216128,3033.37934696929,0.000731970309844364,0.680423546048458,2.6980709115283,640.234629998268,1838.16945745767,10518.9532686621,31962.5794428208,3714116.74119161,0.455831547994562,674.248952484524,4106.4600610669,3023404.62803515
28,20,8.66622451588248e-05,0.173363031041439,0.827233565526375,2227.11849830698,7.55229600438484e-05,0.176828240328117,1.09690260132249,2917.33007149768,2.39968548651038e-05,0.0476771360894528,0.227366199313432,611.87266145785,136.2806971652,903.052273676274,3232.65236321924,3340871.45314162,0.0211838937381736,59.0483932440742,424.362534206972,3441264.24851749
28,21,4.6296860616056e-06,0.0118502735722228,0.06374582322687,2426.42109840293,4.04292782280486e-06,0.0121792451089371,0.0849659195058746,3187.00364520868,1.27227943083158e-06,0.00325577821608204,0.0175134094784571,666.625853838201,8.11171248333785,60.5163306243987,245.403309817765,3513672.1269476,0.000986717819579829,3.55279458114217,28.6943851282972,3272351.34916779
28,22,3.55689430018524e-07,0.000444326983742435,0.00262271759579596,1811.14005931796,3.0005704110882e-07,0.000441496621178397,0.00340967489616921,2347.83560113736,9.77213892197146e-08,0.000122072860741389,0.000720555768727581,497.585840927829,0.396421062126748,3.23271809961829,14.3194516088817,2957584.79453979,0.000114944937120872,0.2014007089253,1.80333043143162,3830388.68275488
28,23,3.8656412154169e-08,1.49983840759617e-05,9.35410107147174e-05,1221.59041579436,3.24716298918277e-08,1.45898599617102e-05,0.000119764374391111,1572.62963820056,1.06203190824392e-08,4.12060011353304e-06,2.56991073608336e-05,335.615178505994,0.0162575130593664,0.141062294050487,0.66389221874232,2149128.84711158,2.26175233024211e-05,0.0119265065874057,0.113562161347848,4640390.37065969
28,24,2.7427122557601e-09,4.94982574353483e-07,3.1565951319081e-06,844.366667910029,2.29956881019074e-09,4.78465514065254e-07,4.02408725104938e-06,1085.3728244119,7.5352250134799e-10,1.35989660137744e-07,8.67231131868677e-07,231.978137934929,0.000570336010789419,0.00516612749326861,0.0254325773213214,1603692.40226442,2.59494703577628e-06,0.000631914714800985,0.00616522605291557,5186795.84212738
28,25,1.58689195245094e-10,1.86387980654733e-08,1.21987504470988e-07,582.07041179908,1.34324470566075e-10,1.82617618535873e-08,1.57161474119162e-07,748.766186193609,4.35976755424415e-11,5.12075361733097e-09,3.35143903877913e-08,159.915846287949,1.72223447052466e-05,0.000162252875350133,0.000834248929350929,1091534.11108919,1.58044305930021e-07,2.52792691745782e-05,0.000252387621524173,3706700.13517462
29,1,3.64473266737492,0.0165396994397252,0.000158133462184241,3.59749518507481e-07,41.5666408154379,0.185176644644462,0.00219863348746892,5.0688623010452e-06,46.8397554401963,0.212557558403607,0.00203222934892401,4.62326897592609e-06,675.902254503792,8.76290034852875,0.0753696608103733,0.000118076454585932,30451.1902107045,137.407302694005,2.0530649840382,0.0147160457175419
29,2,5.00606468210055,0.0794626722485065,0.000981561202133254,2.44824584048899e-06,49.4106124389403,0.873877136489557,0.0136027073872691,3.44175380608957e-05,64.3347172006111,1.02120305504471,0.012614392015374,3.14632778015448e-05,2398.41015644729,51.4652640503411,0.497853503048244,0.000842364954591013,31869.7418827541,638.438569204982,12.659954784921,0.0996964036543421
29,3,5.24634481174195,0.211725080515145,0.00318324608849216,8.68766122995537e-06,49.5972163460563,2.30592016186892,0.0439985347086619,0.000121852319274674,67.4226425813352,2.72095429128634,0.0409090273274621,0.000111648223476283,5373.63675756287,159.790184081356,1.71296522119913,0.00317578778381461,31358.1299126958,1671.32175228097,40.8415507392175,0.352169233529224
29,4,4.9634000781451,0.40989751683996,0.00722282113249468,2.17069163418045e-05,46.2647412787733,4.43823464101056,0.0996132304796764,0.000303695099445453,63.7864192052287,5.2677387332651,0.0928230425410051,0.000278963300082919,9355.81234524568,349.628778332746,4.13019736936699,0.00864770428572426,29090.025784449,3201.97551463403,92.2634019896631,0.875558442524585
29,5,4.43195455583086,0.64423520500082,0.0129938879630937,4.38055298664385e-05,41.0596332604891,6.94906569082733,0.178855904291465,0.000611030070202081,56.9566238356508,8.27929568561115,0.166989074358361,0.00056296043993537,13723.2968478075,608.891178648815,7.96180581356914,0.0197791505030443,25742.8622579589,4998.6343762531,165.341256287644,1.75645494830125
29,6,3.83485419342264,0.875998955144412,0.0199811655702369,7.816118386876e-05,35.3970824180839,9.42431407014796,0.274528491570432,0.00108617969663766,49.2830747715991,11.2577740453004,0.256785063304533,0.00100447716511559,17802.9840882647,906.97789226139,13.3537863945767,0.0417991986944888,22145.8009473088,6765.55913935771,253.328193937148,3.11098969769498
29,7,3.29211490436877,1.07576749157465,0.0277460527106687,0.000131851445524191,30.3037331642949,11.5519421842065,0.38049962392797,0.00182420415127133,42.3081391900056,13.8250705372479,0.356574388852106,0.00169446980791532,21146.8116087121,1216.4351262476,20.7921290670252,0.0858522124624023,18926.3814073258,8281.19386053564,350.474829378503,5.20235453226955
29,8,2.85746695350811,1.23121386525979,0.0363665389968751,0.000219269563593722,26.2438055018566,13.2029025204105,0.497702041609969,0.00301965236346276,36.7223238288041,15.822767156441,0.467359323241352,0.00281791112586751,23607.2754415093,1530.25135139959,31.5416358553317,0.173046412501709,16366.7801138489,9454.81303179584,457.520957833963,8.57273612328655
29,9,2.53252384220498,1.34436747568648,0.0465769336483461,0.000364071158031455,23.2158952829363,14.4004386602018,0.636005565758104,0.00499294030484687,32.5463643677286,17.2769444372616,0.598576735345064,0.00467880790206341,25253.5881621936,1866.03641110652,47.8548133709583,0.338186269893682,14460.5450181269,10303.8411331345,583.38164034186,14.1170221058809
29,10,2.2916356002991,1.42451380084086,0.0595866338802524,0.000598457134286663,20.9745781141541,15.2439566478932,0.81172538633565,0.00818014146377374,29.4506239200714,18.3069333588814,0.765769018792192,0.00769098542187938,26244.1785323194,2258.4701959715,72.820284905531,0.632426623751324,13050.8192018956,10899.3588084743,742.846422480551,23.0529159183549
29,11,2.1031087560262,1.48205578812684,0.0767042601626038,0.000959897110004099,19.2232593512788,15.8439433228169,1.04251150311953,0.0130877923566024,27.0277984111666,19.0464258972901,0.98575372053974,0.0123359790644745,26735.7945558899,2746.07873521885,109.889597835809,1.12551610614752,11950.4240440814,11319.9044037681,951.911346336467,36.7924781945608
29,12,1.94098439788149,1.52527606184279,0.0989276145134311,0.00148678363971168,17.7207783935524,16.2880729586124,1.34180111069667,0.0202331032934731,24.94428063924,19.6018650023401,1.27135394910281,0.0191071851990556,26847.7273452817,3358.10777096559,162.259577982488,1.91033377037457,11007.8432305346,11627.6458880711,1222.73641399777,56.77261422564
29,13,36.5579529804249,75.1739255258735,27.6839643950428,7.032346026483,143.968079153259,333.522476325193,152.363250815224,38.1893775866468,171.90120266567,348.477146551346,127.539800853294,32.3663538519977,232715.554626196,140575.039506932,54620.7894447457,17565.3973897974,35794.5516233949,93695.9997770306,53847.4537027511,40909.2409205181
29,14,8.27283792089024,43.1875126862,31.5576625544825,15.9986720583146,30.8607376167338,187.518281009465,172.573762105256,86.5485195759274,38.1435037127901,198.799938886075,145.236770281409,73.6292686205812,138507.112106955,157548.691905683,101830.609361621,49911.8451185231,7986.79205887274,55793.1621867499,65105.7335035903,99152.6301175914
29,15,1.90939568412756,24.4736772925793,28.6223159021762,25.2183913040362,7.14652618471656,106.259294332321,156.351593876538,136.191600849602,8.78880037053002,112.633694827788,131.725918906783,116.060320707961,76953.7721335087,135860.079711374,125217.608841555,91465.0301948272,1860.49791818967,31634.4729576556,58929.1999166964,155764.635800325
29,16,0.495245175646316,13.8749581568948,22.9038238485266,33.0067656021392,1.86075265016246,60.1918587943591,124.96825937316,177.980075127924,2.27924875443599,63.8554762832996,105.40819629698,151.904050601087,42751.8394273055,104909.553142664,126126.624262552,135810.164675886,485.714675528782,17908.273709659,47047.0187914047,203248.959363366
29,17,0.79227141285036,77.5520793126327,193.750500448363,1154.54372072797,1.12947679973317,122.40664914243,380.753005258316,2230.11624454635,0.804315660873324,76.3405504013798,189.749324807161,1125.77177704221,47533.2989840818,176842.200331042,333207.503919319,1685996.02876719,126.90215915307,15400.8787066074,60491.1496137708,1071092.99664876
29,18,0.0418668029152975,14.7856503236461,46.9846192894138,1165.06211370787,0.0566514118284233,22.9391539134156,91.3675018939559,2238.09340599825,0.0408863520943116,14.3992805971098,45.7510299391984,1134.40542923036,9930.02775965221,46750.8528895292,113963.850639225,2072727.86301445,6.53853604671632,3017.31983042196,15208.799114,1129940.50248325
29,19,0.00193764947238049,2.31613371320947,9.18543800392428,2228.8746103279,0.00165681649855462,2.2921701710105,11.4508024823938,2739.0877522293,0.00067454363110876,0.718498716622605,2.80340111654072,662.269546775615,1864.07378598929,10587.809594564,32285.8627621764,3665913.19318091,0.410071501126761,665.549818579093,4211.20364211407,3071462.57158031
29,20,7.38517192843467e-05,0.168500628494179,0.808281775512333,2141.97253133392,6.30827559189603e-05,0.167226775656586,1.00918357241918,2642.23585996935,2.20525547887778e-05,0.0499612173277138,0.239513872080532,634.436635767574,138.221908665111,909.005146850996,3269.72384724455,3290237.65203704,0.0190438030438078,57.7302386758058,439.896971559482,3492176.6542103
29,21,3.94794727582771e-06,0.011493975117321,0.0624849751121439,2335.18615883573,3.37937371205957e-06,0.0114946825916924,0.0784230562852692,2888.46960055474,1.16966493814553e-06,0.00340450256346081,0.0185076528804532,691.662063258495,8.22647524494823,60.8808704460222,248.684513985728,3467744.26260314,0.000886586744706172,3.46160857828317,29.794178159566,3318639.18501121
29,22,3.08663743567515e-07,0.000424987447087413,0.0025773923960026,1733.78314165141,2.55364581705997e-07,0.000410794570976009,0.00315199669112273,2115.8223103046,9.1424111398066e-08,0.000125877767620675,0.000763401647879602,513.531657426301,0.401962916698395,3.2513790702346,14.5188491480153,2900792.4868221,0.000105910272765141,0.194794609249304,1.88819612219927,3887474.11332095
29,23,3.40216226718687e-08,1.41536318501792e-05,9.23604083920737e-05,1163.25369900116,2.80353798101722e-08,1.33941656046068e-05,0.000111233443923781,1409.77969730942,1.00769130863375e-08,4.1921842737591e-06,2.73563589811305e-05,344.545742601093,0.0164819804780674,0.141939213838363,0.672727490846929,2095402.09823787,2.11774155436317e-05,0.0114076502701785,0.119787807154367,4694329.35999505
29,24,2.42712512513572e-09,4.63629216306153e-07,3.11632093800789e-06,801.185118066106,1.9963986964334e-09,4.35966927222144e-07,3.73759165114418e-06,969.61091384698,7.18893592556984e-10,1.37322987408905e-07,9.23027464307803e-07,237.304142425729,0.0005781318514352,0.00520257969515908,0.0257498464130319,1557373.70158016,2.4448473434918e-06,0.000600379343087854,0.00651080572173928,5233268.15959249
29,25,1.41098840574456e-10,1.73911427310142e-08,1.20572814660776e-07,552.255971932011,1.17154766416731e-10,1.65750681110454e-08,1.46221105812028e-07,668.868441708183,4.17922632452433e-11,5.15110692775063e-09,3.57126308740324e-08,163.573469930578,1.7455279504506e-05,0.000163494647559811,0.000844187207255609,1059288.742193,1.49510429378673e-07,2.39060643577297e-05,0.00026683814676807,3739051.55860705
30,1,3.93649052860328,0.01829865203758,0.000173234288914484,4.00543418842766e-07,41.9112609552671,0.19099550964689,0.00233304278345497,5.46187256127039e-06,44.9852832687406,0.209112670122117,0.00197968050527534,4.57731551165827e-06,682.881291852365,8.95739756446131,0.0786306604304567,0.000125360659122366,30692.7723700743,142.96859595731,2.14611162874817,0.0156697293900723
30,2,5.36182274485891,0.0875867808236835,0.00106822438579629,2.70527148344312e-06,49.6455439465527,0.898664790871743,0.0143431467929948,3.68121063332663e-05,61.2736429216907,1.00092102783453,0.0122074157782041,3.09152030513623e-05,2416.31552687962,52.3014068604346,0.51560945415138,0.00088749768356814,31993.144822276,662.34849610009,13.1503342024695,0.10537241717975
30,3,5.59046398271027,0.232455914843104,0.00344202240651248,9.5312547701247e-06,49.6890546406864,2.36311476317989,0.0461049673864833,0.000129421733103115,63.8865009425401,2.65645124781276,0.0393346184499155,0.000108920926552496,5400.021961624,161.439534185058,1.76164556070763,0.00332343930477027,31388.7621892769,1728.01222337389,42.1600389990884,0.369619707367209
30,4,5.27327856723459,0.448212251397418,0.00776226135505023,2.3665115933288e-05,46.2583725021094,4.53127035569387,0.103762716446185,0.000320587606724866,60.2617809895242,5.12206366232181,0.0887052879527263,0.000270439351018654,9375.55826805397,351.24090671377,4.2203216544642,0.00900536408440544,29062.41141835,3298.3230947531,94.6770739207294,0.913294037621298
30,5,4.70291546441233,0.701651011675947,0.0138871102420074,4.75318816394305e-05,41.0228765700754,7.06792055016446,0.185304180836031,0.000642088156925838,53.7438062706568,8.0183019079282,0.158698613265199,0.00054318310797631,13711.3626783042,608.495432550518,8.09212075794353,0.0205559024045209,25699.8657341301,5129.74424071221,168.753768177714,1.82372407554737
30,6,4.07175175567835,0.95052885284361,0.0212571552872204,8.46164403310634e-05,35.3954887274639,9.5512685524455,0.283165286247341,0.00113901755286502,46.5310165992381,10.8624190480277,0.242921745939654,0.000966976678802266,17734.9376778951,902.304834904613,13.5242784351578,0.0434951440598504,22127.8831233665,6918.36779824542,257.407812225275,3.22311612092737
30,7,3.50403526752624,1.16349164258129,0.0294260432961238,0.000142828806037531,30.3814754682668,11.6705843666087,0.391298640099268,0.00191459626929197,40.0432867672248,13.2961074698438,0.336273867175806,0.00163221383408589,21008.1621127726,1206.08310794223,21.0351875390685,0.089631119206296,18960.450719694,8441.61214275095,355.047159768561,5.39392437212695
30,8,3.05322249836338,1.32807824524209,0.0385223432586266,0.000238201570685145,26.4167580192969,13.303996429152,0.511279852365046,0.00317923658478188,34.8915050025797,15.1769642607182,0.440224232999705,0.00272211124464009,23395.8934281524,1514.44964082695,31.9573866294637,0.181274429417073,16462.0921640458,9613.09416796189,462.97589812549,8.91561128362578
30,9,2.71815718149675,1.44728710792986,0.0493791361311479,0.000396890771766467,23.4764426320775,14.4828488351503,0.653990186478231,0.00527682709807987,31.0624577628486,16.5392549653922,0.56429309566091,0.00453557392426867,24976.2262398505,1846.67664701578,48.6338509671874,0.35505055299775,14611.8218837141,10456.1882812096,590.881691925198,14.7371165109653
30,10,2.46996643194383,1.53165745412599,0.0633212217110076,0.000654230588220864,21.3015694634968,15.3124391391974,0.836783398152155,0.00867179538362581,28.2261925433104,17.5034193385913,0.723619954092232,0.00747639251773655,25911.2546600442,2238.52816176958,74.2428698578563,0.664522290876489,13244.5072561983,11046.8065062665,754.261730936175,24.1396475879333
30,11,2.27445814874021,1.5926251239634,0.0817519180734938,0.00105102440463251,19.5911421792484,15.906216608989,1.07803594379546,0.0138995453265839,25.9919700963379,18.2001434581953,0.934241595547258,0.0120108584591282,26357.6038852864,2728.73295820505,112.299762715401,1.18233171467129,12170.3809436227,11466.2872383556,969.520778003043,38.5975556974163
30,12,2.10423351853083,1.63911889919941,0.105712674375434,0.00162874994022067,18.1055150921252,16.3524989312563,1.39136467124843,0.0215025265392087,24.0466832593333,18.7314633315768,1.20805945481657,0.0186129693193415,26432.9292785216,3345.84533581104,166.021903766015,2.00465811710444,11238.986799136,11777.8057719192,1248.79504128703,59.5993137820691
30,13,45.2903677479065,92.0403822408774,33.6015813167792,8.5667755299801,146.131615044859,331.978030893109,156.281537253769,39.3534314992432,156.697283947455,313.484004955032,113.648909403253,28.9444705897634,228046.32293273,140030.254997108,54732.2290444818,17591.8314290812,36752.6667500388,95247.447062902,55082.3740068149,42165.1733419191
30,14,10.3329103424731,52.90749834636,38.1698655557102,19.4520049080412,31.6202013187789,186.799174694067,176.461787050123,89.0377132902306,34.9767084345832,178.786257794901,128.95681510567,65.7177727675786,135060.928804902,156100.58531691,101544.414740944,49827.5704677431,8274.48966117039,56716.7412268684,66338.9029002725,101944.054998555
30,15,2.42182727659474,29.932711762019,34.5031473750449,30.6091013139328,7.43366672922413,105.660014860124,159.34232836953,139.883160845732,8.18328215223871,101.127011100212,116.567393682695,103.41150977645,74578.3736100935,133915.02694404,124385.083293157,91020.9679207645,1956.42010254255,32094.9843073343,59841.8172759194,159887.082943712
30,16,0.637804934639655,16.9223982143832,27.5323202789594,40.0016706178063,1.96447177577323,59.6790034980771,127.007546275285,182.546291351174,2.154819263944,57.1715924989871,93.0167396068863,135.143893869168,41165.2946787865,102945.030049634,124842.993695666,134737.63273538,518.324323043029,18114.3965608926,47641.4739566786,208328.870900489
30,17,0.789894204648307,71.4521481915981,176.943693065437,1074.65484435326,1.19276246452347,119.074840052269,381.658076507536,2281.75015485247,0.821467445824288,72.5481484044654,178.880275725207,1082.75125798185,45411.486439157,172107.368537503,327109.030790389,1672232.15934829,135.802935356886,15329.6721985005,60578.111116911,1097894.14130062
30,18,0.0415339076310706,13.5529223321834,42.7764378165465,1088.35170554308,0.0598894419850416,22.2380881119928,91.4237740879095,2299.63666132994,0.0418946592840876,13.6421823365033,43.0537281664124,1095.35998367688,9455.77175516335,45259.0623621686,111210.525480826,2050890.03534885,6.96969904739131,2976.78031128962,15120.4055991061,1156689.60983234
30,19,0.00178312461958914,1.9733796721997,7.72496559625289,1914.42161072735,0.00178465987396445,2.27566732420394,11.6766857134501,2858.57228563225,0.00088378863148492,0.915042579713695,3.54734435748807,866.445853693148,1772.51832132745,10212.8167219681,31335.6613236569,3631403.54680665,0.434161456859296,654.452347470212,4152.54728519732,3107450.11947859
30,20,6.41426628899292e-05,0.142552486313241,0.670383485876107,1816.3949532721,6.44809854431938e-05,0.16490381707266,1.0150623171609,2720.42824206597,2.91130082437233e-05,0.0644439727540552,0.302958092465112,820.676283708268,131.323759690375,874.559259501708,3161.20926541909,3239233.33950976,0.0194134204044282,57.2641090026595,434.670686029945,3543397.74462917
30,21,3.31340150268479e-06,0.00973885438671529,0.0518137938379258,1982.58115939606,3.3420864009436e-06,0.0113515321928151,0.078846869251133,2976.8893085868,1.49726935923392e-06,0.00440021770907644,0.0234103315665725,895.759882025614,7.81129260757828,58.4949955757993,239.955761996881,3416201.89917567,0.000875083081260118,3.43889594230388,29.4301837638927,3370253.55866921
30,22,2.44725939073967e-07,0.000364787372524231,0.0021522256669004,1481.33267070618,2.38803551266651e-07,0.000411835100597972,0.00319942317922796,2197.51757609609,1.10571229938633e-07,0.000164816491773878,0.000972407910944903,669.288300627869,0.381507219601667,3.12068420660439,13.9919905545629,2859354.44150602,9.75178474832859e-05,0.194069636810978,1.86012597407553,3928927.86420025
30,23,2.61869559102684e-08,1.22347277665399e-05,7.71155871731166e-05,994.912223463422,2.54528846122426e-08,1.35350516891218e-05,0.00011302045012386,1466.56151091512,1.18316597854495e-08,5.5278335021962e-06,3.48419780993366e-05,449.516252818167,0.015638179059427,0.136065721271268,0.64757898743204,2051051.67093085,1.88757939196148e-05,0.011422088574436,0.117769385162036,4738686.41033229
30,24,1.85359133052036e-09,4.00449716456903e-07,2.59350078957958e-06,684.237306385294,1.79847567845928e-09,4.40284277333467e-07,3.78604974626108e-06,1007.20532338691,8.3748034310596e-10,1.80929183459866e-07,1.17178252439263e-06,309.148669350949,0.000548425420865352,0.00498099562388203,0.0247605718245535,1504886.65331543,2.16687518545765e-06,0.000601960094162775,0.00639370585209148,5285762.71808905
30,25,1.07772232647104e-10,1.50049964157163e-08,1.00229427929283e-07,471.630463942875,1.05515164342389e-10,1.67153985828189e-08,1.47832642979021e-07,694.733921383201,4.86931098410291e-11,6.77948225343145e-09,4.52851576274893e-08,213.089711701876,1.65561753302604e-05,0.000156407651641437,0.000811343142985636,1021262.69939021,1.32522613077699e-07,2.39447056613913e-05,0.000261623955010834,3777082.84524242
31,1,1.52561489673262,0.00668274883004639,6.27004623548981e-05,1.50584140513121e-07,44.5411214900271,0.196222284738202,0.00241509438662223,5.87370729047852e-06,45.701488315045,0.20018916190635,0.00187826197410453,4.51091514171129e-06,649.957243645427,8.30502484551607,0.0722607413047313,0.000118922686814676,29541.2417703032,132.500628053342,1.92279183790402,0.0138710592014581
31,2,2.13950023570732,0.0324137737373253,0.000389566261532035,1.02296843030917e-06,54.3098037665072,0.93598751652035,0.014961924171835,3.98206503018661e-05,64.0911053186646,0.970990585419346,0.0116698899489458,3.06441552613051e-05,2341.05338782619,48.9319252104003,0.476840124680757,0.000845993573345686,31301.7468051346,621.308885500398,11.8684342682724,0.0938007037466812
31,3,2.27220574457102,0.0869243324278234,0.00126383332254537,3.62243847916034e-06,55.2363318777447,2.48728176659285,0.0484263341107049,0.000140718401463411,68.0664461964088,2.60391490096959,0.0378595305710327,0.000108514167095427,5297.28867509562,152.22112650931,1.63846277990335,0.00317881352420324,31064.0181548301,1636.52814851441,38.3016081337734,0.330631471544782
31,4,2.16847449719204,0.169041063633801,0.0028674972206563,9.02844020602446e-06,51.9356508866384,4.81040557453375,0.109657645793456,0.000349926408508794,64.9590614952312,5.06381276885033,0.0858990633900553,0.000270456951791959,9284.66407014733,333.455415265962,3.94393078183066,0.00862211951030717,28993.8957665956,3148.69590839583,86.5187741232758,0.819903262259444
31,5,1.94787687534995,0.266537037517264,0.00515685321087065,1.81657699925946e-05,46.3402469956251,7.55753289147503,0.196862249386069,0.000702156688963598,58.3508147754759,7.98441292865589,0.154479264238799,0.000544175811883055,13682.1381289026,581.112713737245,7.58714943884226,0.0196382421898938,25770.642638216,4930.42135419063,154.987579517899,1.63974889905888
31,6,1.69237255928858,0.363295760623278,0.00792540322250867,3.23053692738718e-05,40.0964996192176,10.2754770196508,0.302052566775008,0.00124444350165405,50.6968992690593,10.88292792276,0.237414254109095,0.000967743209341395,17808.6857276273,865.916803050501,12.6947790503804,0.0413525909462946,22236.6319549752,6688.37383382158,237.320948669022,2.89413193291855
31,7,1.45663522841325,0.446992905316692,0.0109975350649237,5.43258894972164e-05,34.4056508694068,12.6202902086872,0.418430759082268,0.00208421193880429,43.6351257536772,13.3901688315902,0.329443374825667,0.0016273923448039,21206.5078430395,1161.6135553156,19.7161468043896,0.0847631450580535,19037.9295643933,8201.40788025623,328.079988480012,4.82317088561315
31,8,1.26596442926888,0.512403962691197,0.0144044353242326,9.01504838842424e-05,29.8280935239575,14.447938390329,0.547045506946769,0.00344384882557465,37.9233702393732,15.349629689424,0.431500855206063,0.00270055785025113,23721.1144937346,1461.62251318211,29.846930678148,0.170816518826574,16474.1891125162,9377.93428357091,427.957838978402,7.92788246542589
31,9,1.12231854404976,0.560301221049778,0.0184415969390986,0.000149585913258159,26.3895910532865,15.7817591178852,0.698935419989852,0.00569229130494895,33.6202982394171,16.7844452499468,0.552438514351172,0.00448101213583079,25418.2723074002,1783.19295572756,45.2371277832593,0.33420328663104,14552.3067635875,10233.9880842547,545.417198318264,13.0415970393547
31,10,1.01523851478218,0.594506536892493,0.0235993014119461,0.000246056842206809,23.8312027032215,16.7293392129382,0.892476460690571,0.00933451823006511,30.4125970581902,17.8091034685091,0.706943279087751,0.00737090593637679,26455.2081700261,2160.35805547923,68.8561725426845,0.62613357975055,13124.2878952608,10839.282600324,694.603301479463,21.304782955073
31,11,0.931257254423971,0.619332799248847,0.0304146144066698,0.00039526067985009,21.8285443395847,17.4111403478522,1.1477945832878,0.0149600888460209,27.8968451491314,18.5528017251367,0.911103547749788,0.0118404725728969,26988.2403735261,2631.36761485441,104.046227474836,1.11685774009048,12008.0566223705,11271.3339709242,891.005024684859,34.0464160520934
31,12,0.859168870590458,0.63822928237561,0.03930682657601,0.000613358429147601,20.1140025720489,17.9231728661618,1.4805820312011,0.0231740806529665,25.7373575625368,19.1188668603571,1.17747963743163,0.0183738328346542,27136.1838562985,3225.99556799592,153.928150977028,1.9008962134922,11054.310012586,11591.7365874614,1146.68019414054,52.625203675161
31,13,28.7634232706822,57.0679301766008,20.4341777923709,5.39586427790679,161.381400297702,368.376136738468,172.721933188944,45.0583838910776,175.060028392249,341.046357033508,121.202279526007,31.9702011642992,236022.489230786,139947.084396941,54074.6243238664,18331.855350202,35876.4782249135,94497.4720304626,52198.9811787008,39223.9833294179
31,14,6.50601074846955,33.0775672884204,23.4501400505614,12.2959118893203,34.4254192658787,208.792406390231,197.062105605888,102.33012479481,38.633254212481,196.016605233193,138.932923677767,72.8476051806192,140540.312139061,158467.689797077,101523.336110286,52130.6347248878,7932.68321684405,56632.2151555483,63548.0468458969,95242.1182610242
31,15,1.47317920587541,18.8388594713052,21.3276974962138,19.3649837325793,7.81063559200873,118.881667012366,179.06042288625,160.917971021398,8.72959263779284,111.61227359404,126.356741378503,114.728551399084,78141.1384536958,137514.965338563,125301.40706962,95535.1015025356,1810.66813672892,32259.894962525,57683.417872339,149493.28585499
31,16,0.37240227326627,10.7358263531971,17.0900443728023,25.315309604451,1.98088675797059,67.6865293328914,143.338084597255,210.078405396419,2.20634353168275,63.6048064504614,101.250590265693,149.981473291097,43520.8659177258,106636.706185569,126495.425144357,141871.203982385,460.452727866158,18352.3831429348,46118.2866428144,194831.482092261
31,17,0.731333790270311,77.3324723801543,189.144627747113,1141.33839256494,1.14777946008945,137.392707941719,441.738192557332,2625.41511461739,0.684062302363248,69.6081830894922,169.188521871077,1016.23556305041,48552.4470712908,180290.922558422,335722.577918579,1718293.31411134,116.061873949187,15871.0471953663,60374.9756820616,1031168.34640372
31,18,0.0373276353939311,14.8232875803754,46.3773085164761,1160.13163531411,0.0554680861206742,25.9041323925072,107.291040933909,2656.23866996354,0.0333086461229675,13.18098795953,41.2330172948229,1031.38827319526,10147.2228605015,47700.2712416166,115309.506947595,2109458.94103224,5.70656581306038,3108.10367583701,15267.0950253177,1090227.26003201
31,19,0.00169536632343369,2.29852524881543,8.86956012856231,2169.00105419248,0.0016257340053166,2.62161414117464,13.4813172783631,3256.06238357178,0.000536363814176481,0.646022191602336,2.45029613427571,584.27612530714,1905.47361323438,10821.1799879658,32768.871435219,3819837.14951528,0.350734215713759,681.841040570657,4163.84097078291,2916431.33303861
31,20,8.2587737329473e-05,0.166758871267086,0.766944874395414,2078.85462067556,7.88199761250543e-05,0.190534992027641,1.16689246800214,3128.85723737662,2.23225084638168e-05,0.0448321564579055,0.206063147057364,558.330710370804,141.439000339116,930.774056871787,3322.70413126055,3454508.68296232,0.0209273989577725,59.3978822718859,430.685870667155,3327487.7037799
31,21,5.32915499298442e-06,0.0114155686498358,0.0592915569889034,2266.51295622186,5.09429493708068e-06,0.0131427157814838,0.0906668190268077,3420.65135782151,1.43152629749225e-06,0.00306600796602335,0.0159243325519896,608.728971490107,8.42906747019748,62.444296456971,252.580644608401,3622834.82367302,0.00117469469201145,3.57665399884354,29.1877909491634,3163162.86973617
31,22,4.65842495770876e-07,0.000427969967883333,0.00244728491587631,1700.19435813,4.33041084184684e-07,0.00047701261035335,0.0036558362325227,2534.03720126424,1.25114135741392e-07,0.000114942192189015,0.000657279932373696,456.62988856782,0.412395451688111,3.33927431596639,14.7538952815949,3080093.50284734,0.000156745030228896,0.201958335708706,1.83374687980081,3707845.0864929
31,23,5.10977339043969e-08,1.44666250785241e-05,8.76834997953341e-05,1157.19704875359,4.73113654429719e-08,1.57946182450275e-05,0.000129113184035237,1713.12605906701,1.37235803266562e-08,3.88537561121516e-06,2.35496058321733e-05,310.794325891644,0.0169284299881152,0.145873237979876,0.68453724200955,2271109.81213824,3.10541449613504e-05,0.0119324640398385,0.11564150219536,4518358.09520944
31,24,3.58234451846528e-09,4.80016609664862e-07,2.97079641271072e-06,803.77394582894,3.31011480361729e-09,5.20706718306321e-07,4.35608325548076e-06,1188.05197808562,9.62128578274283e-10,1.28920514527723e-07,7.97881976654064e-07,215.873676771157,0.000594254464133627,0.00534680721433302,0.0262302555517304,1717450.51312184,3.51887799195136e-06,0.000635055969558618,0.00629982630586794,5072991.7481585
31,25,2.04928554717468e-10,1.81566081027902e-08,1.15080371109672e-07,554.154869400187,1.91145642294157e-10,1.99464922081065e-08,1.70399974050831e-07,819.658810147537,5.5038709345789e-11,4.87641303818145e-09,3.09077234522319e-08,148.832205595674,1.79549654532632e-05,0.000168017870413364,0.000860399257383615,1171568.13227183,2.12076978019785e-07,2.55246186798712e-05,0.00025862383595474,3626634.22051193
32,1,4.94258852655071,0.0229870169760075,0.000201665359712398,4.77545529238252e-07,45.8771614543854,0.205977290323144,0.00251919079553677,6.03968247265162e-06,44.5378736887799,0.207136979552238,0.0018172150625173,4.30318290660901e-06,663.973435194825,8.61218484088568,0.0750604062648036,0.00012265246030313,29933.6988980646,138.141494717785,2.04185750388051,0.0148023050267188
32,2,6.87452628910825,0.111026169763033,0.00125295206803008,3.25202878634736e-06,55.2788018646478,0.977129963057373,0.0156053908737912,4.10435109805015e-05,61.9466463554012,1.00046149876568,0.0112904039339409,2.93041685628024e-05,2370.21476152698,50.6573095290732,0.496027331301379,0.000875947960085985,31288.3515716042,644.011372408852,12.6008225304584,0.100329286124684
32,3,7.2434691169409,0.296726401000234,0.00406616637117108,1.15489164187032e-05,55.7158312985542,2.58580442800699,0.0505225644394974,0.000145449227485809,65.271205738834,2.67381411519147,0.0366403966795847,0.000104067772976732,5325.40319672419,157.425005571241,1.70743194824274,0.00330711047528178,30778.2951413035,1688.95987614624,40.6725329790337,0.354614216494276
32,4,6.86973300224839,0.575471370935971,0.00923114416084343,2.88838863581907e-05,52.0576657591876,4.98494131670089,0.114466457700246,0.000362922012980354,61.9034538453283,5.18559679661255,0.0831822293986269,0.000260273918282235,9283.77771769021,344.646230124748,4.11888603601573,0.0090213787076169,28560.3121298522,3238.81087312604,91.91752714943,0.882292777575034
32,5,6.14378022350989,0.905365795903137,0.0166147520495862,5.83571163858777e-05,46.2566376053867,7.81184595292141,0.205654728661494,0.000731205313114219,55.3618627357731,8.1582893747815,0.149716231521155,0.000525858437228536,13624.3117016053,600.431916548587,7.94455809959994,0.020672359886505,25289.9502898002,5058.27505930875,164.775734471753,1.77155670513817
32,6,5.32365214702696,1.23171528945899,0.0255614312937065,0.000104256549431231,39.9284661428691,10.5989241165144,0.315859934668589,0.00130180397844101,47.9716540459735,11.0990384264796,0.230335135556595,0.00093946016441645,17675.506141905,894.625250072067,13.3331627595883,0.0437422240667301,21776.2284080799,6847.05064117893,252.546222905555,3.14068387498059
32,7,4.57722840934854,1.51298033897769,0.0355143630727802,0.000176052363201184,34.2334182278837,12.993971630226,0.438088547151451,0.00218932891084521,41.2455982619553,13.6335296513185,0.320021423627752,0.00158641527061075,20991.7206088569,1200.20201150346,20.7709847898183,0.0898344457654031,18632.885160694,8380.48339794219,349.529634670458,5.25554707657397
32,8,3.97946720912031,1.73181184556213,0.0465781543894599,0.000292871575510874,29.6951304433144,14.8518992808898,0.57348519033446,0.00362660691349008,35.8591468734158,15.6054295873597,0.419717713847804,0.00263907812011214,23427.896113797,1510.35410153597,31.5148236929813,0.180756366168294,16135.6178011028,9567.10237171164,456.499844725119,8.66034942168476
32,9,3.53275725802355,1.89117528701849,0.059696357402143,0.000485946352465114,26.312135584858,16.1998924513007,0.733477214947845,0.0059945623958243,31.8338246620699,17.0414602801971,0.537926394514651,0.00437888307904899,25054.9524466281,1842.59057367043,47.791814724105,0.352133365525407,14277.1710748353,10425.3433450175,582.370335006557,14.2477138925172
32,10,3.20161090832571,2.00428717122821,0.0764165982606887,0.000797437161632793,23.8081181271495,17.1511046547167,0.936871363910688,0.00980733607352089,28.8498509373472,18.0607162398162,0.688593190142807,0.00718573989899301,26032.0457969009,2231.22691793143,72.6357640861175,0.655739455459317,12903.0464959752,11027.9737071707,741.87182714277,23.2222661311885
32,11,2.94218114904055,2.0859157090321,0.0984054243834568,0.00127580861919463,21.8495165957427,17.830928702225,1.20391655528187,0.0156550188348737,26.5121184338049,18.79627443702,0.88673542981329,0.0114963652805631,26515.9057751977,2714.25923253042,109.401331693608,1.16129909533267,11829.4760924127,11455.0792163144,950.861618012213,36.9639120404084
32,12,2.71862323840413,2.14779436826577,0.126919888420803,0.00196984036906989,20.1657168663574,18.3386425740817,1.54986641647617,0.0241296175042465,24.4976286714938,19.353865645387,1.14368046798033,0.0177503146526179,26625.4586705651,3320.34776804256,161.138482928989,1.96074827156099,10908.1512583907,11769.8834863264,1221.26617863036,56.8514888952539
32,13,42.8064995325568,88.1130270278581,29.4937912468213,7.68844692086541,164.041625108552,375.027022416209,175.355133513729,45.1692459279048,168.474052606788,342.42316514442,113.958354703177,29.6831537115991,231080.701805288,139381.895018937,54049.0549705106,18033.7986013015,35885.9949429154,95463.0055347345,53907.8214329701,40776.5664575791
32,14,9.93186541874148,50.8283934217235,33.5932458751216,17.4968668386513,36.1749584930585,211.793881827979,198.597427932732,102.441137671895,38.4047095344726,196.264212807509,129.689611963342,67.5475620915109,137470.161613777,156296.630284058,100992.814756175,51233.7543594072,8218.97588653409,57041.9813497307,65178.9032268854,98938.2881622707
32,15,2.37710492846438,28.7979301308638,30.4405360141204,27.5598941006944,8.69103059795342,119.971156334362,179.783192225193,161.112269685194,9.17815105692396,111.17653588922,117.517250113842,106.396371388121,76113.3195843979,134748.258959878,124282.076026128,93781.8068445499,1988.04435640417,32328.2734701639,58939.1241356533,155308.990196498
32,16,0.637570218811317,16.2816070255208,24.3208337319821,36.0150680005433,2.34021875095262,67.7628302438773,143.488190803862,210.251817917272,2.46139626654734,62.8559824555949,93.8918142419447,139.037999498651,42050.3973966183,103939.884376838,125105.004682317,139012.792060206,536.970727500271,18244.7541988616,46978.7209480196,202328.300399662
32,17,0.902762304481069,76.5858562257144,175.905714434045,1076.33366642465,1.46256103262103,135.428215628007,435.111056564424,2622.5701304198,0.934310765735337,77.1935033989732,176.3316636623,1075.08853509538,46297.0645172186,174194.860851755,328878.609311904,1696294.17929745,145.698487758498,15535.3670812344,60525.5788319745,1068498.6419288
32,18,0.0494837149343426,14.5300047780716,42.6299757144937,1087.88318178839,0.0763727033136752,25.2619861833826,104.476661284979,2637.94315610159,0.0494936860849589,14.4988808373736,42.5328564072527,1085.35661236837,9621.43603956151,45865.5674294816,112180.423925117,2077594.44212326,7.7885381006,3022.1365634767,15193.2125875928,1127777.89668223
32,19,0.00241870428218112,2.34271159077244,8.50117143211937,2114.74860669486,0.00232423115803275,2.55340077544364,13.166329627548,3233.28255296131,0.000826072623564922,0.713164249035081,2.53559306270642,614.866878146567,1802.78300112511,10373.243633496,31734.1860125007,3711113.49940134,0.499757469726223,664.341994503648,4168.93336276616,3026799.37752422
32,20,9.21747159994188e-05,0.170712547154144,0.742057214428754,2025.57515811273,8.81091333984271e-05,0.186334836100713,1.15018143695385,3106.26209874637,2.69419729207468e-05,0.0495418636566197,0.215188155323493,587.165572648347,133.652147501117,890.446775820632,3209.82565872232,3339770.28275337,0.0232372794892944,57.9325340209229,433.807885804941,3442432.50045637
32,21,4.89962559580148e-06,0.011657981891996,0.0573246625629809,2208.04699747887,4.69201863165011e-06,0.0128253590936422,0.0892829719829216,3394.8496210583,1.42067697122359e-06,0.00337945020301023,0.0166170791451492,640.057337376549,7.9573902693932,59.6548198377248,243.776791553097,3511604.64926734,0.00107647596901546,3.48413207732929,29.3969988975467,3274457.93418605
32,22,3.74698875299435e-07,0.000437244613215773,0.00237099987572156,1646.01515289849,3.4648262883637e-07,0.000464689225180418,0.00360748078228144,2499.62972515994,1.08616502675831e-07,0.000126746382354543,0.000687293397763946,477.138427215042,0.38901106812981,3.18643861267267,14.2205224490883,2958450.66580715,0.000124555469504922,0.19708922631809,1.85730956282665,3829556.69269051
32,23,4.08393323062577e-08,1.47920292353592e-05,8.51484385893554e-05,1108.899533547,3.75982548870415e-08,1.53782925023329e-05,0.000127735626347757,1673.02912249122,1.18382973987475e-08,4.2878378034385e-06,2.46823926432588e-05,321.442107286056,0.0159588315664415,0.139054337439891,0.658442211062665,2155654.41244106,2.45763022076284e-05,0.011671247122959,0.117777925013519,4633891.27359424
32,24,2.89766544945021e-09,4.90355086460538e-07,2.88341642980745e-06,765.444502803394,2.66251784996193e-09,5.06343535740843e-07,4.3085053870039e-06,1153.21703158949,8.39960395578851e-10,1.4214161700924e-07,8.35829960720004e-07,221.883125159796,0.000560002387327158,0.00509244640523861,0.0251762847404908,1615389.31658033,2.82068328398799e-06,0.000620846602022288,0.00642018607688651,5175120.10087836
32,25,1.67121838222556e-10,1.85045887468802e-08,1.1168087237288e-07,527.539910467039,1.55024150078053e-10,1.9368657951068e-08,1.68535739045415e-07,795.344842511476,4.84444210059317e-11,5.36401524406174e-09,3.23734782757791e-08,152.920562564953,1.69146229980033e-05,0.000159926542555557,0.000824583074068588,1100618.44765674,1.71355755863772e-07,2.49158940004008e-05,0.000263556545014617,3697630.7457373
33,1,6.92834161784978,0.0314373096620537,0.000316711250347057,7.88498360454684e-07,46.633721392319,0.213748494699775,0.00273339786687103,6.89955723431243e-06,46.8063920317886,0.212383730714984,0.0021396333729316,5.32692603967161e-06,688.741894648231,9.17408767250019,0.0831546886122517,0.000141751184258212,28490.9969805944,140.831857590547,2.13947546338789,0.0160500177328237
33,2,9.56496419484741,0.150888461147886,0.00195286696782003,5.3206234647076e-06,55.5516557439153,1.00791843420373,0.0168011806845066,4.64531147517268e-05,64.6188494401918,1.01937012565399,0.013193150962161,3.59449925363131e-05,2443.20335426936,53.5867065047598,0.544729544945024,0.00100240714832637,29606.8955000503,653.072401810397,13.1038629644074,0.107795957669679
33,3,10.0179394561053,0.400945994759551,0.00628998846656993,1.8727852043435e-05,55.6086619081786,2.6526017496481,0.0539774221377554,0.000163138493362535,67.6790532852957,2.70870526446635,0.0424938148666336,0.000126521357203284,5463.30170887619,165.379576433068,1.85903055927609,0.00375031837418567,28984.5212616393,1704.04316982441,41.9800794941,0.377631067981719
33,4,9.45233422082449,0.77337607822782,0.0141758295375816,4.64565856993201e-05,51.6907115516916,5.08693182189371,0.121388919091574,0.000403667539815052,63.8579454592066,5.2247631398945,0.0957688681231306,0.000313850742737424,9484.62448880979,359.634926427783,4.44820353138412,0.0101566103553011,26780.2805500268,3251.57885329254,94.1853407918735,0.931856419502746
33,5,8.41746752115253,1.21054881516652,0.0253416545146925,9.32341611522927e-05,45.7420418158356,7.93240595198089,0.216590163550935,0.000807661270647114,56.8666076878855,8.17820851534256,0.171202790129879,0.000629870023499726,13866.0253044633,622.613667157505,8.51828060110059,0.0231831973035399,23627.5439708387,5054.26092311883,167.701945352409,1.85834389493029
33,6,7.27189941861214,1.639353039417,0.0387582724307002,0.000165877367259127,39.3721837850371,10.7143902732892,0.330661312452462,0.00143147766810085,49.1273949492304,11.0751180114687,0.261842587148473,0.00112063196496094,17927.1957402157,922.551569772554,14.2184325322585,0.0490733858348352,20293.8904413599,6812.09396795748,255.522351473702,3.28016242314261
33,7,6.24359265292529,2.00575653596871,0.0536084211585656,0.000279898015916943,33.7144863149692,13.0848915995318,0.456503829600578,0.00240455512887509,42.1803746868812,13.5504615564858,0.362167011292927,0.00189093104591949,21227.4864115705,1232.27956750848,22.0879619020174,0.101161739227436,17347.6169662098,8306.5309666572,352.058921765242,5.48308710471813
33,8,5.4290660836823,2.28852200303756,0.0701283279145384,0.000466708327323392,29.2532152029352,14.9090715675518,0.595962727967633,0.00399065178492021,36.6776076434559,15.460764488226,0.473771963040187,0.00315298149804262,23633.9052441925,1546.47865077026,33.5198860546652,0.204543929865336,15030.1597366386,9453.88459525855,458.599021907375,9.05363142967237
33,9,4.82501118522464,2.49306706721787,0.0898397742813135,0.000777402769547102,25.9518423859504,16.2237763227007,0.761752298944286,0.00661964620903801,32.5967421282382,16.8426271315929,0.606938272822005,0.0052519666039956,25228.4638132041,1885.10024805758,50.9615758173252,0.400141910836686,13317.427920937,10278.2995357268,584.747806337468,14.9498876582136
33,10,4.37816354633603,2.63765434208479,0.115157527258222,0.0012806109521116,23.5125899199744,17.1476575917774,0.974109398664761,0.0108688125824578,29.5779351874236,17.8194277923446,0.77797958928194,0.00865153330637016,26176.3728636239,2284.92526231378,77.7208657479008,0.747169114223996,12052.918301675,10854.8263533042,745.844142230235,24.4581757946414
33,11,4.02622384074934,2.74191963545263,0.148631914524559,0.00205473740574919,21.5940279508603,17.8073360586174,1.2544005529266,0.0173964992631984,27.2003059162568,18.523821782403,1.00412537998248,0.0138813658218148,26635.5730743728,2785.67659057944,117.427698374878,1.32469539542213,11059.243478802,11263.0734626865,958.077815721444,39.0427122361011
33,12,3.71968545162613,2.82108731155722,0.19214143078863,0.00317789148267565,19.9267128215505,18.3006729070388,1.61834011193323,0.0268562745981202,25.1293982148916,19.0586616457334,1.29806635282983,0.021469154204143,26723.5615582512,3416.54562891644,173.347947650037,2.2354204636352,10197.0250657272,11564.4102472538,1233.33685038744,60.1515205119366
33,13,25.6589830207536,49.1437154986312,18.4665520505377,4.84144455135871,163.711407875245,370.312353320821,177.646595083561,46.0240919098229,200.069496887721,384.387660863807,144.634269851647,37.9273284068699,230895.377719954,141264.172707793,54404.5977996322,18484.8029185602,34000.5103182695,93225.07016741,53117.3560104716,39762.7830151411
33,14,6.17279960640295,28.4219788901442,20.9427536403104,11.0897752696862,38.1985210787596,211.180307483448,200.456477877542,105.036015428388,48.3390315988088,222.647736838701,164.065106693625,86.8772954270629,138270.303514408,157647.603779866,101284.322662179,52941.6197734248,8207.33105405782,55847.7222638498,63495.6240272251,96306.6843305788
33,15,1.60526407194215,16.1930572406744,18.8620100328928,17.483416439896,10.0005481287938,120.310470772397,180.351311984103,165.313666762971,12.5752647792534,126.856247108094,147.764986549292,136.965089542437,77249.7929495986,135561.204100934,124595.456309234,97167.1485081561,2163.91553111036,31830.0391625714,57067.4491066541,151296.268559746
33,16,0.468687651081877,9.16898813745241,15.0145848507332,22.8548809402133,2.93317385867109,68.0647438802388,143.406328857782,215.787618892934,3.67169160216546,71.8298529948408,117.624262154505,179.0451441489,42851.0197974145,104415.222038309,125493.922560738,144075.030782165,636.688390710353,17994.6812342037,45323.002875238,197170.983535773
33,17,1.35777182154304,78.6561695969422,198.950979972879,1236.62135817941,2.08769071864112,138.003380225027,443.81411369777,2713.93904229971,1.44147611047775,81.0438743786977,203.713281065153,1260.08936478592,47037.6700073662,175188.209813005,330231.450893185,1731519.55349247,192.465329624584,15264.4770202254,58523.7135852889,1031824.02012524
33,18,0.0844499976535072,15.0668980311843,48.913678380912,1260.37118613158,0.12360291923988,25.9810724027247,108.021719326687,2753.07574493914,0.0861418683827756,15.3313670384663,49.7646845366813,1282.21733245158,9750.89693907037,46184.7994181561,112688.727199714,2117346.69676549,11.5868610287222,2966.62728225138,14739.4950930225,1087064.0305588
33,19,0.00463566545270382,2.54750449653085,10.1950601496315,2577.4601614448,0.00399620505106499,2.60227316348685,13.4093159693819,3341.27480259851,0.00130227701616845,0.620334015608292,2.42689499957711,591.46789482529,1823.45805591155,10433.8550482516,31798.0372838576,3845699.5697246,0.794150500623759,647.142573201161,3990.02601546458,2891714.25421473
33,20,0.000131622887687262,0.181985258852347,0.868017808795754,2458.21493095141,0.000112955250372269,0.185815343088717,1.14111313210164,3193.6123309138,3.05172225681157e-05,0.0416423421200604,0.198450822086351,561.663922509783,134.878265338377,893.780452243103,3208.07822909746,3465179.62829689,0.0278925453381723,55.9688513159569,410.054438104433,3316551.45076452
33,21,4.74663671067386e-06,0.0124440347140337,0.0670400349838839,2690.49205770361,4.12349939388646e-06,0.0128137763715279,0.0886462506864297,3506.44998814769,1.08533844334531e-06,0.00284335185578093,0.0153176727272381,614.732019084925,8.01126612629192,59.7525037821435,243.073013838324,3640768.26013582,0.000885931087759462,3.34673372829058,27.5977266784983,3144728.08393057
33,22,1.96051435701002e-07,0.000461411044343204,0.00274581579299504,2022.93011251087,1.61215464363839e-07,0.000459398794097832,0.00354052276326449,2600.6753117046,4.47959343442756e-08,0.000105424796433218,0.000627372753131861,462.205379982368,0.390756229728273,3.18767674679396,14.1769788454094,3101488.1448135,5.32250952251293e-05,0.18661349525291,1.71671842957146,3686056.37763055
33,23,1.94698969400541e-08,1.53594010602824e-05,9.77261589415878e-05,1390.31830000447,1.58721372370538e-08,1.49658905844698e-05,0.000124064825494982,1774.0073595024,4.44854550866592e-09,3.50936411156301e-06,2.23287777761379e-05,317.664260454682,0.0159991969525472,0.139108151043965,0.657889066878697,2275509.20175431,9.45121653390549e-06,0.0108116796204252,0.107054756912071,4513657.87717512
33,24,1.51866723335677e-09,5.02556808338696e-07,3.29411646969337e-06,972.733942710881,1.23609194762423e-09,4.86227812877055e-07,4.1619179606189e-06,1238.83147811696,3.46989830030569e-10,1.14825747064276e-07,7.52650002982362e-07,222.253284394961,0.00056063129371016,0.00509864032873812,0.0252371571619027,1693531.92971957,1.19163468236068e-06,0.000566444291655465,0.00579250631983142,5096684.2143093
33,25,9.29404105463312e-11,1.87545557283353e-08,1.26848461634923e-07,671.132638990626,7.63070746280584e-11,1.83844861902706e-08,1.6193944437889e-07,855.345213706023,2.12353148163956e-11,4.28509937368569e-09,2.89827320517272e-08,153.342478072299,1.69126491123778e-05,0.00016023717095826,0.000828809837458729,1151340.2613842,7.6684103284309e-08,2.24611452918041e-05,0.000236389000677044,3646704.91701978
34,1,4.2047619374822,0.0180899433524303,0.000166328570406039,3.76867215960989e-07,44.5360569079642,0.194887756132627,0.00220628056907658,5.06081047373814e-06,43.0756129252755,0.185322120318672,0.00170395024112,3.86080985328804e-06,675.678969865218,8.46376276161538,0.0694581084570406,0.000108276576786061,30996.0968740708,138.867547014707,2.00282129846516,0.0136524441677101
34,2,5.78956111255343,0.0868698792294333,0.00103164665825663,2.56260122950696e-06,53.6203441674686,0.92085882533394,0.0136435416388194,3.43409231506443e-05,59.3110614107471,0.889937016218612,0.0105686868335111,2.62525251810511e-05,2395.8367700065,49.6559328914227,0.458383838265212,0.000771565545322165,32621.6319171073,645.312653722224,12.3410151696673,0.0924151402518297
34,3,6.08311203347798,0.231402165852174,0.00334383584248869,9.08825392431738e-06,54.1403607214731,2.43160652851523,0.0441164549188247,0.00012153539788876,62.3183388812943,2.37059559483344,0.0342558700298155,9.31044644218145e-05,5364.63203051088,154.048818857665,1.57610120779674,0.00290574354465141,32207.0641279895,1689.48035078321,39.791417760476,0.326266331232012
34,4,5.76845689642057,0.44794338230093,0.00758496749141166,2.27029013435054e-05,50.6692388233097,4.68237806921396,0.0998699764821471,0.000302904409450324,59.0948596236432,4.58894844353248,0.0777040718520416,0.000232579490847262,9335.61313450926,336.881844200564,3.79886583336102,0.00790338217987891,29946.6269067037,3237.1109739642,89.8656988101405,0.810991497057633
34,5,5.16133431140824,0.704052895927906,0.0136459168863126,4.58260186728379e-05,45.073370408295,7.33435337167987,0.179353811812995,0.000609736363872561,52.8752025160535,7.21265804695469,0.13979536595531,0.000469463877291381,13688.7871898282,586.53829561903,7.32364799127846,0.0180498159110617,26548.5337757892,5054.3338676594,161.051388345104,1.62732173932173
34,6,4.47394141454044,0.957502897967487,0.0209939704969101,8.18207957169518e-05,38.9304736298171,9.95117026424933,0.275468229225535,0.00108495621034165,45.8332175491729,9.80912232866492,0.215072377541322,0.000838211765123593,17754.1861358628,873.749238934404,12.2906711454067,0.0380600585111954,22873.4227132436,6842.74902069528,246.873448398996,2.88426898825122
34,7,3.84642922462048,1.17623872248966,0.0291832887659895,0.000138140395246942,33.3795394614071,12.2039071599485,0.382263717301194,0.00182440547031173,39.4046794771531,12.0499578028488,0.298967710767246,0.00141517695495621,21086.3881482923,1172.43457310228,19.1568994179718,0.0779283795565943,19572.3259591985,8378.84344992452,341.899725496669,4.827544675193
34,8,3.34216079088369,1.34684840570178,0.0383155294031867,0.000229842032692958,28.9395358451767,13.9565197411555,0.500942210976607,0.00302280860118442,34.23870999183,13.7977658320829,0.392522796329101,0.00235461283693241,23538.7247470139,1476.28463594547,29.0956322722345,0.156475239741973,16940.1152558767,9571.14815948428,447.074243465822,7.95984781193431
34,9,2.96393826034398,1.47158700472925,0.0491837515560977,0.000381516936759696,25.6176860780925,15.2337383166744,0.641703197391673,0.00499878758929142,30.3640156411429,15.075648311148,0.503862115321565,0.0039084438397809,25179.5982729941,1802.69801367249,44.1805025631831,0.304550174460785,14974.3137412271,10437.4554568408,571.327813863606,13.1056222453459
34,10,2.68274542662633,1.56065088573723,0.06307775330228,0.000626419062003823,23.1521451842913,16.1410228041139,0.821189293519709,0.00818312445514622,27.4833403870675,15.9880617416738,0.646198982449891,0.00641733954147435,26166.0399936025,2185.42096676501,67.235740927883,0.567289740890625,13517.0590263033,11049.9492624877,729.288584157277,21.3793210466234
34,11,2.46232293654027,1.62548218582585,0.0813840558681822,0.00100298444232684,21.2228778737638,16.7958933724108,1.05728810452778,0.013072922875938,25.2252258958919,16.6522249046737,0.833737591090829,0.0102750572446474,26653.8251175008,2661.71745927306,101.39369558547,1.00624650865418,12378.3057730021,11488.5628853927,936.675701177755,34.0645548217461
34,12,2.27284365075781,1.67520980967014,0.105151118536793,0.00155042565233585,19.5684923891488,17.2918443550298,1.36350706040176,0.020173663994532,23.2841085405987,17.1616587105012,1.07721886472909,0.0158833095101284,26762.1362696618,3259.64990288009,149.53070270913,1.7041710252252,11403.6352870032,11816.7249044332,1205.34013748806,52.461561617746
34,13,40.3942076235407,79.2426729134754,28.98654514887,7.54296166066395,157.250955282141,357.05001380922,160.648322174519,41.3250274689327,156.331443448721,302.56399981184,110.066756140009,28.6174220503196,231932.576622694,139324.483339189,53957.7886675285,17196.7180538036,36788.1710237889,96152.4580580496,55081.7705634793,40986.1829426953
34,14,8.92045778206871,45.5886406989524,33.5246313853548,17.252507716015,33.0062991335949,201.49652119138,184.717634667895,94.2007689505448,33.8963839263456,172.979914753931,127.18449018337,65.4513051905839,137183.493375454,156777.481292201,101294.685931408,48910.4756023215,7991.13535692805,57261.7009742592,67396.8959219546,99638.5449517066
34,15,1.96661048136091,25.796106732833,30.6535389462079,27.222424549601,7.28958042912181,113.9861653967,168.702639169055,148.404580426625,7.46175575190977,97.8637986193297,116.291141908179,103.27441925173,75644.4950705142,135398.820614603,124824.142420967,89700.3586510952,1773.96513970573,32404.0956721838,61476.4915885892,156683.742732396
34,16,0.483706072028069,14.6336758735647,24.6642171273217,35.6621472565629,1.7979298247796,64.6042697076625,135.582714822268,194.14100737103,1.83506583363475,55.5161628531184,93.5692812676549,135.292414247748,41855.33624941,104603.487251352,125789.688287559,133354.245750892,438.551394627839,18350.5181113433,49340.3738984161,204629.945072247
34,17,0.554786586752589,63.3569110623835,160.744232849749,981.935896723034,1.015101534362,132.199216003651,413.968707686129,2491.61339352249,0.686906847179662,76.5808134624951,193.634347665291,1179.28751368291,46551.985932315,175792.146639332,332603.19015352,1678897.99386178,104.553354712726,15526.9807318829,62149.5780209785,1078952.67356798
34,18,0.0265190486333159,12.0992246607748,38.9748493100468,1000.73786466987,0.0462344983386854,24.8925140744782,99.5073342418566,2528.10670069874,0.0318909504814963,14.5187239423194,46.7651523561511,1200.72088946892,9732.96139868546,46315.3632415698,113496.155356393,2065797.12859872,4.81547442500324,3020.36104714396,15469.011327482,1137519.59886573
34,19,0.00129233415664385,2.11582725172539,8.5656974761789,2125.64114890813,0.00128717758787514,2.49738648939477,12.5900522640805,3083.49522660881,0.000458227251671928,0.65346390991667,2.59937190330199,626.529104901468,1828.18936407262,10476.7627348675,32129.9998845847,3643323.44993385,0.287063695524057,671.187123066674,4338.43246436444,3094016.81570117
34,20,6.74841070021858e-05,0.154343525151215,0.758686436772788,2017.73324211476,6.65163137963674e-05,0.182106388814982,1.11440556916518,2935.2188537067,1.99501810283833e-05,0.0453807770793878,0.222941103410923,592.653888448321,135.662154474282,899.615025787328,3253.44101348997,3260281.80891762,0.018422578369898,59.0402332818217,461.697642009149,3522010.62773374
34,21,4.52007089468879e-06,0.0106355337735676,0.0593454019264527,2214.17213213624,4.46605939272248e-06,0.0126418249883823,0.0876161070525682,3229.96158475078,1.32785221569847e-06,0.00312395149404717,0.0174311262818166,650.349546232144,8.08062440090378,60.3051080651411,247.733563244547,3442142.7514085,0.00106684768500894,3.55050354294862,31.4132111355754,3344061.49033213
34,22,4.0417686879941e-07,0.000397127384139435,0.00247423245520454,1641.15653600299,3.8953103106502e-07,0.000457784611909933,0.0035680456363173,2365.08556729969,1.18715707228334e-07,0.000116644876837436,0.000726734941074503,482.042650512779,0.395139386546686,3.22170752524313,14.4542848388489,2877572.93048804,0.000147588231625978,0.201930095974418,2.0123697419984,3910568.49143502
34,23,4.36840511468605e-08,1.34429603952246e-05,8.95758043175422e-05,1098.60384527221,4.19682667121711e-08,1.52139535323198e-05,0.000127461333050302,1573.63733910041,1.28309373770252e-08,3.94848410881038e-06,2.63103229083344e-05,322.683362504884,0.0162124390269761,0.140569044928431,0.668050062136468,2086603.77520565,2.88915960363581e-05,0.0120149983646287,0.128845595900652,4703050.33425034
34,24,3.00917194983603e-09,4.44309147458871e-07,3.02538820566519e-06,753.615493330505,2.88592905072613e-09,5.00090898575897e-07,4.28961829668128e-06,1078.15453405589,8.83857933273361e-10,1.30503065823187e-07,8.88620992456393e-07,221.352931241021,0.000568903984673196,0.00514679161937627,0.0254872163983972,1562412.12567645,3.22374671275582e-06,0.000639055041707361,0.00702030932549041,5228184.71249014
34,25,1.71336115997876e-10,1.67952984414669e-08,1.17192908406504e-07,519.231808882215,1.65797204058814e-10,1.9134820343224e-08,1.67869095579483e-07,743.357815652645,5.03250687391736e-11,4.93313708944433e-09,3.44220547828356e-08,152.509447996779,1.71826639184685e-05,0.000161609128314556,0.000833431700244776,1064554.53926226,1.9316386553121e-07,2.56330884969642e-05,0.000288133200886017,3733755.36033866
35,1,6.81572968831695,0.0301855598802565,0.000306073584815752,7.228535872737e-07,45.3037366587317,0.20318654820098,0.00244251215820045,5.84272233757012e-06,42.930490940228,0.190130912495895,0.00192787711086889,4.55306486593191e-06,697.371321440752,8.96681196217115,0.0785938374580355,0.000127826111571299,29947.4426281416,139.943669609839,2.08414324575618,0.0151949686417593
35,2,9.28517197401537,0.144033792853656,0.00189219031288623,4.90080721594495e-06,53.962632789079,0.953653013658529,0.0150526736362152,3.95270569105143e-05,58.4848592209001,0.907231026164341,0.0119184097373745,3.08688973015717e-05,2447.33667247506,52.3946091772599,0.517048228349899,0.000907943111557627,31323.222509559,646.179075106554,12.7995292511474,0.10255573823847
35,3,9.69285745239072,0.381901863877637,0.00611484518889657,1.73289799652656e-05,54.1803891199288,2.50627318387529,0.0485229525239913,0.000139462259475489,61.0527629577306,2.40549952198936,0.0385158035878101,0.000109150692797786,5444.60821890789,161.995961893284,1.77238617638077,0.00340745362410796,30805.3165751679,1684.1334695454,41.1468554287079,0.360997746502624
35,4,9.15516523221308,0.736645229894986,0.0138323721872409,4.31524465872794e-05,50.5410062643224,4.80880343061314,0.109533901354106,0.000346462219716446,57.6659809046608,4.63993479999324,0.0871264788983799,0.000271805925701454,9434.29029367572,353.223723326685,4.25878133522172,0.00923268902468702,28571.3663021775,3215.81798814679,92.6722326937493,0.89453349764506
35,5,8.17212333487596,1.15453057558722,0.0248204864529284,8.68037743332666e-05,44.8726853391969,7.51096865418371,0.196182762541796,0.000694950314881708,51.4740582203095,7.27208482173576,0.156337724282992,0.00054675417277473,13791.894134768,613.392125554298,8.18342812814076,0.0210028666489882,25291.5136499519,5007.4614956598,165.652210326905,1.7888689562724
35,6,7.07544211806577,1.56655490517467,0.038088141351169,0.000154406351045852,38.7238448142175,10.1675906836609,0.300528893450036,0.0012318120700371,44.5663513135507,9.86731784261508,0.239907197318775,0.000972565045537259,17848.8397883534,911.599051618079,13.6842355134454,0.0441363490203224,21778.3864407685,6764.52378055842,253.287408336788,3.15890945430923
35,7,6.08223426397222,1.9209132998245,0.0528074409322269,0.000259719405435463,33.2057441740089,12.446759447788,0.415932477993912,0.00206330177482597,38.3103959380001,12.0993282870998,0.33262019889134,0.00163590431134042,21165.2555039468,1220.54070931132,21.2459362030732,0.0901767543664237,18641.6944090068,8268.7156384147,349.888279151814,5.26765871136529
35,8,5.2883901087275,2.19639841612595,0.0691424297070931,0.00043078034728848,28.8132752427016,14.2141987571747,0.543545100590788,0.00340727763482956,33.3101801323316,13.8345366698236,0.435510002283952,0.00271337224951818,23600.784528251,1533.62207694353,32.1433784665954,0.180939927244533,16151.401332953,9432.64356256091,456.300836256501,8.65813999040609
35,9,4.69499923828971,2.39717959300768,0.0885013678356889,0.000713579359467739,25.5368623586263,15.4982383116491,0.694252529202304,0.00562182214628739,29.5725669122811,15.0992045614896,0.557446868319985,0.00449464894115075,25228.3358839031,1868.83452848262,48.6459185302101,0.352228281460826,14296.5367928869,10275.869769113,581.500951691482,14.224927794877
35,10,4.25411858156593,2.54006088740668,0.113182438286679,0.00117044956490574,23.1057736827345,16.4074003730205,0.885878651343404,0.00919218506535831,26.795575466795,15.9991763026282,0.71290644782878,0.00737235435382825,26206.813698851,2261.00052057303,73.8539114106805,0.656272602845016,12921.5380815428,10870.265016181,740.237334508642,23.1801137057142
35,11,3.90747729473276,2.64361386012215,0.14565678137366,0.0018734113571051,21.1971699725807,17.0608045268698,1.1375845641743,0.0146781155046094,24.6121730573055,16.651429276307,0.917453804522698,0.0118001260277946,26691.6847364446,2748.50493311691,111.210069392056,1.16355602475465,11843.2276066889,11294.253823902,948.361295686383,36.9194497604726
35,12,3.60773872311744,2.72250998567303,0.187792734823456,0.00289542197917594,19.5504629099752,17.5522864221436,1.46383651638564,0.0226447772025826,22.724198530495,17.1483752465949,1.18285710696514,0.0182375024728782,26800.5787742589,3360.2403048125,163.867177684062,1.96681084972031,10914.4125663573,11609.4624754306,1217.8221304935,56.8472073025541
35,13,35.4899144349532,69.4811132711626,26.9692489932794,6.8933658910643,156.827408340667,355.281558972862,163.781275984094,41.3687910124102,167.031906742999,325.410623241237,126.048274373663,32.2069007449041,232537.187879036,140527.189195172,54180.1080185934,17364.0238005164,35755.6541947301,94321.8681956986,53892.4465429599,40417.5897145462
35,14,8.11688009434058,40.2437662062115,31.0336418524706,15.8498793151606,34.4959837707307,202.539482725552,187.432739635761,94.7797062168356,37.9438389275363,188.032839594367,144.991418138508,74.0514892006512,138736.287629288,157745.734551725,101345.171440794,49710.5133594757,8121.18209915946,56456.8994717552,65264.4639649079,98171.4726936047
35,15,1.92071137270572,22.912374562807,28.2228352115451,25.0452419106688,8.19355164867141,115.292210064676,170.261124878041,149.518115642672,8.97404189840308,107.048010814987,131.858595856849,117.012703400092,77230.2409486475,136182.434399316,124899.886165233,91353.1323965102,1939.78655706702,32146.973582708,59217.7290298103,154592.909985408
35,16,0.509712011699668,13.0226970275787,22.6351808449705,32.8366415804172,2.18192926600377,65.4746642903349,136.396763068696,195.748897455955,2.38140833535636,60.8427363356897,105.752769796682,153.414537246349,42922.188894038,105233.921272259,126009.250023587,135842.724431975,517.947866509166,18243.0248232651,47381.5816706443,202073.948673295
35,17,0.923096330091809,79.7229370311726,210.572197246056,1274.03527160471,1.35309604856181,132.08918713819,414.623414240198,2468.58367760442,0.784536116601637,65.6513870696067,172.529487254532,1038.9039280922,47598.7252644903,177261.995164899,333665.644287188,1690523.6595526,137.422913487501,15475.6456982233,60424.2292933247,1065284.76620466
35,18,0.0499958368945258,15.2492108518527,51.4664653550442,1300.31781931265,0.0699293160960237,24.8894988246793,100.387125505457,2507.84184167206,0.0408171775732952,12.4179136716242,41.9060425757813,1058.70632222928,9920.89714550728,46786.5675693166,114082.731775527,2079262.70352568,7.20552851849183,3009.38157123896,15131.0221804782,1123004.90892859
35,19,0.0021930175340367,2.24093732261361,9.4163971984589,2316.06289270777,0.00212529101185821,2.56529580783718,12.9294148231071,3140.88751507237,0.000754924245721093,0.709478839057809,2.95048213215814,711.64385023626,1859.77339751902,10584.2242211573,32291.4157385951,3734607.99826803,0.452345250581333,658.33855385084,4139.72387310516,3002308.27953916
35,20,7.50730993497183e-05,0.159250439344807,0.807590814793838,2180.75004657788,7.28928585109279e-05,0.182649091147701,1.10975807171612,2964.31847167703,2.3148297586198e-05,0.0488516772627223,0.247648482258855,668.520137542048,137.798115949292,908.148052579839,3266.47456646114,3332526.3982498,0.01948611107796,57.5020886042421,434.643709350225,3449502.86070179
35,21,3.72497606003962e-06,0.0109227955506737,0.0627509295437012,2387.06451086942,3.63195495248376e-06,0.01262306902008,0.0867023736972329,3253.9019706092,1.14212591016771e-06,0.00334847668195243,0.0192366566576917,731.764650425956,8.19754992683685,60.8258734156586,248.341816025876,3511887.83729355,0.000840615071808998,3.45019486807586,29.4531685136459,3274038.96628199
35,22,2.68310150620595e-07,0.000408811618464795,0.00261805654530747,1799.1818723798,2.53065885946155e-07,0.000458779268038086,0.00353333507594905,2422.57555897051,8.22519606273909e-08,0.000125322987981277,0.000802576343337287,551.546756812635,0.400434666009004,3.24936661865114,14.5051643621053,2970362.8073074,9.04413170674447e-05,0.193429068497872,1.85399833684784,3817493.67806776
35,23,3.00651145027036e-08,1.36632131283047e-05,9.40568630852765e-05,1220.44969262734,2.82544513283485e-08,1.5045734357478e-05,0.000125104795993658,1632.52559375523,9.21658766385013e-09,4.18851545167737e-06,2.88335264191949e-05,374.13397731008,0.0164168220899391,0.141911399778965,0.67272296052451,2165211.87998172,1.82458833116334e-05,0.011295767732546,0.116996217218827,4624210.05111209
35,24,2.20979339242791e-09,4.47765182430046e-07,3.17229156283658e-06,843.083015981814,2.07321772934561e-09,4.90130881970983e-07,4.2014556883885e-06,1126.0147777003,6.77421443185368e-10,1.37264296757956e-07,9.72479297571982e-07,258.450638217469,0.000575833477229421,0.00520339560264785,0.025769726059543,1613935.86097369,2.17377426802051e-06,0.000595562794635107,0.00636178128952224,5176486.55207651
35,25,1.30451529987181e-10,1.68406869066011e-08,1.22797128002762e-07,581.115716973126,1.2340438254181e-10,1.86561335411019e-08,1.64322334704939e-07,776.6841578067,3.99904642174536e-11,5.16258327674769e-09,3.76439751509065e-08,178.14346284156,1.73867205818346e-05,0.000163574726400231,0.000845324113974951,1098099.15229813,1.34901873160645e-07,2.37603953654745e-05,0.000260857588787184,3700089.90305284
36,1,3.07289217238015,0.0140073250840507,0.000130991090589274,3.12492903852625e-07,43.4982593088082,0.194985230266488,0.00222869223963309,5.38400535937299e-06,44.8609086977299,0.204491826085879,0.001912328524886,4.56205907725123e-06,671.075376182605,8.67903369852526,0.0722841562215791,0.00011876356692688,31042.8881635637,138.670095422661,2.08557304118836,0.0143945276740558
36,2,4.19537952524616,0.0672846110522927,0.000812623804512462,2.12225865076159e-06,52.0322215419699,0.921136476004175,0.0137845163514586,3.64892374229901e-05,61.2480123858737,0.98228269130615,0.0118634303629336,3.09826854389882e-05,2365.07732187768,50.9258445625966,0.476607414834656,0.000844244054784807,32702.2046801169,644.730288714575,12.8565477750633,0.0973384691430485
36,3,4.39656189941538,0.179456325065439,0.00263354166997396,7.51378712278317e-06,52.4880532444788,2.43506411981039,0.0445656282376363,0.000128919828710061,64.1850578833756,2.61986863266833,0.0384468656174356,0.000109693181270421,5291.22131967461,157.993581323705,1.63663492734323,0.00316939190915339,32326.7307748769,1690.70838749038,41.4568339711737,0.343136073031569
36,4,4.16861317149272,0.347853438463071,0.00597060973143648,1.87272802964744e-05,49.1557008012878,4.69524396727238,0.10083370744357,0.000320582612041511,60.8572525138883,5.07828471280077,0.0871644571323457,0.000273398077253784,9217.72038882487,345.424604622871,3.93769196381275,0.00858703565682705,30098.0771038077,3244.92589651051,93.5961247808376,0.851185478075671
36,5,3.73224304082331,0.547328983546154,0.0107311686995395,3.76941978247259e-05,43.7689255562351,7.36262282542787,0.180910624956025,0.00064349243767639,54.4867196438026,7.9904123480737,0.156663479303634,0.000550294599416228,13536.3267879181,601.04713661348,7.57323896637777,0.0195326663852964,26715.8040111762,5073.45633316745,167.605748976577,1.70356281052245
36,6,3.23752118163518,0.74489169418638,0.0164854616520485,6.70951288834457e-05,37.8363974702031,9.99696324040877,0.277454093727794,0.00114146863726297,47.2643145248428,10.8746146652811,0.24066994496577,0.00097951645617662,17580.3885053009,894.431936026643,12.6725249938373,0.0410725619851085,23041.152052995,6875.08307609879,256.589738113398,3.01088951461653
36,7,2.78515337373992,0.915362230936522,0.022870505544735,0.000112998246489017,32.4638269628108,12.2645308444535,0.384255979164065,0.00191453086899172,40.6602328358771,13.3633004882131,0.333884693493358,0.00164965242331329,20901.481545184,1198.35542856977,19.6918077190879,0.0840807758149064,19731.7990577584,8422.73248645559,354.712418707834,5.02809154808706
36,8,2.42129360160335,1.04810827946838,0.0299554117839031,0.000187853298316121,28.1617331016488,14.0259425190022,0.502346441477253,0.00316911709238826,35.348272929405,15.3012495046797,0.437316676816453,0.00274245537805496,23348.2320010861,1505.89960651357,29.8374345443328,0.169272841902744,17089.5734505669,9622.44618013424,462.799445378553,8.28488110296029
36,9,2.14837363401294,1.14477958576,0.0383583877842713,0.000312234934618907,24.9427932254655,15.3046165583063,0.641919157760923,0.0052470618349232,31.363936004762,16.7125462251498,0.55999105586886,0.00455829300490262,24985.5154280143,1834.59159780111,45.2713712914435,0.330967533893877,15115.9587389151,10491.0450959871,590.07496054255,13.660322081719
36,10,1.94560067500239,1.21327125100812,0.0490984809487544,0.000514295505350095,22.5552136633844,16.2060032530026,0.819834543658488,0.008616024735059,28.403669685526,17.7124506047661,0.7167848227272,0.0075081592242441,25968.4486874578,2218.99558296321,68.9741834450874,0.619843222111779,13653.8315126599,11100.7418906373,751.851066010085,22.3568861344861
36,11,1.78673915465192,1.26247674839303,0.0632852975257639,0.000826998137951619,20.688050007048,16.8480694770027,1.05444803515727,0.0138227246833557,26.084462970731,18.4307977519428,0.923897030859029,0.0120732801148385,26451.7413914657,2697.70821283842,104.299641254956,1.10538309471141,12511.9108457766,11531.8585428349,964.794272629552,35.7779949084318
36,12,1.65009155656496,1.29950472458122,0.0817777098202141,0.00128440714376169,19.0859151624563,17.3248334677931,1.35994742691414,0.0214303858199867,24.0895555422692,18.9713662346154,1.19386628881042,0.0187509578516631,26553.6233239224,3300.38101654514,154.386839842496,1.88075406486829,11533.8544757242,11848.2564367841,1241.7679104033,55.3646282420246
36,13,28.5422862643634,58.9570837175692,21.6653004914206,5.80872180389601,153.02413269353,352.646960463951,158.231075647568,41.9525394531704,169.545764074667,346.162503676945,126.55456820588,33.9036876622658,228847.981801967,139784.054332032,54546.0024961438,17683.2649122685,37235.3478990925,95480.0085659384,56349.9716605176,41646.1617808061
36,14,6.25446421431553,33.6518168369818,24.8774101325748,13.1741238879383,31.9090504723738,197.399497393751,180.607975944246,94.8182971282596,36.5544550080155,196.436530447916,145.19564923748,76.8893661799821,134858.966100303,156267.709073276,101652.333217754,50037.6505950939,8062.17595956319,56525.3605369823,68559.9531267294,100539.067014118
36,15,1.36954370444216,18.9698207818363,22.6468441427594,20.6896670339813,7.00034249675614,111.261697174221,164.222815238232,148.676775038614,7.99407693870479,110.715778085781,132.175865064584,120.75299666029,74252.5420333967,134246.155402435,124725.501603967,91384.9716422259,1777.35452389502,31874.3723475214,62268.4248287411,157383.692955873
36,16,0.334857394729155,10.7390175178401,18.1716052713188,27.0133262019663,1.71604859223807,62.9334757662084,131.614064984562,193.8449385506,1.95437430480884,62.6771176434651,106.056602379931,157.660346871428,41077.2896531506,103338.827116002,125351.337612587,135409.216691251,436.59399623156,18016.297055269,49840.654871937,204882.975355745
36,17,0.621163856199777,76.2368307508231,192.492177201287,1214.52699311314,0.934590446641235,125.632148343485,388.616320122184,2415.22396833207,0.565703739261546,66.8582396624897,167.895011336522,1054.02739731771,45679.731344304,173154.890341351,330101.006753647,1674198.08130452,103.997821905854,15428.8651515558,63017.1957370826,1088890.29037116
36,18,0.0294682324336741,14.585216300406,46.5562910193581,1236.36917376102,0.0420449366654237,23.6620678790182,93.0943149480095,2447.04897204173,0.0256248754487483,12.6401530135726,40.3426224028384,1071.28842438342,9545.95400846391,45585.6467359538,112428.725818166,2055083.01825048,4.75590392469371,3013.20085141084,15686.6064370224,1149988.42960865
36,19,0.00118465385016251,2.06662743297456,8.33517117501242,2109.15568455263,0.00119492463275721,2.40715512498571,12.0186105966404,3010.38679272734,0.000494095768995138,0.802440056567026,3.20624945462246,798.933270954829,1792.70553563804,10303.6410046961,31782.5635678186,3637965.38597026,0.285502354973342,667.53302113845,4412.15578248885,3099778.24132529
36,20,6.670631277445e-05,0.150574281129851,0.743278397000164,2009.80487511675,6.76967613343768e-05,0.176074007856688,1.07394402404426,2877.59723484072,2.52948509018762e-05,0.0569618488660047,0.281092291570577,759.888994563288,133.058977473337,884.197658665537,3217.08840796177,3263551.67737159,0.0198788567840422,58.4560725910547,470.47329279537,3518685.25061969
36,21,4.69856157184047e-06,0.0103070209711778,0.0578821980965878,2192.94758103515,4.77902607997892e-06,0.0121365555016757,0.0840254665028041,3147.71421851719,1.77659767828391e-06,0.00389702813426534,0.0218847615304841,829.131602182272,7.92928124710216,59.2450810704736,245.076827061352,3436313.03828653,0.00122057565176071,3.51906817437452,32.1165761062819,3349819.09000635
36,22,4.2312196796306e-07,0.0003855015979107,0.00242966719505414,1630.93829413963,4.20806407205562e-07,0.00044041747809222,0.00344587172741511,2313.09487419016,1.59978384739889e-07,0.000145754376715356,0.00091863302088906,616.641496089781,0.387951414664831,3.16461987367912,14.3008008703582,2876915.03183771,0.000169845383121187,0.199825200222826,2.06401487227255,3911154.16834666
36,23,4.42416830495636e-08,1.29745763949342e-05,8.78517914297199e-05,1091.10203476924,4.38545169092216e-08,1.45466298339062e-05,0.000122908485146659,1537.73757612793,1.67273392401509e-08,4.90555798193851e-06,3.32158859027479e-05,412.534792714894,0.0159257376087359,0.138079704879376,0.660556807400423,2076701.63290778,3.22358396830388e-05,0.0118562879944624,0.132407270964449,4712906.03355401
36,24,2.99084439083085e-09,4.27765750214475e-07,2.96547768871832e-06,750.15385737336,2.95977729214454e-09,4.77007149221695e-07,4.13471492123427e-06,1055.82527807601,1.13080842307897e-09,1.61733962213731e-07,1.12121752575622e-06,283.625688702198,0.00055908788575797,0.00505637807398892,0.0251833915380972,1543245.69869873,3.52863884636411e-06,0.000629005691772427,0.00721089359788681,5247314.65782553
36,25,1.69397765377813e-10,1.61513718127907e-08,1.14977262907504e-07,516.997074478069,1.69135571224779e-10,1.82342719033837e-08,1.62004833370625e-07,728.175061740608,6.40476048989864e-11,6.10667252995296e-09,4.34717559029146e-08,195.471435445652,1.68933372084037e-05,0.000158807871867415,0.000823232864191303,1049889.99404353,2.10234857314056e-07,2.51859058408397e-05,0.000296089733375185,3748394.36106402
37,1,4.6706933278614,0.0193437208861736,0.000180241139816896,4.04509051322773e-07,41.5957326193509,0.182304421445699,0.00208691422757458,4.7429422488105e-06,46.8380952578687,0.193980417447589,0.00180747291323365,4.05644989909909e-06,674.372881859968,8.49236111434934,0.070799296799735,0.000109812887257167,31263.8029866668,136.965539527884,1.98609913339223,0.0138014114083588
37,2,6.45621643593677,0.092958445828713,0.00111808051095023,2.751636331606e-06,49.6929118033673,0.86146115376404,0.0129053979345406,3.21936397771254e-05,64.7434672338645,0.93219490878933,0.0112122029432901,2.75936345137406e-05,2396.8528502436,49.8402172900007,0.467384884833522,0.000783333641646637,32924.9862387169,637.298210652565,12.2413482879255,0.0934684419657379
37,3,6.79687777135824,0.247756920375802,0.00362444237248732,9.76450830272467e-06,50.0628000645977,2.27522241160225,0.0417306681202145,0.000113993116824736,68.1596470082813,2.48452669074537,0.0363462049812949,9.79192890488226e-05,5375.59804602448,154.66217047115,1.60773943134387,0.00295518940251538,32513.204124023,1669.94871234191,39.4797071993489,0.330209020892397
37,4,6.45001231574958,0.479781474886152,0.00822275898149094,2.44162495301248e-05,46.8127061398612,4.38198102601418,0.0944757106003281,0.000284354306619165,64.6812518084617,4.811287927989,0.0824585005742421,0.000244848150168641,9365.23868963558,338.305277932726,3.87765204892372,0.00806120514430158,30228.3368091667,3201.51907847467,89.1844252724973,0.821661824288595
37,5,5.77147093205006,0.754265169368731,0.0147968660038566,4.93647065179543e-05,41.6142965856358,6.86448080024345,0.169693590818081,0.000573246267467681,57.8767832349114,7.56383289860761,0.14838418426497,0.000495033320315071,13742.978690071,589.172550689311,7.48344124768186,0.0184927117495757,26789.0731287254,5000.56371246783,159.881867208487,1.65154420470833
37,6,5.00112452296678,1.02590522042148,0.0227735658662219,8.83611364317038e-05,35.9149142607229,9.31386960333671,0.26071315545764,0.00102241466307434,50.1516863472678,10.2878615799953,0.228375183838467,0.00088609271360076,17834.0154110834,877.980757583439,12.5800573096237,0.0392246636080593,23067.8156462593,6771.34753994949,245.194586924643,2.93485053246452
37,7,4.2971801034642,1.26028891468376,0.0316768054063858,0.000149694158102801,30.766463334503,11.4218273944736,0.361984859701042,0.00172478614809534,43.0924740499783,12.6382804639032,0.317657599191727,0.00150114527856955,21188.7247217773,1178.71612419063,19.6566394413078,0.0808329154378653,19724.4540823799,8292.13478809025,339.81043277274,4.92968682062219
37,8,3.73119577689622,1.44298726406979,0.0416273426401143,0.000250051534333398,26.648706339059,13.0606133778135,0.474758806259472,0.00286851147107529,37.4167368646406,14.4703944759607,0.417442401597871,0.00250753726745886,23658.2339948971,1485.30340527151,29.9497493859054,0.163293365097583,17058.0279906588,9471.94364479962,444.781446282247,8.16184444005382
37,9,3.30653564756797,1.57636179132253,0.0534983026060212,0.000416693061813538,23.56785483616,14.2529342926613,0.60882410617492,0.00476150802994126,33.1582103047728,15.8078851596612,0.536485360459843,0.0041786321542656,25310.5622308728,1815.55082512733,45.636521360377,0.319512039108764,15066.3245944667,10328.0006548804,569.119644687971,13.4935219410351
37,10,2.99074199094228,1.67127918805166,0.0687028899678661,0.000686608426121746,21.2811184941582,15.0969649932909,0.780078538238537,0.00782149102493971,29.9914056501761,16.7597245885333,0.688958207898267,0.00688536553571388,26303.3311262218,2203.71697053137,69.6855895464606,0.597965354504244,13589.685528138,10931.3860747251,727.511291141901,22.0940862563602
37,11,2.74316858053573,1.73994088759244,0.0887588510318022,0.00110284060008254,19.4919507995735,15.7021383814877,1.00559255660541,0.0125336962348823,27.5087192124333,17.4482697354549,0.890081028186463,0.0110593758688419,26793.1426737405,2687.560933556,105.406017456865,1.06524493201336,12435.78553044,11360.8737959565,935.722610656637,35.3195308764801
37,12,2.53035265010139,1.79208282447921,0.11481492129092,0.0017097520347114,17.9581556237117,16.1555161010773,1.29826698285032,0.0193965425857765,25.3745836307594,17.9711533493852,1.15137343493951,0.0171455334460622,26899.8717886912,3295.49608511106,155.867393164265,1.81126426777258,11448.2920409636,11678.986795772,1205.65073621849,54.5578378935074
37,13,27.0255770634413,50.8126593123768,18.7520934076442,4.82902827957038,143.691335236401,331.65572249616,150.548926171053,38.3048449691776,186.022908709835,347.278012074906,127.819234713801,32.9021526651278,232865.396163152,140303.429552965,54762.7936985906,17530.0721444723,36665.1115068393,94346.9630353034,54223.9960050334,41142.273476806
37,14,5.83310061932064,28.8870756634012,21.3924978025919,10.9133172391513,29.5225868500354,185.218096402184,170.752768002097,86.2521474928681,39.7792893840008,196.831288056601,145.752793022954,74.3549788370215,137835.490535991,157517.186509938,102104.434404617,49479.9722743748,7873.76302060596,56122.9217721361,66029.6015593971,99658.3492983765
37,15,1.2655578428208,16.3503869639445,19.4798157110407,17.1780902258751,6.42261529548018,104.844527450111,155.32466738467,135.548822199079,8.62327210999686,111.399254155061,132.720522758488,117.038322599696,76227.7575476494,135947.566241186,125448.565642437,90476.265929777,1721.9927149696,31788.3937518958,60005.5519782606,156361.324438201
37,16,0.307001232753558,9.29019444092049,15.6315934279003,22.4726573993895,1.56281754070437,59.5214776799983,124.497753520619,177.068502423757,2.09168542441194,63.296258820918,106.501680344194,153.111439544361,42343.2333490767,105052.008044336,126267.183773344,134299.430536,419.889101131077,18034.03561227,48039.6730886054,203944.536416601
37,17,0.612286523632327,72.6433748448356,183.834930074715,1103.43789839647,0.837914521531678,118.641817753799,369.712423486806,2182.42599029854,0.604359137691966,68.5537227625212,172.498251199766,1030.14868304163,47376.3858127066,177288.745160311,334115.830688172,1670472.3761845,99.5663067615718,15594.7687507548,61765.2599825604,1084263.59868765
37,18,0.0288583873428447,13.8460011323765,44.4293213972513,1114.32768301462,0.0371236712695155,22.2317232137744,88.4174319102373,2191.83989374894,0.0270241819916205,12.9077961369453,41.4132501970627,1038.61323773663,9936.42062971847,46887.3252946233,114364.985690877,2055513.44876931,4.52826454259686,3060.85125743954,15504.0954581316,1146482.43518372
37,19,0.00121658559851388,2.05655482009155,8.28329091867232,2009.30677881495,0.00105545919976234,2.26608548553105,11.3652491932839,2722.94742719614,0.000502110205178378,0.772648526998021,3.07775664208008,733.023676933232,1869.04191364884,10623.9272388707,32424.0864955325,3610955.56841863,0.272576633567644,680.637933312298,4350.65119794811,3126252.55012664
37,20,7.03399009243787e-05,0.151639068207874,0.740024302702438,1932.11981431318,6.12407330155298e-05,0.167769857189807,1.01781864549707,2628.814607218,2.57116398679981e-05,0.0552361597871656,0.269459858886599,703.32897406749,138.771342244764,912.645725711668,3286.36675170537,3246309.32566067,0.0191779216312881,59.5174585323441,458.789636197273,3536217.894531
37,21,4.96581104734597e-06,0.0103255052955509,0.0571526017336174,2097.90534764004,4.33077851325005e-06,0.0114994931657995,0.0789592319086388,2860.97923735173,1.80783858745117e-06,0.00375872915128548,0.0208046884999956,763.675917194823,8.26788627364995,61.1739932429936,250.252832871677,3417249.64713048,0.00118632278022971,3.58312169118957,31.2341078700065,3369323.09662859
37,22,4.5405325592397e-07,0.000385953446616007,0.00238439386352121,1558.21065329204,3.86018795192511e-07,0.000416499141166748,0.00321542514228271,2098.79116024907,1.65284038118222e-07,0.000140494199818438,0.000867963093596159,567.217175537905,0.404343672735196,3.26770728104169,14.6054531205273,2845358.63989329,0.000167815978279265,0.203877983636384,2.00108474394329,3943046.65106916
37,23,4.72387276698472e-08,1.2963512512374e-05,8.57466770008891e-05,1037.03655287407,3.99973452150521e-08,1.3717138008159e-05,0.000113983383185415,1387.91650576775,1.71957614439255e-08,4.71895577442699e-06,3.12133587775463e-05,377.500271355905,0.0165902055898573,0.142557576170345,0.675447167247806,2045552.22624888,3.17778213288276e-05,0.0121061387618862,0.128020149242497,4744294.34540562
37,24,3.16552519005155e-09,4.2600262972195e-07,2.88967232141339e-06,710.989704873964,2.67511671231134e-09,4.48291822684832e-07,3.82753340943163e-06,950.389769959975,1.15230906385898e-09,1.55072748483188e-07,1.05189357369593e-06,258.813255692218,0.000582113904113535,0.00522020097854955,0.0257978747087104,1520955.11402441,3.44772767119684e-06,0.0006403163810315,0.00696053872082676,5269774.65403176
37,25,1.78114048617926e-10,1.60327540651991e-08,1.11845151025363e-07,489.933262047182,1.52069832988245e-10,1.70898940354834e-08,1.49744189760521e-07,655.382785930031,6.48367711836417e-11,5.83621569919669e-09,4.0713680482277e-08,178.344667655656,1.75792537360027e-05,0.000163934760056534,0.000844437324876463,1034826.36900907,2.04316561119674e-07,2.55654582438707e-05,0.000285296566178689,3763574.96893794
38,1,4.24265109321529,0.0194052090154095,0.000174645732983366,4.00586151254768e-07,47.2898543572899,0.215314136091454,0.00256442341118267,5.95085862842998e-06,46.4921381985713,0.212647620436979,0.00191381600213086,4.38973328123859e-06,695.517621034813,8.9220740600188,0.07770998394218,0.000123869447573173,30800.2202511933,140.958831586132,2.09063133523663,0.0151763743999859
38,2,5.7936805410095,0.0926588721889103,0.0010800965770415,2.71761199248868e-06,56.4326455925658,1.01075987881394,0.0158135869759592,4.02905700034437e-05,63.4887457094315,1.01538141989089,0.0118359955189153,2.97803400630632e-05,2434.11290937208,52.1156498025645,0.511389601456271,0.000880231903918092,32161.4010605694,650.574687504723,12.8451451635702,0.102501442794665
38,3,6.05328042815181,0.245833805834081,0.00349181134332266,9.6141185276321e-06,56.6764257205792,2.65720528080243,0.0510048995746726,0.000142250770352835,66.3335127110486,2.6939144944057,0.0382642295984951,0.000105354156498731,5406.05478161412,161.106185425031,1.75338713878848,0.00330355554539189,31607.8205152106,1695.56813027828,41.3120229044797,0.361012265735916
38,4,5.72147953125901,0.474437001253808,0.00790130437174834,2.39470882300595e-05,52.8919613049498,5.10019443045322,0.115191062992208,0.000353545869981251,62.6975471758626,5.19901121826434,0.0865846676357033,0.000262418782733688,9358.87066215736,351.238460361093,4.21328838134603,0.00894498728284503,29319.8312648332,3238.17495332614,93.0789866234791,0.894874461754236
38,5,5.11254179502395,0.743884176227626,0.0141803053526579,4.8164629205519e-05,47.0043563723652,7.96848907126859,0.206379146684448,0.000709226286936362,56.0246398909249,8.15168750977708,0.155391688279057,0.000527801261076337,13674.6657559331,609.825985109766,8.09358976052086,0.0203136929013231,25975.3360667871,5043.19092574462,166.416596133116,1.78951019948591
38,6,4.43313869720457,1.00962988106574,0.0217590975556461,8.56193993913472e-05,40.6222964137948,10.7890159186952,0.316173646099157,0.00125665736909503,48.5795537826495,11.0638020729492,0.238442178818582,0.00093824093980928,17691.3215930835,905.970374224452,13.523193021992,0.0425725394172271,22397.7626727281,6813.57540828034,254.456080590976,3.15842922090185
38,7,3.81806056755209,1.23814643444027,0.0301576477910665,0.000143847890570056,34.8982969109436,13.208245833331,0.437495527851154,0.00210316643033141,41.839358376892,13.5679493494339,0.330475803463614,0.00157632476982397,20972.8194890127,1212.24391162896,20.9667215378963,0.0867016332182795,19206.0934866276,8328.71614695005,351.402408944354,5.26155099316774
38,8,3.32686965143783,1.41565368067948,0.039461210281093,0.000238238445680022,30.3462859439762,15.0826278276234,0.571445584967252,0.00346918004776611,36.4567531491403,15.5131226012713,0.432426801441521,0.00261068244769906,23380.0376908471,1521.74524737118,31.6616783243513,0.173424084527,16674.8475997451,9499.99143425374,458.011188639943,8.63667213484535
38,9,2.96028768700825,1.54480974900976,0.0504674168187595,0.000394047489721962,26.9564068833463,16.4419703417741,0.729395253743411,0.00571718216415687,32.4396471046158,16.9284503400047,0.553035841437647,0.00431808082881255,24985.7134465671,1852.0282919685,47.819973121742,0.336672642018719,14792.6854398706,10346.9789949287,583.226025146157,14.1703593591106
38,10,2.68850074314184,1.63649654638105,0.0644861499706216,0.000645472079117654,24.4465874885601,17.4019704746513,0.930077982660801,0.00933792548485236,29.4613309817059,17.9331794965426,0.706656977077939,0.00707326066799297,25948.2875276754,2237.47073726998,72.4657159407747,0.625791457411968,13400.5597915329,10942.4044412126,741.837024923479,23.0627920888512
38,11,2.47517911716203,1.70278067307174,0.0829307087076111,0.00103191788801346,22.4797016300027,18.0900183549902,1.19370324840281,0.0148960849137648,27.1236939010472,18.6595391972974,0.908777527406273,0.0113080401864347,26422.9627913334,2716.14810561404,108.951505124865,1.10714960451084,12310.8478776792,11365.8547317348,949.796542696264,36.6924991977323
38,12,2.29073736037848,1.75322284151068,0.106873765327417,0.00159313083886784,20.782980153825,18.6067493506107,1.53559099418427,0.0229594925697424,25.1025303743832,19.212298360041,1.17115213064536,0.0174579661399677,26527.2828010076,3316.89034361048,160.333624052179,1.86796463915869,11372.4493410322,11680.0400383005,1219.17963332917,56.4406294031693
38,13,41.6347369469691,83.2562273533505,28.817920080144,7.27808424910642,167.322107492621,378.378569251201,173.55461604242,43.3352646307897,169.913159343361,335.321777726647,115.397365161499,29.1195411881266,231147.994178855,139413.979264551,54024.220021344,17143.6826575757,37320.9857631653,95122.8564708539,54346.0262286015,41313.7481690326
38,14,9.50940696132562,48.1205353771806,33.053620692845,16.6233559399828,36.3744321376997,214.434818849392,197.95962653108,98.6516108035399,38.1038586940661,192.553612011459,132.241302813878,66.5063272490214,137668.255007831,156461.838350404,100988.372311437,48755.1638578884,8426.47747555291,57001.1908706376,66078.6530252902,100458.184273808
38,15,2.22297189059798,27.3346182600726,30.1010347626946,26.255992514077,8.52632134945347,121.783713694664,180.093274528202,155.585277908877,8.89465592057735,109.360185724558,120.427484920204,105.044321821749,76302.9757022842,135026.286638816,124361.013766187,89404.7141888046,1986.3776416839,32385.9564682467,60046.3723407674,158148.107294617
38,16,0.581343329509198,15.5066023729851,24.1512196317265,34.4110016107644,2.23650502989749,69.02455551613,144.343014719479,203.638719659293,2.32584265524854,62.0384370716871,96.6235987863222,137.670679106127,42259.5285694116,104274.841973662,125317.661178916,132826.541511087,522.308089600375,18341.0855528063,48064.6857790327,206653.383364614
38,17,0.840145088153284,78.4483853194667,186.076523263968,1116.71856595974,1.31256407267091,136.47833544974,430.034051147788,2542.70535379803,0.784767820488102,71.1575453779422,167.906994359564,1003.79821311243,46686.2264540393,175060.688321415,330838.728202568,1664679.37817996,133.529869678991,15508.0242813772,61091.9422470073,1096512.42216831
38,18,0.0428681253605838,14.8314654420793,44.9057708074744,1130.40631473129,0.0638326991508745,25.403071730595,102.854832993915,2561.66798812758,0.0385899004499121,13.3175776236177,40.3173561631775,1014.8568664847,9707.06278893913,46100.9336390591,112939.302881227,2046730.75130652,6.64258468803252,3008.11894481409,15261.478555192,1157616.87912238
38,19,0.00191755031757595,2.24566172229953,8.48173974717381,2066.77287641521,0.0019402957324835,2.64186141100618,13.4236846753468,3232.95048838765,0.000727362518822607,0.784452232389024,2.92567713106922,700.628311729937,1819.04236586741,10428.8271326409,31982.7502168531,3628982.48018517,0.4153404660774,661.779647962031,4216.41435392417,3108527.12170522
38,20,9.25259714000451e-05,0.16234139717083,0.740897952890355,1953.75132373855,9.34896585155071e-05,0.191386035174806,1.17374782683671,3064.73812240998,3.14300788047624e-05,0.0549566711648528,0.250707158510774,660.950889404983,134.949172312447,895.715053565397,3238.04825973321,3236219.09533687,0.0248186883958629,58.1264481226371,445.6758035276,3545976.3421647
38,21,5.9258699457328e-06,0.0111038026514065,0.0574388508917975,2130.50718885538,5.99602369108081e-06,0.0131830846247091,0.0914047964998974,3349.50313021945,2.00491848442841e-06,0.00375644431050604,0.0194314921276818,720.745310777531,8.0426968196933,60.0627332009828,246.386812805742,3410847.48863064,0.00138500318893198,3.50064593847529,30.3157848321379,3375253.24914596
38,22,5.05343612079323e-07,0.000419523237131283,0.00241046256035103,1594.26278481924,4.98503274381493e-07,0.000483370471470582,0.00375475154319934,2479.15706428196,1.70956840981054e-07,0.000141923755804623,0.000815453598076183,539.335154230496,0.393600484170887,3.21059510540307,14.3838034763769,2861906.02096351,0.00017952839984158,0.198559745354849,1.9292029410113,3926111.10006076
38,23,5.33137511222686e-08,1.42143717957699e-05,8.70932364892251e-05,1064.98265410506,5.24118228405801e-08,1.60634760606321e-05,0.000133897901974993,1646.63290156604,1.80359106243126e-08,4.80868692200786e-06,2.94634264344317e-05,360.280996001151,0.0161620875714965,0.140180864935772,0.665720396730252,2074944.12254891,3.42938805068312e-05,0.0118115202568738,0.123268691186565,4714633.02343581
38,24,3.64096387951095e-09,4.7122901970005e-07,2.94876211187704e-06,728.701329224284,3.57318024401863e-09,5.2941147892751e-07,4.51722989497362e-06,1125.34524836343,1.23172906982925e-09,1.59415611238103e-07,9.9755892422339e-07,246.517856106214,0.0005675053975155,0.0051354961415745,0.0254323589487393,1553141.60334052,3.80083023091593e-06,0.000630964748722173,0.00674357355350389,5237407.79370244
38,25,2.06533507017202e-10,1.78766859922268e-08,1.14642764623754e-07,501.922826093182,2.04525266038534e-10,2.03320550775189e-08,1.77305129133739e-07,775.639669772153,6.98697742452647e-11,6.04763862580726e-09,3.87833635260492e-08,169.799249784516,1.7151393420779e-05,0.00016133998238477,0.000832535907287376,1058293.6157352,2.26949720107131e-07,2.54010956434515e-05,0.000277565831262413,3739984.02120456
39,1,3.92820675708614,0.0183543806849907,0.000168922781280551,3.74913062340968e-07,43.9072117520631,0.203684516871561,0.00250390264848695,5.62407351276781e-06,45.7642897557183,0.213831717090611,0.00196797968816676,4.36780217518461e-06,688.323983649988,9.02518827962207,0.0802077582180981,0.000123535637410028,30946.7629367356,140.451620930026,2.10037914761162,0.0156198423945202
39,2,5.40908589343463,0.0878385869086412,0.00104364772249267,2.54268879584547e-06,52.4818988256182,0.95803345388186,0.0154231174651108,3.80625140720383e-05,63.0167884351212,1.02333476611647,0.0121586769048986,2.96227652991481e-05,2440.40845364439,52.7422647050034,0.527703232247934,0.000879134011644726,32351.7817555413,649.879478456988,12.8910116028335,0.105451008294898
39,3,5.66960470653793,0.233067933264982,0.00337069759462939,8.99766799732551e-06,52.7139799195201,2.51808860589926,0.0496918864045087,0.000134403324332824,66.0518777740843,2.71528182967054,0.0392692113573845,0.000104824392100176,5451.1017660124,163.024597028229,1.80950231882447,0.00330903552917281,31790.333184929,1693.75321443743,41.4149479811311,0.371439623598876
39,4,5.36113174689459,0.449432960532509,0.00762146144504268,2.24375952591695e-05,49.1493788622226,4.82802362271162,0.112129276817553,0.000334381199923468,62.4581143140893,5.23597190867746,0.0887913471722894,0.000261401874789262,9456.01039301713,355.328133953569,4.35125565552047,0.00900393425401363,29458.76022676,3231.4518278981,93.2295019922364,0.921610987805455
39,5,4.78636318849845,0.703897334044434,0.0136731051737382,4.52360271902931e-05,43.6132489514056,7.53337842555303,0.200800921398254,0.000672263192355218,55.7619609607894,8.20052597673913,0.159294045788854,0.000527007559365268,13821.3946321218,616.852868316039,8.37274942473766,0.0205862793255338,26057.8170787563,5026.17604666413,166.605252958569,1.84694205307024
39,6,4.14439284418126,0.954312305674454,0.0209855984961606,8.07013321370667e-05,37.6251660672922,10.1871497512678,0.307667636039566,0.00119520228213116,48.2828951506937,11.1179038108293,0.24448586076662,0.000940184510637302,17875.1993385967,916.654253511827,14.0306476461965,0.0434444672399014,22428.4702749015,6782.04255172754,254.770672537724,3.2707018904522
39,7,3.56364398576564,1.16921116256902,0.0291138800367689,0.000136119394182839,32.2644541680555,12.4582430403751,0.426096172872504,0.00200784257849442,41.5170702653585,13.6215127508003,0.339181749919966,0.00158581454133466,21179.5192188684,1227.60413361624,21.8403228875812,0.0888766532084882,19196.9535600182,8281.29726393732,352.132852690286,5.46910714566615
39,8,3.10016014469362,1.33584219570916,0.0381594733842086,0.000226051683224889,28.0060756497421,14.2143057236398,0.557432878933048,0.00332052324320045,36.1174031623858,15.5627931758094,0.444564480657821,0.0026335413002918,23598.1211863501,1543.46591214983,33.1151414946458,0.177867517036385,16637.1189629559,9437.8860828225,459.67500921836,9.00124404418281
39,9,2.75418693439342,1.45686964979239,0.048900134642471,0.00037396474683401,24.8349955613264,15.4852274250086,0.712859071200475,0.00547286617195603,32.0867552807964,16.9727839984845,0.569695046431744,0.00435675413511849,25207.5571701331,1882.54618248941,50.1492589957952,0.344247830814818,14733.8568295958,10272.4806330611,586.449323372777,14.7719283961609
39,10,2.49738850101451,1.54257525251139,0.0625836960894694,0.000611048421327966,22.4848349297945,16.3802098707008,0.910370766389524,0.0089161922103709,29.0950090106269,17.971269128995,0.72911090961689,0.00711882004631815,26169.1859438093,2279.61562442854,76.0175974571432,0.636521845659221,13324.7535849303,10857.4606814081,747.077957234397,23.983359692344
39,11,2.29559040692243,1.60426425112806,0.0805252945941807,0.000972506151294367,20.6410772229583,17.0184187107182,1.16893162500198,0.0141590604614896,26.7440262285923,18.6899566579395,0.938133642742941,0.0113298652665797,26640.2685269515,2772.36905946251,114.051401122587,1.11928374248384,12220.5578146281,11271.3222389113,956.966226163669,37.9876296192129
39,12,2.12118304929274,1.65085542538413,0.103680776534158,0.00149306020579212,19.0514201070341,17.4935801039823,1.50230685566517,0.021701343856443,24.7121502750936,19.2327519155638,1.20789902182408,0.0173944102502608,26740.2104417334,3388.30703798104,167.193915886823,1.87735612522533,11270.1695990514,11575.6515112205,1227.28002269578,58.1083925265854
39,13,35.7718994986132,73.1599259879357,25.3949573832389,6.26028770587182,152.845818827102,355.816311760871,165.142267117597,40.1929772153608,170.051531260945,343.238291095972,118.472676055284,29.1809945522976,233324.501374612,139961.96702426,54718.059100004,17416.6281055953,36670.9084554379,93804.9719487135,52940.6070642603,41486.6127017675
39,14,8.06970381541775,41.9506312488239,28.7963370226921,14.2127988136776,32.712743142753,199.866067471011,186.172029961303,90.9289838838954,37.6756352914119,195.569848731766,134.222156669156,66.2464371155684,138939.438588997,156822.918378441,102084.874137826,49300.7790737495,8185.55175041249,55995.0953054466,63948.4267475189,100764.152174823
39,15,1.86010345984499,23.716528761215,26.1057133926394,22.4062540649115,7.56229965506036,112.991681447106,168.622213675078,143.127456464261,8.67120188139034,110.544270989378,121.679779494717,104.436437571073,76890.6896875245,135413.588774944,125465.607168141,90220.8697486864,1903.55719705906,31676.1746690555,57864.8476543016,158325.059443548
39,16,0.479467138309849,13.4076925687565,20.8683064182959,29.3193505936439,1.95565718813009,63.8222074073757,134.655270814292,187.025867268076,2.23483807381146,62.4937955963291,97.2680026540317,136.658653970075,42535.9616844599,104642.351502049,126186.340089338,133886.694020709,493.491392848864,17878.8693336153,46153.8865662217,206543.554079047
39,17,0.744768977509099,75.0715925828224,178.585002108749,1036.55560141822,1.11698935781805,125.865294467741,401.204624682092,2290.354377033,0.727224243120883,70.8615678280566,167.592437554218,968.697781317485,47090.0442821618,176136.408098056,332188.974594877,1666632.67259726,124.990444643415,15340.6876404153,59685.1956326947,1093738.70922497
39,18,0.0373384034094858,14.1816554335969,43.0221079389296,1039.26603187058,0.0530673182702869,23.3636150593956,95.6824935088972,2283.54706408343,0.0349629382598711,13.2376939325088,40.1528654306945,969.904757025623,9818.82081254826,46516.880525595,113587.178051232,2048942.16808644,6.13471378032486,2999.02369422467,15024.8969567554,1154902.86151042
39,19,0.00163885269036419,2.10291473935214,7.90348122222347,1873.70860404381,0.00160353560683193,2.41683445610824,12.3492878398513,2889.13920462625,0.000707131541895898,0.84066287878467,3.12290582538175,728.644014838146,1843.05773451103,10537.3190949548,32192.1799389157,3614934.50219507,0.382784313185443,659.171192212259,4124.08359772607,3122838.79919378
39,20,8.52208422852067e-05,0.153173653926886,0.690985552042268,1791.9220839546,8.34499802882912e-05,0.176723781212536,1.08213850015957,2773.51672868002,3.32022053333478e-05,0.0594933424308787,0.268272635925939,695.540487179788,136.79493563593,905.049344778681,3258.36841121216,3235952.75371556,0.0243084432658077,57.4772820798161,429.686743006748,3546646.42768524
39,21,5.61413186349148e-06,0.0103980932802012,0.0530161332941649,1942.99428488632,5.50183918768636e-06,0.0120798304427275,0.0833899371095153,3013.69016505991,2.17935426681583e-06,0.0040361060647783,0.02057841578082,754.177890857228,8.15147906238617,60.6379037155692,247.486930767953,3406984.91112001,0.00140358099719025,3.4578965742223,29.1185004403398,3379605.18873785
39,22,4.89063437746717e-07,0.000391015181828026,0.00220576505731619,1450.40714663577,4.66758659208821e-07,0.000439846926951581,0.00339123423983626,2223.43398327879,1.89831522692021e-07,0.000151773577338064,0.000856173084442431,562.979010482936,0.398760600425394,3.23883582851061,14.4369928716748,2849732.34492507,0.000186752179801063,0.195721098303151,1.84332656566307,3938660.71367004
39,23,5.10079553997738e-08,1.31913390018869e-05,7.9265664817486e-05,964.164514991905,4.84856075140887e-08,1.45289494836534e-05,0.000120144714571143,1469.07996652892,1.97988608121305e-08,5.12025000701718e-06,3.07671578994373e-05,374.242767521966,0.0163653412477122,0.141340967332983,0.66846805491882,2065755.16225694,3.5382278499918e-05,0.0116152187256558,0.117429160413408,4724086.39497668
39,24,3.428764601853e-09,4.36721711333314e-07,2.68511371528162e-06,658.428233359481,3.25292744943879e-09,4.77960324363208e-07,4.05405967177125e-06,1002.07045304628,1.33088319985725e-09,1.69514579289011e-07,1.04223332472315e-06,255.57049698009,0.000574304931490658,0.00517639237017538,0.0255609694376772,1553612.83416112,3.85796448627788e-06,0.000619204979650538,0.00642325716025733,5237121.05828863
39,25,1.92118008208976e-10,1.65175887548798e-08,1.04249866520072e-07,453.440509869128,1.84061810073184e-10,1.83130661598739e-08,1.5896315289556e-07,690.585015911287,7.45710653803912e-11,6.41134166698448e-09,4.04648355687916e-08,176.004020767573,1.73459573355196e-05,0.000162563264937219,0.000837219973703194,1059702.90389861,2.2772168336596e-07,2.48660989853733e-05,0.00026404966609243,3738702.06524822
40,1,7.49794505639725,0.0317175767661831,0.000279242769756285,6.31331593239239e-07,45.1510717064445,0.198970464488067,0.00226765762559619,5.18577577243474e-06,39.8566998531448,0.168600586924848,0.0014843660731871,3.35595868338287e-06,667.281138223346,8.35495798267783,0.0692676850635249,0.000108442261599806,31223.7750362899,136.575908743407,1.96545537874819,0.0135896861387036
40,2,10.408181862899,0.152640769190695,0.00173600625364456,4.30792991056204e-06,54.7068170431878,0.942292030019857,0.0140574866519306,3.53150804590673e-05,55.3265964749333,0.811389957811975,0.0092280591114307,2.28995902400167e-05,2373.53673717864,49.1153998846493,0.458514652418849,0.000776254966542909,32948.1319846262,635.777466907544,12.1385127895028,0.0923088346761734
40,3,10.9872636592672,0.407344555179372,0.00564065266349654,1.53355582761121e-05,55.4224105243149,2.49280260111539,0.0455712755424321,0.00012546381224249,58.4048117958865,2.1653145695893,0.0299839220604862,8.15189680231001e-05,5324.2589180504,152.691969815973,1.58165356869225,0.00293819719865988,32596.3417529624,1667.05683021919,39.2333721251607,0.327103307264669
40,4,10.450725893754,0.789860793736756,0.0128275881704189,3.84634201665815e-05,51.9901058070784,4.80830022529374,0.103435636752911,0.000313984897014847,55.5527470609372,4.19864967600327,0.0681873937062161,0.000204459352712495,9277.95216412324,334.643992219148,3.82532761665715,0.00803598580830492,30364.0396555722,3198.85478670608,88.8289034014685,0.81631261605546
40,5,9.37206900127874,1.24343423050269,0.0231377113638217,7.79658967607646e-05,46.3361786094837,7.54347983611996,0.186253798951928,0.000634779108119882,49.8189488422864,6.60970233037221,0.12299274136848,0.000414442000121591,13620.6046882752,583.93498018857,7.40102772591299,0.0184561847800899,26962.6800596788,5001.76530140775,159.602033820447,1.64483778021877
40,6,8.13770764075172,1.69353192137837,0.0356878657084259,0.000139776428902633,40.0803775104905,10.2497709912897,0.286817411237484,0.00113433525933389,43.2574750135513,9.00227902103758,0.189705384774256,0.000743007201494956,17685.1193899862,871.766205051801,12.4647140274822,0.0391078722627975,23260.6049950068,6780.71428359022,245.27002688207,2.92724041583579
40,7,7.0038408814006,2.08308867618831,0.0497265943580386,0.000236806256173439,34.3972906456879,12.586144766207,0.398986888089112,0.00191445896323259,37.2301986383586,11.0730392807407,0.264330817462638,0.00125878701493003,21024.6682237148,1172.14612607383,19.490405008219,0.0803469496706102,19919.5085681344,8312.84783870045,340.476692552842,4.91661637793323
40,8,6.08819169695588,2.38775906143943,0.0654167682340249,0.000394927204760705,29.8312146052585,14.4087482873269,0.523939978775213,0.00318020330712135,32.3628977391539,12.692570499996,0.347734809638505,0.00209930786976881,23488.7384549152,1478.47506977943,29.6737326646422,0.161633884700503,17244.2926124858,9505.17857233697,446.090307199406,8.12627915042884
40,9,5.39862973436215,2.61097149737904,0.0840877854585604,0.000656299349363568,26.4020795138828,15.7397287900712,0.672157285478613,0.00526630110331076,28.6974048652371,13.8790970743863,0.446984020438774,0.00348867936276487,25141.9881572772,1807.6668078481,45.1205285259271,0.314872850237775,15239.1991070579,10373.211579363,570.856335860305,13.3961266533158
40,10,4.88455802177164,2.77042816666888,0.10791267561576,0.00107795490321409,23.8503988266656,16.6857567546566,0.860826636868713,0.00862547841438931,25.9647625482291,14.7267181971958,0.573629586508837,0.00573006666619581,26139.2637968847,2192.97890590072,68.6987092442211,0.586827234005928,13749.2450457539,10987.2054503337,729.177162118742,21.8618812021521
40,11,4.4813047708524,2.88626219310657,0.13923276229726,0.0017259553092139,21.8526455346711,17.367282566553,1.10846489073779,0.013781325851187,23.8211960555699,15.3424551744319,0.740117242106413,0.00917463147593853,26635.8191182289,2671.29474145776,103.593675224037,1.04145082737353,12584.4574472085,11425.9611806379,936.566352876192,34.8344516071847
40,12,4.13514392899967,2.9746629186905,0.17982049618638,0.00266798733538762,20.1421298468276,17.88088335901,1.4290716842624,0.0212686514474169,21.9811147171684,15.8123654178249,0.955868773382008,0.0141821752011652,26751.3294871627,3270.44931651823,152.740377945414,1.76496977622579,11589.1249589061,11752.4905018551,1204.73363707282,53.647497928822
40,13,39.7446030028941,75.7477460319978,26.3865915167806,6.84797104923237,160.393512453937,366.344217678469,165.684516297078,42.5419610170143,159.411492856067,302.257181111531,105.076991424189,27.2619175816315,232255.149140703,139164.395983971,54246.1911663714,17325.5237766321,37391.6520934037,95725.8474444868,54630.8562941667,41241.3640055616
40,14,8.66154476077475,43.3551016139324,30.3837420256907,15.5805032897396,33.483488382809,206.338109452854,189.809179357382,96.4821563316978,34.5027335287835,172.604999170461,120.956480143629,62.0251773550318,137406.874143755,156622.832604742,101558.214750043,49069.5360329652,8091.30234466266,57051.6063114666,66799.9901723489,100055.822810147
40,15,1.89021295197033,24.5357942524991,27.7599621379882,24.545617305785,7.32210430100376,116.758225923844,173.239837508892,151.776460082459,7.52523378763687,97.6758769409546,110.510966764824,97.7148231083475,75787.461839716,135359.25511352,124953.729232103,89808.2972903787,1778.2701007582,32296.7807822684,60893.9805511292,157102.772596372
40,16,0.458999938169054,13.9321915925892,22.3218355880507,32.1257697096856,1.78248088771099,66.2403810807384,139.153638699683,198.385195627055,1.82726211072863,55.4633308988845,88.8620639889358,127.891014639431,41983.5627087223,104646.081442551,125811.901609636,133372.250412952,433.80231497426,18307.2720096226,48845.5122667033,204992.713231518
40,17,0.584228991109093,69.5832661522832,168.128758963715,1018.07769557351,0.95591915223376,133.224020422824,417.890951202539,2494.03515317405,0.578138128471307,66.6038367058965,160.190046058663,966.473983581145,46815.3892759003,176160.096845029,332564.963116098,1670454.60443876,100.973779313959,15633.4009125161,62133.5523420894,1086923.75621343
40,18,0.0267981006671658,13.2646711885368,40.6798502992628,1033.5400431588,0.0415710952845215,25.0222481516473,100.232613473838,2520.34191976504,0.0254947369868092,12.5795302436336,38.5747431038455,980.014380691835,9800.12305055498,46474.2143623239,113624.705409954,2055329.3926998,4.45815288395766,3050.52843495217,15518.8217976346,1147755.80731202
40,19,0.00120088507276773,2.1371960564371,8.20645610679624,2013.76223297886,0.00117448445271534,2.56768838440272,12.9431914192935,3138.60120958559,0.00038833610503324,0.609175184414008,2.30051466466093,551.012363449205,1841.89649719118,10519.8623762883,32192.3538275269,3634468.69939379,0.262608538816302,675.107207892754,4325.04096708841,3102894.48433232
40,20,7.48338482746341e-05,0.155609296827264,0.723920956530665,1911.62693696363,7.28790857733289e-05,0.187168451488737,1.14223117555446,2987.9519271768,2.05187449249561e-05,0.0424933804317414,0.197578522294367,521.556794374983,136.738116469688,903.499279547687,3260.60942517944,3252222.42560459,0.0202222283525998,59.3061948163845,458.475845026717,3530185.33660035
40,21,5.48103764218751e-06,0.0106669717607039,0.0563045979820462,2087.36184785141,5.35153420107503e-06,0.0129199363143209,0.0892422727581922,3270.36971708459,1.49557868562839e-06,0.00291035781317473,0.0153618316945985,569.501267212109,8.14789935063462,60.5681500984388,248.231230927265,3427718.76361319,0.00129033589220273,3.57284902021983,31.230155044897,3358652.06447071
40,22,5.00747132799896e-07,0.000400967516255925,0.00235751564246762,1555.95302121857,4.77789928285996e-07,0.000471384346487444,0.00365631668477059,2410.61475639178,1.36620646437604e-07,0.000109397265121562,0.000643208231465432,424.515382891212,0.398566407579878,3.23608743681198,14.487857309721,2869237.03390843,0.00018139895496984,0.202894644674026,1.99466045328047,3919001.55504159
40,23,5.20108701609699e-08,1.35420438867012e-05,8.50940380082946e-05,1040.14681507974,4.94486872731932e-08,1.56259051684403e-05,0.000130284749270331,1602.25159514547,1.41902839700237e-08,3.69471703366665e-06,2.32164646273864e-05,283.786410927984,0.0163569329430898,0.141213204602435,0.670028075746449,2077430.94323843,3.41358443822613e-05,0.0120425854214076,0.127403123586747,4712291.90459075
40,24,3.47874822417319e-09,4.46653524207783e-07,2.87133971428142e-06,712.902804613964,3.30123487846553e-09,5.12537830367681e-07,4.38120612033458e-06,1096.87634398162,9.49117431887338e-10,1.21861836144284e-07,7.83396324799744e-07,194.50343483134,0.000574025774670168,0.00517102037255104,0.0255803939190916,1553195.88914524,3.70010727439802e-06,0.000639453943362223,0.00693936934364335,5237449.78935426
40,25,1.95066572198017e-10,1.68628956482713e-08,1.11249600166555e-07,491.13166773599,1.86872730441693e-10,1.95857085280574e-08,1.71389933895368e-07,756.158266102252,5.32206046444567e-11,4.60075497493739e-09,3.0352565898256e-08,133.996942796181,1.73380345915208e-05,0.000162376968018197,0.000836856725557505,1057922.2304916,2.18601030686199e-07,2.56320528415435e-05,0.000284876189987443,3740421.48130411
41,1,5.34245703431447,0.0246060742413077,0.000231645566090679,5.41099938386696e-07,43.7206144933482,0.201036403447902,0.00248961904990788,5.88365579997852e-06,40.2342586373298,0.185309334022776,0.00174453206800174,4.07504538265081e-06,657.912877569125,8.77637591020808,0.0780465274964769,0.000125666107768697,30215.2602757757,136.669981214879,2.08835039682285,0.0154928348766411
41,2,7.36596775537479,0.118626285284648,0.00143832296852763,3.6817789318446e-06,52.5938016268324,0.953433126190825,0.0154145158991819,3.99541104192645e-05,55.4733992019853,0.893379322037098,0.0108320680817938,2.77276251054241e-05,2350.52748478874,51.6152429158244,0.515568890618479,0.000896621877094356,31611.2365065937,637.263862024215,12.8828132462258,0.104942985257852
41,3,7.73488564590004,0.316741862705445,0.00466481161724363,1.30621228228957e-05,53.0128323631413,2.52315602944795,0.049878517974196,0.000141463017320826,58.2517346622415,2.38539569780475,0.0351308837669827,9.83713719424213e-05,5289.30488728613,160.379742878373,1.77383526567847,0.00338120011656356,31121.5558804317,1671.76607624842,41.5650684318889,0.37062839511852
41,4,7.3295107935575,0.613971491534162,0.0105831590888404,3.26301200678136e-05,49.5632926174892,4.86465681399055,0.112942535157634,0.000352603679572253,55.1988403573438,4.62384397809245,0.0797021964323672,0.000245738745626431,9234.03500641428,351.053138441728,4.27654636662144,0.00921068729774002,28903.6815236323,3206.72802973257,93.8888345680162,0.921266542252724
41,5,6.55610593189957,0.96562534975026,0.0190344469120675,6.58366200290574e-05,44.0768349227323,7.62409599876432,0.202787716557897,0.000709555548084355,49.3742972612651,7.27216331719161,0.143349184684069,0.000495818231394836,13567.1091083442,611.452902365643,8.24320058149137,0.0210734060042973,25617.5752344198,5009.2538224251,168.215754458696,1.84781987831788
41,6,5.6840806462811,1.31338633771772,0.0292610251267436,0.000117440703762906,38.0810964700308,10.3448221937108,0.311237339124323,0.00126157354147711,42.8070397888113,9.8911652939949,0.220365956222215,0.000884450659948662,17617.2976237803,910.788230295097,13.8250193803714,0.0445185079633423,22079.2882751336,6781.67450369187,257.656973254251,3.27206215759453
41,7,4.89027837790222,1.61295521365719,0.0406195308356665,0.000197995553915422,32.6779780030557,12.6824795725351,0.431343828835408,0.00211869340769362,36.8288830029509,12.1472305382874,0.305907319211395,0.00149111247392496,20936.9973904133,1221.48886185642,21.5235693669905,0.0912813708263016,18909.3619585862,8300.99346130962,356.356496025355,5.46878826003551
41,8,4.25410463716781,1.84579533433841,0.0532236517092699,0.000328834100737911,28.3671848975029,14.4947172726491,0.564179633583495,0.00350459905495653,32.0378329938289,13.9007588449193,0.400829460066721,0.00247646282841104,23378.6326323698,1536.59209674735,32.6375449022722,0.18337611287659,16387.8635488078,9476.055340015,465.065003359616,9.00074379916844
41,9,3.77818602551073,2.01499279444632,0.0681430525537729,0.000544728702589888,25.1497490902601,15.8072999813614,0.720907405731141,0.00578457813145869,28.4536708023988,15.1749917169923,0.51318806743337,0.00410237375170411,25011.2756132416,1873.85288562831,49.4642276053887,0.35666775843874,14509.0168904602,10324.5951208133,592.806346758495,14.7891830246613
41,10,3.42489717238958,2.13453673781665,0.0871301666869917,0.000892459286710365,22.7647617558222,16.7299322417157,0.919873526594991,0.0094499911976793,25.7930382509597,16.0752819589531,0.656180787057637,0.00672114675591382,25993.2981532713,2268.01028127364,75.1225803024509,0.663107744339392,13117.7733281628,10918.2277700242,754.470954768561,24.0731389340907
41,11,3.14767451503338,2.22006912494455,0.112063695612302,0.00142554596496916,20.8961215128558,17.3843782324609,1.180743294668,0.0150621407574121,23.7052632769063,16.7194298039368,0.843956195465954,0.0107358439544907,26481.5311589523,2757.37473368741,113.044905666139,1.17242136233299,12029.0120278772,11335.9142312378,966.016482751228,38.2653288359933
41,12,2.90844539797294,2.28402603837064,0.144347574529451,0.00219753015915018,19.2871692346126,17.8671512770923,1.51819393059981,0.0231807886151185,21.9036191817705,17.2010918893598,1.08708738507139,0.0165496879467045,26595.5053327775,3370.60810954431,166.32987068767,1.97628194395854,11093.1964638422,11640.0692617822,1239.3344152835,58.7690304207505
41,13,36.7880813510934,74.6802328645053,26.1999054178277,6.66048367708993,156.186105870703,362.522142422102,167.570232054519,42.1052137132977,155.637209605089,313.116396166373,109.418939700752,27.7997951056327,231566.142469913,139449.89900025,54381.2711923791,17726.8450091273,36580.5651983015,94397.7965162243,53806.258425017,41243.4549080368
41,14,8.46908246409858,42.964835211834,29.8082176079873,15.1756903759488,34.3817909436833,204.82563671117,189.633149663519,95.6166061476749,35.3850437641872,179.343649596923,124.410793571158,63.3384951044268,138042.556430325,156193.268535203,101495.203113682,50404.3951925258,8348.04146965052,56321.2129486816,64854.4972570134,99960.0042680803
41,15,2.01021746340582,24.2959438053669,26.9832436103132,23.9006863974724,8.18953415336562,115.821519588398,171.502028590338,150.365051825878,8.39069327047242,101.403851661001,112.619446152165,99.7538277804061,76518.9610976793,134666.964931731,124781.115858966,92287.0960168995,2000.84736036292,31865.3944310835,58591.2514041591,156900.613331381
41,16,0.533900971840561,13.7187040436019,21.5474123504288,31.240478733449,2.18263451151515,65.3466186886165,136.816169666183,196.279731857763,2.2283446863028,57.257492327193,89.9320138516536,130.387775427797,42319.9294131146,103911.955897499,125539.052445207,136854.603989689,534.778531212201,17965.2369917072,46682.8053456829,204462.477635218
41,17,0.827769299707982,72.5612072838852,173.832501892717,1038.82540777029,1.33464897902952,131.155578317859,414.380542834207,2438.99459994457,0.779626111977295,66.3868138171125,158.20934473844,941.781162625689,46698.7838733767,174573.65709095,330095.06000763,1683658.84810527,142.547668690586,15419.5573011504,60314.2167700707,1079891.26108113
41,18,0.0442125185181999,13.7917098082275,42.1445117338271,1048.22265190308,0.0679542953820068,24.5327449447052,99.540211457628,2449.15563426512,0.0401358780231907,12.4894453248062,38.1604895716012,949.087177113448,9718.23119166456,46056.1755644717,112680.352679442,2066076.34036051,7.4371288252891,3011.039916896,15162.0218661081,1138929.97720271
41,19,0.00198208514023314,2.05841500526054,7.79525731311155,1898.06186809013,0.00205976306230111,2.50361060520987,12.6680728265742,3047.17075562534,0.000755755988820679,0.721289325274018,2.69669188864397,644.688835924696,1821.67238248012,10417.9611782179,31871.8140787589,3693853.08402853,0.467007521762576,656.036289195134,4123.738607926,3044286.48057057
41,20,7.58752143523401e-05,0.147503056533152,0.672572230192878,1808.32447675442,7.88791007876598e-05,0.179904097163492,1.09460445818473,2911.47789689462,2.58567161757051e-05,0.0500285231261422,0.228015224566744,612.890661364832,135.034341527717,893.614080030933,3221.9244506404,3308091.28351951,0.0221018335393926,56.8126357383782,428.05705254872,3474488.17571648
41,21,4.11993884114989e-06,0.0100512105845915,0.0518572863852111,1970.43148010297,4.29266270727135e-06,0.0123487795239922,0.0847945610966455,3180.04093815492,1.39659238629281e-06,0.00340667581047937,0.0175758792870219,667.831398723773,8.03720822059105,59.8057659511659,244.578225177142,3481345.35160117,0.00104736233567128,3.410253968678,28.9700528531117,3305141.36173291
41,22,3.16509311210686e-07,0.000374197309591693,0.00214399244906783,1474.07001496522,3.19592121129779e-07,0.000445758490663067,0.003428599874241,2351.4712123548,1.07273782586741e-07,0.000126825458140701,0.000726655887088114,499.601354859508,0.392780843334455,3.19292847467593,14.2715071549911,2935024.92090206,0.000121395866837952,0.190883550715986,1.81895122274943,3853280.06209076
41,23,3.41417470907631e-08,1.2461447238186e-05,7.6630595737535e-05,992.109418700964,3.43359706247021e-08,1.45495020057117e-05,0.00012086845045389,1572.86380099214,1.15715426801866e-08,4.22351451876659e-06,2.59721378263955e-05,336.252148620883,0.0161083349216367,0.139379832485988,0.661491898377412,2135627.26583217,2.36799178775377e-05,0.0111331190584552,0.114688944097181,4654120.5657188
41,24,2.40736078025228e-09,4.0897347042491e-07,2.58768783584125e-06,683.439823345431,2.41659026741923e-09,4.74525436537805e-07,4.06557173769668e-06,1082.04120168976,8.15918305714754e-10,1.38611937109482e-07,8.77035918084497e-07,231.63585056362,0.00056509188766292,0.00510805791965821,0.0253251185673207,1596483.66940402,2.70445443526604e-06,0.00058727264804194,0.0062418005993653,5194169.17588178
41,25,1.38686477536492e-10,1.53746687422566e-08,1.00217907903183e-07,470.980223738902,1.40462392957918e-10,1.80604583706732e-08,1.58967945631808e-07,746.170265243131,4.70045190370971e-11,5.21088228955605e-09,3.39665023107875e-08,159.627667276368,1.70636926255264e-05,0.000160492578128641,0.00083019897350601,1087152.97306754,1.64011505816069e-07,2.34462388256823e-05,0.000256081630832913,3711195.24748843
42,1,6.90734087154567,0.033105816730333,0.00032765467863764,7.84526516507595e-07,43.489877905925,0.207097855853962,0.00246088212764728,5.97689817240662e-06,41.7492681375883,0.200097786585599,0.00198040653984941,4.74182590780327e-06,672.026426969026,9.16710231906118,0.0776594579463175,0.000127030029035733,29407.5713756274,138.308040680039,2.1449732113504,0.0150668354345518
42,2,9.5804004225125,0.159042334768934,0.00202394477987053,5.31404847826216e-06,52.255645294008,0.977888613656957,0.0151500288851462,4.03886398009464e-05,57.9057431134763,0.96128180192307,0.0122331031408298,3.21191090668535e-05,2403.24063075089,53.6192900767883,0.510434129332598,0.000902659041362284,30803.524146313,642.36369432506,13.1573358500832,0.101557278955545
42,3,10.0862511158692,0.422913882357465,0.00653281081523905,1.87808845042596e-05,52.6486202037334,2.57584217666773,0.0487680011381926,0.000142396980202099,60.9631999014468,2.55617109420275,0.0394855379935116,0.000113515200365948,5397.11105973583,165.750022759395,1.7483406466542,0.00339349693606672,30331.5153902803,1677.61501361106,42.2309800072567,0.357150355840382
42,4,9.56586043517022,0.816471170969716,0.0147582984619937,4.67807473506611e-05,49.2014221468359,4.94440173502176,0.109919235361654,0.000353748186241929,57.8178606936625,4.93490541111773,0.0892019333058416,0.000282751640774677,9393.74497157259,361.117445452003,4.19942307638075,0.00922883973277512,28161.5997054715,3204.08172586662,94.954544420527,0.884785507432091
42,5,8.56028990926747,1.27945876806018,0.0264488469873912,9.42386793002921e-05,43.7468053761981,7.71905804418397,0.196588629802764,0.000710340778377038,51.7400031942432,7.73328957874055,0.159861808667269,0.000569596312706612,13759.1422561164,626.434353018307,8.07246008604213,0.0211168856473962,24955.8689957422,4985.98072057756,169.461505406151,1.77080637831685
42,6,7.42761253963862,1.73496909965472,0.040546705142543,0.000168113147777647,37.8116910791402,10.4400451438988,0.300793086066765,0.00126216084816629,44.8938880107845,10.4864797465405,0.245071916468625,0.001016107502807,17818.2993986267,929.984393235419,13.5189429424218,0.0446846162054158,21518.0144629642,6728.71395713746,258.764822762051,3.13355106994159
42,7,6.39928540425535,2.12566232573132,0.0561841108944079,0.000283894279159166,32.4834561560111,12.7673251393461,0.4159734574455,0.00212148430930155,38.678485281041,12.8479031304948,0.339587339675875,0.00171591045002114,21130.5718570711,1244.02965873825,21.0468931406481,0.0918391410237088,18449.4858304087,8215.83702341974,357.116975732599,5.24155604904613
42,8,5.57688402051616,2.42838817089091,0.073559077846801,0.000472741227388267,28.2433633359029,14.5655252428938,0.54343743695522,0.00351562804164514,33.7077365479228,14.6776351093826,0.444604909775158,0.00285733694470313,23558.5486655774,1562.14665235005,31.9550776122052,0.184890272473959,16014.8487463478,9362.19567815189,465.503632455097,8.64240906809106
42,9,4.96178902933459,2.6480601095281,0.0941896141155628,0.000785243833614064,25.0801740005272,15.8657323311603,0.694193010522072,0.00581444748944991,29.9899866649377,16.0053736471241,0.569299753496407,0.0047461615073885,25178.7563153962,1902.91760948418,48.5238331408868,0.360157956009242,14201.542640546,10188.6144007681,593.173984542382,14.2291411682837
42,10,4.50398316608859,2.80336315203833,0.120522398898177,0.00128932954912148,22.7296158979675,16.7798160421572,0.88604610664885,0.00951443631324533,27.2229218718345,16.9440544629287,0.728460060355965,0.00779295043708234,26152.6167020067,2301.79459369271,73.837091023434,0.670274125486236,12855.5309325573,10766.87173589,755.144579705034,23.2003128606282
42,11,4.14282451191386,2.91474443508393,0.155161156547493,0.00206271817357489,20.878478194443,17.429241467535,1.13794036915169,0.0151826074646224,25.0400109986409,17.6172638987819,0.937823230343931,0.012467456829242,26636.788170135,2797.47718184204,111.283829307576,1.1860017337915,11796.7894860186,11174.4026573684,967.38674719478,36.9220904807634
42,12,3.82927285917242,2.99826733068118,0.200041128018447,0.00318335889389135,19.2753859579242,17.9091196138155,1.46393284414966,0.0233855027173741,23.1448458013922,18.1220919981569,1.20908622398983,0.019240820239049,26749.2699380841,3418.65685566569,163.927607327626,2.0006371422024,10881.5602753092,11471.6780787375,1241.73214954811,56.7541280791518
42,13,39.3822513219003,79.6250033506412,29.7091756898136,7.9772883036389,157.029065829711,365.223488776701,163.518104869049,43.346951067587,170.163058013555,341.960294559935,127.259488437053,34.1559655119923,232730.201416618,140516.768465436,54624.0086453884,18191.1569828901,35681.0429502143,92435.2584595235,53915.4312971381,40195.2215459488
42,14,9.09542299258048,45.8425622401004,34.0240335403709,18.2600211119025,34.7402763725464,206.592923110642,186.130876977104,98.8430404573002,38.9721924401829,196.293650076991,145.675807909357,78.1808793673883,138696.239915165,157024.79445322,102125.53189292,51913.2442129979,8151.57333690814,54962.0911457591,65046.2951312453,97352.4828326083
42,15,2.17802276206227,25.8719610509511,30.8593938910032,28.7511934910529,8.35431532513089,116.585149800436,168.604510081181,155.353780243253,9.3258565006894,110.77191749446,132.125495924074,123.099157081883,76893.1091149848,135174.071492295,125662.494452692,95139.2284776225,1972.678125853,31031.9102123136,58849.749694788,152724.869199176
42,16,0.585327828205885,14.580216708467,24.684583174131,37.5681000554897,2.25430739895537,65.6490582120154,134.698076055173,202.675925805996,2.50611134939773,62.4256701642486,105.687834576177,160.849025079863,42515.2721684644,104191.110267225,126500.163029522,141101.237941552,533.924973697179,17462.1412583783,46953.3390694364,198913.853902182
42,17,0.851640609362444,70.8219171262995,180.641021210795,1137.22922699952,1.44614633503655,135.127521016534,414.005018139959,2563.58887759554,1.02653565144887,83.3210094160372,211.677306383135,1327.67560463886,46890.5733732264,174936.326656711,332564.446624081,1721244.29371927,144.987590375586,14932.367525769,59835.7179421323,1039543.17129226
42,18,0.0474386459406693,13.6514372045749,44.2418343782504,1160.01853271856,0.0768502090323568,25.6412448312138,100.414126675495,2602.56763297054,0.0554395468264103,15.920604878817,51.5907870815173,1352.63788447238,9760.00792419516,46161.424073976,113378.240750278,2109275.69361713,7.80332257843915,2920.55596085125,14995.8207369951,1094451.44935111
42,19,0.00230395253060615,2.17601651929062,8.83803514665306,2258.07447971418,0.00228655961226867,2.52516250333793,12.4402818249454,3133.55286272427,0.00100443856963707,0.857872508934631,3.43728566534336,857.016395968633,1829.41214537613,10440.5889110547,32054.3973114337,3779710.48194885,0.501494700246691,641.251582159836,4145.40710437462,2957548.59414489
42,20,7.8088600793896e-05,0.155860606833904,0.772124172365962,2160.60099809342,7.72046043660541e-05,0.18113877243095,1.08726000089966,3007.43640945789,2.97866441526037e-05,0.0590383676829446,0.292322847065752,817.652039208958,135.537879968113,895.26188163309,3240.97613529784,3404561.53702313,0.0209130217605695,55.2786088076678,433.787761673741,3377339.35027988
42,21,3.70292919861978e-06,0.010663877961225,0.0599520159924747,2366.20918648123,3.67724316039944e-06,0.0124993169502455,0.0849301228846682,3304.88811178763,1.4017392122483e-06,0.00403568130444316,0.0226881510299883,895.458155382935,8.06128145160742,59.8727518151571,246.192963656676,3584718.6062924,0.000860233420416676,3.30342045789386,29.313483127685,3201017.89841554
42,22,2.54862817752779e-07,0.000392690219987383,0.00247963251232049,1767.46636109419,2.43095020254775e-07,0.000444785836874715,0.0034186085456203,2432.60194834414,9.64499485879343e-08,0.00014860816115305,0.000938381812750055,668.872459928026,0.393657013813496,3.19458405221357,14.3608908561639,3026237.22449283,8.92697926317189e-05,0.184561629605128,1.85521099395817,3761523.83791399
42,23,2.8143184598251e-08,1.30740993734286e-05,8.96042977448489e-05,1203.47796693782,2.67201994706249e-08,1.44950241807844e-05,0.000121583128406809,1643.77675172363,1.06503885382105e-08,4.94770684696379e-06,3.39094700151372e-05,455.439088362028,0.01613345524749,0.139430168562819,0.664943593715658,2211645.36839172,1.77751375759816e-05,0.0107277724289166,0.117823252489361,4577700.98844742
42,24,2.05109800637757e-09,4.29205991904369e-07,3.0375936382477e-06,835.973559871524,1.94374846151457e-09,4.72549692077035e-07,4.10269556381309e-06,1139.86569580615,7.7620881704008e-10,1.62426892299774e-07,1.14953403045258e-06,316.36228203778,0.000565699438274647,0.00511066236846628,0.0254310072277411,1654309.34611665,2.09314132265756e-06,0.000564167068243248,0.00641770126248961,5136048.41424494
42,25,1.20003858162456e-10,1.60629571481299e-08,1.17356785782749e-07,576.411505499574,1.14772228336002e-10,1.7914923199067e-08,1.60290010741711e-07,786.569793536139,4.54137502040731e-11,6.07879725399758e-09,4.44120033760403e-08,218.13472103197,1.70747111219536e-05,0.000160603498696972,0.00083324220469084,1126443.2029009,1.28884246584287e-07,2.2424330189841e-05,0.000262996925841822,3671700.67978219
43,1,4.05633729104659,0.0197667932272125,0.000205356281348154,5.15498757270367e-07,42.2016830874807,0.203644994114804,0.00251695482962607,6.40256779637127e-06,39.4641201405221,0.192311202629381,0.00199791200219531,5.01528926948741e-06,646.35872174164,9.20364932808808,0.0809913047140835,0.000138368939280628,29034.4098267766,135.584761424536,2.21010348169093,0.0161515840351579
43,2,5.60255420798204,0.0954867330989334,0.00127436091028917,3.50370560919223e-06,50.877104575049,0.967983757614058,0.0155707455681641,4.3420787398859e-05,54.5072701043912,0.928990770851308,0.0123982618943064,3.40875645137753e-05,2327.1628799171,54.1577756157908,0.534612880343033,0.000986119702529097,30411.53044268,633.76265301092,13.623149657624,0.109262245845926
43,3,5.89059586368632,0.255163694804001,0.00412939805283331,1.24150024499718e-05,51.3495989193707,2.56404146443183,0.0503281507179557,0.000153514460296561,57.3096284120396,2.48248850742056,0.0401749285555603,0.00012078560363114,5261.79428396143,168.259774302388,1.8376617200832,0.00371400149590522,29969.6013711125,1664.28016425979,43.9060454309278,0.385325475575101
43,4,5.58593806223402,0.494664541958819,0.00935802809408007,3.09694253001457e-05,48.0417768840416,4.94433701988738,0.113811092952068,0.000382007530423091,54.3456115624549,4.8125931135481,0.0910442890926043,0.000301301650487881,9211.79664870812,368.1000641566,4.42567630259791,0.0101031379561847,27849.6773920885,3193.060930637,99.0479881205719,0.956215492181352
43,5,4.99775517925641,0.777764708099068,0.0168085611462157,6.23802398241213e-05,42.7331386757125,7.74703084677629,0.204038169798398,0.000767208400361298,48.6231781717055,7.56687565139839,0.163530552039576,0.000606897578327007,13556.2153946594,640.595195172773,8.51997776065865,0.0230821579969177,24687.2547396806,4986.77017537319,177.192501933961,1.9141496039844
43,6,4.3325035453054,1.05734558557975,0.0257976887465143,0.000111055940046091,36.9152975606691,10.506637793182,0.312599277692412,0.00136090654198474,42.1509426246592,10.2869190171816,0.250985806897127,0.00108046364141646,17619.0718035107,953.107678084009,14.2683897685629,0.04870472040227,21273.819654988,6748.13072283438,270.926343421177,3.38165964409513
43,7,3.72615162540332,1.29773401773704,0.0357404127375588,0.000186846807080329,31.6663337867526,12.8733316688504,0.432292424760854,0.00227983171227265,36.2517426081148,12.6256589410007,0.347718604480977,0.00181783326025842,20949.7444218123,1276.35516966722,22.1783260832739,0.0998061750489372,18212.5927604487,8255.20848498323,373.90117513958,5.6378913651796
43,8,3.2398935494495,1.48407837582926,0.0467151399461505,0.000309780406420361,27.4760753986415,14.7032705943671,0.563919509903075,0.00376284786307636,31.5209360326612,14.4386038732409,0.454491765091981,0.00301385469180217,23400.0883667932,1602.55228402122,33.5798058103831,0.200516353078421,15776.3054274371,9417.78925930521,486.672531911363,9.25843799499344
43,9,2.87593277978325,1.61888925953018,0.0596382660433791,0.000512620197106066,24.3470163815651,16.0229226442717,0.71834967790623,0.00620155460858882,27.9799603913481,15.7501794471869,0.580220905520675,0.00498728374726261,25040.0029923453,1949.64856253798,50.8373094746685,0.390200271922944,13960.0929308407,10253.7364160704,618.437386329162,15.1893298639377
43,10,2.60557109219153,1.71334759018608,0.0760271073230714,0.000839558604956219,22.0259501165827,16.9429556522419,0.91364466794615,0.0101240862565369,25.349610557259,16.6691648869593,0.739668001464426,0.00816806869688411,26028.7517763536,2353.293289742,77.1727432578164,0.725869061761766,12614.3107960619,10833.8558903436,784.540857866177,24.7063006628296
43,11,2.39326416061386,1.77988569268474,0.0975174200934768,0.00134122845426946,20.2059663629994,17.5854993778111,1.169271802868,0.0161345481311855,23.2840756539017,17.3165143262491,0.948747331948272,0.0130488164709597,26523.3972188789,2852.99417534808,116.144444620179,1.28380440494507,11560.2780001198,11235.7582511566,1001.51798184498,39.2659066929098
43,12,2.20997197900461,1.82835513596218,0.125341896135911,0.00206820673138789,18.6381025745586,18.0470215949587,1.49987997587038,0.0248343244208121,21.500825357677,17.7880737147811,1.21945175976039,0.0201215907521017,26643.0016263218,3478.51507552116,170.976062700253,2.16355959053334,10653.8189532361,11520.5697734919,1281.79094239992,60.3125719625354
43,13,36.7037287503688,77.2910381289114,29.1575661901272,7.85994303825402,152.096588757995,362.561313668401,162.226541755525,43.1887625870272,148.481431061231,308.902315751111,115.9043075707,31.2150728863073,231286.416405659,140280.058646657,54703.8946027223,18431.369512753,35380.6175833956,92450.6345541501,54462.6955009372,40496.7518996366
43,14,8.69613600245214,44.5060066355332,33.188977013353,17.9276371528862,34.3904394619688,204.778616197594,183.51372963383,98.1455611238416,34.5828798446255,176.771551225015,131.800503060106,71.193671164402,137993.195106998,156292.127578042,101997.405502299,52587.4069910286,8259.90358273322,54861.674770233,65277.9821521677,97717.4213176096
43,15,2.14009269260055,25.0821076775784,29.9815270469252,28.1647274677639,8.49623526862862,115.405528252549,165.590281283217,153.930721545052,8.4995578931828,99.6057271825307,119.061678053438,111.846843115522,76621.1967857169,134320.282952127,125347.779855786,96282.2701310671,2054.15399233993,30936.9456952316,58833.5377621203,152969.88895676
43,16,0.589565283954204,14.1057570995778,23.9167434051371,36.7352709491355,2.34948121758076,64.8584483250729,131.942192550882,200.47679624573,2.3412787032189,56.0163279706482,94.9773879323713,145.881904185561,42369.7515074972,103417.960184572,126087.500753296,142638.224263211,569.832408242616,17375.8579663492,46817.6950247723,198889.524642421
43,17,0.957486985278588,73.9411772754608,188.671249531739,1192.44811323756,1.53964993596582,132.34970990237,401.951975424389,2500.78872309886,0.871708840864021,65.5640971311036,166.537966489378,1048.00250230541,46600.939990118,173459.280893863,330675.628898268,1717783.12182832,161.261328318657,15034.2612866399,60359.1734611595,1046352.8631356
43,18,0.0551294805924752,14.2686291164513,46.2878333318251,1216.243648136,0.0848428649366918,25.1561255177736,97.6874724812859,2539.10504963567,0.0484911017697726,12.5243723034599,40.6251498869037,1067.39140586799,9679.76934871963,45773.1636672691,112702.777443635,2102907.83190166,9.00672329796919,2945.8303750599,15160.9052910287,1102077.6780781
43,19,0.00235596755516924,1.94184213583485,7.86486480893048,2008.03911844993,0.00262943617847755,2.52208282956756,12.2800590808503,3099.82858573915,0.00108482850180943,0.844933692537298,3.39611336201773,854.896451983716,1812.45943562631,10348.7258106945,31848.1519849663,3821516.08240339,0.583256326987866,636.093588672151,4107.98541246606,2916387.76207711
43,20,7.32157638344803e-05,0.136075439160564,0.673856512337013,1910.8813192697,8.23272115136877e-05,0.17748035020134,1.05436664085115,2957.24561931238,3.12580424415667e-05,0.0578653036960631,0.286474028023499,812.174483931692,134.215883189221,886.835370859089,3217.47586247847,3440040.25401905,0.0227326092139541,54.3053410003494,426.333020811977,3342207.85513402
43,21,3.2004909244732e-06,0.00927257499060768,0.052119328701265,2088.01467407929,3.62174918968037e-06,0.012192153799556,0.0820156883539364,3241.38300495026,1.36052291789079e-06,0.0039411230625585,0.0221521125893938,887.45875602082,7.98062840868621,59.2643958654584,244.156896500541,3613199.6366709,0.000868761396740544,3.24532311482353,28.815619631301,3172889.86108873
43,22,1.96832419840547e-07,0.000340806879075166,0.0021569826213102,1571.80932059179,2.13956983169939e-07,0.00043432979052717,0.00331005036062583,2407.07858147609,8.36591218775918e-08,0.000144851564958799,0.000916771977234962,668.058494921637,0.389662196929081,3.16184264541559,14.2483167333206,3079243.67543191,7.91618328972913e-05,0.179002660378531,1.80301458151371,3708739.58894044
43,23,2.1669438154738e-08,1.1174054486665e-05,7.73963768348272e-05,1075.67851349097,2.34374570306663e-08,1.39496457341139e-05,0.000116931569603067,1634.92610641668,9.21005690030843e-09,4.74925430959791e-06,3.28954069476858e-05,457.190423370401,0.0159687601646994,0.138093197589922,0.660666391754684,2263982.85258059,1.56705068500292e-05,0.0102225763088823,0.113393580463925,4525498.41375862
43,24,1.61818655214735e-09,3.64432682429734e-07,2.62160811157515e-06,749.951954584861,1.74700029216418e-09,4.51848207329881e-07,3.94237985618312e-06,1137.73534726964,6.87769985911924e-10,1.54893056295017e-07,1.11424938548783e-06,318.748443260588,0.000559938793926185,0.00506612009956298,0.0253021782204547,1695040.07810407,1.89123832716375e-06,0.000534066958144801,0.0061703635408773,5095403.44850759
43,25,9.59315616286966e-11,1.36186177530636e-08,1.01386987685094e-07,517.178218504435,1.04432006729676e-10,1.70902613279563e-08,1.54083746068122e-07,785.178732857445,4.07733265353592e-11,5.78825507660774e-09,4.30920198208832e-08,219.813750772643,1.69019692745214e-05,0.000159290230405328,0.000829666208045719,1153996.14331916,1.17933100635688e-07,2.11912467667919e-05,0.00025310474164024,3644206.68469809
44,1,9.51633438171128,0.0437137958107522,0.000405499731063065,1.00799021441011e-06,39.2987670672114,0.180852546793512,0.00183990737095165,4.63666561039749e-06,38.8675422005795,0.178540153726334,0.00165618160073344,4.11693206910104e-06,674.227972369178,9.08672675337932,0.0680376359307352,0.000115629404832376,30758.1703664948,140.447081183983,2.22784995990597,0.0137689953392559
44,2,12.8374609146403,0.209146679344555,0.00250843414164258,6.82635358482989e-06,46.3773505806064,0.851193376321296,0.0113447720347645,3.13306596770721e-05,52.4320115113848,0.854217292023501,0.0102451916827386,2.78808599395538e-05,2369.07612786978,53.1706299097471,0.447453972416698,0.00081965561374811,32348.7045922765,651.656672060034,13.6967605128629,0.0928567456637705
44,3,13.3809058425046,0.556212331834441,0.0081069461516291,2.41082871207335e-05,46.571892748936,2.24422927790141,0.036569939142731,0.000110399839640585,54.6516023559489,2.2717367226613,0.0331111811572984,9.84654205562178e-05,5294.98695792214,164.521222195001,1.53291431148665,0.00307032422119738,31939.9649254578,1705.97720907113,44.0503774099041,0.326556017163702
44,4,12.6546895398275,1.07557235556551,0.0183320918960365,5.99765300579033e-05,43.5289989715304,4.31775902239523,0.082515418209414,0.000273969990273162,51.6855188138133,4.39295764975019,0.0748737199444615,0.000244962001077844,9219.15959453812,358.786093670083,3.6811863020944,0.00831018189423942,29711.1278891061,3268.92432910503,99.2049456819425,0.808641814299515
44,5,11.3144707777536,1.68881268313351,0.0328730635645788,0.000120638086379228,38.7158401344123,6.75746099492985,0.147682332870066,0.000549416776082336,46.2116664665244,6.89761368166237,0.134263376433483,0.000492721853317076,13530.9678966112,622.824376870766,7.07266719004379,0.0189191052397582,26356.145989335,5102.94585140938,177.255981227829,1.61745655551326
44,6,9.8084283420259,2.29415247720301,0.050406931729418,0.000214965987794027,33.4506040290041,9.15926869873825,0.22604084992219,0.000975332305560356,40.0605408777678,9.3700015831324,0.205876913064353,0.000877985079878113,17562.8163699038,924.888396803199,11.8396409020622,0.0399023127398227,22726.2885940591,6904.81332247627,270.879048478711,2.86207333669319
44,7,8.43777288508458,2.8146358967871,0.0698466529670046,0.000363170145954839,28.7017240802728,11.219619746565,0.312626410162483,0.00164039708072072,34.4623760090023,11.4958107932695,0.285274520931252,0.00148329497553364,20867.6267826207,1236.97323837872,18.4406054744771,0.0820563396815714,19467.5426920021,8447.81352412015,374.035301216896,4.79520819644963
44,8,7.33877728150555,3.21836032090813,0.0914507239403842,0.000606592183491799,24.9101265488171,12.8140084458967,0.408475765515913,0.0027271318723841,29.9737508423152,13.1447415120225,0.373511977348913,0.00247750303265084,23296.474871043,1552.30301363579,28.0615159963192,0.166015924211499,16872.1076908304,9639.71945880846,487.844933993859,7.93989808750167
44,9,6.5158483201457,3.51100137252344,0.117162450491595,0.00101348542434499,22.0776309186549,13.9661697055856,0.522109464276146,0.00453745708564278,26.6126640151012,14.3399746729274,0.478526321811159,0.00413937614215251,24916.2254392278,1889.26924523587,42.8110077544413,0.326106571678216,14936.0082231541,10499.022922502,622.323625291174,13.1628573013183
44,10,5.90411360373671,3.71702850396392,0.150140925958301,0.00167746063802008,19.9755243260457,14.7733270984979,0.66742774929445,0.00748535281090878,24.1141573473153,15.1814508027612,0.613220231829324,0.00685124855042475,25882.7844221305,2283.53008615234,65.5937969173202,0.613283122313063,13500.6583045529,11098.7352241776,793.860263539379,21.652248328257
44,11,5.42329481437504,3.86363341145644,0.19380704378965,0.00270878616409013,18.326307397492,15.3428260177717,0.859477807398752,0.0120576248437268,22.1503502933869,15.7802288826622,0.79156565449618,0.01106348897822,26350.6114214718,2774.53575284353,99.6942630146581,1.09774392517209,12375.8876939999,11519.0784063684,1020.1908777556,34.8031925479039
44,12,5.00763084885609,3.97236295483301,0.250805224248348,0.00422251278999523,16.9041340250215,15.7594982851143,1.10987022555588,0.0187605206006517,20.4526549336991,16.2243127017176,1.02436318928986,0.0172459990868998,26437.2013142415,3392.26672655699,148.223876619207,1.87368471759556,11407.5517915163,11823.3210360056,1314.97966477049,54.0624155201516
44,13,38.4162938506972,78.1325463380876,29.3282849183228,8.37969495272442,135.0777744339,315.623092171815,129.844599996382,36.7484455902217,156.885215662014,319.078551250432,119.771062358894,34.221053490483,226353.16492097,140450.959358464,54024.5849937326,17208.5916438234,36923.73606753,94511.3176057716,60534.9001459866,41182.4373414767
44,14,8.37332912106375,44.338194233081,34.267744318283,19.1459765080554,28.4314992493839,176.616239992144,150.791757355816,83.6514977703361,34.1950649642299,181.068613220813,139.942839013911,78.1884642936135,133061.767854708,155913.805853262,101014.321740632,49119.8204381722,8037.08562490255,55564.228531124,74343.4874631934,99349.4509222707
44,15,1.85058745608007,24.8965613500228,31.5408743609646,30.1312730944441,6.30299028086942,99.1714278801195,138.55779340496,131.413996490872,7.55744132611198,101.6727404153,128.806829343213,123.050290452921,73218.9825242499,133234.910682368,124280.047370568,90112.1820145934,1789.41001550271,31211.3322144852,68217.5711218953,155837.137904972
44,16,0.458001587994773,14.0513340544013,25.5580943128322,39.4360993026114,1.5644386480296,55.9292474408449,112.10010258364,171.726093761929,1.87038988803595,57.3829300627082,104.374312985698,161.049400677621,40474.4026974736,102179.182329721,125257.439326547,133937.397150602,445.015763088231,17591.8516747287,55116.8889110011,203362.580933838
44,17,0.660750847970568,75.5321270496387,196.272098997524,1344.0453801426,0.886121804187104,113.329504228583,323.028021933019,2180.60736778675,0.594470228671347,65.8397166200874,170.464852033086,1161.47341303637,44958.9873443023,170681.749278691,331825.247354832,1674226.4766917,108.433164632793,15074.2675268804,67121.8745772054,1086640.7027039
44,18,0.0326820080541412,14.6832586117264,47.4976883934826,1391.33522212484,0.0418002740309534,21.7325877675267,77.4669602951556,2248.01554233645,0.0282812006002781,12.6717614093903,40.9874996852225,1200.55152771623,9395.0428913187,44893.7885358842,112600.787591782,2058061.95060161,5.12643411148229,2945.66070396533,16436.6232994926,1146927.48254233
44,19,0.00119948809839913,1.90645354749026,8.11494130981725,2181.25672871784,0.0011724055195854,2.20263763257621,10.339227940791,2759.26068456184,0.000634130456992725,0.96245029943665,4.07633166277573,1084.73788855985,1763.38626179113,10128.1295124707,31730.7375879879,3668744.84691301,0.303247515020513,647.27240278601,4754.31099493548,3068827.94636608
44,20,4.84055973119008e-05,0.135031398888578,0.736147922041634,2049.07999731502,4.79265074011424e-05,0.156734680378598,0.939691314678244,2598.54503142991,2.41029982800806e-05,0.067088909506589,0.36568475444986,1017.7228095474,130.716001802438,867.216508928932,3208.65799744403,3276555.53621493,0.0155171098001005,56.2779061112796,526.079373214606,3505637.74668568
44,21,2.86729562491959e-06,0.00927093356622713,0.0583933196317836,2248.28330254745,2.85005271432383e-06,0.0108442532638304,0.0749461675832432,2860.04176494671,1.42420401416648e-06,0.00460464730103049,0.0290024157585,1116.6597029954,7.77808524096957,57.9864583236135,245.308359319427,3455264.01953493,0.000796881832602328,3.37333266451084,36.3012746513521,3330810.06018862
44,22,2.37060782855119e-07,0.000343783377936061,0.00250304734545212,1684.41416637645,2.29504099423707e-07,0.000390547737004944,0.00313338679161633,2114.99885980885,1.17741646141188e-07,0.000170747677020709,0.00124319401163571,836.601604624785,0.380020068575225,3.09360211887455,14.3224763040725,2903360.0462152,0.000100411634248712,0.189047692438407,2.3653126731518,3884633.58080662
44,23,2.58376614195683e-08,1.13885996288095e-05,9.12406516385547e-05,1137.90285705933,2.493675677942e-08,1.27015385983875e-05,0.000112610163204998,1418.75672334026,1.28328470883868e-08,5.65640032679881e-06,4.53166907101689e-05,565.164657910136,0.0155825506454494,0.134968039696667,0.659815053588883,2089553.17227475,1.97674830943516e-05,0.0110019973793976,0.152397009166516,4699974.02942349
44,24,1.83050651295955e-09,3.70778499114274e-07,3.06233867944584e-06,786.537783363134,1.76378531692014e-09,4.11235187482435e-07,3.76697211623106e-06,979.051385796443,9.09161604830516e-10,1.84155354236202e-07,1.52097833453089e-06,390.651411506774,0.000546651863619607,0.00494524156940067,0.0250685523195072,1532000.5091919,2.26765026031749e-06,0.000576334838489139,0.00825771491234365,5258493.21082135
44,25,1.06737981592683e-10,1.38830876700422e-08,1.184541328316e-07,542.353128040211,1.0372080720158e-10,1.55857966384231e-08,1.47473086504375e-07,675.609233141167,5.30137827489927e-11,6.89534299458754e-09,5.88328687679947e-08,269.371693878569,1.65080452781006e-05,0.000155390210131905,0.00081755768750837,1039092.42884143,1.38907559893346e-07,2.28555264691169e-05,0.000338540726290735,3759145.23575215
45,1,3.77268500035761,0.0174773971744066,0.000169692477649556,4.14998338631274e-07,39.858008552427,0.183855368978898,0.00197775828292839,4.90078222721508e-06,42.6487058179183,0.197575034884579,0.00191830607593891,4.6913914248161e-06,688.410306985436,9.11572213787439,0.0718238277989307,0.00012041031194495,31589.1921841928,146.094627912831,2.25145021175052,0.0146675732861916
45,2,5.08149516050542,0.083236753113611,0.00104471021395396,2.79936553876319e-06,47.2083017026782,0.861904584748431,0.0121376175413129,3.29861204233821e-05,57.4442849575378,0.940958441122064,0.0118100341204404,3.16457158040528e-05,2415.8173695513,53.0814863482144,0.470347443231601,0.000850670287165169,33280.0216196853,675.073027724119,13.7755759326273,0.0985225106442632
45,3,5.2905504500272,0.220350632668735,0.0033623252734856,9.85316644848389e-06,47.4310088828978,2.26273747222214,0.0389656026874098,0.000115848681422302,59.8075719909501,2.49097640237397,0.0380097520570751,0.000111386134065404,5381.3978519421,163.538552479114,1.60543807106781,0.00317777617030303,32852.6106577021,1759.47898185713,44.1187836883174,0.345306618173827
45,4,4.99762780727431,0.424320328220415,0.00757674195467563,2.44478391553325e-05,44.3012887095437,4.33579985246926,0.0876203546474212,0.000286748797959631,56.496197832495,4.79677281541386,0.0856520591177397,0.000276373113557248,9332.1874883042,355.340732864675,3.84385683545509,0.00858272330938694,30528.8349163976,3357.48897583781,99.0119612461532,0.85278860097402
45,5,4.46399567324261,0.663852995805382,0.0135502268594298,4.9083968978354e-05,39.369316005354,6.76183758044769,0.156406849509505,0.000574027272243661,50.4636984594627,7.50459450544209,0.153179933930105,0.000554874778343599,13644.047309592,615.058891696154,7.36912688215625,0.0195018682919374,27053.1298810405,5222.34909798234,176.4344607736,1.70258094443247
45,6,3.86797200641956,0.899175693072912,0.0207418544069747,8.73570235678047e-05,34.0004561310005,9.13887965765152,0.238992959215303,0.00101791183763453,43.7258875835365,10.1648241527862,0.234478427601908,0.000987536462471451,17650.0424682429,911.529872291713,12.3193042438429,0.0410198432097003,23313.7617352274,7045.63622726265,269.154039270526,3.00911182226232
45,7,3.32797520889457,1.10073818286735,0.0287230995113954,0.000147405052408487,29.1788485005123,11.1701783289582,0.330349376403309,0.0017102480455648,37.6214382170831,12.4434080606279,0.324703234201683,0.00166635558379469,20913.4335003202,1217.9406137897,19.1724731307293,0.0839714517188469,19972.1955142659,8600.82265966821,371.414982138071,5.03590243229156
45,8,2.89637942990047,1.25671492905929,0.0376249094098857,0.000245669720228767,25.3413332976942,12.7382939684936,0.431860268704543,0.00283769060542639,32.7424193197116,14.2066632388751,0.425334660247525,0.00277719863317871,23296.5789366689,1528.69156821565,29.1469832042502,0.168760879377539,17319.7455300431,9799.068053038,484.651196544173,8.32155509824683
45,9,2.57368420031793,1.369796206516,0.048262115663755,0.000408889853564355,22.4790149665489,13.871553407254,0.552718943131153,0.00470436042108351,29.0944778896673,15.4850021766099,0.545584052975196,0.00462233742677824,24873.2544573076,1862.78012809259,44.3761398222522,0.328767696940961,15344.5307528326,10662.805396046,619.018782915121,13.7452065624914
45,10,2.33367669106032,1.44978796047719,0.0619262207870406,0.000673074464184348,20.3538955481554,14.6691027886486,0.707542232651082,0.00771970390187261,26.3812883030866,16.389277190884,0.700051335457799,0.00760883954367519,25801.6198771719,2255.61450547691,67.7456844617947,0.612691000779444,13879.8152260299,11268.1382404984,790.711379659564,22.4901969773558
45,11,2.14461373190451,1.50740032603654,0.0799844480323704,0.00107970964554948,18.6831293675296,15.2385748648502,0.911798988536936,0.0123546193996272,24.2440066256243,17.0405621059995,0.904192423649944,0.0122056887965583,26236.0486630153,2745.5197268442,102.441172905735,1.08667528849379,12729.8280843286,11697.2842597612,1016.86135664955,35.9152881823227
45,12,1.980779680329,1.55105358359344,0.103453522422206,0.00167102083174682,17.2390062961362,15.6643870992226,1.17697290889154,0.0190867356350162,22.3919277301058,17.5340448482273,1.169500990195,0.0188902269503093,26293.857481767,3360.67685516315,151.379879144721,1.83909302943929,11737.624227042,12014.6041909211,1310.16771538774,55.39426105565
45,13,40.3997002110023,83.1599311604932,32.6549229247326,9.11356579205159,136.161008716602,314.792239978182,136.341258570076,37.6437756830214,144.753438305504,293.825026171726,114.688409078467,31.974669853555,224719.565835901,139742.968264953,54525.0997772583,17321.1738377713,37613.5736768529,96470.5769095877,59794.8149206572,42488.4742432676
45,14,8.72660366363412,47.161124811137,37.8490271612761,20.6825831765201,27.9725661390437,175.115121965597,156.964653296146,85.1144197946932,30.6646392454715,165.482508221269,132.785184177331,72.5595154625519,131137.339986559,154959.070900985,101603.883601127,48969.9215236693,8020.86902905254,56666.691767172,73189.9241167574,102361.93855656
45,15,1.87187755341365,26.3984813888347,34.6921151130994,32.4553299779092,6.0066972407566,97.9981319326808,143.652233802541,133.335642965441,6.56781820050823,92.6126681759855,121.708324943445,113.861121768402,71482.755417406,132310.078257301,124469.94887495,89363.4861963952,1729.17231912516,31721.9049763748,66894.1408397887,160104.874386101
45,16,0.446766110426217,14.877946903199,27.9958255743497,42.3774522540333,1.43641176239768,55.1823030770063,115.756049951345,173.832991232023,1.56737689044106,52.1954305373164,98.2161052115001,148.670318218528,39264.7826010314,101378.881239857,124871.144294755,132383.817856599,414.119382959165,17849.5920064838,53831.5965486357,208435.619356697
45,17,0.561296657627764,74.2731119843694,203.155716853726,1359.2014638839,0.741574613332843,108.70051992293,329.660677933482,2173.26491648494,0.429472941446473,54.8219771335238,149.34347215008,994.013609010731,43521.1125697905,168572.771818772,327931.434580764,1655793.57267312,93.6056581170342,15116.7281221916,65828.2315778873,1113985.11063512
45,18,0.0248580772548673,14.3072007065224,48.9973009593741,1402.86865462859,0.0312702789148108,20.6627658726303,78.8051321817404,2233.5918742173,0.0182135497362823,10.4486649770026,35.7799540450996,1024.36555530829,9095.59467834096,44170.5381007143,110968.882485848,2032898.12154008,3.95631024678155,2936.14571021326,16110.4716263107,1175269.29104395
45,19,0.000843261671493542,1.79017122788372,7.93133798996076,2101.72885288539,0.000862726255074267,2.15446700601333,10.6496236487819,2801.21356710492,0.000427102792574574,0.876613207288244,3.8705486977495,1018.47059210876,1708.15170486669,9950.07155678619,31220.3468106119,3600901.89927388,0.224624430010348,648.174439577647,4608.77975355797,3137663.54465683
45,20,5.13493648961528e-05,0.128327341719893,0.712492018617363,1962.99070941529,5.34852201650213e-05,0.155224782027454,0.959098616721549,2623.21931197088,2.48902684424229e-05,0.0621453515950096,0.34500155942368,950.410524215143,126.728535713234,851.679960250776,3151.00938873987,3206375.78137369,0.0175019229952005,57.2020696290267,506.828041490675,3576041.7671084
45,21,3.81754292087553e-06,0.008811844202141,0.0561163818217228,2147.5499114099,3.99060520875115e-06,0.0107348579304173,0.0759261096136968,2877.85637585214,1.84836077612291e-06,0.00426639700704964,0.0271695791833977,1039.76629330369,7.54763671546936,56.9763218407673,240.295208593825,3380712.46866997,0.00113372883214476,3.44601698146806,34.9098749780025,3405528.99945098
45,22,3.48572433746331e-07,0.000333369269965439,0.00241729494504965,1613.20984563141,3.57239358808612e-07,0.00039495828938461,0.00319445147333616,2135.70203561762,1.68766281129958e-07,0.000161405416908264,0.00117036718051123,781.058084008399,0.369071623652636,3.03974739560926,14.005802874461,2831582.90646736,0.000158245949495621,0.195809266249779,2.27180766791909,3956517.23349609
45,23,3.60731981109786e-08,1.12681860254998e-05,8.82693712758377e-05,1079.78884257117,3.68563249046354e-08,1.31141869294535e-05,0.000115035239409004,1420.19582744528,1.74653429278478e-08,5.45564972461529e-06,4.27368493439262e-05,522.794853251164,0.0151435552369185,0.132475989764262,0.644339296416267,2034771.87367043,2.96286912514924e-05,0.0116523864349989,0.146854278604828,4754854.39603517
45,24,2.41871189646852e-09,3.71105676356973e-07,2.96761382606697e-06,740.154324058942,2.46712184115392e-09,4.29663426704447e-07,3.85448770603123e-06,972.072221885786,1.1710531552945e-09,1.7967599777118e-07,1.43681169284869e-06,358.356056271347,0.000531439555497875,0.00484576344279474,0.0244461204414551,1501182.63890885,3.22388856600473e-06,0.000619130286751294,0.00798732397782818,5289396.74004669
45,25,1.36589874584937e-10,1.40166963926782e-08,1.14884169766023e-07,509.934109413792,1.40520903549188e-10,1.6421790589089e-08,1.5093591420258e-07,670.207333728673,6.61318960005731e-11,6.78637937794539e-09,5.56227757742273e-08,246.891723074249,1.60533180650814e-05,0.000152082670040812,0.00079640465368718,1020186.29178721,1.91381035856561e-07,2.47679539629261e-05,0.000327606604612111,3778111.67372911
46,1,4.74599700706128,0.0206731742468461,0.000214532941074605,5.26926336396917e-07,44.3252856001631,0.19976508730968,0.00247847369709996,6.16438621530961e-06,40.3453258726788,0.17574093505974,0.00182372669118866,4.47935696571245e-06,654.058081405601,8.60884484560219,0.0764173238610977,0.000128249025545293,29683.7550960558,135.934850416446,2.05383655477013,0.0151162060815695
46,2,6.5634358556241,0.0998056503788744,0.00133220743809221,3.57975080132461e-06,53.6480449497901,0.949536713355012,0.0153458766394287,4.17931234141241e-05,55.7952223833249,0.848439533880714,0.0113249846428196,3.04311638645245e-05,2338.76054399189,50.6580998259344,0.504273314158047,0.000912273219288295,31259.1996914333,635.208938007174,12.6706915234815,0.102230736933681
46,3,6.91622408370812,0.266887050274423,0.00432014751227321,1.26754239398482e-05,54.3223793642714,2.51788442600764,0.0496474398143332,0.000147679159204241,58.79424577186,2.26878461964874,0.0367252147317788,0.000107752724805064,5271.23315309326,157.458528968966,1.73265686868631,0.00342657880430477,30908.1165887295,1669.69073187315,40.8747164823221,0.360343898370154
46,4,6.57269194299681,0.518039314393141,0.00979805352178267,3.1584238193525e-05,50.9454868068879,4.86272696889125,0.112377223456071,0.000367150725530133,55.87390761233,4.40380913071665,0.0832924381676007,0.000268494982289739,9217.84455670261,344.704307787737,4.17006995552191,0.00928623604485355,28786.735848238,3208.19043663248,92.2978642584753,0.893440782720014
46,5,5.89076398736314,0.815719369465811,0.0176127983021915,6.35181589443926e-05,45.3937272493301,7.63187572706159,0.20165396667584,0.000736366993295064,50.0768947716569,6.93436252336205,0.149724933659762,0.000539962586919313,13563.7929720452,600.356224907915,8.01975121989409,0.0211186235477274,25557.7140537433,5018.68307542248,165.273142612062,1.78612973945199
46,6,5.11259165500581,1.11064268332862,0.0270536158590839,0.000112862886314949,39.2561684378107,10.367749610222,0.30923375308943,0.00130400059566504,43.4617164882852,9.44148108823724,0.229980538598119,0.00095943801071363,17635.9850828736,894.014594716591,13.4114170149528,0.0443700504549627,22044.8455211355,6802.61004567132,252.942184048835,3.15027918160954
46,7,4.3994503617049,1.36521308009232,0.0375136957141859,0.000189551538483865,33.6894916336078,12.7236409567503,0.428074712970226,0.00218123035564204,37.3993616598517,11.605562860663,0.318900807570147,0.00161136186525632,20982.5296005112,1198.38741435988,20.8114286613524,0.0907008130147287,18878.9622474922,8335.21893399261,349.444668682685,5.24427208692396
46,8,3.82519234202493,1.56357475870179,0.0490893228202611,0.000314018605218131,29.2279236971336,14.5549388666766,0.559136983835594,0.00359818703977507,32.517641990725,13.2918189944624,0.417304250952088,0.00266944604869322,23451.696580821,1506.45210959168,31.4664991045307,0.182264673940109,16349.8927575266,9523.77981261126,455.43245970075,8.60712519646842
46,9,3.39404498912162,1.70819731202675,0.0627724225955117,0.000520033120074852,25.8865542533284,15.8860452351805,0.713534644252674,0.00593594650446792,28.8524941985654,14.5212432932458,0.533623144234049,0.00442075830700895,25109.6933423225,1835.65817191121,47.6171211247664,0.355617000101623,14459.3261889079,10385.1388659455,579.781854023928,14.1336831410966
46,10,3.07332833724458,1.81083851474361,0.0802090292862321,0.000853661971579037,23.4049993696452,16.8262445756089,0.909772213436485,0.00971429892098427,26.1261086122446,15.3937876217429,0.681850287657058,0.00725690942856193,26113.1541601653,2220.55265978836,72.3485172224054,0.664412346022803,13056.9871907046,10990.6833142722,737.330584526854,23.0443808112219
46,11,2.82172237997656,1.8847119466649,0.103192877179356,0.00136847707535111,21.4614547012099,17.4975001870291,1.16801077160971,0.0155367854535737,23.9872272934442,16.0217795230785,0.877234067224663,0.0116333098129191,26617.6618828826,2699.77445019151,109.115194654156,1.18159996419548,11960.1460453621,11419.5505872353,944.240815046783,36.7536857807959
46,12,2.60509553141293,1.94035365171488,0.133108098489079,0.00211914370899737,19.7920418666499,17.9967704002459,1.5037868190854,0.0240173389798752,22.145700468824,16.4947850304593,1.13154087578319,0.0180146644389639,26741.5388104928,3303.04707599769,161.114440994284,2.00406980864799,11019.7974823202,11734.4722266961,1212.94768191353,56.6949969288291
46,13,33.8008219098787,65.6217092525309,25.6251964430991,6.77086483825373,159.656495366373,366.471760775608,171.021527650215,44.66849543091,157.490974796693,302.943682663877,117.856991426982,31.1218529326623,231472.059130697,139630.30876416,54344.4281601719,18138.7333476053,36089.2449858161,95182.4705762106,54069.461594881,40619.5831364171
46,14,7.70287492511476,37.8752946714161,29.3909693183171,15.4821870075405,34.8060418877056,207.905538574216,195.089027098834,101.79385473098,35.4419822157205,174.103950205125,135.089279531692,71.1600602856128,137398.586193408,156816.526124498,101539.126951,51673.2249766097,8107.66123350901,56689.7854132556,65322.1542507431,98230.921792853
46,15,1.78539643704008,21.4465975474913,26.6243469461332,24.3425559065682,8.09093714302944,117.699739985115,176.541131901789,159.799135882127,8.20680244081298,98.574270672149,122.372239729068,111.884539704945,76079.3224747949,135220.606206915,124842.030107051,94555.9736253977,1895.54917698918,32104.132860562,59043.4567761172,153914.511019819
46,16,0.462826450440827,12.1460368878265,21.2746675150974,31.7792472755845,2.1043331501119,66.6044939080128,140.919180418535,208.330766850937,2.12727935591256,55.8262596940299,97.7837492017998,146.065452659113,42138.6411121702,104337.391199452,125625.58835372,140121.878472075,494.393743087269,18152.8897754298,47069.7748589394,200320.5352979
46,17,0.79140081663462,72.6160974357636,193.596218963168,1193.12213307351,1.28251341989421,136.272521524934,435.087777209554,2641.41619283434,0.709296279190095,63.0621528487464,167.331705755076,1026.78869229634,46653.0536077267,175135.675466047,330636.15028217,1708264.2983909,128.273697081558,15498.8297247389,60484.0054326696,1053512.93905864
46,18,0.0419087093477078,13.9503127479041,47.4903511243431,1219.53023956837,0.064769075192298,25.805406943132,105.778610784272,2688.48060151196,0.0361141104464675,11.9903289606694,40.8138824308139,1048.02529023372,9720.29214010764,46143.6042661749,112816.719984643,2094210.22464067,6.53814556810221,3019.75972322687,15166.000356159,1110034.61293462
46,19,0.00188203758560587,2.12360889381973,8.95854201857491,2242.15960942161,0.00190173560110149,2.59740122456976,13.2441717708555,3274.87899422097,0.000574694716606301,0.579788114407261,2.41302368460191,588.788674034704,1822.4123011966,10432.8949385034,31904.4508457454,3782564.45183641,0.403466348956165,659.819720285042,4126.88327999021,2955002.618814
46,20,7.12592239287143e-05,0.151460833498304,0.767026731120623,2124.72638978689,7.18438978517862e-05,0.185498191054823,1.13452225807809,3109.97367945357,1.87903913139003e-05,0.0396881006642937,0.200896291430228,556.277926867222,135.094105891851,895.147379007418,3226.10149109127,3397175.0681256,0.0190638412962929,57.3713676847215,429.054955447305,3384938.67772
46,21,3.89961726791987e-06,0.010412589704003,0.0596186868847451,2330.29861008588,3.94441938743492e-06,0.0128497233318497,0.0886689896119447,3420.99783894944,1.02118053730895e-06,0.00272617462737037,0.0156088972924228,610.096755740449,8.04141736557221,59.9474568268473,245.020916583121,3573339.48561667,0.000903368770270769,3.4437911028093,29.0288840307638,3212603.44770813
46,22,3.05381192691012e-07,0.000387049195378868,0.00246144128637658,1746.24576027943,2.99535062114754e-07,0.000463756786081758,0.00357597790191003,2531.78121243604,7.99523779260138e-08,0.000101333631575048,0.000644431404085397,457.185557204679,0.393037165444701,3.20231823858449,14.3045035125931,3033902.5369893,0.000106979985641685,0.192997456961261,1.82057560485893,3753992.32930259
46,23,3.42339143494543e-08,1.2948443465761e-05,8.82334761556603e-05,1189.53691176193,3.345811566155e-08,1.52296278479794e-05,0.000126372893290636,1713.10288077988,8.96280042671789e-09,3.39003916380665e-06,2.3100454769071e-05,311.433309208773,0.0161218435362528,0.139847498838537,0.66338375613856,2224982.10586546,2.1602950660408e-05,0.0112769873774713,0.114571753046544,4564452.8755399
46,24,2.48253600088536e-09,4.26328862721038e-07,2.98409326106487e-06,825.926987390274,2.42187878216114e-09,4.98498260245024e-07,4.25592174704651e-06,1187.53828216697,6.49954108619209e-10,1.11617392775754e-07,7.81267088300256e-07,216.236396117198,0.000565709736263573,0.00512653598041538,0.0254087624215457,1666033.44267022,2.53376901515094e-06,0.000596066397092459,0.00623294409272744,5124386.81772249
46,25,1.45071620575454e-10,1.60668777990971e-08,1.15525292511016e-07,569.466674446186,1.42724672357239e-10,1.90058656820469e-08,1.66401159591778e-07,819.357918708581,3.79812802976457e-11,4.20647806083098e-09,3.02457399921808e-08,149.092381374024,1.70873596475395e-05,0.000161119981848582,0.000833270948473055,1134448.28768282,1.55781852761806e-07,2.38410666888599e-05,0.000255725687227166,3663738.79405109
47,1,4.6565003933928,0.0200670578391415,0.00019768262086573,4.65367192369939e-07,38.9214312055053,0.172299837536094,0.00180691010132525,4.31194879369204e-06,43.105074270592,0.185760108551867,0.00182994165887183,4.30788912176754e-06,676.259783056688,8.6565053216052,0.0670739444512294,0.000108186428707775,32387.5012548743,143.366185723857,2.15098000413022,0.0137816024221993
47,2,6.30564332035659,0.0959250637159706,0.00122419321256665,3.15610675516122e-06,46.1665450283026,0.810596491906531,0.0111528958572976,2.9178138801987e-05,58.3711372672711,0.887975227438016,0.0113323171676556,2.92159786521606e-05,2374.60249494851,50.6721066546455,0.441709408631386,0.000767517957501377,34255.4095328958,664.930111014818,13.2374226959343,0.0930739068420875
47,3,6.58934254712568,0.255028622439526,0.00396173446520342,1.1159059938675e-05,46.4834158509035,2.13698607369917,0.0359985105592722,0.000102933740718848,60.9973318785167,2.36079174973994,0.0366736484346201,0.000103299058694184,5299.32065797174,156.921197343287,1.51517503996201,0.00287399258075941,33902.5147355217,1740.49235901261,42.6277600315671,0.327699344236803
47,4,6.23957354984673,0.493252818165154,0.00897164814349937,2.77738689668965e-05,43.4908785465933,4.11262653089242,0.0813428589108634,0.000255563172073587,57.7595315281393,4.56602546224551,0.083050258108834,0.000257101811115164,9214.17028654869,342.596360578489,3.64201254026608,0.00775897938884477,31559.9003126762,3335.88306993335,96.1375148044755,0.811876849420715
47,5,5.58025084163255,0.7749008966906,0.0161106717874548,5.58150244862411e-05,38.6825567182737,6.44025040714124,0.145788022486926,0.000512075546036892,51.6562024387258,7.17323266021659,0.149135970209031,0.000516677885243633,13510.8754385205,595.45880685944,6.99850425248305,0.0175621502892505,27990.7428175296,5210.35898149682,172.014646247304,1.62265000647248
47,6,4.83487377517044,1.05343580291379,0.0247327460383877,9.91634323635952e-05,33.397066878429,8.73602424288516,0.223402795764646,0.000906438150870403,44.7562709246998,9.75162132238422,0.228950234045532,0.000917952701781083,17526.7046953879,885.298450422659,11.701073776038,0.0367053212054808,24114.2367876918,7055.33057135583,263.176940513802,2.86325129445778
47,7,4.15422091834268,1.29346700686965,0.0342953394673227,0.000166642333699332,28.6168404010422,10.7098888565031,0.309199861813052,0.00151659415302763,38.4554893360884,11.9735824519179,0.317470853641869,0.00154260271961467,20817.6391223955,1185.14999306781,18.1671708149778,0.0746806412367102,20626.1297857177,8638.74436373605,363.664267360934,4.77262537987806
47,8,3.60734138877507,1.48013013918134,0.0449058293360916,0.000276408780267868,24.7938993978065,12.2412692870039,0.404031931354513,0.00250399821857322,33.3930431323842,13.7015170599109,0.415691816854846,0.00255870718262927,23234.6779671596,1488.11841568553,27.5046488636712,0.149599245011411,17844.2331225768,9864.92674715482,474.366269018173,7.8486939865059
47,9,3.19779718261142,1.61585200048243,0.0574954647726336,0.000458515838910375,21.9386809270727,13.3513125067774,0.516124489656279,0.00413645560270052,29.6019055972465,14.957889961721,0.532233666889227,0.00424446636330549,24842.9033638497,1811.40457058958,41.7008433824367,0.291540410180862,15770.0229659801,10751.5891920414,604.788824355314,12.9189500863036
47,10,2.89441469526363,1.71185843826507,0.0735968866977964,0.000754162435692842,19.8277163252102,14.1326716723357,0.659064704164247,0.00678101946690468,26.7935036763364,15.8466184662751,0.681284011420731,0.00698125739423476,25796.715143051,2188.97541026533,63.498417256126,0.545143135947846,14238.4051777016,11373.2669053239,770.683437851559,21.11738900028
47,11,2.65784932234113,1.78079856052603,0.0948802691569924,0.00121179800967865,18.1850882326242,14.6890828513082,0.847655322461715,0.0108685833223972,24.6036256331296,16.4847949591836,0.878303597832623,0.0112175751734652,26250.3718251357,2658.75832213511,95.9921872875197,0.972197023226544,13048.2035202666,11812.9961859482,989.20701739045,33.7732434160115
47,12,2.45546758852581,1.83281364984933,0.122644406695613,0.0018820176654415,16.7835442235453,15.1034959312108,1.09338835913746,0.0168475698330708,22.730184436926,16.9662969669261,1.13531532542945,0.0174217769556148,26322.3904348525,3249.89422722579,142.102054158192,1.65682996248163,12034.4555417097,12137.0383066408,1273.66036306745,52.2657065466058
47,13,37.392852418519,73.6730113574488,29.850186457572,8.20286777376367,134.791983627146,309.941613265863,133.127731765343,36.182409444861,156.745745055147,305.394515311082,123.183831538497,33.8242197850593,225083.143531516,138707.437657861,54319.6199435028,16981.3277908609,38437.8836819634,97566.3269924895,59906.4744263488,42816.8221765503
47,14,7.91261216096054,41.6959240936397,34.8297133252967,18.6408125265115,27.1438227892106,172.256329717152,154.302578270734,81.9180429014344,32.6696298526091,171.946730573295,143.613589229938,76.8610468705558,131000.175635609,154676.185373193,101419.741801986,47968.5351843369,8024.8212939628,57210.0959785034,73767.3464665936,103203.763004752
47,15,1.63119463502774,23.3284523284036,31.9997203581393,29.2501453467382,5.59792841465279,96.3530787973168,141.541414785536,128.313716625607,6.72660380493112,96.1897466671891,131.943371393224,120.606123524345,71309.0376584345,132403.663677909,124279.027246367,87536.4646525606,1660.52261515339,32009.9574621182,67580.4154358246,161409.238234405
47,16,0.37279238383871,13.1796432089811,25.8600257135291,38.2069307899485,1.28122364531552,54.3875209599002,114.21347128716,167.338059122614,1.5371351860094,54.3431766623582,106.627759224987,157.537330080667,39245.1352060311,101620.232775733,124718.185036175,129774.413155631,380.46443464114,18055.5612139434,54462.1469940937,210206.189492088
47,17,0.443341892380908,66.9288496798107,190.132306214753,1244.9561754556,0.638582070137135,110.533536926289,334.573392811979,2157.19925788291,0.459533241720433,67.0722464292368,189.955506468096,1238.31266988579,43703.1117058135,169114.374242921,328103.257116385,1650054.61006207,80.2446123891928,15228.811075266,66127.5948498723,1118290.50499772
47,18,0.0179182326546461,12.8755649365365,45.7348798623185,1282.63735179174,0.0244195305127709,20.9823007114354,79.7348285098983,2212.74860647983,0.0178623705835195,12.7916790854565,45.4338609221997,1274.11760730652,9146.43061570122,44291.8017781172,111073.334469771,2029004.59444719,3.06947895806287,2956.59618162576,16149.3806508786,1178711.43126799
47,19,0.000690774799440229,1.8270101688352,8.45150154458813,2193.8569021352,0.0006510407588758,2.09923588432412,10.3878211604098,2670.89638896581,0.000338120189970157,0.831738212227596,3.82181927671013,976.800249373682,1718.98257129683,9987.2536582894,31314.2982174071,3528981.81494859,0.177839549723117,663.17026228682,4717.07262321231,3209398.18737471
47,20,6.59301182549458e-05,0.133649330944115,0.774792632067982,2066.76133732988,6.28972440844168e-05,0.154065974628784,0.953675762222263,2524.35205789336,2.93472560738072e-05,0.0594191668853689,0.344390532736056,918.432456825357,127.684144767743,856.587096411433,3169.2989306018,3146871.26009951,0.0213916784279397,58.7639064658359,521.126780242988,3635533.28995403
47,21,5.51641699829483e-06,0.0092516171845246,0.0614935157969955,2274.46645067483,5.28547512837211e-06,0.01074187669542,0.0761055132315033,2786.69058928908,2.45146983533317e-06,0.00411128419244939,0.0273266784262316,1010.73016291142,7.61537501930774,57.4159764856221,242.227256422267,3329575.50298497,0.00154899166688987,3.54063929645781,35.8984897746426,3456655.72144421
47,22,5.23825467014778e-07,0.000345887433756143,0.00261853563743718,1675.16329569603,4.92313390855406e-07,0.000390021642673909,0.0031585599900678,2025.69764003973,2.32778319624095e-07,0.000153705932757793,0.00116362819459138,744.41109672394,0.372901510625915,3.06663090982966,14.1198671803028,2757834.83110116,0.000230822078144725,0.203307716439537,2.36006373842814,4030349.76603214
47,23,5.25426973739113e-08,1.17677143069758e-05,9.58147059997911e-05,1110.06016489079,4.92313897490513e-08,1.30460183868379e-05,0.00011398713846692,1333.68266453045,2.33489877709967e-08,5.229351232263e-06,4.25782554439003e-05,493.289882182741,0.0153182161359248,0.133694738726372,0.648882434638091,1974909.36540471,4.20441893362534e-05,0.0122457157322636,0.153591248962006,4814802.63782672
47,24,3.41131268979643e-09,3.90270803558473e-07,3.22753664613891e-06,757.556332061426,3.19121467468165e-09,4.30637977750371e-07,3.82769105992975e-06,909.027366265217,1.5159232701155e-09,1.7342901305626e-07,1.43425664893552e-06,336.643801488121,0.000537984078257231,0.00488994670073796,0.024584722152472,1463765.77299885,4.4237923206578e-06,0.000654845265291158,0.00836266244894599,5326880.96045726
47,25,1.8935648786508e-10,1.48311930289007e-08,1.25096255923662e-07,521.844010049771,1.78778251762027e-10,1.6561102637429e-08,1.50150835566081e-07,626.676109648514,8.41464657001263e-11,6.59070354330791e-09,5.55904259050257e-08,231.897673997286,1.62617866905908e-05,0.000153457430356638,0.000799976569966968,995950.369091813,2.58174752857031e-07,2.63378513505109e-05,0.000343337983487845,3802394.21177449
48,1,5.49073138307522,0.0238980637094911,0.000217679072784406,4.84595056481312e-07,40.888885452906,0.180170747732537,0.00208537768487319,4.70330885735243e-06,45.6043764520949,0.198490186069416,0.00180797742384605,4.02490193760317e-06,676.394713663297,8.60124946634371,0.0716226429802845,0.000109911901874191,30816.8867501483,138.436903340935,2.0101280206827,0.0139440472797798
48,2,7.58239287325721,0.114859377666845,0.00134751469007109,3.28987262110462e-06,48.6654135272045,0.850853905277748,0.012868230042612,3.18588489298927e-05,62.9770926448118,0.953987717249871,0.0111920549218913,2.73247003039996e-05,2413.20312360806,50.416007951646,0.471892445319963,0.000783238668932404,32278.9998835019,643.823813592205,12.3627768408738,0.094236715448793
48,3,7.96364431794154,0.30577229178013,0.00435900103095797,1.16562076878925e-05,48.8558264012223,2.24351014973819,0.041520098781384,0.000112620940069873,66.1436533802144,2.53965341410507,0.0362045618519295,9.68129828825701e-05,5417.00506533209,156.194550459034,1.62041909823691,0.00295531767244574,31758.3659583032,1684.30972993267,39.7839895309217,0.332357270378181
48,4,7.53825865042373,0.591106635942032,0.00986969279832968,2.91231881526712e-05,45.5554303715645,4.31202614151773,0.0938068787816082,0.000280675975796068,62.6105269594601,4.90955533390779,0.0819747232998797,0.000241888510534957,9431.31123103109,341.069995112465,3.9033109520087,0.0080778762578762,29446.519088744,3222.38968597805,89.6859645679011,0.826204068975069
48,5,6.73149228990114,0.92751670454836,0.0177310201181889,5.89061058986273e-05,40.41361824628,6.74050192368181,0.168201164656646,0.000565989258144727,55.9097663053207,7.70367698012198,0.14726856222507,0.000489256538210652,13821.8094557932,593.046775484229,7.52990514875285,0.0186086789187148,26045.8002646638,5022.35696414099,160.49862093885,1.66099912471541
48,6,5.82587795990895,1.25923612900925,0.0272594382739374,0.000105646486512811,34.8383116676061,9.1273135284961,0.258117703422466,0.00101127409727224,48.3880039126676,10.4588395357366,0.226408760178872,0.000877468192420112,17909.2700569147,882.68451939104,12.668981506323,0.039687798259814,22404.0195455855,6787.10953519896,245.843885041741,2.95662879688439
48,7,5.00461012705062,1.54442259823578,0.0379060387838353,0.000179549323436253,29.8391039882549,11.1735065734474,0.358255094029549,0.00171114354359763,41.566798356498,12.8275132504515,0.314836247104397,0.00149128310354892,21247.3671683211,1184.34576917796,19.8403292649246,0.082183213409949,19155.1046990466,8296.80407495866,340.576438851143,4.98082087588259
48,8,4.34817756778618,1.76600691525794,0.0498486579919022,0.000300916797520865,25.863392257292,12.7587669781194,0.470159343292325,0.00285487082250841,36.1146653965095,14.6679264676246,0.414028078609304,0.00249932512765073,23694.1049134694,1492.79901700104,30.3252191479499,0.166451364028398,16578.1657345015,9463.87675535429,446.040979103067,8.27232397223593
48,9,3.85762145050465,1.92743780759931,0.0641626972072771,0.000502544473049129,22.9000827916847,13.9093867052277,0.603800191169081,0.00474875037639144,32.0402526666602,16.0087232889782,0.532916217071178,0.00417398443557008,25323.6767380349,1826.80734730859,46.345456047206,0.325726449426517,14660.2808869218,10308.5826100563,571.534117847589,13.7046287561052
48,10,3.49315758588149,2.0423519052201,0.0825494112336189,0.000828441092980691,20.7021375737256,14.7236668012851,0.775000431055491,0.00780366557894822,29.0131245618883,16.9631654938372,0.685630777240515,0.00688078451426929,26297.289328047,2221.2500909153,70.8922508262439,0.608524787721649,13239.1602674575,10903.6990418959,731.857974883317,22.4491344603367
48,11,3.20653164918269,2.12578168480449,0.10680198322112,0.00132919015804869,18.9767473228408,15.3091445604677,1.00043351345248,0.0124910088578239,26.632495059881,17.6561083479003,0.887065403283011,0.0110398568268918,26772.8261451263,2713.82508161803,107.25374150119,1.08091766492134,12124.8314388255,11328.3878487847,942.606226209229,35.8472511860663
48,12,2.95868855258734,2.18957661180505,0.138236450470742,0.0020561915053349,17.488723195115,15.7503290766883,1.29231648339142,0.0192880371541609,24.5739842551042,18.1859699753759,1.14815070831935,0.0170781130827008,26870.2693722652,3332.07512426663,158.424782900407,1.83150986971546,11165.3823455869,11644.7179514082,1215.18641850156,55.2520889357328
48,13,32.1100519383345,62.7678817582385,22.5349827053369,5.77050417087128,140.989097901412,324.087641549784,148.080959493825,37.441574247693,179.33814053855,347.96285025471,124.550181508307,31.8787087939892,232896.151773551,140541.976311023,54603.0941070633,17571.9529886934,35979.2122433149,94130.1759806159,53911.1694764358,40868.0894054841
48,14,7.09012040124794,35.8196340363126,25.6486003198413,13.0830172422874,29.6414610959836,181.481678717569,167.537730040294,84.5702498639422,39.2067651960806,197.897452818384,141.69044131164,72.2740501306285,138299.417738219,157555.783803604,101921.221135137,49777.7224772491,7902.91402138058,56081.6286321532,65413.3540464378,99190.9003720682
48,15,1.60166364248692,20.2823443683692,23.3143387630425,20.6262490869262,6.72155278590787,102.767509588821,152.12831869966,133.110074085973,8.84880249964964,112.045361471783,128.794566928664,113.944840025311,76599.9258485822,135905.463340158,125347.459844026,91176.8191051636,1802.77083509645,31777.0786863962,59339.4809882656,155862.695075252
48,16,0.406625587175526,11.4985795758943,18.6817866176158,27.0022033816901,1.71308586396737,58.2092877946628,121.757965766988,173.994725755231,2.24632315480355,63.5211919521267,103.203116494364,149.167292958439,42475.0408097755,104953.343784004,126213.59633326,135399.590975884,460.643804886397,17986.5811909123,47437.1155264576,203421.705629103
48,17,0.707606657027169,72.4168343268205,178.096849272009,1067.90631016195,0.995010685301899,116.688844436108,365.471585398384,2154.32901033654,0.749827672704021,74.021711411385,181.02758092088,1080.54961783664,47303.6171457697,176996.817191514,333590.48104276,1680262.98659569,117.081531403849,15494.5039126655,61057.2237897185,1076142.12408026
48,18,0.0362029711846781,13.7860283558455,43.0536466336887,1076.41045910259,0.0480850493287083,21.8235526589792,87.4161126889268,2159.24785009757,0.0367111336039249,13.9313753930456,43.5015234483966,1087.54171770269,9905.8473863239,46810.493962404,114114.906771509,2065793.43641305,5.82390474662756,3037.87738002193,15342.7068235965,1136762.69232301
48,19,0.00162732159519218,2.1364038280931,8.34344418423022,2032.28573498292,0.00138648151426647,2.19603630489618,11.0635571183973,2658.38096855126,0.0006503541031584,0.767191073109968,2.95273683357775,703.331838315208,1861.96667741743,10600.3050091513,32306.1461410243,3627258.40214278,0.360025160440195,675.062339731112,4291.6080870303,3110234.42538483
48,20,6.7107019372894e-05,0.157657457755902,0.74371570329989,1961.36146280616,5.72047475939444e-05,0.162636545452837,0.988271634142698,2576.37998520617,2.33257867862124e-05,0.0544660916065005,0.256796493065743,676.993005878339,138.106390372928,909.657976395513,3269.59362611365,3263580.05332351,0.0179595373934234,58.8650880641,449.980111221086,3519026.62035047
48,21,3.82502013791408e-06,0.0107251313725447,0.057335574627434,2131.05698786235,3.26506622071793e-06,0.0111433414121083,0.076550591653527,2806.25607198676,1.32055796048482e-06,0.00370200403761052,0.0197902719063668,735.563302340675,8.21815511635523,60.9031923130202,248.611060417232,3437496.05764541,0.000894922159957209,3.53560397275441,30.5291084695408,3349129.0885526
48,22,3.13036803708326e-07,0.000399170074442979,0.00237549324031399,1580.66432055556,2.58592946599892e-07,0.00040080319005341,0.00309217057946128,2054.29856752491,1.08049464936395e-07,0.00013777910876901,0.000819933947466743,545.587785376945,0.401412103547852,3.25015685763332,14.4985867408647,2860197.84972478,0.00011247008351704,0.200591129247358,1.94802711501084,3928251.29348562
48,23,3.34534168367709e-08,1.33737491014955e-05,8.51792051310506e-05,1055.27261514265,2.75165113907034e-08,1.3147179552195e-05,0.000109237053136386,1362.31840319428,1.15469027774704e-08,4.61613158121915e-06,2.94007611800376e-05,364.241693554445,0.0164521416558504,0.14170401098649,0.670528894460995,2053288.08067948,2.1863759987544e-05,0.011855449885582,0.124109016136286,4736579.12168216
48,24,2.31575678217301e-09,4.37863985451876e-07,2.86516791479705e-06,725.126561388628,1.90111100915045e-09,4.27836047965442e-07,3.66042288163729e-06,934.906081997176,7.99314946790821e-10,1.51134709350054e-07,9.88951668878026e-07,250.28729351211,0.000576813609455331,0.00518722441336103,0.0256219145745215,1520751.07833795,2.44928390531488e-06,0.000624035808601055,0.0067295817594299,5269988.5629746
48,25,1.32525941795596e-10,1.6386691350202e-08,1.10561702853789e-07,499.793077589209,1.0990256100711e-10,1.62324791110436e-08,1.42812269278281e-07,644.873555148662,4.57431310076972e-11,5.65608935938132e-09,3.81618752464459e-08,172.510377314462,1.74068305078127e-05,0.000162853887018317,0.000839017548981545,1033848.65470632,1.47574457489278e-07,2.47998881395524e-05,0.000275086115739883,3764559.16696398
49,1,4.81832644098949,0.0216680520155091,0.00021352886848284,5.0626727577591e-07,43.9133805512772,0.199635284284294,0.00250120183004325,6.00059584089403e-06,40.1321030779064,0.180474384131863,0.0017784935630684,4.21672768444417e-06,656.208796572759,8.70861317771436,0.0783339115357151,0.00012764514620019,29990.8320710707,136.22015170176,2.07521704906736,0.0155555365046331
49,2,6.64380271843611,0.104520017676272,0.00132689818600636,3.44570893953436e-06,52.9376843736652,0.947702915495162,0.0154985898538106,4.07594469953398e-05,55.3365943115298,0.870552913851006,0.0110518071838567,2.8699497228224e-05,2344.89366058883,51.26656079461,0.517733173304986,0.000910473494130118,31437.0962902325,635.728730205554,12.8121048337035,0.105398128541904
49,3,6.98092708870884,0.279283318088936,0.00430647137259214,1.2224928652297e-05,53.4350167130866,2.51045909626414,0.0501858187132394,0.000144319182091062,58.1445215334723,2.32616595134289,0.035868834364703,0.000101822095867229,5279.95086466123,159.438580899602,1.78189599926425,0.00343045067128045,30989.0373634709,1669.32226243262,41.3663229844939,0.372254545945614
49,4,6.61889058794518,0.541784249490705,0.00977590909892276,3.05274190894196e-05,49.9999067462456,4.84470662083282,0.1137048752308,0.00035959335967088,55.1290998212755,4.51255049088829,0.0814240787632569,0.000254264534502449,9224.73177837486,349.269235331075,4.29635748340503,0.00932851165891867,28801.8355968715,3204.98209614772,93.495396461198,0.924998318821904
49,5,5.9218954512406,0.85273521545524,0.0175900293255306,6.15338922861489e-05,44.4795910690476,7.59935176892471,0.204243490230736,0.000722926189928539,49.3237894062171,7.10247800433019,0.146508311273867,0.000512519136728599,13563.7855611495,608.750009732989,8.2788217612648,0.0212831319305371,25533.9487674266,5010.77803154502,167.583924489035,1.85358558945974
49,6,5.13317073251456,1.16064484055407,0.0270459501083481,0.000109573367962727,38.4224034794035,10.3191612442651,0.31353516612898,0.00128312110588625,42.7544583117664,9.6670740242313,0.225267189942664,0.000912642543324745,17625.426278507,907.216437450083,13.8726336495818,0.0448017195382495,22002.3759749725,6788.90082856872,256.744431795876,3.27671819050268
49,7,4.41342627550155,1.42625181639289,0.0375406957511682,0.000184282052261402,32.9498840244912,12.6594688513806,0.434485792791989,0.00214965401589988,36.7596675701357,11.8793289768836,0.312678497389814,0.00153489523952719,20959.7276953473,1217.05294244541,21.5649050491709,0.0915409762961455,18830.8127788652,8315.35014080184,355.065245663227,5.46346001016754
49,8,3.83548856532852,1.63299977415937,0.049167012245501,0.000305244177707201,28.5751787944438,14.4766065900537,0.568034418759762,0.00354631874050147,31.9459929382214,13.6013439656661,0.40951472002464,0.00254239536355708,23416.4731548259,1531.07803201385,32.63485960593,0.183396435289526,16303.2759128844,9497.78256780034,463.180890562239,8.96805447799216
49,9,3.4025362004211,1.78346996494913,0.0629011671174153,0.000504482110896445,25.3055272920376,15.7949418085416,0.725283854891011,0.00583976212458543,28.3399091352486,14.8546183713925,0.523907243187601,0.00420185894903756,25062.8442982998,1866.75577848561,49.3582123755648,0.356060743138439,14417.4208140943,10353.0832717833,589.969390258153,14.7008557021261
49,10,3.08101712901624,1.88994634139714,0.0803549114007029,0.000825143116389822,22.8809134622153,16.7232322400483,0.924624106490742,0.00952395765053812,25.6619592966148,15.741465903893,0.669280428929759,0.00687266191000974,26056.2882833941,2258.59980722835,74.833447239692,0.661220879616536,13020.5063459761,10952.503275168,750.195597972956,23.8882430330641
49,11,2.82901671760849,1.96623446255968,0.103264503625919,0.00131660536203384,20.9834183636388,17.3828299897034,1.18586308112879,0.0151633654905709,23.5630341594019,16.3768738156671,0.860095669016807,0.0109660776929874,26553.3768182105,2744.87220938181,112.475507598821,1.16818327149314,11928.5931620907,11375.0125108606,959.759850194576,37.9289820062231
49,12,2.61211173910612,2.02334396207978,0.132936150956132,0.00202820871790395,19.3537658433673,17.8702217270183,1.52388421656121,0.0233202380494909,21.7564207922966,16.8525419443291,1.10723243397681,0.0168930607602656,26673.6774650438,3354.41041451085,165.368454539808,1.96799667707608,10992.4623347764,11683.2248969539,1230.591419236,58.2108972746539
49,13,37.4068616540473,75.118775213798,27.4680979234907,6.98835288667922,156.433081347076,362.549018049475,168.640818407828,42.4025811257243,151.335176854458,300.684076887958,109.450258694338,27.8262323712437,232035.166470546,139349.719824711,54213.0302580011,17724.0723239689,36257.4866330741,94927.0898825976,53675.5613831393,40974.4741176317
49,14,8.64200414327516,43.3723437420345,31.3665290314603,15.9778070984253,34.5280376644238,205.558181975375,191.537779647265,96.6250397719008,34.4516180847146,172.716136283746,124.890522017949,63.6175371910164,138296.987463723,156399.533902503,101375.638158522,50515.8695595983,8272.74831413636,56666.2947676398,64741.9023484796,99356.0407806714
49,15,2.04757671595831,24.554631454351,28.409841276333,25.172030984864,8.20689031194457,116.358901456478,173.318584484466,151.996707725522,8.15342715039848,97.7675233219341,113.117142463619,100.225407581059,76689.4917597297,135012.170850518,124754.956470931,92570.2110810134,1978.23762299418,32091.5015216108,58520.0798375135,155997.000864449
49,16,0.541978978229077,13.8821446472782,22.696016176435,32.9082283322209,2.17960773072423,65.732319000063,138.322901344202,198.44447520874,2.15796685994829,55.2734002100561,90.3668628256311,131.027988690383,42445.3067521456,104269.498562371,125594.277667338,137350.180662533,526.879184368514,18115.0874009854,46645.904214386,203320.560728739
49,17,0.813979104016194,71.2256395094382,177.938053030044,1061.83069741411,1.34364856803106,133.259727115396,424.287707555045,2493.93090776038,0.769985880886903,65.5392561141632,162.956787257057,968.770654592304,46867.6789060994,175228.500036597,330616.935199754,1690113.13089339,139.783094684561,15501.585213723,60235.5504344852,1071968.75881126
49,18,0.0435271168832415,13.5805255685728,43.3588821931805,1076.42206563409,0.0685944419344699,25.027153210104,102.464092375613,2516.66589014811,0.0397597605702497,12.3768542712308,39.5117076460959,980.868053556694,9752.75334140948,46214.7660530642,112913.713521725,2074697.17206257,7.26927511035722,3021.9936918772,15136.4252770803,1129764.46361419
49,19,0.00196883227660508,2.05370448303056,8.1091158212951,1973.01321267433,0.00206736711415585,2.54878067849728,12.9740762724095,3117.85274484032,0.000717335990907695,0.683573447104888,2.66500984343226,635.566093544131,1827.91221394625,10454.504400101,31950.5590609781,3730724.92407797,0.453653309370644,657.065027659403,4096.43575774377,3007182.30767421
49,20,7.45191100118974e-05,0.146186485200872,0.692804006276406,1870.175577872,7.81321807606945e-05,0.181766650352292,1.10944474711852,2962.58923496002,2.40877762886366e-05,0.0470152728329055,0.222717245872094,601.027593492972,135.498457402355,897.044554999626,3230.44971135931,3339528.19942056,0.0213750492369957,56.9651208433454,424.535882061218,3442941.08297667
49,21,4.03671253629896e-06,0.0100015640790705,0.0535857398774043,2044.18082818462,4.24408563204577e-06,0.012529061137356,0.0862451147947049,3246.62044863423,1.29752439143183e-06,0.00321429413214682,0.0172211431494046,656.946607438992,8.0654964686388,60.0582298746747,245.20358479246,3514408.01143665,0.00100706538469302,3.41976693067036,28.7146294988172,3271948.59491395
49,22,3.10777445124545e-07,0.000372334115721338,0.00221226525010173,1532.1306865782,3.16758282770647e-07,0.000452648094369781,0.00348173658642136,2404.91465174034,9.98761764440988e-08,0.00011965858655832,0.000710964662348043,492.386994172621,0.394204713190322,3.20764452536294,14.3122365697597,2975992.47101122,0.000116713854991496,0.191126797365719,1.79582951766935,3812208.18814171
49,23,3.42957495425741e-08,1.24126059360893e-05,7.90381547709407e-05,1035.81443303776,3.48238619749009e-08,1.48002435917021e-05,0.000122675039576332,1615.66846482265,1.10217634464845e-08,3.98908915058034e-06,2.54008094446175e-05,332.883845790343,0.0161687259579655,0.140079419269814,0.663853157567309,2178334.09909245,2.32344547813391e-05,0.0111355531590864,0.112843489111319,4611330.58980181
49,24,2.45773793121845e-09,4.08082201395725e-07,2.6705253998006e-06,714.680291193957,2.49096933484835e-09,4.83587751250638e-07,4.12790062796497e-06,1113.16169902117,7.89853114110087e-10,1.31147016723696e-07,8.58237476848095e-07,229.679676450822,0.000567285645507793,0.00513521337664407,0.0254315093220907,1635263.7126037,2.69767518966542e-06,0.000588566636448814,0.00614425266119669,5155328.72785142
49,25,1.42552627167048e-10,1.53833252144269e-08,1.03497737984378e-07,492.525176430882,1.45726657486275e-10,1.84485731011829e-08,1.61516542584684e-07,767.657620139024,4.5812710507928e-11,4.94380102781634e-09,3.32614838643901e-08,158.284794698261,1.71324662832757e-05,0.000161378418808973,0.000833980811462307,1114341.80711507,1.64664299104633e-07,2.35552901792032e-05,0.000252271952469218,3683964.72400484
50,1,5.53937790529998,0.0251055931482611,0.000238262171438615,5.60648121285334e-07,41.3071013185064,0.188595256395685,0.00207740321829429,4.95338859535552e-06,46.3293990648111,0.209974308236258,0.00199274059494416,4.68906274134374e-06,704.337620103323,9.08239180238621,0.0737870688543509,0.000120029334534647,32372.9392930221,149.311807563745,2.23803361608133,0.0150760519578362
50,2,7.48476197208873,0.119242617595857,0.00146696722079312,3.78672372759085e-06,48.6623898816963,0.880691145695722,0.0127485523897726,3.33810422662746e-05,62.599903858923,0.997303110669777,0.0122691953769925,3.16708189480791e-05,2453.73575911722,52.8023924995109,0.483465789210214,0.000849104146153057,33949.1561889537,687.175670208513,13.6920212586349,0.101387850892655
50,3,7.78949203002896,0.315060458816173,0.00472312527092864,1.33449673870878e-05,48.7109515369199,2.30603385615969,0.0409388574795111,0.000117374091778137,65.1485583653881,2.63505432840594,0.0395025505121404,0.000111612590827525,5433.2744940496,162.534468807963,1.65122554045203,0.00317484061144742,33401.6031183096,1786.20256207232,43.862256407887,0.355762824648889
50,4,7.34767752627126,0.605920585582391,0.0106488785921098,3.31438852443635e-05,45.3786430422429,4.41124117355426,0.0921004382442154,0.000290790750926198,61.4533780026929,5.06770563246314,0.0890634570020121,0.000277203742422998,9381.38687836075,353.002053420419,3.95533724492661,0.008575615361311,30964.5868394525,3402.49860757025,98.4795202448304,0.879409394604355
50,5,6.55428638775191,0.947177144000737,0.0190545690721266,6.65695685616749e-05,40.2539955429922,6.87186719361089,0.164482778957138,0.000582319277326939,54.8177349215847,7.92185487967746,0.159365681425332,0.000556764344334641,13674.1309238456,610.873396524125,7.58302070971878,0.0194648585744913,27393.2607433245,5286.3173383216,175.56668513624,1.75633421757622
50,6,5.67387988489121,1.28222254635594,0.0291781708354888,0.000118422043438454,34.723826859138,9.28071150484556,0.251413520467494,0.00103207323890711,47.4543260862239,10.7240562127356,0.244035908675811,0.000990440118425794,17650.7131118133,905.140937270406,12.6668990015282,0.0408581029307486,23581.4470557104,7126.50648991888,267.913234346526,3.10250090190531
50,7,4.87963948283468,1.569028500919,0.0404066426391474,0.000199557590585521,29.7818348465296,11.3375420613234,0.34751344798517,0.0017315915714465,40.8115800650386,13.1227998533171,0.337946878458528,0.001669029159719,20881.4801031215,1208.95460993455,19.6770874365468,0.0834623988737814,20190.9212418006,8694.82991875301,369.697060894087,5.18486124094353
50,8,4.24715806573764,1.79080478236055,0.0529067968710111,0.000332021261270013,25.8638795785929,12.9238657304114,0.454088755392341,0.00286790473106958,35.5217290249553,14.9776582907934,0.442493750630872,0.00277690848581802,23233.7112789507,1516.37675609809,29.8327869744024,0.167529829387193,17509.7126896978,9902.0359466496,482.188181836845,8.55204978797344
50,9,3.77612298954337,1.9514588369514,0.0678072215910268,0.000551872188747197,22.9533703557127,14.0690487038423,0.580657352116818,0.00474754138058897,31.5821581215785,16.3213120247981,0.567115636858979,0.00461566394319779,24783.4877853279,1845.86183334633,45.2882251295114,0.326368345288089,15520.9523036451,10771.280195611,615.335516104069,14.1049116041169
50,10,3.42733331688479,2.06507595875313,0.0869152296172011,0.00090798449630789,20.8021424519938,14.874466392397,0.742510935216122,0.00778586020224256,28.6650045692232,17.2715654768169,0.726928262809492,0.0075940614258979,25689.5356976288,2232.2956647882,68.977454280661,0.608846049754929,14052.6729307998,11380.0641819838,785.169903848545,23.0638770325734
50,11,3.15367949054997,2.14705438483914,0.112159404275733,0.00145710073435126,19.1177611587902,15.4502165506183,0.955962359021246,0.0124642369044606,26.3762606808981,17.9572040596638,0.938061617819969,0.012186675571421,26105.9574011353,2713.74294066266,104.16248720339,1.08165584965397,12904.5085081271,11812.1466825953,1008.78787124229,36.8411050571191
50,12,2.91701715779649,2.20951519696133,0.144992097013052,0.00225750501271781,17.6650000338487,15.8827337341146,1.23327579325214,0.01927540623431,24.396900571299,18.4796042172614,1.21266265609616,0.018880974075617,26149.437291828,3318.54959822144,153.85758006025,1.83408199386611,11915.9352452357,12133.1539814303,1299.02365716723,56.877535545254
50,13,38.2044690235611,76.0647258040384,29.3756161181457,7.92623429106035,140.529371505812,321.6800242255,144.023433775472,38.425163785308,170.150886835697,335.488590659716,129.038144450628,34.7943338454939,223161.203830862,139287.286464494,54905.3366178381,17265.3491663098,38108.9064347917,97298.1274085489,59249.7900790724,43699.7951728495
50,14,8.1686870734053,42.941703526627,33.7567659738989,17.8844246422176,28.6066881351135,178.237251027736,164.437949131063,86.3759627825581,35.90062014225,188.520571370896,148.179445433836,78.505243775312,129848.690733195,154315.641840236,101719.4641749,48481.4942236748,8085.20588628498,57166.5639400865,72239.4476884893,105116.150991248
50,15,1.73941064716949,24.035135949015,30.7865931429874,28.0223395649597,6.09975206892038,99.7401482880242,149.755783205853,135.107950491308,7.63607096107234,105.504672278468,135.140421752325,123.006476469756,70584.4165906507,131579.366428391,124152.55531401,88146.8766927909,1730.93617109262,32000.5554481629,65710.6978642488,164168.729555106
50,16,0.412911603694507,13.5502031314553,24.7403365325629,36.5466663283155,1.45087595400706,56.1743246882779,120.175238722351,175.935057455006,1.81252514406494,59.4797909066961,108.599841066544,160.424743689691,38702.2975455021,100698.355971768,124208.437421376,130243.07978242,412.2849666091,18009.2544069317,52663.9572359977,213474.779192868
50,17,0.574420151334187,75.8495903775046,204.092709719046,1327.73690558994,0.734613094124717,109.305694885392,342.05322602353,2190.00932398819,0.49552369775728,62.8442159801543,168.283189446702,1089.05190981957,42815.1702913909,166932.476043723,324301.390933905,1638438.26594028,91.6025896181397,15103.6561781484,64503.2275462544,1138537.32515717
50,18,0.024754771417519,14.4421514147211,48.8486437178531,1358.30914284093,0.0299283516124901,20.5017925833243,81.0746823347726,2229.48596805722,0.0203587994364829,11.8294424105457,40.007036915656,1112.37707535527,8936.67293619988,43640.4168266511,109528.550872921,2009546.59753147,3.77336235653484,2922.19068070271,15800.145009164,1201027.82366357
50,19,0.000936806851671207,1.95818672964269,8.50004528772754,2197.92897973626,0.000846704211970169,2.12330513988141,10.8095780155528,2768.8765063713,0.000435552744745929,0.860786190974065,3.71264001193534,948.905253896774,1678.18622079406,9829.13053099863,30811.1567755225,3484969.10953002,0.225259745534642,656.457086408431,4569.91960402884,3254192.03119927
50,20,7.40797707849921e-05,0.144485496038688,0.774068955092624,2072.78487912683,6.7912185432551e-05,0.157406032602617,0.986933533727665,2620.71415996903,3.19881093990192e-05,0.0623129924074872,0.333766086829443,893.588636120444,124.613922022012,842.243353404688,3113.09961201601,3105335.581785,0.0222831585815221,58.4772917375923,499.908743167908,3677086.50347691
50,21,5.92104798981099e-06,0.00991839649130773,0.0606667430866368,2263.29699624001,5.44582350951098e-06,0.0108793269534773,0.077718373857395,2868.87861447129,2.55267587097423e-06,0.00427590185698451,0.0261537834649467,975.717484913055,7.43075362248377,56.4296190873179,237.481123010412,3279899.02863454,0.00155647684668007,3.53164877078051,34.3649592835059,3506303.64892058
50,22,5.5347193947676e-07,0.000377187698049005,0.00259802005424021,1678.71746725913,4.98857092214077e-07,0.000401467832554178,0.00324862592250994,2101.92427301469,2.38604375769196e-07,0.000162607362386372,0.00112001819405829,723.702626680366,0.36380542246655,3.01246634098553,13.8351992453002,2710568.82289561,0.000225611705917095,0.204007018311952,2.25204531981669,4077557.15707794
50,23,5.48229580199836e-08,1.29311871173987e-05,9.49496020690794e-05,1107.98706787133,4.92418885584943e-08,1.35122314223506e-05,0.000117089805203876,1378.63023157873,2.36344232352942e-08,5.57469282495517e-06,4.09331992878832e-05,477.658192627373,0.0149428140148594,0.131219451916859,0.635968778107938,1925608.82910896,4.06545841136405e-05,0.0123875168766847,0.14662735613256,4864075.95392726
50,24,3.53692630616848e-09,4.29418930488441e-07,3.20053391484745e-06,753.955735630106,3.17156091755584e-09,4.46459909765977e-07,3.93430419426222e-06,936.993567345089,1.52478478881242e-09,1.85124426358477e-07,1.37976452047284e-06,325.033697996136,0.000524760463836544,0.00479495020758273,0.0241104593967226,1415741.13655206,4.25729776139016e-06,0.000664146231905904,0.00800010557291346,5374892.84233869
50,25,1.95818839894437e-10,1.62998801195362e-08,1.24144203378512e-07,519.264451543994,1.77296350888307e-10,1.7162840582143e-08,1.5437448180118e-07,645.814724341821,8.44183798343254e-11,7.02695140034528e-09,5.35191226781229e-08,223.857233186542,1.58611813684551e-05,0.000150395298778252,0.00078519064701104,962097.731317028,2.47982026295437e-07,2.67095670172226e-05,0.000328592304258184,3836238.33096652
51,1,4.59233289358767,0.021726738998705,0.000184268329589223,4.36285245874563e-07,45.2831136948367,0.205313307477672,0.00238436542242685,5.72390525428747e-06,49.8479624945875,0.235835183518467,0.00200016004831217,4.73570428739258e-06,661.560105229109,8.64594557498217,0.0719710954440879,0.000117827527289282,29951.1122934187,136.838207960792,2.04394297290568,0.0141364710244872
51,2,6.43270911526858,0.105069870854031,0.00114714029442551,2.98134490194418e-06,54.3498661073691,0.97353709762543,0.0147942086834833,3.902176025949e-05,69.8245205969796,1.14049201201335,0.0124517555015225,3.23613231660654e-05,2359.27338481456,50.9027221359011,0.476828826001469,0.000845615787121614,31326.844196497,637.95393094103,12.6354643828787,0.0961272463446712
51,3,6.80525887845398,0.281151670049646,0.00373077003565605,1.06320361674032e-05,54.7491444806581,2.57690611555548,0.0479849455973942,0.000138823816561851,73.868401354963,3.0517905014017,0.040496037443842,0.000115406559671194,5297.64709327554,158.377574488478,1.64628063017546,0.0032134992910693,30841.7604998201,1673.91034734432,40.8631096354051,0.341099800179836
51,4,6.47029940601348,0.545950196141468,0.00848959694772536,2.67328579331314e-05,51.1855591698012,4.97096183071406,0.108944365908685,0.000348121728754421,70.2325483786391,5.92607407428423,0.0921512268492735,0.00029017463030273,9235.10221145792,347.225659499073,3.98602101628603,0.00884304820306507,28649.0469098186,3212.5326695349,92.5473104742861,0.852928156696092
51,5,5.79728586345024,0.859991391780448,0.0153202797502243,5.43870513744072e-05,45.5256085634417,7.79646321159726,0.196202196804119,0.000705966761505255,62.9272517885582,9.33486740540915,0.166295594873383,0.000590349994201895,13557.7746927192,605.911516038009,7.7244002748161,0.0204850568058596,25397.5241800612,5022.00374693169,166.310327432941,1.72380130036143
51,6,5.03071638964835,1.17135363460808,0.0236414254184973,9.80094485655535e-05,39.3343825029736,10.5874293645513,0.302185075884372,0.00126715599042526,54.6064424602694,12.714581760258,0.256618349515855,0.00106385391247065,17598.8360370658,904.452781743654,13.0411561795076,0.043843254464388,21891.6498520953,6804.52723164455,255.620633643624,3.08112338764608
51,7,4.3297279569691,1.44031133219622,0.0329629378607055,0.000167102058089425,33.7459153278271,12.9905496028683,0.420497955333433,0.0021504513381035,46.9974894703574,15.6340114994923,0.357799690977584,0.0018138269409957,20912.6069199025,1215.8893077283,20.4609111301068,0.0909018553310138,18745.1412175193,8335.77175530834,354.955190088409,5.20326480537777
51,8,3.76607401550659,1.64999650720674,0.0434047957559201,0.000280463102163778,29.277877091411,14.8579944924186,0.552504161017863,0.00359216528214741,40.8792482223891,17.9100613812834,0.471141940504238,0.00304431636854916,23350.7712906178,1533.51729191246,31.2750130886951,0.184044696805842,16236.8660762883,9522.88619562058,465.319152172936,8.64774990015046
51,9,3.34312666401344,1.80290001097009,0.0558600426302958,0.000468467109978898,25.9349966681892,16.2141467075554,0.709357989326851,0.00597489301147836,36.2883215184792,19.5697686145131,0.60633873338518,0.00508502573077461,24980.457904072,1875.04082707746,47.7331260449739,0.359739968942722,14363.3222719618,10382.3861029259,595.919620899884,14.3192365910225
51,10,3.02827984377072,1.91138899783979,0.0717732553591148,0.000771922172879977,23.4510513349179,17.170201605074,0.90917411528754,0.00981252704413411,32.8707834499926,20.7473737824895,0.779070381907911,0.00837891076585278,25958.2877314884,2274.92981184016,72.8763625871281,0.671039505113408,12972.6909038331,10985.4381729394,761.772209486597,23.4325789929182
51,11,2.78070489160691,1.98942507452979,0.0926852441341546,0.00123772537184399,21.5015580487829,17.8505465954543,1.17127206613118,0.0156945606670837,30.1834549796865,21.594424620093,1.00606177305923,0.0134350207931199,26440.1507382393,2771.06045211131,110.055967865356,1.18972672915598,11882.577610445,11411.1306212939,978.889553150985,37.3786655263104
51,12,2.56688483283157,2.04815519808568,0.119740175400959,0.00191334976360982,19.8224288466152,18.3541290632124,1.50997630235491,0.0242155356793206,27.8625225652908,22.2319169500599,1.29973238238383,0.0207686571216615,26545.4246674752,3391.52623096773,162.322660878684,2.01112963808563,10945.2800605728,11722.2114056166,1259.1255243644,57.5547966215851
51,13,49.5254140231485,103.373248037592,34.2804438475949,9.28974836616485,162.526449444296,377.615630646076,171.499765424533,45.8815756150793,187.310185004736,384.554520754385,126.58195686607,34.2670711637569,229736.337758211,140085.755971322,54745.4593759773,18450.40516765,35648.9484725768,94016.2695174031,54846.1325261157,41122.2061558081
51,14,11.4032438554088,59.1358863685056,38.8602936070553,20.9728019396153,35.2785354619336,210.861373983855,193.137030803089,103.193058522266,42.1590377674181,218.180898182678,143.336255787714,77.3572120288116,136165.414816403,155970.295823637,101765.005990165,52117.9752022086,8069.58687926721,55775.7815585356,66187.8373151465,99334.4247848129
51,15,2.69467683010854,33.3014642116081,35.1770004840951,32.9244873826469,8.36937520295152,118.734710543143,174.631929801836,161.728380167972,9.94131633588832,122.832009798329,129.748716059449,121.440403031386,75161.494401034,133856.090703844,124793.042997408,95116.9398286096,1927.73298158766,31429.4312881286,59780.7249186765,155404.076855228
51,16,0.715422879510178,18.7477572683326,28.0877287011926,42.9271356534706,2.23216237350747,66.7799667125944,139.266953857102,210.542081921491,2.63884976837284,69.1502308729987,103.600249066857,158.334694037457,41444.1053675913,102937.00674082,125307.181935722,140706.849807284,515.74643424041,17664.1793690371,47611.9014932425,201975.588055043
51,17,0.882423750299463,77.6659371767965,176.337135270729,1118.68282925224,1.40659226400353,135.654765168915,423.095112333146,2642.17017291363,1.11118812936838,95.5198372379073,215.86753742316,1365.04644586115,45700.8619299479,172368.270047445,328272.164199651,1707755.02355592,139.248122675433,15090.3011821885,60700.2202636328,1059948.00885786
51,18,0.0485894480076371,14.8548159863296,42.7379121762066,1131.37566678362,0.0736278936610647,25.4929643662991,101.547151000194,2658.6608034416,0.0593723717978353,18.1103126833252,52.0975467422629,1379.0864875222,9524.65871392182,45423.5396349688,111691.189574663,2088391.3862845,7.45578292722514,2953.77225545715,15211.5895096797,1117690.70985086
51,19,0.00243541189264962,2.47100200288932,8.87950594969635,2274.68805987296,0.00215491241357268,2.49103318764028,12.4916933120249,3156.15708157626,0.00100876589015635,0.903252038445644,3.17568199516545,791.18059176865,1786.93603124632,10266.0182385454,31520.4495981318,3697970.84952654,0.480421039129845,656.538215921627,4260.27255114527,3039935.60862235
51,20,8.4825802757535e-05,0.181742929028303,0.792524414921936,2206.26150911857,7.4694145869004e-05,0.183594557961317,1.11608498006543,3072.83805763057,2.97253591240483e-05,0.0630875707296462,0.274865623829307,764.829874668194,132.43318278336,880.015094697362,3185.39373483984,3345268.22196033,0.0201261350467391,56.7775549811675,444.988804019914,3436635.59696481
51,21,4.0641635843238e-06,0.0123848335524241,0.0613008992085997,2407.4128593778,3.58981510016325e-06,0.0126185205900428,0.0867820062036842,3363.11875477906,1.40951276360972e-06,0.00429350004029125,0.0212508412842851,834.557822305198,7.87671041696137,58.8466136949575,241.907250485996,3519667.90940197,0.000840248145087232,3.40063451130636,30.1231774013748,3266034.64702353
51,22,2.83906634490098e-07,0.000456811957573584,0.0025177286556098,1775.84285132762,2.40138474041935e-07,0.000447659811649062,0.00347007016964831,2445.68275281608,9.84207734198634e-08,0.000158359484004688,0.000872800299005247,615.616689342711,0.384597331165646,3.13808430009742,14.0953356924825,2945228.02280561,8.94819073280363e-05,0.191865366242054,1.91860962566442,3842565.098389
51,23,3.05871321567673e-08,1.52681543288826e-05,9.03566845655107e-05,1195.45057194084,2.57425436592652e-08,1.46091107281588e-05,0.000122653493613294,1634.39110822282,1.06033894104851e-08,5.29288473387759e-06,3.1323201535939e-05,414.416919162232,0.0157592535355635,0.136804159979741,0.651512544690425,2129549.60398544,1.75081619292628e-05,0.0112564500361463,0.122046774975938,4659855.19973884
51,24,2.18419092317714e-09,5.01029713059474e-07,3.04891839878331e-06,827.754832200694,1.83473882652661e-09,4.75939836080499e-07,4.12233706890491e-06,1129.97408442862,7.57175327971642e-10,1.73687809492967e-07,1.0569432143134e-06,286.950891516434,0.000552467707669605,0.00500822504301446,0.0248793619769478,1581327.41376871,2.01853110899778e-06,0.000591477037169879,0.0066196763570803,5209077.86876055
51,25,1.26821903448235e-10,1.87011861477897e-08,1.17569208832122e-07,570.787881191565,1.07645348677367e-10,1.80316189880755e-08,1.60750397370623e-07,779.792848084008,4.39642957676889e-11,6.48298485271469e-09,4.07567409784685e-08,197.870293235552,1.66714614132304e-05,0.000157231369435906,0.00081422194253753,1075402.97905026,1.23474920256179e-07,2.34923844438926e-05,0.000270717100889778,3722773.56864441
52,1,8.51271792254348,0.037242231096697,0.000371183618833422,8.54567787725053e-07,39.5819065618275,0.175395243688186,0.00211709721556279,4.94298673469372e-06,43.9016229053724,0.19206490813376,0.00191426092241613,4.40716033411972e-06,674.653091147635,8.73687652748596,0.0758987552232594,0.000120033134017718,30424.895031047,139.645257471042,2.07138630643519,0.0149738653620933
52,2,11.7149379001974,0.178888163334944,0.00229818914540385,5.79878470402838e-06,46.7760892326206,0.827450255904016,0.0130636422423937,3.34618041215331e-05,60.4160493433399,0.922558548330108,0.0118521762549597,2.99053794219499e-05,2401.73670115032,51.2212596801168,0.499956541497453,0.000854183820982518,31772.0100122643,649.11282826716,12.7411306110402,0.101146219480243
52,3,12.2791014489958,0.476157918521041,0.00743437950806982,2.05254388452518e-05,46.8208994382913,2.18101998022194,0.0421441957623806,0.000118157388563004,63.3255425982162,2.45563233417605,0.0383404370576385,0.000105853393046799,5386.32063585927,158.710963176355,1.71581811117079,0.00321521849590807,31209.2011599276,1698.04824842291,41.0004786224889,0.356379130970453
52,4,11.6100108685309,0.920519576226728,0.0168290491048679,5.11935665270148e-05,43.6005028508711,4.19156804171503,0.0951817157737256,0.000293921603882417,59.8749217012971,4.74728561197813,0.0867904439428618,0.000264014463218416,9375.08875291546,346.557335306287,4.12854868069691,0.00875376223908014,28913.5619745514,3249.01822518068,92.4044183854693,0.884390182291271
52,5,10.3612162304766,1.44448528356583,0.0302158418720987,0.000103250158299702,38.6551984103816,6.55211425151433,0.170546510107242,0.000590911436765157,53.4346623405443,7.44947134258142,0.155828550611823,0.00053247970340819,13738.7993266806,602.426018310477,7.94911714996863,0.0200531304250983,25564.8630604551,5064.44516574533,165.264537696367,1.77294302654214
52,6,8.96504377818097,1.96108299919924,0.0464033501536813,0.000184402160173378,33.3143142072465,8.87178221776267,0.261407627633361,0.00105118148188116,46.2343489894777,10.1136590100072,0.239310452728379,0.000950995225323865,17802.0653276313,896.092724376559,13.3338959016349,0.0424908136808545,21988.600750465,6844.28283003479,252.871550677934,3.14278177317266
52,7,7.70162860224166,2.40496308684578,0.0644165778484826,0.000311779141729806,28.5352615547822,10.8592314564707,0.362164742534038,0.00176902302975956,39.7186888757874,12.402828744089,0.332207919408386,0.00160790131125277,21120.1358369009,1201.05585389221,20.7945453013627,0.0874651250538038,18803.2552942554,8366.14700267156,349.717941251599,5.26695347713484
52,8,6.69371424613367,2.74941657264567,0.0845092197893557,0.000519820426687312,24.7416042002478,12.397013590833,0.474104044499941,0.00293522331789132,34.5206926088627,14.1792375455578,0.435829300697774,0.00268080777004268,23551.0855460426,1511.47086243069,31.6296679427773,0.17637788897066,16280.7577527877,9541.26556317622,456.92815221207,8.70128796589518
52,9,5.94210756887653,2.99979545397233,0.108460893996896,0.000864466783611406,21.919841589989,13.5106293156704,0.607027529881701,0.00486032716159699,30.6445213063084,15.4704866309249,0.559352407956753,0.00445821124271304,25168.7228608612,1845.88032753023,48.1154116142842,0.344180579093853,14406.9943252981,10389.99262463,583.795467872904,14.3522848121851
52,10,5.3849324815326,3.17738960808124,0.139123597550861,0.00142094539481422,19.8313568089904,14.2958624068587,0.776699162846674,0.00796182790960719,27.7710688085974,16.3863717401026,0.717485504922239,0.00732807188724757,26133.880680678,2239.313252973,73.3299913684738,0.641760265366372,13021.3716249532,10985.9165037474,745.31258195539,23.4383661085016
52,11,4.94739923854824,3.30567826091908,0.179522978844215,0.00227562190899288,18.1941939304726,14.8575239279825,0.999838279407853,0.0127181152883927,25.5146308980688,17.04797947939,0.925832406498091,0.0117357929433141,26604.041693163,2729.88947785878,110.661003222483,1.13796763382809,11936.2744493457,11409.1216017618,957.376869831459,37.3532870482811
52,12,4.5690222342977,3.40317154987205,0.231896684989206,0.00351570356122693,16.7820458809144,15.2779800312549,1.28878939749235,0.0196103890929182,23.5632723886224,17.5507699684397,1.19593306274622,0.0181311178634642,26698.6240624129,3345.72334879346,163.18391939762,1.92418761984964,11001.7341272886,11722.4027603847,1231.70888050175,57.4941591235444
52,13,32.6126590242071,62.9148305399752,24.0496558185452,6.14673159271491,136.627149824067,313.641952475261,145.8043169931,36.781366024318,185.277656611572,358.215284399661,137.052716923068,35.0337586735396,231119.669048362,140076.462367999,54574.0711369227,17725.594369978,35847.567977232,94741.7731065245,54107.4015573498,41236.3169475706
52,14,7.30977838934192,35.9633127550488,27.3816631991782,14.0116664634769,29.5027160311679,176.575272517163,165.070659338592,83.5154289615881,41.6506830963119,204.97112361976,156.065012989839,79.8612935087556,137273.632844568,156750.723441592,101734.654974184,50392.9614817794,8048.86380142864,56378.1516958088,65243.1406309717,99900.2548077118
52,15,1.70449746590327,20.3346941932603,24.7839509697465,22.0670817422463,6.91534071211105,99.8435993441983,149.238480036571,131.291748308689,9.71474708643846,115.900099590741,141.259317388486,125.774175456008,75978.7394245473,134944.925779504,124951.755581018,92251.2318280243,1897.47088008467,31894.0175350055,58930.2383697132,156795.879392274
52,16,0.447299237598122,11.4952065257463,19.7931984126406,28.8498417829164,1.8225889231456,56.3902134314751,119.040870988165,171.371622834919,2.54943426456752,65.5184087487966,112.813884457511,164.433390270563,42019.5404415791,104016.609982516,125639.612615015,136780.302718217,501.396888800096,18001.3622356915,46954.5043001006,204362.060594339
52,17,0.896090311479164,79.0628948046592,207.214474761646,1249.39649553658,1.1246060843825,113.983307317141,362.487687907701,2146.07252757528,0.851148204629006,72.3440160495979,188.488927166953,1130.52833381315,46493.9266705661,174690.357413909,330440.877657203,1688021.61744709,132.885281097559,15371.6427866364,60267.7736982873,1075265.96268164
52,18,0.048318056089779,15.0689696083393,50.3133785836875,1263.48354645692,0.0573219649329962,21.3380863780812,87.0380049120876,2157.99349123374,0.043809215497452,13.6148900083633,45.4515800302745,1141.30677135594,9700.15654544454,46077.6583808091,112718.621846854,2071373.43477888,6.94769244809047,3000.8995862187,15122.6629713517,1133523.02085566
52,19,0.00224976329880116,2.35860486277282,9.79589214844387,2408.83302423876,0.00167885454595532,2.12527231564792,10.8340984206017,2624.59314592656,0.00067797846745154,0.618652401596728,2.52353994318589,600.820210364159,1820.30807092049,10419.8950978758,31852.1998627754,3656560.39694682,0.439568639577772,663.949637085942,4185.63511492062,3081484.31175693
52,20,8.18879416550453e-05,0.172507353852905,0.860868769849652,2312.16138469341,6.10705391249566e-05,0.155867561867782,0.953649887568595,2529.16493656283,2.05699915567599e-05,0.042916765487992,0.214021236920036,574.503783494955,134.929494825155,893.600775033178,3219.53262749601,3282867.44719768,0.0194896750245576,57.8725406084656,436.618819437795,3499621.73924045
52,21,4.17231328081397e-06,0.0117879113920749,0.0665344177056791,2523.36813939982,3.12044444823114e-06,0.0107349372944206,0.0741162652982599,2768.36882872324,1.03711153769493e-06,0.002929021043238,0.0165319109941912,626.978926251693,8.02695365568074,59.8079773351098,244.517069823365,3460739.85525838,0.000864688895703706,3.47193715762875,29.5354186808529,3325645.8857456
52,22,3.1008177974787e-07,0.000437250667777975,0.00274139236020709,1871.8014419523,2.2314741158413e-07,0.000384496956170214,0.00297141616853114,2024.41455541006,7.70465249363293e-08,0.000108643413865767,0.00068115142356179,465.08475379684,0.392029650397738,3.19159835868971,14.2582983479166,2891431.86957947,9.78556017357533e-05,0.196288117716498,1.87162800165465,3896836.91239881
52,23,3.36794087940245e-08,1.46505213705033e-05,9.82352270913873e-05,1255.74064231063,2.41287674352273e-08,1.26091467731063e-05,0.000104777918356758,1348.23741216952,8.36829271367242e-09,3.64020159303897e-06,2.44084153183225e-05,312.012703037931,0.0160675741708901,0.139181486742211,0.659914674315916,2085129.81632017,1.92733668044566e-05,0.011570561558423,0.118717816048533,4704603.24719245
52,24,2.39391073526873e-09,4.80816662882175e-07,3.3120632710153e-06,865.040908520955,1.71174276638433e-09,4.11198891223979e-07,3.51728302644049e-06,927.380608816132,5.94812764496246e-10,1.19468066987442e-07,8.2294526396571e-07,214.935905561969,0.000563383791160516,0.00509582087422042,0.0252348493719475,1546930.44209073,2.21606619230064e-06,0.000610069243976967,0.00644526870086867,5243712.1625261
52,25,1.38816952555253e-10,1.80322598471805e-08,1.27912919937196e-07,596.277375252772,1.0026415464029e-10,1.56365919251811e-08,1.3742733571749e-07,639.767567482904,3.44917183865494e-11,4.48045874132347e-09,3.17824035944058e-08,148.156481795987,1.70040074897459e-05,0.000160009252335028,0.000826757706952651,1051978.68477555,1.35227345677391e-07,2.42864673501808e-05,0.000263685360607872,3746362.1125077
53,1,7.55382441819307,0.03167458082337,0.000318681215656386,7.49352784671074e-07,43.7270245829417,0.187150158283155,0.00244867066177891,5.83376805759609e-06,45.3982443509481,0.190363222696826,0.00191526396398377,4.50358638752931e-06,665.933232397433,8.28715047346374,0.0773444235196426,0.000125445984528881,30099.7550617746,135.674463030348,1.92489033050978,0.0149451010899163
53,2,10.5262814923036,0.153050226171942,0.00197953033722638,5.0924327684891e-06,52.4849133834134,0.888320129774652,0.0151633356443169,3.9559494005352e-05,63.2626167671468,0.919826988430816,0.0118969143276718,3.06053588706455e-05,2375.55501942781,48.7619558917786,0.510374962659069,0.000892941376014981,31670.1136216325,633.653980618791,11.8790687206473,0.101107198746503
53,3,11.1229741841777,0.409484805014109,0.00642183780480837,1.80412673752015e-05,52.9603401313861,2.35376684150167,0.0490698779503542,0.000139844412003712,66.8487208554125,2.46099064617625,0.0385950408302693,0.000108427442757017,5342.42317250535,151.582916662279,1.75382162113295,0.00335835316161739,31277.2806113867,1665.11790197389,38.3373884419291,0.356577809861837
53,4,10.5735173915729,0.795142546064096,0.0145722411718252,4.49955422983868e-05,49.5611073757219,4.54394428343014,0.111115919188163,0.000347939724510501,63.5465030184604,4.77878139623052,0.0875787056773709,0.000270421777218674,9327.12100269257,331.937844957005,4.22238634671708,0.00912242290446754,29090.1658893683,3199.02543178289,86.616344505988,0.884901864573508
53,5,9.46893517529932,1.25247661215777,0.0262137054537423,9.06241755922051e-05,44.0768400280656,7.13020597052833,0.199515859257713,0.000698753256027635,56.9079990522675,7.52734457868,0.157543535519117,0.000544648411171609,13708.7902786622,578.409176975174,8.12561975797683,0.0208206512263673,25787.7249946469,5004.33266798553,155.216078049914,1.77165077464278
53,6,8.20790271589149,1.70585559001879,0.0403071776396899,0.000161386101423771,38.0468906627609,9.68579824742927,0.306249187286656,0.00123987455845486,49.3292341039067,10.2521378067229,0.242244854828309,0.00096992533340295,17810.1997083703,862.02329855462,13.6032194259407,0.0439451686737919,22207.4987288069,6783.72559164778,237.805901049904,3.13159127318332
53,7,7.05331063867351,2.09756254270137,0.0559783195130436,0.000271824223067996,32.5931523059911,11.8875953698435,0.424559683851911,0.00207937596774221,42.3901724650145,12.6062841261714,0.33642791874907,0.0016336549297633,21178.0586351499,1156.96580452393,21.1418995676823,0.0902537840563833,18987.7426859092,8313.44568727375,329.048710845747,5.22796355491333
53,8,6.12457165353254,2.40328500045694,0.0734112365468824,0.00045168147446072,28.2302027763012,13.6012131066236,0.555695685227074,0.00343967806622424,36.8084807216728,14.443666367587,0.441199195315403,0.00271459128663059,23661.2572079057,1457.15859122115,32.0250852053242,0.182080236445185,16419.5275809341,9501.37074451146,429.79271695078,8.60639876878034
53,9,5.42803049831756,2.62691169949473,0.0941338042356146,0.000749973491504991,24.9673702727604,14.8501563669467,0.711027890724416,0.00568808369109998,32.622290546431,15.7876557118273,0.565741167623672,0.004507316815847,25327.4043211062,1780.30907627,48.5476827560696,0.356322737413239,14502.059141546,10364.7201576781,548.674345902493,14.1700458027361
53,10,4.91047570431241,2.78665510105518,0.120650837315951,0.00123352426423257,22.5473366204057,15.7372781892616,0.909260713053273,0.0093252568596965,29.5118027057736,16.747708471331,0.725107692525137,0.00741344157081284,26334.4529635157,2160.70567636516,73.8622859616365,0.667316234450689,13081.4351307251,10975.2065826601,699.951641422617,23.1497839191309
53,11,4.50494428725567,2.90298362098038,0.155677287774731,0.0019801566758835,20.6546953520137,16.3772558868112,1.17066443695577,0.0149332910358862,27.0745717954036,17.4468391738966,0.935615545056674,0.0119006786030677,26838.9487202089,2636.48149347946,111.494806351827,1.18934656765259,11971.7309390531,11412.2958231859,899.073476982745,36.974130675619
53,12,4.15623269500651,2.9922121413529,0.201294013249348,0.00306963780399772,19.0316092959913,16.8611866149537,1.51075468187833,0.0231068144468354,24.9788262238216,17.983099741615,1.20977061339518,0.0184484255100188,26959.9104393231,3236.83058227289,164.709162852835,2.02179691860711,11021.7177568213,11738.9484500941,1157.84862199285,57.0970903791513
53,13,19.2401619605496,35.8990069705601,13.6091502522223,3.40981843876065,153.485609186718,347.51252360395,173.422671292,42.943931630681,204.495915859452,387.734418992147,147.944122159784,37.1036772626877,233383.345162972,140066.513709802,54722.593149667,18422.6621348137,35703.43864597,95430.4809720864,51679.1022990606,40567.6045854154
53,14,4.18040509692383,20.4714610329283,15.4001811321053,7.73541411747156,32.6703733900722,196.330191730775,195.453748169035,97.0791845561976,45.3926162655473,222.7237217509,167.584570028173,84.1776361325992,138647.500799335,157913.630428001,101802.548634302,52139.5282883179,7904.94119090785,57113.6463110347,62239.6508559576,98156.0402074471
53,15,0.948634801647571,11.6473818343212,13.881836036204,12.1544365882176,7.46018786727046,111.716168167597,176.044168982435,152.295067748345,10.3211183240591,126.747322247987,151.063712681004,132.265978236061,76947.9703042748,136559.569423041,124935.196965589,95179.9413306436,1815.8692485015,32513.5113305481,56016.1525328571,153721.643128426
53,16,0.241950081483678,6.62998707785851,11.0487188421385,15.8587577622312,1.91061129400261,63.5303304023804,139.982480738052,198.426966524126,2.63288630706617,72.1482688366608,120.23343046549,172.576828243177,42758.7242316711,105624.374830965,125607.359523929,140860.271588379,466.297147675979,18475.2460581331,44496.0581405762,199974.096214592
53,17,0.849849445076889,83.5505715943924,217.189621438614,1257.60902575237,1.11584710033058,126.404853830373,428.727410071955,2439.75722877402,0.737911305732987,69.0345528184979,177.985238508069,1024.52147614732,47599.9927280437,178146.578761077,331357.186577207,1702841.95587053,119.795827497842,15876.7907650322,58667.2977902026,1055816.7286984
53,18,0.0442190123685693,15.8268589448984,52.8652139831987,1263.71731813455,0.0545393670328056,23.492344861421,103.20513313226,2437.86152929778,0.0361338028575653,12.8712827373368,42.9841910172592,1027.43649020461,9947.73113152891,47068.341934639,113566.953410217,2086812.96744733,6.04388157890393,3103.86023802077,14886.7368529453,1115947.33088842
53,19,0.00201500295037457,2.44952957473933,9.94825175310224,2353.41550811686,0.0016034265478942,2.37652294327704,12.7883902769015,2982.31158853859,0.000543344109079884,0.572090053976278,2.27735144778586,522.202792758292,1868.26301915104,10665.9444192819,32184.5346418775,3721922.70900738,0.378442246337371,689.022742024966,4054.82542693157,3015375.69796712
53,20,9.03024177550229e-05,0.181877940152376,0.861941600385987,2277.92282107439,7.17486127106558e-05,0.177013256416592,1.11066207975409,2897.2580892808,2.01467204934717e-05,0.0402600642363769,0.190658101567596,503.612943902883,138.644272484498,916.783390481174,3257.93224796409,3363108.89615889,0.0204587838086034,60.430850774898,413.705967434138,3419072.22275142
53,21,5.4725557424792e-06,0.0124148906729396,0.0660658101450731,2474.37223229096,4.35125870798351e-06,0.0121687778941438,0.0855455534943939,3155.04255573411,1.21023136658807e-06,0.00274480580184254,0.0146061638116879,547.042190936392,8.25919105839217,61.4988572844069,247.194975721013,3531229.87337129,0.00108309242592723,3.64351674619652,27.931662967517,3254894.94662613
53,22,4.63871554376638e-07,0.000465753087474374,0.00268954209778588,1839.88421634726,3.5734756560079e-07,0.000441209935865954,0.00339744977041056,2315.70988882527,1.02554858542162e-07,0.000102970327948785,0.000594612787374202,406.767532366653,0.403914196292383,3.28712640430579,14.4265128726417,2970895.64662761,0.000140892625955229,0.207729476090187,1.74688648246995,3817171.91172814
53,23,5.01701174524987e-08,1.57813191680294e-05,9.51692771264995e-05,1238.23525614756,3.84817321159152e-08,1.46367342809784e-05,0.000118398403040913,1547.8030387891,1.10917724672579e-08,3.48898512475569e-06,2.10403307015746e-05,273.75304117102,0.0165740793798397,0.143445630615108,0.669580849119899,2161384.96133843,2.76679185347162e-05,0.0123877561225168,0.109451035580597,4628204.29558975
53,24,3.49736551924275e-09,5.22478074361461e-07,3.20911371938317e-06,855.99685194035,2.67723170236986e-09,4.81647882320887e-07,3.97522403358663e-06,1068.46116159723,7.73208843029813e-10,1.15511136953208e-07,7.09481204060224e-07,189.246542842389,0.000581659095304177,0.00525246573844564,0.0256861633791979,1618273.4633505,3.1171374323516e-06,0.000658473041961624,0.00593485755771921,5172262.79396737
53,25,2.0033564271861e-10,1.97221957181465e-08,1.23986684022489e-07,590.145877120171,1.54927674970866e-10,1.84300556977672e-08,1.55172336621752e-07,737.165931582993,4.42908495637281e-11,4.36024659316843e-09,2.74113757040317e-08,130.471352510843,1.75696659134061e-05,0.000164942193322052,0.000843415416472955,1102141.61862228,1.88076655325675e-07,2.64050363542393e-05,0.000242753569475058,3696125.59692088
54,1,4.12743334343413,0.0198264610823418,0.000201424103750516,4.91877470478726e-07,43.7503214127768,0.208358666261684,0.00250156011192034,6.1954726440797e-06,44.944067079035,0.215892474252108,0.00219332880195359,5.35610685585739e-06,674.381046936872,9.21350999207858,0.0796964568033178,0.000133408974889501,29612.392998622,138.537420158365,2.17033593555213,0.015585045079906
54,2,5.6999621113061,0.0951106613506622,0.00124617702039675,3.33898506599663e-06,52.4796482534304,0.982410663139249,0.0154245566826529,4.19565153584404e-05,62.0675025281817,1.03567025509343,0.0135697560533983,3.63585687024539e-05,2396.57087348668,53.925881359581,0.524799017818096,0.000950133944242813,31064.198273893,642.550163917636,13.3345353541875,0.105284343694028
54,3,5.99403651557609,0.252909878550717,0.00402937845830349,1.18269426827958e-05,52.8929896930517,2.58788368681706,0.0497381947047392,0.000148255626526997,65.2697104506338,2.75396295972076,0.0438763368534823,0.000128784855150008,5367.81979890743,166.887601764475,1.80103483776254,0.00358020070043322,30625.8961004097,1678.3546021661,42.876816732631,0.371107930082802
54,4,5.68602665954931,0.488610829349945,0.00911935149609265,2.95262185571894e-05,49.4725367269472,4.97138093481376,0.112310429130793,0.000369141228142773,61.9157578901901,5.3205360480941,0.0993016025345842,0.000321514180122517,9335.8432176186,364.100003457739,4.33452613007679,0.00975819566286361,28466.2266789196,3208.26322500092,96.5878981566197,0.921519517885439
54,5,5.09098890725183,0.766467419857831,0.0163728863273679,5.96122926949965e-05,44.0223394248805,7.76960804532761,0.20123265908712,0.000742911319846229,55.4363275933062,8.34614644638294,0.178286126060701,0.000649124688077897,13676.9926260886,632.544400267463,8.34822180786975,0.0223696752992417,25247.5675255873,4998.25016136701,172.700909440587,1.84861410460488
54,6,4.41859092534463,1.04048480827635,0.0251438475831348,0.00010655475784062,38.0645854145644,10.5204692349094,0.308438880549304,0.00132269552100585,48.1145134080525,11.3299513588221,0.273794069672655,0.00116028625673567,17722.2967171638,940.425270712897,14.0050362144089,0.047390397293442,21778.7779541284,6753.36058022655,264.187653910207,3.27820144431965
54,7,3.80593412469089,1.27608124745692,0.0348953465839559,0.000180204346405991,32.6945820330408,12.8792061984169,0.427217671741751,0.00222658096221439,41.4432273922985,13.8953864089017,0.379979194602956,0.00196226457434825,21030.7796917861,1259.65584924055,21.8323483588733,0.0974323050539467,18669.9969339679,8254.92203162063,365.194317055462,5.492551526088
54,8,3.3141904845,1.45902378984563,0.0457429715030702,0.00030029642742185,28.4053349719084,14.7057746963099,0.558821944826797,0.00369265320176494,36.0885778288874,15.8874674947919,0.498100152943434,0.00326996020398786,23460.7728036999,1583.42740324008,33.16964022219,0.196099509319026,16194.2232966852,9415.07984645736,476.655229731352,9.06467887908224
54,9,2.94518953085637,1.59194845522662,0.0586156141848253,0.000498833641279671,25.1949657073222,16.0283398795137,0.714389166665379,0.0061078035626185,32.0704866247812,17.3348985203819,0.638271748226396,0.00543185335036789,25084.0514678451,1930.08016091136,50.3661414980096,0.381810951771267,14344.2883568916,10252.6929988138,607.891690440075,14.9278458290794
54,10,2.66990194506311,1.68588216018748,0.075015529096364,0.000818781285097319,22.8039116483617,16.9578635530243,0.911998898096264,0.00999133826455416,29.0728503960581,18.3577527703383,0.81685219145686,0.00891579777030496,26058.8220830948,2334.98307779434,76.5982713678132,0.710251550611714,12968.0418788,10838.6895466669,774.092467864315,24.3344861768813
54,11,2.45259294431956,1.7530334278396,0.0965413794804325,0.00130933451865912,20.9198186836107,17.6162622141793,1.17088684990568,0.0159367664090634,26.7065492365656,19.0889701702752,1.05124949920112,0.0142574848674719,26540.4155258409,2836.80560837864,115.357187334238,1.25628791523357,11884.9633289257,11250.5135655099,991.413944992628,38.7133227159572
54,12,2.26416120399089,1.80305755741874,0.124378027043616,0.00201992097030213,19.2902008171777,18.0996562783733,1.50528689183685,0.0245381767434585,24.6546956819532,19.6336883155003,1.35436575844377,0.0219951374206989,26646.85660597,3464.1454034342,169.801716915126,2.11849277324379,10949.8565861825,11549.0680237784,1271.79223595017,59.4890239116161
54,13,39.9884861121471,82.6320178223802,31.6934591971919,8.55622190312868,155.858507344947,366.003294459262,165.417670951285,44.0751633680826,167.758771846211,341.945951028898,130.385642204354,35.1645199447407,230760.541150348,140768.310388811,55197.1041333112,18372.4105304725,35705.0349837715,92580.374983709,54534.9672275964,41008.9430009569
54,14,9.19246009913426,47.4341385488306,36.1196494162558,19.4682845999609,34.0367682718816,205.840567764906,187.278700550284,99.8980699799084,37.8411353263625,194.971233522992,148.437398012002,80.0058966819668,136939.049095432,156585.866958508,102587.158203391,52162.9043413861,8063.64172979057,54810.649582136,65522.2653257452,98846.4975350935
54,15,2.16319913990644,26.6954822298146,32.6641569932392,30.5532037940027,8.03548205520434,115.832971742066,169.151036428019,156.500528590739,8.89099077731562,109.707008877702,134.234971684164,125.559880145272,75702.4537650726,134377.46326801,125726.338006655,95268.2892134739,1915.15912456033,30860.1369961634,59111.3576854462,154573.447433742
54,16,0.570579265594877,15.0286213788041,26.0772237491371,39.8372029941546,2.12752100829753,65.1589297773176,134.872638201367,203.737010135129,2.34484663456063,61.7608620234787,107.165621977192,163.712926765019,41813.539067493,103370.706584829,126215.061276607,140964.604619332,508.529920996358,17348.1593658615,47072.5963673064,200902.756635799
54,17,0.826136792141785,74.4026574649445,193.863805868363,1228.15214027956,1.31981463980816,132.836152002172,409.495717561458,2551.71500377229,0.889410726185511,78.0123707176755,202.430053071302,1277.25485898541,46191.2307089094,173318.335586779,330697.483996786,1713524.92337236,135.031481452587,14858.4932764118,59929.4823258636,1051427.03055199
54,18,0.0449154461624112,14.3631636482165,47.4699347375924,1253.37442251525,0.0684502931446261,25.2516862439558,99.3021587785265,2591.86088289317,0.0467629110362701,14.9201081582253,49.3057384804973,1301.77348135594,9630.25114572519,45714.4247327366,112563.260519353,2098237.23067981,7.0901554022799,2910.2567390738,15009.4317212612,1106849.1440655
54,19,0.00196322586144065,2.09278744250921,8.64594203523287,2215.47636340109,0.00202835136626765,2.52766557212288,12.4726840827435,3155.23055554654,0.000962763349951001,0.954314346568277,3.90653528476409,983.847936992375,1806.32889564982,10330.8438770036,31765.7275106603,3769508.93176888,0.446091540160748,637.701825378732,4129.80567243841,2968084.67958948
54,20,6.55060085272113e-05,0.148897825685909,0.749665335419436,2110.4647468018,6.78998642308958e-05,0.180387384640716,1.0829948127361,3014.29894093835,2.91907543643218e-05,0.0660290289709513,0.332327234712091,935.293271801177,133.828464227542,885.031949589235,3207.39280217906,3388648.89904865,0.0185233603107996,54.9674412663556,431.618320420696,3393225.61580223
54,21,3.12485325331351e-06,0.0101695901965591,0.058086339226356,2308.53002074373,3.25457730658487e-06,0.0124225713912714,0.0844108577844082,3307.94964659193,1.38511404218287e-06,0.00450690406750367,0.0257421416757104,1023.06673404733,7.95765370056643,59.1447287540866,243.444394470846,3566144.94391549,0.000768754644307018,3.28603175282579,29.1723076669437,3219522.30820148
54,22,2.15971028539672e-07,0.000375276944837073,0.00240757980898463,1730.954946216,2.16575647629835e-07,0.000443625638867114,0.00340739378675762,2445.35001820398,9.57119438390391e-08,0.00016631085446406,0.00106696260761691,767.103915152601,0.388476190286556,3.15410282363429,14.1969914035502,3015278.46360031,7.98164107849124e-05,0.183058854206933,1.83950313043369,3772408.35743466
54,23,2.37955639448113e-08,1.24208922224932e-05,8.66118371395934e-05,1178.84526712611,2.37594239722274e-08,1.43784576314438e-05,0.000120643240953715,1652.78518814609,1.05454343419053e-08,5.50454265918163e-06,3.83835985570872e-05,522.426549427192,0.0159164015414022,0.137624650580981,0.657452502903135,2198298.40115317,1.58565903551334e-05,0.010581596859276,0.11629046757537,4590996.60368254
54,24,1.73685111757102e-09,4.05513751347622e-07,2.92675735827875e-06,819.149600005427,1.73108020110418e-09,4.66258863344396e-07,4.05802111644277e-06,1146.44890875057,7.69716911351128e-10,1.79710735651205e-07,1.29704532961772e-06,363.020924738305,0.00055795801239148,0.00504399578584242,0.0251532461758932,1635739.65658245,1.87101890152758e-06,0.000553843600312543,0.00631744097770695,5154581.68634636
54,25,1.01966513325081e-10,1.51331171878406e-08,1.12958577456275e-07,564.850511659165,1.0253822394159e-10,1.76234887717094e-08,1.58381098690817e-07,791.156116013891,4.5188300112095e-11,6.70651392128046e-09,5.00596316538205e-08,250.323695549697,1.68373684650563e-05,0.000158491920690501,0.000824359718347892,1112522.30097004,1.15564154621613e-07,2.19455883799382e-05,0.000258576169193602,3685596.36742606
55,1,3.8729346303271,0.0160557632706424,0.000144562224968673,3.19186806295598e-07,43.0422883616115,0.185083217789228,0.0022371908161583,4.99880245372384e-06,46.8470794914619,0.194210770392568,0.00174862699502833,3.8608887353962e-06,666.803359316681,8.20205751339432,0.0713683596292279,0.000109309460684491,31067.6566439319,136.148574668212,1.90787303636387,0.0138635898195949
55,2,5.39061767271842,0.0773893256558931,0.000897571561428016,2.1734629908802e-06,51.7296835589291,0.876916401408038,0.0138496402931647,3.39683134512332e-05,65.204997947665,0.93610252608009,0.0108570400228889,2.62902432455762e-05,2380.28357601381,48.2043562111737,0.471548257874957,0.000781269444696943,32670.9065891407,634.641498649068,11.769198228897,0.0939774854877008
55,3,5.69159414243821,0.206623982635347,0.00291220541256292,7.72281151581883e-06,52.2018531532417,2.31946626104239,0.0448294248392801,0.000120443939592535,68.8456141593649,2.49932701253546,0.0352260834431586,9.34152521310658e-05,5348.32743281489,149.757869906714,1.62367721474767,0.00295594303678514,32249.5162637217,1664.59131141351,37.9881597843988,0.332404106449938
55,4,5.40949516314603,0.400589193197501,0.00661304886202674,1.93449108726943e-05,48.8585486121015,4.47140904513433,0.101595918046135,0.000301000838518832,65.4333403750679,4.84553331476162,0.0799915452469497,0.000233996352613836,9325.14304703837,327.922199232444,3.92094589466084,0.00809830158553297,29992.9937954281,3193.19847941388,85.8891191141369,0.828467368679225
55,5,4.84714293322597,0.630294154379749,0.0119127439422328,3.9206963571254e-05,43.4827567888629,7.00933561359566,0.182691087259195,0.000608347741520668,58.6311187700414,7.62404821450293,0.144096742055282,0.000474248061059131,13688.9511971552,571.70105052925,7.57934729318995,0.0186905426773886,26604.2596346245,4989.81932331774,154.126325703281,1.66899774789111
55,6,4.20693584701008,0.85785329861854,0.0183583474104173,7.04074530659752e-05,37.5842361040699,9.51555454584445,0.281066897633825,0.00108868943038211,50.8871635728374,10.3766072780323,0.222062865128983,0.000851649683096908,17766.7036953728,852.977779945782,12.7689008950223,0.03993213779052,22939.7102493478,6759.34313271325,236.656052351553,2.97488296417946
55,7,3.62143426495005,1.05444109071095,0.0255775531580673,0.000119739359349288,32.2542983873011,11.6746986939158,0.390918907356645,0.00184399129701299,43.8049270325252,12.7545363685696,0.30938649379989,0.00144836921381735,21110.2070316333,1146.86842844309,20.0056647664145,0.0828789325288449,19647.7617161094,8280.35103627227,328.491811928993,5.01512563783831
55,8,3.15044154164214,1.20796084991095,0.0336815176740445,0.000200792232591131,27.9899285257903,13.3560759464345,0.513810802692418,0.00307928021957092,38.1077914868003,14.6115138415266,0.407412178742551,0.00242878607033716,23571.2463478228,1447.95919456493,30.5718260639463,0.168426043189632,17021.9688961418,9462.04491124488,430.818795470322,8.33401808169328
55,9,2.79675430792911,1.32041388968647,0.0433895057104343,0.000335718647731963,24.7968477728855,14.5832383068466,0.660540729692314,0.00512932598367735,33.8295850272531,15.9717476167544,0.524840157950272,0.00406085815492762,25217.8887998265,1774.1508767929,46.7123294226179,0.331089391697875,15059.2612281823,10321.9270997561,552.5240670604,13.8220817434932
55,10,2.53324680109827,1.40096476283212,0.0558551356575154,0.000554611021605316,22.4224195970573,15.4573078957553,0.848481506180515,0.00844874093229444,30.6421939924453,16.9460922720481,0.675624618000076,0.00670858382492006,26207.5401647041,2159.35487236943,71.4841277246607,0.621966130672801,13601.5206058607,10931.4999118444,707.957433154956,22.6882175255174
55,11,2.32596676497855,1.45990652984664,0.072311296587457,0.000892631729639121,20.5584149594832,16.090996892918,1.09619600054992,0.0135678263428615,28.134931346426,17.6590528325167,0.874678604910295,0.010797287738232,26696.5403422578,2640.74797221009,108.29941836164,1.11165950186964,12458.6643515352,11369.9649017441,912.447926336679,36.3398045147443
55,12,2.14700135861938,1.5054379663088,0.0936848464194021,0.0013862969640024,18.9534927065281,16.5738086861596,1.41761924894458,0.0210355130708202,25.9701629167503,18.2098018192414,1.13321340695711,0.0167686703418249,26804.4924185015,3246.1211658211,160.338555376341,1.89588740644494,11476.4775396289,11700.0569837679,1177.48381692763,56.2281188286931
55,13,33.4316096571695,62.7874665344686,22.3885406630306,5.60966437142265,152.199239124423,342.696098161671,164.347625844003,40.6732400991824,181.787956944393,336.949969824865,119.536823089127,29.929436108666,232279.579401874,139918.273314689,54845.8545554648,17728.4963407928,36948.4493641117,95217.3895656787,52933.4930864462,41441.0796512272
55,14,7.35982281029695,36.0140070464758,25.4206896721007,12.6719430340752,31.6935604520845,192.583438662515,185.572928683197,91.5646119283525,39.3334500850846,192.169924769476,135.622736180417,67.6059501711173,137690.313444107,157412.762614341,101889.202388594,49963.353323898,8028.27632108097,56945.0117621585,64163.0845185689,100338.71080997
55,15,1.62743374557216,20.4726315509627,23.0346891538393,19.9392352277856,7.02414173184673,109.46208537571,168.010502649097,143.859966797992,8.68387235675484,109.22381601919,122.892110775033,106.377577848583,76230.1983802859,135959.854161442,124929.785604933,91205.3831298997,1789.39620779397,32383.8988048023,58038.4526384306,157368.118545161
55,16,0.402602351766597,11.6574328447221,18.4077349586629,26.0693638247085,1.74334034059834,62.2693062308769,134.128938394911,187.830827245134,2.14794689358149,62.193440408333,98.2068888622985,139.082354093568,42335.7162696837,105078.897754619,125565.779081591,135126.125553411,445.16871358772,18407.0944590555,46280.2548059255,205132.766142974
55,17,0.592181979728304,64.8371826914031,157.330390410512,914.616551799094,0.971597914847117,124.960835700182,408.566072678546,2337.35265645435,0.750417548010407,79.4934578444959,191.924616806201,1111.79719707033,47302.7241020414,177256.961149617,331470.021049336,1676594.78151714,108.020788134803,15763.180453023,59983.7935827814,1082399.93378783
55,18,0.0286059033353935,12.2762419084033,38.0383419946114,919.276151552469,0.044288635919659,23.26054986296,97.8206505542542,2336.9028388111,0.0348524628257947,14.9079539935647,46.1872408479081,1116.16293162209,9916.88143612601,46844.906631091,113432.364741081,2060094.36454129,5.06517855593951,3082.38976864988,15119.4911293349,1143221.24986538
55,19,0.00136661051234374,2.09839399517125,7.99342603801982,1902.08915275458,0.00125089614446736,2.36682383345156,12.3179195182119,2889.64081041587,0.000573867573646861,0.776427784089027,2.90722992909337,675.489986875489,1864.51986410017,10604.5434085308,32097.8067164886,3625136.82490304,0.303145406217602,686.047125852569,4169.84270466648,3112594.23161852
55,20,6.39170671652038e-05,0.155303895121172,0.70028974003001,1830.37327863401,5.80691658395536e-05,0.175366477513584,1.08003556487761,2790.4107297639,2.27996159352531e-05,0.055051982803279,0.248090136274193,648.210913616631,138.322784299353,910.147483662477,3246.73718138924,3253290.22825957,0.017153844036572,60.1991145006373,431.818001419376,3529301.11561634
55,21,4.03566270149183e-06,0.0105986118242933,0.0538884116482635,1991.27487741953,3.67184140822304e-06,0.0120517465452799,0.0834880040237734,3042.7387326953,1.42949044247795e-06,0.00375347735147828,0.0190841548454745,705.190382667567,8.23342006575668,60.9756424510056,246.585929965851,3427641.86228387,0.000945999761770434,3.62349499826663,29.2154458274528,3358920.11584687
55,22,3.48410031605085e-07,0.000396568221359715,0.00221286426094956,1478.15882907441,3.07863997416006e-07,0.000436355236806,0.00335003908916674,2231.91797735064,1.23386531674858e-07,0.000140440861025078,0.000783664199970738,523.475386630361,0.402296042789486,3.25567333837971,14.3864005913271,2854687.18876462,0.000125646383417631,0.206053976362252,1.84392555303302,3933709.1572438
55,23,3.67002831437679e-08,1.33212272137252e-05,7.86302050565586e-05,988.804066594654,3.22946508803699e-08,1.43634751805359e-05,0.000117402902671343,1483.95650864874,1.2997044723843e-08,4.71758158876797e-06,2.78461126073302e-05,350.175218574609,0.0164938940031047,0.141973531387091,0.666667324882049,2043187.268287,2.40391781494894e-05,0.0121926432410671,0.116224478414608,4746638.84208686
55,24,2.50634905805953e-09,4.35717739149735e-07,2.63752720452083e-06,680.143481245752,2.20118459374717e-09,4.67083017056729e-07,3.92345749600636e-06,1019.48387026374,8.8759882846379e-10,1.54305145002941e-07,9.34054274966906e-07,240.86611316998,0.00057844493021453,0.00519743422429421,0.0255355076561098,1502922.00944187,2.65725741163079e-06,0.000641370148105996,0.00628349316720235,5287787.45884598
55,25,1.42725895712488e-10,1.63041525979781e-08,1.01672508516976e-07,468.857291019216,1.26631952303705e-10,1.77133012576768e-08,1.52750188105371e-07,703.265804864793,5.05449698472151e-11,5.77395501604508e-09,3.60063172229579e-08,166.041190474043,1.74608961032553e-05,0.000163189996641008,0.00083767832517728,1020183.40554611,1.59437866830098e-07,2.55009340922064e-05,0.000256484807405162,3778203.42886673
56,1,4.73616351490308,0.0189369646052922,0.000162331672199349,3.64619328453552e-07,42.9829995576125,0.169596258466834,0.00184617972866101,4.1995355754802e-06,45.091911520295,0.180294436574635,0.00154552210385506,3.47145584088927e-06,663.170605600202,7.45660782929485,0.0587879863240079,9.11736445530745e-05,32922.590740813,136.242743382802,1.76812014148237,0.0115037063620459
56,2,6.5806913555424,0.0915524601637158,0.00101021522424054,2.47985037441663e-06,52.2400638067175,0.806088363386613,0.0114553899696198,2.85043391919207e-05,62.6532321810178,0.871649684428619,0.00961802424358261,2.36100787725978e-05,2348.61609471144,43.9053770620152,0.388293762920948,0.000648434640968426,35419.4792904846,637.597596411843,10.9359745460806,0.0779133402176075
56,3,6.9802953267941,0.245545008393386,0.00328397980078998,8.79346115386181e-06,53.2531849348315,2.14239380381198,0.037151861382375,0.000100869700429182,66.4577686709723,2.33777692807365,0.0312660080560348,8.37204988931219e-05,5274.91116257128,136.668166461245,1.3357690865195,0.00243557530981057,35381.1647409439,1681.38379163293,35.3780579259947,0.275120576692051
56,4,6.66475899834912,0.478283665223719,0.00746826863740053,2.19552511791445e-05,50.1502135931089,4.15056483069875,0.0843235657480046,0.000251282745413762,63.4536206598429,4.55362756078992,0.0711036490923076,0.000209030841198922,9220.00062495155,299.774646965771,3.21999862467512,0.00660344713316107,33104.2044592242,3242.79099435996,80.1297033314557,0.683747760191595
56,5,5.98559430264901,0.755798169436348,0.0134659332678102,4.42860429499876e-05,44.7451997078983,6.53595270668769,0.15177938630755,0.000505487914408715,56.9874515189651,7.19577862465801,0.128206019395156,0.000421637117046558,13579.1245377286,523.309521454132,6.20628297205119,0.015039205137313,29428.5831708434,5091.88610671514,143.965675245389,1.37153531639367
56,6,5.1926766253538,1.03251265969713,0.0207582667824099,7.90497266360127e-05,38.6541158725415,8.90752154566321,0.233589309211521,0.000899207623134224,49.4382666914212,9.83031294171864,0.197634631093656,0.000752614065785171,17679.9435685959,781.344687382761,10.4119183027309,0.0316996275274805,25354.4451018129,6926.03390859274,221.179867817851,2.43110646909791
56,7,4.45691028178352,1.27300693934921,0.0289120350178588,0.00013363559624666,33.0708532927353,10.9634323458409,0.324790109015916,0.00151393266462169,42.4332064228125,12.1200030558976,0.275264762459038,0.00127231343743831,21062.3020634315,1050.58931204531,16.231728478964,0.0651618858682196,21645.5445656694,8512.87070476315,306.987609008948,4.07559470613754
56,8,3.85960304079677,1.46182382136277,0.0380477582418149,0.000223253398671823,28.5651922855892,12.573320224417,0.426617819084764,0.0025183472880034,36.7463830738603,13.91768468376,0.362243858934967,0.00212554369540618,23562.7689065975,1325.5901119593,24.6970245442491,0.131989751357317,18663.534311094,9752.86330258924,402.442943692105,6.74894685262521
56,9,3.40950134264744,1.60079411672633,0.0490003551927046,0.000373275445931927,25.1819011865469,13.7541120966232,0.54827837394268,0.0041943562697115,32.4610694684032,15.2407885510071,0.466520987685468,0.00355386872258475,25238.1192110948,1622.76949994064,37.6632102618788,0.260187915830427,16429.4865101202,10659.8513832916,516.078343250066,11.194579138143
56,10,3.07587234965263,1.70086860925925,0.0631412089369482,0.000619006690504947,22.6805851914492,14.5997444079128,0.704943286755427,0.00693412195751964,29.2846654052012,16.1935745239858,0.601152767996776,0.005893418762019,26240.6031212929,1974.21646334528,57.7198472600655,0.492412606447655,14780.6709057982,11306.5300987366,662.004904633622,18.4464213257856
56,11,2.81748000100262,1.77476552240805,0.0819842438929571,0.00100297931356856,20.7483381206832,15.2185535862347,0.913358717495755,0.011209298598218,26.8245719379498,16.8971298507483,0.780552922222145,0.00954913282064867,26726.223481816,2416.21960411954,87.8471402512846,0.889840820844757,13509.1997514699,11776.2789241717,855.79605509614,29.7458136977473
56,12,2.59914225589636,1.83287558388714,0.106740078127475,0.00157133001804383,19.1205728396742,15.6987924049127,1.18689728687434,0.0175299010684751,24.7458290370992,17.4503822336968,1.01624746346875,0.014960267718769,26816.6549044976,2977.4501171672,130.954012748247,1.53932492487042,12440.3102008645,12136.8653302997,1109.87008136704,46.4305975085199
56,13,32.6843020409108,63.0273396888837,23.1487402626902,6.2364497757315,152.919103146656,332.381062799902,155.349601103192,41.4103417230553,176.850107689073,338.014931632539,123.6883144433,33.305810216342,229809.262281752,138208.088937459,54095.5777739175,17454.7729700552,39281.3669469827,99686.9087573141,55560.7926648976,41352.2755229348
56,14,6.7126332276941,36.1172846488578,27.0184914399356,14.1124154058527,29.8548007714058,186.899254463303,180.340651246671,93.4068137764698,35.8888956926094,192.901178145385,144.289014500402,75.3652497850357,133905.43820472,157094.987900483,101317.649610987,49039.0940332955,7969.65777770875,59455.5566640114,68983.5145930205,99957.5138392246
56,15,1.31725071166993,20.5847477908878,24.8306110111591,22.1455027070108,5.85379769818438,106.463762641316,165.55093932649,146.353347330651,7.03531902854558,109.930105711515,132.604163274504,118.264735255629,73341.2516122368,136110.495488864,124366.952931198,89409.3691069197,1567.2605058407,33870.8212888728,63256.5033975011,156366.725582304
56,16,0.285043454962993,11.858519587493,20.0497565712882,28.9397139675252,1.26726527739169,61.2597296583051,133.520375370187,190.987113642111,1.52224524154945,63.328650403449,107.072717376258,154.548201121448,40836.9346734663,105407.467226727,125051.730565828,132654.259005729,339.432299747079,19470.8464421184,50955.0085212603,203749.092647577
56,17,0.372561228667411,73.3664670536984,188.370375393635,1156.99883711601,0.570264023466711,123.836905609139,405.336188780911,2453.63880459518,0.396149388495277,74.6501773176413,190.677905136235,1166.27083364321,46277.402163493,177556.361987723,332209.0889172,1668398.0474508,65.1650302665787,16424.3194109017,64369.8306180366,1085183.39035537
56,18,0.0127188891398076,13.9321571362862,45.5082482928085,1181.0627258435,0.0181494699289361,23.1594832733279,97.0314137336545,2493.37412259315,0.0128766099806622,14.027770624586,45.8150638407077,1188.96341429916,9751.69800007987,46719.070119017,113582.696901966,2053100.74576168,2.083528608943,3184.36299334889,16004.0802408348,1148876.98599893
56,19,0.000676646372879628,2.31256725453349,9.41072653769452,2317.53910958369,0.000580254798200858,2.3346895767249,12.2529720114402,2983.85648008181,0.00020281171923884,0.617652127972863,2.46540696073892,589.247921423727,1837.94974613179,10574.7505081383,32197.4047637927,3568476.23350276,0.148536859047208,734.380840992511,4628.2648711018,3168280.81042408
56,20,0.0001230812376232,0.17740058873145,0.858949913072318,2222.54639877435,0.000106856216432342,0.17932343826251,1.119294734191,2871.07480224041,3.1231107686644e-05,0.0449887864109929,0.21769250897609,563.034918078734,136.782531317391,910.376076354823,3268.4339055208,3216084.0375623,0.0333824049889555,66.5120222670077,497.202796046681,3566027.36728424
56,21,1.14100637419706e-05,0.0123449599068708,0.0675419948871004,2437.18692320612,9.95374666682426e-06,0.0125647898452237,0.0884305791125071,3156.81685831261,2.89056780006162e-06,0.00312739244971923,0.0171103657144372,617.406679976083,8.1714637253011,61.2648356004004,249.578739189697,3392208.01411737,0.00269372171054043,4.04598348710774,34.0809235580858,3393873.22962886
56,22,1.06256313883337e-06,0.000469946925587031,0.00281704027766304,1782.27396233203,9.09273341648329e-07,0.000463209666896525,0.00360204038209077,2281.01693720251,2.69176691564701e-07,0.000119050631891832,0.000713634147146581,451.499158221925,0.400666179532802,3.27806340092183,14.5575394593377,2807320.67163569,0.000398686829287414,0.23837760135891,2.22209169476038,3980793.8329822
56,23,9.73499091148337e-08,1.63156408910438e-05,0.00010188785159046,1179.7253434379,8.30026314157546e-08,1.58013069012418e-05,0.000128640562646785,1501.16336916348,2.46614175783567e-08,4.13320207212053e-06,2.58110035217481e-05,298.85697190672,0.0164720625534661,0.142815926548071,0.670944022149282,2018878.06546726,6.6532268545593e-05,0.0146955839792187,0.143488676279568,4770791.20007261
56,24,5.93156901167323e-09,5.43908884324708e-07,3.42733275317027e-06,806.607600961773,5.04962287450745e-09,5.24444498342758e-07,4.3146947365254e-06,1025.30692010315,1.50263005180921e-09,1.37787124246575e-07,8.68237928648772e-07,204.335955382537,0.000578626208407923,0.00521504530136357,0.0255200171563613,1508685.34225565,6.56152368110917e-06,0.000789337132132956,0.00779010625200603,5281928.36735839
56,25,3.18375177805475e-10,2.06978248653062e-08,1.32682358558906e-07,555.810021791782,2.73830733423978e-10,2.02230844252699e-08,1.68808486738682e-07,707.008592484913,8.0653214834458e-11,5.24332998285182e-09,3.3612101431235e-08,140.802010393397,1.74902719043506e-05,0.000163434991900122,0.000832778318636921,1027755.26255486,3.7102108393223e-07,3.18678239726827e-05,0.000319187503911527,3770566.11545495
57,1,5.09233115760594,0.0226134704778611,0.000206986946661482,4.60002242127181e-07,44.2365909296333,0.196880528267341,0.00223453821941247,5.03338367855917e-06,46.2056092774506,0.205184845401617,0.00187810998282941,4.17386128447944e-06,684.24002246833,8.62061608962332,0.0706047043179673,0.000108037706708582,30742.5589959227,138.044117712891,1.98908301089503,0.0135242480911535
57,2,7.05226742094872,0.108482032335263,0.00128053271118511,3.12076867295073e-06,53.1061677873592,0.928119543789306,0.0137792091017082,3.40702950122663e-05,63.9892227915605,0.984319017081256,0.0116189996857609,2.83165044622631e-05,2427.3148352676,50.4381820954856,0.464714083817825,0.000768486608740492,32358.231109019,640.276913359393,12.2224593634324,0.0913233166693606
57,3,7.42799134275917,0.288520992722767,0.00414066291264684,1.10475232793871e-05,53.5645208215881,2.44507328693221,0.044439602004256,0.000120331978816139,67.3983790679419,2.61791463388603,0.0375705834459786,0.000100240445550852,5429.5550014077,156.072884658601,1.59414148673583,0.0028916047404644,31941.473643138,1672.745763214,39.3088582565124,0.321761393252459
57,4,7.05021068744077,0.55758029419205,0.00937270089513691,2.75664958206787e-05,50.1059332367494,4.6981700903282,0.100371652609573,0.0002994992567788,63.9705608817366,5.05924230315689,0.0850438319959356,0.000250126453998639,9434.81655970229,340.5160175996,3.83525202276741,0.00786880428160233,29693.6407146646,3198.52895859774,88.5764834115316,0.798720319119822
57,5,6.31160347243128,0.875007752543064,0.0168334523345475,5.56408446772455e-05,44.5679373775596,7.34523969700885,0.179917735979066,0.000602676070924881,57.268758636362,7.93944169721919,0.152739462004345,0.000504860946677473,13814.3058668236,591.696948910482,7.38548816671798,0.0180088030550972,26325.0590841596,4985.08286374777,158.449124800224,1.60215518953984
57,6,5.47502682228089,1.18841562632842,0.0258682111882684,9.94734894181248e-05,38.5081212375759,9.95044889888275,0.275972233935342,0.00107338164587934,49.6780241316446,10.7831691203609,0.234716954156932,0.00090257939699258,17894.9144823543,880.104410436193,12.3927648049597,0.0380954687873046,22691.1465550986,6738.87429071846,242.572177543966,2.84228535138609
57,7,4.7122053176805,1.45838069124391,0.0359436940009593,0.000168354526875173,33.0448442249223,12.1883581508466,0.382734894004381,0.00180858934779671,42.7565119009723,13.2327152951841,0.326137525152108,0.00152757612341563,21233.4921593996,1179.87306071059,19.334431538349,0.0782345616205628,19433.7773334329,8242.07192341462,335.748954358681,4.76697987342926
57,8,4.09977023670832,1.66868097186099,0.0472101589616214,0.000280886911952248,28.6810548121403,13.9267910609189,0.501660786800995,0.00300365152601798,37.199541000339,15.1408890365201,0.428364552774401,0.00254864628853338,23687.8044511986,1485.28578202627,29.4157853377114,0.157349595384397,16839.7290590999,9407.14262551571,439.126894121833,7.87889124382009
57,9,3.64033286823994,1.82238640272196,0.0606680258003456,0.000467211486154314,25.416327880035,15.192838422167,0.643192943626048,0.00497571058409085,33.0308051349971,16.5355456019276,0.550475412734732,0.00423927484506573,25329.960382691,1814.43135733527,44.7449851175385,0.306281062307796,14902.3271526811,10253.1676184956,561.679195872669,12.9958291300202
57,10,3.2980821745283,1.93221763345665,0.0779175500086355,0.000767785393869108,22.9886989412439,16.0924311787364,0.824093622610196,0.00815035502021398,29.9253704452368,17.5321066614354,0.706990130871185,0.00696655241383161,26318.9403098962,2201.54865662647,68.168863333977,0.569925726962743,13463.3849676252,10851.5553651095,717.860781369532,21.215013224411
57,11,3.02879502442393,2.0122984734814,0.100659258197541,0.00122902102454247,21.0823146725598,16.7422995241839,1.06217211864871,0.0130149308465391,27.48197537605,18.2587255497744,0.913338549769455,0.0111516049322447,26811.1023253218,2683.99736238205,102.816481296168,1.00932153359303,12334.8834257161,11280.5206888429,923.026412075258,33.7905025003338
57,12,2.79635497172905,2.07382823540679,0.130157163083919,0.00189792842732262,19.441207177199,17.2347225055545,1.37064640939123,0.0200612351807375,25.3729149236071,18.8170199832016,1.1809897738356,0.0172209812432276,26925.6351115282,3289.47453928163,151.528919281736,1.70658302859746,11365.2032214896,11601.7455387819,1188.55480383996,51.9829017670372
57,13,40.9403817300374,81.0290648572808,29.3690384122243,7.62634424620177,157.067259036215,358.37184989102,160.970122455493,41.2710560636617,176.193819642614,344.574637952118,124.281766631566,32.2481115579847,234465.66813807,140100.556033298,54340.9783496418,17493.7321285907,36481.9166601694,94128.8715756599,53627.0440850987,40401.9089613136
57,14,9.01615382948816,46.5362753837556,33.8181568064083,17.419565357558,32.8273212574095,201.755537654855,184.219202974642,93.9255150833828,38.1823081052125,196.802236022976,142.995341527994,73.6555299136232,139141.88541399,157673.535502765,102003.895024902,49713.1936679365,7914.43640476457,56075.934528821,65476.1876649777,98302.1028653799
57,15,1.99275075260378,26.3190645300367,30.8725011111241,27.4861252592113,7.27258390817254,114.08800537589,167.975036952153,147.954148327846,8.42713423408982,111.285970568966,130.538855251651,116.220154532615,76903.0654861466,136335.66977724,125721.464090087,91173.3371237162,1762.923811986,31724.9118028244,59635.0312876666,154574.663848885
57,16,0.492298336400697,14.9174064292305,24.8066803410797,35.9989693853721,1.80253459043234,64.6052810484181,134.808462547216,193.484093243492,2.08161769405965,63.0755880279649,104.890601905061,152.215189880088,42609.8681621824,105445.716379758,126709.318592778,135546.624862887,438.005244932702,17951.6052724932,47799.5042001325,201815.370253549
57,17,0.637922143295023,72.9203717695589,182.964823767878,1106.64950016551,1.02767260147143,132.844776533576,414.166031964709,2464.48466051992,0.748562368870937,83.1285884260582,207.706162580489,1251.75386701532,47472.6508548568,177831.309274675,335342.375549994,1694905.19689502,105.58243698192,15292.0109141872,60705.3037241634,1058697.10335627
57,18,0.0310348559412218,13.9438096893393,44.411780421486,1121.79671757215,0.047398750808816,24.9993802150348,99.5543712327609,2485.6272824472,0.0351654812340227,15.7560347453058,50.1787353591621,1267.40296701754,9938.49512224442,46988.6051408048,114689.93372485,2084831.00679553,4.95978031977293,2992.02588818839,15206.2533968115,1116546.48007213
57,19,0.00158176744126007,2.5102435577953,10.0363520728953,2469.01591029351,0.00131913395812402,2.46562908148584,12.373922180201,2998.68999538454,0.000416356770034373,0.540426397045757,2.10166693614014,493.884576837565,1868.17267216401,10644.3749433898,32507.0075303632,3660419.56007294,0.302803132819373,669.393431504959,4290.90510478757,3076258.45878109
57,20,8.17378568741395e-05,0.18515699495057,0.897047627947755,2373.86295420286,6.73175794230392e-05,0.181889919646648,1.10576579184805,2893.74223360217,1.64395233658816e-05,0.0368994249572514,0.178588687407896,472.249907719657,138.655305694996,914.433828447848,3293.67424091715,3294629.48006699,0.0188568252590961,58.5530595922144,453.119143767564,3487419.61956081
57,21,5.34525637691199e-06,0.0127052957722701,0.0697995575515777,2598.13035636174,4.41002642988049e-06,0.012577870933341,0.086497681870465,3176.52158807975,1.06367886434219e-06,0.00252764186817576,0.0138858031521339,516.861209358859,8.2580258986131,61.2812557900662,250.660136293641,3476450.70868139,0.00106699894697482,3.51311240684875,30.7254782102635,3309553.14095816
57,22,4.75756936963894e-07,0.00047099592728164,0.00288663697241299,1916.55945775382,3.81659028098877e-07,0.000450620344072796,0.00348538460329091,2311.60368262035,9.46456579107202e-08,9.36981277642902e-05,0.000574255724277516,381.272336056596,0.403717006868059,3.2725108426283,14.6183797390698,2897409.65864882,0.000148123016669086,0.19997184020116,1.97011965561546,3890610.43306227
57,23,5.1138429626728e-08,1.59108413154707e-05,0.000104365062345216,1281.56334143614,4.08784600775428e-08,1.49180730793982e-05,0.000124193458886786,1535.52846955396,1.01732666582283e-08,3.16523659919032e-06,2.07619500119959e-05,254.94886005719,0.0165594122245901,0.142751687059399,0.675723161643727,2102890.27070443,2.89173330288512e-05,0.0118959694908918,0.126271672612059,4686686.71511024
57,24,3.50228012633129e-09,5.25591586434393e-07,3.52866012156797e-06,880.255273087289,2.79456783969596e-09,4.89855738781969e-07,4.18304435726114e-06,1053.38437491837,6.96728986550104e-10,1.04558996050009e-07,7.01976911240933e-07,175.114308576773,0.000580895982649856,0.00522675025584261,0.0257965469358521,1581301.55018485,3.20319152827e-06,0.000631254957427982,0.00687655771830504,5209239.65673381
57,25,1.98474101571602e-10,1.97995154094858e-08,1.36459506215604e-07,606.563431954653,1.59925062847817e-10,1.86973809370393e-08,1.6354465460047e-07,726.421145263887,3.94836090535383e-11,3.93883292458809e-09,2.71466843887991e-08,120.667196485128,1.75388656056244e-05,0.000164119734829423,0.000844032702880045,1078251.64409085,1.9110923387622e-07,2.52425272013157e-05,0.000281777376229438,3720019.70280217
58,1,7.4736005582395,0.0330393598946448,0.000341155433990768,8.09295275803384e-07,43.8248276752523,0.199483424568192,0.00256124795031055,6.15729711565773e-06,42.5521737865478,0.188115028770604,0.00194242456527807,4.60785573864411e-06,671.43727381364,8.86883266335995,0.0808396189134986,0.00013134241076213,29469.9484342392,138.614938376071,2.08044365734566,0.0157525210386754
58,2,10.3547821510403,0.159032447965666,0.00210927617570794,5.47673067872481e-06,52.477767824014,0.944083397042758,0.0157862504752863,4.15768243906728e-05,58.9566549856796,0.905477394838083,0.0120095107696914,3.1182666749066e-05,2400.74049274032,51.9684547945332,0.531239089688295,0.000931434012543325,30778.9614872526,645.304273988314,12.7774128130947,0.106108211729027
58,3,10.8836189867973,0.423626833731384,0.00681157929845736,1.93259748712504e-05,52.7415088908644,2.49170986904815,0.0508512892056984,0.00014638842172967,61.9676744754824,2.41198904184266,0.0387828468768321,0.000110035616020348,5395.69980695251,160.860021922795,1.81831310818595,0.00349162373161659,30242.4990726624,1688.74190884631,41.0429785690068,0.372680474032332
58,4,10.3019663424499,0.818960403169012,0.0153890886729728,4.80282065183565e-05,49.1817950939852,4.79017092954818,0.114642754003644,0.00036290929646106,58.6559394940904,4.66288573069766,0.0876203070428996,0.000273456491887591,9400.16322946927,350.768764148865,4.36177118403509,0.00945964820940505,28024.3096512768,3230.40899714356,92.3118263172786,0.921422566311842
58,5,9.19871651206913,1.28456953714726,0.0275699944030696,9.64489294831428e-05,43.632767404664,7.48616360205551,0.205000481614387,0.000726641672764484,52.3744051591322,7.31390790284241,0.156974296925754,0.000549147840710925,13779.0447404475,608.76926405555,8.36787378709938,0.0215502819744492,24783.1490218723,5032.45848149497,164.72611430731,1.83900589023483
58,6,7.96266892843278,1.74288987538007,0.042236464154028,0.000171397503994375,37.6256719547301,10.1316240066686,0.313497813250827,0.00128656599350143,45.3367649778745,9.92343011779287,0.240480254303939,0.000975879874728976,17852.6890555528,903.917844452395,13.9765049227751,0.0454180014996603,21322.1189472224,6796.04935715837,251.415937988671,3.24305811577792
58,7,6.84450549061812,2.13596527014876,0.0584725445758937,0.000288292439511074,32.2512040776758,12.3943421442019,0.433220958156007,0.00215461373754688,38.9703175664997,12.1614695178211,0.332923048154075,0.00164144041306816,21176.0544240268,1209.22675885207,21.692479208645,0.0930963700508023,18242.3617477859,8301.04247612702,346.738702366064,5.40536480768838
58,8,5.95347207947908,2.44041349103403,0.0764866337324773,0.000478490121620541,27.9890798335369,14.1420811983512,0.56556306292614,0.00355987786223399,33.8970723127635,13.8948955289066,0.435489227122821,0.0027243621935208,23609.9186565966,1518.74088267291,32.8383947203202,0.187218233492431,15806.7532831906,9460.81808095949,451.680606009266,8.8863431047053
58,9,5.28985507500575,2.66131454409739,0.0978806309127292,0.00079314899810737,24.8223845942218,15.4057728146815,0.722170703439419,0.00587690549509433,30.1186597682336,15.1526320009502,0.557299468238709,0.00451592425138137,25231.3698353717,1851.22929121049,49.7542363372796,0.364689129215902,13999.8193072891,10296.8945932114,575.372519817723,14.6044300117485
58,10,4.79826856327835,2.81773082398793,0.125239492074399,0.0013010703255249,22.4799310712165,16.2956491369362,0.921897871686703,0.00960932139124031,27.3197311239826,16.0432138126327,0.71307164333441,0.00740785785496912,26203.3239351746,2242.20734676006,75.6130345321047,0.678966180567781,12664.4397498817,10882.8653051806,732.647673925017,23.794374985378
58,11,4.41210487492596,2.93049669685163,0.161318505917307,0.00208088718726103,20.6426690896677,16.9312873538151,1.18483592650563,0.0153317330972941,25.1210446610422,16.6852648537467,0.918493441720213,0.0118478733954963,26683.6731711101,2730.48073708303,113.901305697051,1.2017360542276,11618.1646308572,11298.0613145868,939.308332882146,37.8623162971961
58,12,4.07766670277734,3.01595180915255,0.208169836241512,0.00321107152308199,19.0552916393249,17.4061680075604,1.52592802926863,0.0236155498084311,23.2168659306932,17.1718175884347,1.18524919546311,0.0182827637664658,26790.9945274242,3344.96227264788,167.758153950439,2.02709917991768,10715.6909935796,11604.3346179924,1207.08970423231,58.2011266846301
58,13,31.3132905215105,59.6245377961984,22.8417705006464,5.80954277181046,155.926880111047,356.763080854573,170.603377435041,42.8493209271813,181.522748043331,345.77355349732,132.483884965478,33.6965893542151,232776.636142213,140174.408175399,54456.7011632356,18203.9818953347,35301.4609745121,93988.3033098985,52517.7995544478,40374.3237049208
58,14,7.24438325585266,34.3364779565035,25.9378605248658,13.2821132149782,34.7979324087581,202.406345092167,192.736418503508,97.610536373483,42.0170484786958,199.158227150312,150.445330810294,77.0392184607398,138986.15096371,157227.945475841,101632.981849055,51901.2921217716,8159.58749976491,56187.0875603936,63057.3979476861,97925.4309104509
58,15,1.76307157706632,19.4773314097841,23.3970383787406,20.9254002630714,8.51462720352621,114.811643298473,173.689394562647,153.525931354808,10.2261688628677,112.972850235632,135.708040643693,121.371988870494,77250.5400595516,135633.254398664,125008.242867934,95083.9639854344,2009.80062305803,31886.2221355438,56771.2072574841,153739.043661871
58,16,0.482095074065045,11.0142697026829,18.6327829814495,27.3431115698895,2.33826673628175,64.8700600229989,138.177856073425,200.318496161748,2.79625816514295,63.8852207126292,108.074297276734,158.596145912875,42774.5235499373,104689.646043453,125814.016253696,140944.433168065,553.626587526314,18002.9102549485,45112.297788452,200267.803229876
58,17,0.989797485065212,73.4748654607113,191.766083640505,1143.79877755653,1.52515269362161,131.757289743587,428.341540118725,2512.22182755431,1.03705126636333,74.6189005148197,193.694459378539,1150.20413889364,47136.2366319143,175923.880147287,330922.854320172,1713053.50024914,154.389467583463,15362.1707132826,58585.0485363317,1049165.03727723
58,18,0.0562923263318754,13.9955194482242,46.8471569588646,1156.74441243873,0.0824032975324604,24.6766844873039,103.578474780605,2527.75985704219,0.0566862427220599,14.0557168591349,47.0425448177476,1161.50126345242,9798.76091885701,46410.22781717,113054.253159063,2098582.13906989,8.53569248214423,2995.10189367594,14782.0933338027,1105589.40259515
58,19,0.00285609160110062,2.30141806356865,9.48613512701582,2315.47313538486,0.0025088877003802,2.45435278618853,12.7506727564204,3065.98447039146,0.000857786419771101,0.600177758261591,2.42597164061347,572.631561495381,1835.72293562882,10500.4366146127,31975.7464045232,3759107.06520188,0.556566051252928,657.309922921164,4020.92338009724,2978567.6202922
58,20,9.65740932168015e-05,0.166803886641553,0.81671410328913,2222.74418365968,8.43861623487047e-05,0.178087818091497,1.0985320482878,2952.32819947483,2.40683856263361e-05,0.041142035777778,0.201298165893913,547.544296473239,136.014824235589,901.008899065238,3232.11818425822,3385246.14807839,0.0229797158725752,57.0283687789644,413.005411108916,3396939.51980324
58,21,4.50709993986723e-06,0.0114067434966376,0.0629733306760289,2428.18265226171,3.9534446349141e-06,0.012273494235205,0.0851693502199032,3234.6965178744,1.11076529342309e-06,0.00280997133686031,0.0155127256318703,598.148253939095,8.09202678155238,60.3207857756135,245.11180232673,3561400.15231076,0.000933830357092613,3.41843801796204,27.8281501405869,3224643.85762529
58,22,3.04771624872313e-07,0.000422729438131731,0.00257136003185263,1809.66264463363,2.56452768226977e-07,0.000439976068540935,0.00339053600671436,2378.29455750943,7.50770726365648e-08,0.000104133512902195,0.000633418139436233,445.784646128401,0.395295564517123,3.22068539739966,14.2984858576705,3006414.77737596,9.49532074275432e-05,0.192239410524993,1.7404331263046,3781581.62597084
58,23,3.37022870595366e-08,1.41780544567419e-05,9.17136365505951e-05,1226.35794623923,2.82219520210465e-08,1.44540779404829e-05,0.000119087593263016,1600.31859893901,8.30208060435596e-09,3.49256220759653e-06,2.25923497646652e-05,302.095832450466,0.0162060757693701,0.140567948091235,0.66324753289586,2197023.52083624,1.89660316324184e-05,0.0112892945218893,0.10933757416038,4592496.765853
58,24,2.46760078122604e-09,4.67741833326941e-07,3.10316579523211e-06,849.908077863533,2.06243967105682e-09,4.73780656912656e-07,4.01110051509231e-06,1107.34439354039,6.07858348537546e-10,1.15221546322744e-07,7.6442074466797e-07,209.362763193177,0.000568412700652329,0.00515045622968855,0.0254233368255865,1647187.70005524,2.24433009711673e-06,0.000597266422139233,0.00594485705099836,5143295.64701465
58,25,1.44746409846468e-10,1.75950680569809e-08,1.19937363398804e-07,585.944733845053,1.22112191543054e-10,1.80513507896656e-08,1.56639681556495e-07,763.994862955094,3.56562187392062e-11,4.33429468829324e-09,2.95448631041464e-08,144.339148846151,1.71614664656367e-05,0.000161815534585471,0.000834305961262977,1122130.98503853,1.38552529709841e-07,2.38576824368749e-05,0.000243416999847664,3676099.73493478
59,1,3.81765787061588,0.0166899880043939,0.00016174307430037,3.92565083264556e-07,47.7473779348472,0.214365360204526,0.00269295074813804,6.61886466436247e-06,47.9152780213543,0.209475401543667,0.00203003114364476,4.9270693560245e-06,672.828843476618,8.66386182209638,0.0781466283047722,0.000130745650949483,29581.1628636115,135.638829596017,2.00427197882671,0.0150021650115964
59,2,5.31142444521079,0.0804536546233934,0.00100351248369102,2.66498081758081e-06,57.6900843048483,1.01585971247109,0.0166586858608558,4.48408717707929e-05,66.6634852066079,1.00977074420029,0.0125950468280695,3.34480723845902e-05,2386.96061830356,50.8714499920438,0.515018768841306,0.000928837389402441,31126.4293345864,631.687333045863,12.3528191279403,0.101380821342992
59,3,5.60938757548001,0.214920704825207,0.00325192825148971,9.42865229530993e-06,58.3525329966532,2.68877941638739,0.053855507608996,0.000158318718625479,70.4032090663208,2.69746155188702,0.0408148271941637,0.000118338654590746,5351.35936132456,157.864800785218,1.76733352671713,0.00348281793505283,30753.7532272001,1657.09288347876,39.8186463122296,0.357047031400707
59,4,5.33343594989276,0.416888676067651,0.00737073673637033,2.34695068438219e-05,54.6802631645892,5.18669209523599,0.121825227803305,0.000393190662853143,66.9397507605809,5.23235383963657,0.0925098350650313,0.000294564883380811,9326.63867839639,345.147883136845,4.24754791501104,0.00941612502385042,28623.3266044228,3180.01545362406,89.8540626633427,0.884322895664895
59,5,4.77954791644929,0.656147655384684,0.0132412163341465,4.7130933595082e-05,48.688093795413,8.1340896015662,0.21847099157622,0.000787456376142489,59.9879232227027,8.23528414444978,0.166190000124127,0.000591538546184607,13694.9297547533,600.467602835552,8.15434345522812,0.0213490441028961,25397.2283138113,4970.63111453257,160.79384890932,1.76530799162458
59,6,4.14708435946326,0.8931132509372,0.0203239603903092,8.35880605906209e-05,42.0812734515771,11.0444241893977,0.334779517986203,0.00139183853293489,52.0498972920367,11.2094302772888,0.255085250067092,0.00104911055369644,17782.8289665521,893.252682716915,13.6045517706201,0.0447182190586564,21895.3516761956,6733.9956953248,245.905984988258,3.10753672080086
59,7,3.56782429338517,1.09762976212653,0.0281558318454924,0.000140103765648731,36.0986188025351,13.5497475249851,0.463009105063048,0.0023234059963682,44.7796263422927,13.7763091925053,0.35338276936315,0.00175843700782298,21140.1428787834,1196.05117403972,21.0489481861165,0.0912346777740003,18743.8938506139,8248.49269774508,339.407241892021,5.16214773903644
59,8,3.10180494504816,1.25701208770467,0.0368011361556254,0.00023176248548278,31.3098902404727,15.4971366726934,0.604068256389383,0.00382686726088479,38.9306353128017,15.7767106691663,0.461889653331882,0.00290884209721914,23617.5670994238,1501.64123827498,31.7257456775147,0.183296730639754,16229.3427532948,9423.01194020418,441.835405118229,8.45841287057519
59,9,2.75234511788165,1.37327922227941,0.0470000637313794,0.000383688952291888,27.7283254602211,16.9131082816771,0.769906920623552,0.00631067623590265,34.5445783785598,17.2359750314272,0.589896003527186,0.0048156653754366,25283.3483691459,1827.27658894873,47.8864918767007,0.358091750443039,14351.9800554049,10274.5373479547,561.757947325108,13.8821412867563
59,10,2.49280879365047,1.45588995075829,0.0599934059233045,0.000630422611300087,25.0727261008998,17.9140681989944,0.980625073568492,0.0103363013926184,31.2871478927392,18.2728191271433,0.752974944766162,0.00791241009936772,26295.2021526964,2207.47760880259,72.6590096117159,0.670485486003587,12961.5787676831,10873.7194478389,713.644659788942,22.6509200540161
59,11,2.28957445740657,1.51545907548718,0.0771476823043126,0.00101245286200153,22.9967812099917,18.6296598229627,1.25835593568323,0.0165609620570288,28.7363615062575,19.0204689348546,0.968277611979385,0.012707257174539,26808.7570502501,2681.22921748249,109.577258699807,1.1953048145707,11876.0224159595,11298.7175717759,913.425882270408,36.1874506834962
59,12,2.11484606680318,1.56044743262683,0.0995373504294883,0.00157140993536788,21.2164419052436,19.1628697474439,1.62048076564534,0.0256583653871935,26.5433521539987,19.5851160858374,1.24928948087443,0.0197227060387482,26941.5638683236,3279.07822101631,161.946365796354,2.03188374894416,10946.7483073148,11611.4348693101,1173.593286701,55.9448120831492
59,13,30.3805374908532,58.7500133994818,21.4836789361968,5.58981322035775,171.353027666434,391.383344355516,185.788456257518,47.7726959317847,190.745914079212,364.864326245525,132.831693631991,34.5386860594433,233812.854923304,140331.315621454,54454.7572926785,18344.8976922405,35722.838744732,94026.1487558802,52505.2654821755,39946.0147693478
59,14,6.91959477532765,33.899733820925,24.4880644672765,12.7068139423147,37.1443017613043,221.533863140989,210.621026969227,108.227084090642,42.810973439654,209.482256107679,151.302996724268,78.5102920079832,139275.557273387,158035.168317697,101584.554798051,52069.8926703901,8039.71471934027,56297.184356237,63526.5403525475,96764.7983033242
59,15,1.61169150394363,19.2986033975432,22.174827222025,19.9956050051865,8.68144516571769,126.099160699898,190.554604001217,170.050458235251,9.95909458132111,119.238746027482,137.009319229568,123.544771275906,77499.3323878534,136635.859937916,125010.885816712,95274.2885157506,1891.03693106557,32060.7992173015,57417.907199613,151762.252560494
59,16,0.420738047503484,10.979706574531,17.7158756097492,26.1219136091338,2.27461877237827,71.6809854684038,152.087032479649,221.851223178993,2.59959191418598,67.8391818005746,109.459243615607,161.396758706113,43126.9923769751,105686.217827908,125981.79861441,141254.222294084,496.885789929072,18210.7217132488,45771.8723192012,197662.679477486
59,17,0.853804592800033,77.7113493566672,192.807848898427,1162.15823393511,1.36915256469293,143.971504547107,464.436542280408,2757.05834454844,0.871716113274919,76.6257256641274,189.008054877009,1134.27786849386,47897.8954907013,178116.873886083,333089.953697536,1711674.12120071,130.311921586269,15634.0347271828,59576.3404048574,1043920.34888097
59,18,0.0455381732190172,14.8218286797475,47.1075109568845,1177.73473155451,0.0692626389481855,27.0120071823238,112.396802189283,2780.81241966289,0.0445254910244176,14.447998237546,45.9131824786294,1147.81363983731,9980.60751817646,47042.1470999878,114133.925821098,2098800.25712841,6.73538730433549,3054.27925150893,15047.3158312566,1102885.97175717
59,19,0.00208766683869969,2.26065636242711,8.8602541869883,2164.47781749574,0.00208635148875183,2.7404222707991,14.1496453198472,3414.12268915488,0.000831228179302559,0.820461022719596,3.17372225615742,760.182971116568,1871.7498026512,10661.6886881074,32385.7568363051,3781356.14310663,0.426643146013799,671.949170450974,4113.13964997208,2955218.0165764
59,20,8.98575359784191e-05,0.164262217654125,0.766799274580534,2076.21585761462,8.95631740238758e-05,0.199593354389286,1.22628598094348,3283.9815196374,3.16602534411207e-05,0.057600174961178,0.268764118931695,727.498029274773,138.886075353282,916.784874167452,3282.34945500322,3413570.97634656,0.0224517607902237,58.5252960197294,425.034466170926,3368167.0330253
59,21,5.3181084386272e-06,0.0112277425589607,0.0591665152879516,2262.18982777773,5.30686926651681e-06,0.0137422361250872,0.0950823775107511,3587.40265493062,1.86374597784879e-06,0.00393421317543041,0.0207317545235099,792.660291408564,8.27713580049313,61.5034480816017,249.475996494394,3582703.86235244,0.00115656588186631,3.52115430294833,28.7745208625546,3202952.12734294
59,22,4.43224443248648e-07,0.000420264720037359,0.00243877607749683,1692.87167231733,4.29044158771036e-07,0.000498382629625678,0.00382979583050473,2651.92757680652,1.55304224824105e-07,0.000147258812523444,0.000854535363333258,593.173982272664,0.405032370584621,3.28910895340039,14.5720499889583,3036185.2050294,0.000146673777826211,0.199012935948255,1.80888851769534,3751506.53930484
59,23,4.89350377743363e-08,1.41894375515436e-05,8.7310875622654e-05,1147.7537464852,4.71838313581035e-08,1.64917065597942e-05,0.000135174769211922,1786.16879730031,1.71465996627536e-08,4.97190991261084e-06,3.05933053652265e-05,402.167318173342,0.0166303142353928,0.143701489126054,0.676178917137209,2227531.57061256,2.9292029966886e-05,0.0117721559067391,0.114205558011258,4561781.37671881
59,24,3.47354849844196e-09,4.70944035182079e-07,2.9605429241294e-06,795.705660908532,3.34289894764365e-09,5.43978230756101e-07,4.56471803680697e-06,1236.44807359769,1.21711446412991e-09,1.65016494611292e-07,1.03735980994385e-06,278.811385005621,0.000583968205941416,0.00526826461228727,0.0259152821806488,1676876.50244059,3.36196848451025e-06,0.000627054660342656,0.0062290338255625,5113462.49380317
59,25,2.00509781114145e-10,1.78314521734283e-08,1.14833532155371e-07,548.570904309438,1.94774293123161e-10,2.08540930803797e-08,1.78779831784916e-07,853.00942071021,7.02576499432872e-11,6.24805392456619e-09,4.02371099244403e-08,192.216570923556,1.76499798228326e-05,0.000165597084768548,0.000850352676375907,1143085.0257978,2.04362837063687e-07,2.52114554382354e-05,0.0002559124530356,3655046.17599095
60,1,4.09162551549063,0.0185028146116564,0.00017998886976314,4.2061416768404e-07,42.8817021204009,0.193215684278216,0.00237348492422176,5.61411324306184e-06,42.7221869156824,0.193194783176685,0.00187933086927219,4.39178928353784e-06,668.895140773557,8.76266609965915,0.0777096208864171,0.000125077476465451,30483.7530610666,138.721791229463,2.09175614004515,0.0154556401172627
60,2,5.60018833315536,0.0889221851790266,0.0011161812022177,2.85778608848132e-06,51.2221757949413,0.913344418211537,0.0146754978227154,3.80658355650499e-05,58.4736535213923,0.928469675874959,0.0116544639220723,2.98392096185019e-05,2375.04076830968,51.4468930819478,0.51263024442201,0.000890574404503255,31879.7958764028,645.177071774399,12.8888203754452,0.104548155397134
60,3,5.85969511312688,0.23696279794555,0.00361603039952321,1.01233262867774e-05,51.4915259582537,2.41229318332861,0.047430921436401,0.000134564415826875,61.1832605266905,2.47421688704543,0.0377563210602611,0.000105701422624032,5326.08642138293,159.643846924438,1.76130190376357,0.00335023781045931,31364.4633851625,1689.91845861156,41.5421581676737,0.368709886701633
60,4,5.54167975206288,0.458714949746334,0.00819560865093142,2.52473750994825e-05,48.0700056399292,4.64481081774276,0.107286847398558,0.000334839856086995,57.862743620635,4.78961374883567,0.0855734043468274,0.000263617252861201,9279.00176584599,349.059232616864,4.24039577067892,0.00909989034558557,29104.9328008118,3238.20552171913,93.7517961051764,0.915108671057556
60,5,4.95013065341413,0.720754344562839,0.0147270969376095,5.08502084651916e-05,42.6994618898311,7.2727731030671,0.192450526238847,0.000672564954170101,51.6861590171331,7.52566472961089,0.153771107769251,0.000530945977955863,13614.7667336961,607.418230214821,8.16164065094018,0.0207519026200933,25773.2467735433,5054.69082483941,167.833753425453,1.83247630571449
60,6,4.28700586532296,0.979640614202774,0.0226216401958317,9.05400405083298e-05,36.8541101015554,9.86145534759447,0.295125245125715,0.00119348555415014,44.7622259646097,10.2287927552789,0.236200976146702,0.000945362306326927,17662.6493268714,904.077566136471,13.6676425785766,0.0437019097090391,22194.9060505268,6839.49076984474,256.890426865968,3.23944797599342
60,7,3.68505715506925,1.20248400765919,0.0313825284377023,0.000152385455107056,31.598646621874,12.0840687198381,0.408729432968423,0.00200071968436299,38.4770551405078,12.5555836778906,0.327676675376649,0.00159111332932782,20976.754304354,1211.73635775603,21.2474753031212,0.0894004252353663,18994.8247438258,8368.55335417654,355.096066633583,5.40609666163688
60,8,3.20355219746248,1.37562247213712,0.04110191250702,0.000252779051390457,27.4127967021909,13.8064879906015,0.534331478342969,0.00330500639916468,33.4494824259903,14.3633869125015,0.429160386762906,0.00263936028382526,23411.2615749822,1523.65330901589,32.1797381375086,0.179395222858448,16453.0604404028,9550.87924689149,463.252589408229,8.88826459670787
60,9,2.84387795493439,1.50148253785999,0.0526135521954166,0.000418519970263835,24.2930289426443,15.054465210108,0.682597644738498,0.00545154352840877,29.6939896127143,15.6775387655182,0.549357707023946,0.00436992298778677,25036.301332899,1857.66547851633,48.7335825674109,0.34888862312301,14561.5549695509,10405.1000664415,590.440779307418,14.5985584643011
60,10,2.57720902149361,1.59057502011883,0.0672810255584122,0.000685757832868883,21.9832257620306,15.9333112475382,0.871028558491793,0.00890590399126079,26.9095998937797,16.6077865766716,0.702506262829535,0.0071602531081598,26010.5073986482,2248.47964270477,73.9970667823678,0.649008092054709,13162.5344420727,11003.9432064948,751.614357605716,23.7676556106583
60,11,2.36814796308804,1.65460700383347,0.0865674587843664,0.00109598459832232,20.1751579487967,16.5594861892084,1.11839907833096,0.0142016255022412,24.7267154679741,17.2763683827244,0.903883100005026,0.0114435836537256,26490.4678912036,2734.35409980423,111.378559096256,1.14854587377918,12068.6375398343,11427.3451574199,962.812333619155,37.8033813341702
60,12,2.18782393895246,1.7028675756463,0.111570558869475,0.00169088801010335,18.6191082880101,17.0251226465588,1.43877634226401,0.0218730336637076,22.8438851269905,17.7802749992609,1.16494978640227,0.0176551918907612,26595.3229792489,3343.97134163131,163.969581641167,1.93811241370569,11128.7861325491,11738.3843979873,1236.03411176866,58.1104529406552
60,13,29.6967104316076,60.034783891008,22.0534245899669,5.59752409641765,150.396383221676,346.011279816248,160.656213986524,40.2916367985854,164.041880370483,328.505120604394,120.179578642592,30.4839773587126,230847.991342114,139518.87181445,54311.8259129919,17553.3592878795,36520.4611758606,95223.764132914,54267.4921801783,41390.2703039378
60,14,6.76964248914179,34.5387381133582,25.1533318530731,12.7653451745259,32.7442062559815,195.420288115272,182.21490482462,91.5684110047166,36.9071950738724,188.113575549044,136.979752270373,69.5168859898344,137295.163013333,156320.069813518,101374.682924452,49921.2046403551,8248.53311579124,56786.7361191792,65523.6365241109,100331.305334215
60,15,1.5842586919212,19.5475088801294,22.7929643103027,20.1112433647893,7.68815114299105,110.588403973966,164.951247353963,144.037561554222,8.62822127025729,106.451210139541,124.124783078531,109.520790691095,76021.0856610423,134722.85140221,124623.798708653,91417.1375416437,1947.98204080486,32150.8590495728,59254.117883463,157541.827094192
60,16,0.415215308789061,11.0555040197613,18.2183381431156,26.2995908805134,2.02174670448361,62.4933346912648,131.705745897393,188.097591124874,2.26117203932333,60.205509697013,99.2125032662178,143.220979960838,42051.2425369667,103928.222669216,125386.076153346,135603.380128941,513.609917808244,18155.0602525202,47254.6486893964,205402.291542445
60,17,0.803956549373917,74.0547168782426,186.000797418942,1114.66975863502,1.21389827393163,124.672823734607,396.419463148273,2338.08008525338,0.725890812428206,64.6392400231032,161.414353356553,962.783853857645,46463.732679457,174480.956370677,329953.081913046,1676086.13053056,134.558456521686,15518.4203187873,60793.5747359914,1087385.94405239
60,18,0.0423014092424321,14.0697295925379,45.0832331531425,1127.39792305889,0.0607383517695138,23.3020549769844,95.1502483481294,2352.94442310459,0.0365934695804391,12.1363278228551,38.8829184369632,972.289502427785,9675.47106362829,45991.023094447,112594.112796477,2057934.40536037,6.89297653643857,3023.54647776436,15245.3073467811,1147167.33702043
60,19,0.00181540451541523,2.03211327504871,8.08391612955765,1971.42210819845,0.00182477093248691,2.38783987638201,12.1725389347256,2933.03103508203,0.000721928350441821,0.750141423427849,2.95317881333199,708.429894989286,1814.16145231777,10400.6565509325,31844.3825310741,3665667.08091956,0.429766639451115,661.679751603696,4168.98329921247,3072451.02389429
60,20,7.30201455779354e-05,0.146402660249257,0.700668134921203,1873.79550894855,7.36271960922114e-05,0.172607404657037,1.05702842761319,2796.2496589136,2.63063261656673e-05,0.0525399006023101,0.251360812612138,672.044408398437,134.509288341446,892.323183861175,3219.7606559133,3278827.37344505,0.0214220360640957,57.6807948941513,435.297681578504,3503738.55410399
60,21,4.14819384848426e-06,0.00999643841532187,0.054127615651335,2042.49070585073,4.19135392220219e-06,0.0118705134738917,0.0820515777986042,3055.41390653711,1.4879581446826e-06,0.00358530306278362,0.0194131182920498,732.545817923707,8.00795325796245,59.7555398104753,244.582036338728,3452393.08772171,0.00106155724945761,3.46779574648232,29.5126180578554,3334080.95356803
60,22,3.31087290533236e-07,0.000373923679588261,0.00224772986449456,1527.06371173248,3.24860394506989e-07,0.000430649771799761,0.0033300819471347,2257.40590595956,1.18745839566255e-07,0.000134108995453414,0.000806155586284219,547.686278056277,0.391448183676799,3.19124307181977,14.2721933519564,2903644.92661027,0.000128378382988127,0.195293120410961,1.86192474046029,3884652.99793485
60,23,3.57439323444774e-08,1.25315261083277e-05,8.05603457624174e-05,1024.75197346118,3.49406476810186e-08,1.41515867125723e-05,0.000117678843802693,1505.34072813579,1.28196760541573e-08,4.49447197889815e-06,2.88932254464698e-05,367.530568607727,0.016057276551301,0.139282259518999,0.661082643294592,2106954.52743542,2.50875306305668e-05,0.011488181493614,0.117886243412652,4682796.90321419
60,24,2.50730683985342e-09,4.12478288506904e-07,2.7203379484578e-06,704.48113031958,2.44655192498154e-09,4.63040193440004e-07,3.9581692074506e-06,1033.46886712213,8.9925360801738e-10,1.47936655905321e-07,9.75657894814304e-07,252.664407686135,0.000563403014969438,0.00510253210478416,0.0252883758877224,1572798.6888829,2.85165691914111e-06,0.000608438137547184,0.00642037721374963,5217860.65871731
60,25,1.44242414187776e-10,1.5554251173543e-08,1.05430710423361e-07,485.432235792942,1.42000348423809e-10,1.76788803070889e-08,1.54949013106624e-07,712.62195131654,5.17330025979766e-11,5.57858186799474e-09,3.78130610667615e-08,174.101821964685,1.70156398170169e-05,0.000160285257605178,0.000828556310432346,1070855.70605514,1.72609068538071e-07,2.43497877362006e-05,0.000263518503184002,3727497.13664155
61,1,7.42842199034477,0.0303597353804852,0.000262201143799282,6.03515324409455e-07,42.1508483979958,0.170567120961574,0.00190051643419557,4.43288409026212e-06,45.0618408018031,0.184166376691908,0.00159054860040141,3.66100788368449e-06,664.204244475769,7.72185518917372,0.062079776750156,9.87524193795549e-05,31559.6808471148,136.900361815568,1.8273877468376,0.0121597811808571
61,2,10.3147617474158,0.146539707164683,0.00163021323491239,4.11009690413066e-06,50.6278499385438,0.808524320486405,0.0117791816242334,3.01227810307628e-05,62.5707791472691,0.888930241709562,0.0098891001830666,2.4932419377177e-05,2355.89580913251,45.4171794691063,0.410254878632177,0.000704961950084056,33483.4291873447,638.989119278962,11.2891051578469,0.0824452861688047
61,3,10.9116501102665,0.392143201588631,0.00529623647538296,1.46062681541034e-05,51.2606190272021,2.14259546779723,0.0381718317882849,0.000106810025631548,66.1915869605821,2.37879519290424,0.0321277069628799,8.86036537940554e-05,5285.56425147302,141.234765841922,1.41290669771146,0.00266309593597183,33235.1294312024,1680.08244541103,36.4895146175759,0.291679469313275
61,4,10.4010999595114,0.762125639714207,0.0120421775957204,3.65956918020379e-05,48.1375117560993,4.13977666246731,0.0866081350993376,0.00026694785943055,63.0945187481723,4.62316011292999,0.0730495239003253,0.000221994555527229,9220.9659365941,309.574077689337,3.41277755473054,0.00728139373500664,31025.9591273391,3231.41067612137,82.6132777876376,0.727184323916064
61,5,9.34375690236623,1.20194227159742,0.02172132242965,7.42020036603811e-05,42.9493370506857,6.50394916115949,0.155926780795026,0.000539650235748178,56.6805287276948,7.29114896354548,0.131764562460472,0.000450119672854466,13553.6596206929,540.268546441166,6.59930133339593,0.0167657295871283,27591.9680820438,5062.12243345517,148.452650808276,1.46567856314972
61,6,8.12399577272379,1.63934435870739,0.033522211474113,0.000133364484650739,37.182626525879,8.84754533403911,0.240207577767009,0.000966312674650766,49.281288093329,9.94449084979593,0.203350396454893,0.000809007509772235,17616.3040002141,806.919931789059,11.1242195927302,0.0357416629383894,23829.5752342549,6872.60801965376,228.283137540358,2.61479953921624
61,7,6.99917186218735,2.01878982279711,0.0467837795959901,0.000227146053761341,31.9304325863076,10.874883117672,0.334613345603944,0.00163861600111686,42.4579498321834,12.2462598012638,0.283796912857303,0.00137789954941376,20958.4165310224,1086.11772122321,17.4463277947462,0.0740844241198423,20423.1498236415,8435.54978061282,317.415773866971,4.41474092084108
61,8,6.08864994953306,2.31655595871586,0.0617375203423692,0.000381742781050692,27.7034839977324,12.4611767091517,0.440668494482986,0.00274141264265104,36.9345972913732,14.0525505895873,0.374508383716203,0.00231570479562181,23425.47356091,1372.8940225152,26.7036953161247,0.150545798672346,17690.3190120826,9655.86181383142,417.17584238306,7.35256365592787
61,9,5.40168558410155,2.53610156890617,0.0797445916065533,0.00064001905188812,24.5247798743535,13.6263162429485,0.567919344037739,0.00457770779321781,32.7673759202904,15.3843447913692,0.483741782097187,0.00388244457083743,25079.2940470107,1684.52017904674,40.8937122030958,0.296281785150784,15639.1119485115,10549.6716560706,536.444098792431,12.2281235398395
61,10,4.88867081352421,2.69494345304066,0.102984367053405,0.00106054632635581,22.1564880588581,14.4642642738906,0.731702768168714,0.00756140069547698,29.6553569813049,16.3479017493382,0.624717491718535,0.0064334214969611,26073.163660001,2053.714827209,62.7505875497475,0.557802221287737,14113.0051166525,11189.6234294421,689.536569372514,20.1336783420996
61,11,4.48553565095165,2.81303049597654,0.133802853894286,0.0017124063241617,20.2999850657251,15.0812215046976,0.948525247288976,0.012179777783776,27.2098830245122,17.0642341731624,0.811666718563923,0.0103876948923568,26561.6142109805,2516.57741023685,95.3536697859871,1.00019020573048,12918.4943393108,11657.3713418369,891.858142428721,32.3528393755893
61,12,4.13882661373494,2.90639291322777,0.173996122498504,0.00266846931458437,18.7082754457901,15.5622697147671,1.23100400927518,0.0189450805915189,25.1066977908365,17.630583579337,1.05548467525803,0.0161873059439259,26664.0386422338,3100.46104697795,141.61950057651,1.71326677522446,11896.3412779347,12018.1888968665,1155.16580915335,50.2303119006631
61,13,42.3717101641452,80.6703612047108,29.1363225569757,7.86208014646284,149.684024102904,326.67546427832,152.770335175644,40.7573169570856,180.901469281507,342.123642825684,123.230304870429,33.2394499627282,229760.385415371,138758.410968361,53982.9115379775,17712.1153264479,37872.0086954481,98637.1270362972,55266.9655206721,41052.7152522618
61,14,8.98205302073034,46.3011102303162,33.7115810452641,17.8282846912047,30.2050838931333,183.99112238594,175.755799202945,92.0986288849908,38.0081030075282,195.766115930341,142.52376312832,75.3729964983109,134885.861576456,156755.35654489,100987.081634237,49978.0244412489,7956.12285626552,58959.9058141504,68029.2418362675,99450.4415367921
61,15,1.87427781288637,26.3408461034678,30.8548199149111,28.0346869005105,6.31097518494119,104.626615133844,160.672195823531,144.589963407867,7.92460238041959,111.362011823953,130.445531188883,118.522791493056,74079.9178816241,135426.685826455,124102.864206648,91255.4107882407,1669.44726061617,33534.621091233,62123.3199405493,155880.944158122
61,16,0.433997242579326,15.058339996518,24.8376209023145,36.6482603759101,1.46451566191914,59.7400675218614,129.178864984323,188.736487482742,1.834832211372,63.6624421976023,105.006493333777,154.938563555873,41036.1926992136,104630.272221244,124859.680876715,135298.43028652,387.993309788399,19130.3674291346,49884.8943896472,203170.999359006
61,17,0.516712162297642,74.0041093811229,186.357756620255,1162.53353949677,0.741814188965266,118.903373847437,387.861366841285,2382.70533732535,0.566942398171781,78.3137113422181,196.2163668723,1219.25462803545,45985.5478115064,175868.461112818,330467.896965643,1678201.74106897,84.9974365273308,16140.7677842209,63322.5310471077,1080417.74634094
61,18,0.0220704866317786,14.0652938078363,45.1043110590048,1185.63464563098,0.0298281353652979,22.2409601935814,92.9937902546862,2418.48354147375,0.0232151499705691,14.7359014184939,47.2488739753079,1241.94374943016,9656.99302916727,46282.0015754367,112787.997150044,2060547.00598054,3.46395246506358,3131.25618824199,15776.0113975355,1143056.10930974
61,19,0.000905471492095463,2.13430692610568,8.50390895956452,2132.34312839588,0.00080689951527804,2.26051523469928,11.8251293784568,2931.99754219056,0.000426268589574808,0.915843485716082,3.60528122368891,887.984914389625,1817.31718210594,10462.4363173791,31892.3264075503,3616083.99868599,0.202892807843731,711.871955018555,4491.728309502,3121208.4541956
61,20,6.90761031352491e-05,0.160928000347467,0.764803580363095,2042.14507106865,6.194150969626e-05,0.170942654778986,1.0654431697807,2817.73339607975,2.87930180247999e-05,0.0669187332526667,0.317893769155609,848.587994706469,134.963666880324,898.647520871049,3229.69446815059,3256901.50231173,0.0190438805268108,63.7672139739368,478.119425722484,3525232.27049125
61,21,5.48500349208809e-06,0.0111070215566691,0.0597130977399115,2231.95639225217,4.93693623225348e-06,0.0118863761636957,0.0836016108404265,3088.20605849385,2.27937875846082e-06,0.00461544876551104,0.0248130768399936,927.459040056181,8.04307095516403,60.326473466329,246.092975828209,3430457.92930031,0.00131826918199735,3.86292264340485,32.6613672020389,3355593.26527838
61,22,5.14725615060236e-07,0.000421659351143856,0.00249191172520472,1649.34088669319,4.52660464008114e-07,0.000436087626128006,0.00340329849949717,2253.06146700921,2.13887497808043e-07,0.000175214919448433,0.00103548007321172,685.361109915302,0.393456424147288,3.22360259926157,14.3519304523617,2853170.95110028,0.000193623505703353,0.224321654100332,2.10774079695634,3934870.97622461
61,23,5.17036872507047e-08,1.44624302352066e-05,8.97329732437175e-05,1101.19874791041,4.52940538479121e-08,1.46624943384062e-05,0.000120849528543584,1494.59469195956,2.14847625670026e-08,6.00966583870085e-06,3.72873133340171e-05,457.588120315063,0.016147303023206,0.140447401972259,0.662423656325128,2046919.2621761,3.5357837826762e-05,0.0135948598732368,0.134986793552445,4742676.3883452
61,24,3.37671185102627e-09,4.77993411662158e-07,3.01339946838688e-06,757.178614073043,2.95268465206593e-09,4.82049576443464e-07,4.04462930909127e-06,1026.34709127433,1.4031465552747e-09,1.98623643153126e-07,1.25217704920817e-06,314.635245829969,0.000566669315926588,0.00513285549292422,0.0252471484915594,1514087.44606753,3.73484955997733e-06,0.000722869449943084,0.00730833134396887,5276464.35399021
61,25,1.87929753804696e-10,1.80312862744157e-08,1.16334106428639e-07,521.93317001686,1.6606225318814e-10,1.84437368871579e-08,1.57884662630989e-07,707.997936817733,7.8091645999286e-11,7.49265508107188e-09,4.8341051232165e-08,216.882210092674,1.71155629687739e-05,0.000160970965567483,0.000825209362423082,1029084.58752691,2.18978318231324e-07,2.89676129802242e-05,0.000298857279152604,3769193.59782446
62,1,3.60154697495634,0.0168788347965341,0.000146699914109501,3.25606229132022e-07,45.0018787257865,0.206768594827815,0.00246818792349729,5.54627550128172e-06,48.3166100151466,0.22643827334339,0.0019680550020787,4.36817548149989e-06,689.926150717813,8.9275474656795,0.0766939471566542,0.000118142212591286,30698.007163411,139.344543082173,2.05145335598629,0.014710709532018
62,2,4.98838103212129,0.0809223655998894,0.000906376395210132,2.20800248674601e-06,53.9123132461881,0.973589036631178,0.0152029220397122,3.75294896191069e-05,66.9217040932474,1.08561526682305,0.0121595067671811,2.96214920439498e-05,2448.66224068404,52.1740113925892,0.504416744317155,0.00084096301867411,32141.7306128459,645.357917189972,12.5901863124295,0.0992926190436643
62,3,5.24435571801495,0.214950868979392,0.00292727111402784,7.81498230849405e-06,54.2164440287143,2.56068034270976,0.0489792357955327,0.000132541719652799,70.3557365126701,2.88367675921263,0.039270851611425,0.000104842017916302,5472.70060522311,161.25308320076,1.72936731971858,0.00316913955312218,31612.9925778549,1682.9542208513,40.4447406233548,0.349785035563998
62,4,4.96605920955223,0.414773785012817,0.00661893657103292,1.95050174729991e-05,50.5806869732983,4.91165004844214,0.110518837700549,0.000330006917461425,66.622245331944,5.56440422805077,0.0887964475380654,0.000261669868291234,9496.85405221204,351.42168094742,4.15934453383859,0.00864741557855124,29308.2277300414,3211.98453697808,91.0410632667865,0.868498668798318
62,5,4.43639934303275,0.649884403759923,0.0118767128617688,3.9400531348975e-05,44.8934417929551,7.66568081742956,0.197945433589244,0.000664692180992363,59.5165850728253,8.71853442693882,0.159332227954882,0.000528578447210468,13884.1877054958,610.033114796457,8.01014590887869,0.019870170247424,25928.6447226179,4996.93986421585,162.712973253785,1.74353341044267
62,6,3.8421520064016,0.881329469218522,0.0182378632458313,7.05378477594779e-05,38.7287344123592,10.3676537596613,0.303435209918677,0.00118572323932546,51.5444505938922,11.8234893381069,0.244670340852374,0.000946301604616385,17959.0276590961,906.629932535177,13.4479852580372,0.0422306469105646,22315.7436109289,6743.50631944213,248.926608653222,3.09754923319533
62,7,3.30362432909477,1.08003468535666,0.025328412580714,0.000119592310624655,33.2043315298953,12.6806702020918,0.420652448847453,0.0020019012212426,44.3198240798615,14.4892222864431,0.339793716831897,0.00160439252172514,21281.2004655554,1214.71778270665,21.0003118914854,0.0870860521422033,19096.0709200618,8235.22490732365,344.380931438236,5.20471587708937
62,8,2.87335351055929,1.23423462883189,0.0332563288563891,0.000199844064385259,28.8123919896952,14.4703332330036,0.551242959158448,0.00333086796537857,38.5475191551621,16.5578940502873,0.446150802158868,0.00268101118488436,23713.8328121126,1528.64638450826,31.9839493304415,0.175609312437343,16543.7324639615,9386.73191351517,450.288777930049,8.61712567140884
62,9,2.55178531395503,1.34641048276642,0.042723746416252,0.000332694014537774,25.5384287575782,15.767354821206,0.706655494025536,0.00552398731941012,34.2335159624672,18.0627909807893,0.573161091146142,0.00446326177794473,25333.7141232583,1867.17479094187,48.6869222466233,0.342134032007817,14644.1262538242,10218.7640509226,575.827953087149,14.2280289263572
62,10,2.31272020775659,1.42607080423218,0.0548458586106796,0.000546709547946325,23.1083983754885,16.6829742161397,0.905131308593923,0.0090501684899467,31.0263342750592,19.1314752747069,0.735785477703008,0.00733439052811462,26302.5141537793,2265.41062681864,74.1805304352721,0.636307899212408,13235.6751472283,10803.3402550229,735.674143557306,23.2292037449293
62,11,2.12450681139339,1.48365459712686,0.0707970423926095,0.000874424771787671,21.1986428082327,17.3383525533293,1.16587615954531,0.0144425161805724,28.5013544997178,19.903991552804,0.949778834288557,0.0117308592612652,26777.5125375691,2761.31880674181,111.815142026831,1.12495206282345,12130.1018900387,11218.4176032757,945.275525696025,36.9729274969949
62,12,1.96157501448183,1.52738188930172,0.0914346896370045,0.00134840963776642,19.5496447399389,17.8285941432709,1.50289242874933,0.022232866334384,26.3155404189399,20.4906157278383,1.22664351506915,0.0180896106760942,26877.874418108,3382.6159517637,164.594951365375,1.89667220520827,11177.1648882316,11525.0361694275,1215.87724579897,56.8028418166793
62,13,36.3923284693613,74.9598953571164,25.1723564049604,6.36001333094871,156.822448374781,364.108673087517,168.085505213196,41.9310659738004,180.027292490953,365.435127047865,121.942537937165,30.7822246181255,233818.615472497,140823.593573558,54904.8532993417,17747.2621312781,36076.2096441838,92993.2851023216,52900.7800935804,40948.6382640321
62,14,8.14833589159385,42.8910075929966,28.4982601610698,14.3879445707329,33.1991566951788,203.79389228287,189.156265496649,94.519756406947,39.5115147487251,207.624111132552,137.924149990382,69.6331969108563,139094.305934277,157652.568807322,102313.445003667,50154.4779947648,7982.40056715057,55457.5866079903,63965.6589568093,99382.3743730817
62,15,1.86140126195616,24.2669827594622,25.8406794205183,22.6687554606872,7.60746459721356,115.305691840585,171.356820785375,148.68965977536,9.01010390932718,117.445412576275,125.060866199056,109.709723579012,77060.7831590337,136013.318732351,125722.282563186,91744.5289755113,1840.75726135562,31400.1063377612,57890.7847397989,156061.124422732
62,16,0.476820087807861,13.7373403144429,20.6644862237849,29.6528026751292,1.95583833087589,65.2154752104257,136.887699752567,194.225677737962,2.30769080116865,66.484466028045,100.009684025153,143.510338818907,42706.3236579424,105066.858553697,126482.491080196,136112.358441745,474.517425844871,17746.6871212283,46189.5657075948,203517.646076737
62,17,0.747408920096665,77.681193730894,178.09396746199,1052.85038466136,1.12218744465748,129.150125494785,407.994045805307,2372.84235391551,0.766840889891757,77.0295462183913,175.531331200859,1033.4099767742,47452.4182679628,177164.140467351,333600.617795028,1681686.36594375,120.782085537823,15295.0185655638,59773.6890283537,1075654.79163217
62,18,0.0379654353726798,14.7210750730064,42.9220252814994,1055.04736739093,0.0539368343276097,24.0330641665698,97.3328474547001,2364.45347788867,0.0373420550617122,14.4325478806069,42.0744203377216,1034.15881644035,9919.21429805619,46859.617831141,114163.450407524,2065854.79857863,6.00517437077666,3001.61142467403,15072.6327656616,1136753.80258333
62,19,0.00174566512698223,2.30680611269035,8.35334898280823,2010.94702049291,0.00160187062184464,2.45679429029719,12.4523227595436,2957.32419414264,0.000666082587455266,0.794277111824244,2.82864724159597,666.617042720912,1863.46146796842,10617.2095476935,32348.3341329568,3641167.63829705,0.374703991260795,664.133747667283,4177.31236852745,3096147.17776866
62,20,8.01051480066933e-05,0.169661761441608,0.73915973211464,1941.05336005191,7.33661427110591e-05,0.181312600550968,1.10406528731472,2866.00791922725,2.66477417943548e-05,0.0561531897607701,0.244493584886719,641.840261737574,138.266408912325,911.600008247115,3274.51151659523,3275743.93741402,0.0207453594254969,57.7737633569314,435.218526594979,3506637.26772545
62,21,4.89300194453274e-06,0.0114948407937455,0.0566755711682371,2102.3239005327,4.48323698606077e-06,0.0123707792330656,0.0850186595598002,3110.87755277637,1.61823227367905e-06,0.00380102651273989,0.0187407174131526,695.164738784317,8.23324578808971,61.0482164315723,248.789650528501,3446398.31088497,0.00111075978232297,3.47090558112493,29.4852900286918,3339992.10621471
62,22,4.15734027972845e-07,0.000430223310468269,0.00235015348480696,1565.32402110496,3.69752094170613e-07,0.000447435536070056,0.00344357378669144,2288.18661904484,1.37469175134179e-07,0.000142259893520135,0.000777113396382053,517.597721303931,0.402441593777381,3.25908758581234,14.51036513769,2877285.90444152,0.00014458027704325,0.196611244081271,1.87309343071713,3910972.73785791
62,23,4.39756032912108e-08,1.44614582166295e-05,8.43077395205006e-05,1043.79105499788,3.89451257258257e-08,1.47121992294617e-05,0.00012177860188623,1516.23222667004,1.45411897035115e-08,4.78189696829551e-06,2.78776109540256e-05,345.14507175312,0.0165049083495007,0.142164420449524,0.671617854418636,2078375.19451247,2.78223537164749e-05,0.011634400362066,0.119317882458249,4711368.67559874
62,24,3.00269927515088e-09,4.76170531678635e-07,2.8475464602371e-06,716.081297844592,2.6541357313925e-09,4.81272780630612e-07,4.09765569158163e-06,1038.94489320247,9.92887277211672e-10,1.57452884797448e-07,9.41583684592723e-07,236.782955498826,0.000578927301451434,0.00520602600594608,0.025682487462448,1553979.16230493,3.0759631489648e-06,0.000615671166404736,0.00649722906036069,5236678.98995611
62,25,1.70022056874512e-10,1.78808770597909e-08,1.10150058220323e-07,493.379680078228,1.51797214440946e-10,1.83205501577688e-08,1.60116803273727e-07,716.343886690224,5.62203275663951e-11,5.91257854428518e-09,3.6422758718071e-08,163.143345851412,1.74778281979376e-05,0.000163488587087475,0.000841387659333854,1058498.58802867,1.83488149104304e-07,2.45667146614819e-05,0.000266193830807469,3739853.54374507
63,1,2.59328671797542,0.0107579292113879,0.000101334263636494,2.29818204835762e-07,43.4880360425654,0.190702163241308,0.00220581087424082,5.06215657155036e-06,45.6625267477863,0.189425344664279,0.00178429114362683,4.04663312108965e-06,669.391973041639,8.48120370732883,0.0714880876177842,0.000111791185582815,30762.1639253325,135.511693591784,1.98727839844468,0.0139524334770493
63,2,3.56606366888547,0.0517247973756985,0.00062942190308366,1.56373094654858e-06,52.1451939907409,0.902432597878243,0.0136613180581319,3.43751787880737e-05,62.7911586235699,0.910768920119863,0.011082844903335,2.75341348406167e-05,2374.67378487904,49.8464603369295,0.472295213375992,0.000796511595664365,32343.2559733454,630.906239913466,12.2654314896889,0.0945251283298072
63,3,3.74543699073432,0.137999987198127,0.0020424347234524,5.54599576904075e-06,52.5928162214797,2.38717316990906,0.044227324573195,0.000121671884783777,65.9495595246306,2.42990027402298,0.035963138801352,9.76537528193723e-05,5326.69002871383,154.87727450238,1.62495705798756,0.00299602639857952,31930.7225521959,1655.10645404289,39.5999711156383,0.333796634973769
63,4,3.55219152916661,0.26754203280802,0.00463640389998045,1.38420976130669e-05,49.2206149496935,4.60446310927054,0.100202559193754,0.000303011162040828,62.5468983392864,4.7108733271078,0.0816376822620216,0.000243731303646821,9288.92225455021,339.100817352463,3.9165223372682,0.00812688527305309,29701.6475991463,3177.07019407963,89.5151904430566,0.829186081773091
63,5,3.1792965147435,0.42105172499604,0.00834316251178198,2.78809789312399e-05,43.79752887767,7.22243963192814,0.180004621572987,0.000608731313494703,55.980972384325,7.41386809316758,0.146906193871534,0.000490927569781458,13646.8403329196,590.863193382251,7.54330420992641,0.0184829366433316,26344.7823689732,4968.16295451979,160.486185066923,1.66078853340003
63,6,2.75656125963581,0.573202451972889,0.0128299198816669,4.96057820874698e-05,37.8384754582426,9.81004111907499,0.276360624584226,0.00107952517835184,48.5374607356566,10.0929342342611,0.225908903827626,0.000873457352676503,17728.9636249881,880.416165439537,12.6325533185373,0.0387925835502472,22707.3116332197,6734.05052647453,245.935584869828,2.93428144257557
63,7,2.37021719665359,0.704645217563399,0.0178110834154356,8.33839234689553e-05,32.4477158131732,12.0401453603551,0.383025923928644,0.00180757908599405,41.7347242748202,12.4073751165502,0.313617104976083,0.00146822200929216,21084.4585787907,1180.92428826525,19.6264537529847,0.0791548187810935,19435.2049304921,8252.70492798235,340.214135488446,4.89144100401392
63,8,2.05958786112188,0.807183350456537,0.0233326153502601,0.000138177666516147,28.1333955333866,13.7756797908973,0.500867291019912,0.00298318232728831,36.2651708143231,14.2128639595102,0.410840099223136,0.00243302884694759,23561.6263724254,1485.35526264123,29.6994803363337,0.158747730617696,16824.0995182504,9432.01483560371,443.97072652413,8.03490844217492
63,9,1.82670033354426,0.882052186805638,0.0298648804737515,0.000228791179829015,24.9066895515996,15.0390537144514,0.639820588399657,0.00492127732094887,32.1644931362523,15.531152530793,0.525860057817581,0.00402854929082277,25226.3421244414,1810.70093710213,44.960426424368,0.309233949549569,14874.4375805724,10288.1292443868,565.851190618173,13.1985543002215
63,10,1.65382732969604,0.935298373635433,0.0381893600915518,0.000375429871815621,22.5152301833117,15.9333007240495,0.816448349254803,0.00805166101730016,29.1205496696571,16.4687100378285,0.672437283765803,0.00661055965962852,26235.3009167875,2190.80135429696,68.3139549719466,0.577173045078044,13431.0292426043,10891.4804914003,720.322555718968,21.5202265787443
63,11,1.51862756407749,0.973752147416451,0.0491588607865461,0.000601632257111769,20.648026001351,16.5740061332192,1.04882196199481,0.0128742802381721,26.7399556261758,17.1458031111311,0.865587973746619,0.010593525521985,26744.7784817238,2663.58390324776,103.016062790936,1.02612876003326,12305.3879912247,11320.5937485606,923.166804369296,34.3212129385824
63,12,1.40262806110494,1.00288259353293,0.0634331677839444,0.000931527679191997,19.0497833992748,17.0534503317707,1.35090459528264,0.0199000705891962,24.6974393203238,17.6587312674158,1.11692960926916,0.0164023157457173,26874.1661888527,3258.27429305103,152.089879437061,1.74114300680518,11343.5524875372,11637.9970052101,1186.56022434238,52.9470892202784
63,13,31.3451706281825,59.3304225077667,21.7079661101287,5.51834620743727,153.615375647977,350.420654213624,157.222122116867,39.5037996627118,170.215021778981,317.328801034826,115.42555427045,29.3152179295273,234276.028891404,139467.67775994,53809.2444670112,17091.7753128378,36930.7010236034,94862.1902072176,53951.0240649434,40397.3119018298
63,14,7.02792137951227,34.2212110440196,25.0198390388709,12.6061657212697,32.644250119404,198.202913413416,180.160770584457,89.9377218012792,37.3994670100167,181.815382725398,132.907129525158,66.9641688716569,139624.804067034,157483.059556363,101077.234655051,48675.106565901,8158.54806183189,56823.2602581738,66006.9642104403,98393.8812505742
63,15,1.58648523219946,19.4654603835463,22.8765913354406,19.9298659866498,7.38536239172337,112.729029630691,164.559203525645,141.97312137048,8.42865680022548,103.401296460066,121.520825337032,105.867758337423,77592.8595012395,136477.366623989,124850.653810619,89459.078638076,1855.8426148862,32334.4388088389,60225.4740520353,155050.313208985
63,16,0.400212032962708,11.0798080599499,18.4120834305546,26.1493938904768,1.86856648915389,64.1142089992183,132.301564413798,186.02472797816,2.12595504972967,58.8561196588747,97.8052737407777,138.90598704575,43176.8470643892,105747.727785514,126151.507641402,133239.338821157,470.635317365696,18376.4760417661,48359.3398190207,202833.901417786
63,17,0.684369887262081,70.0950163132725,175.884905474095,1045.17761577041,1.06970198686576,129.814811350529,400.952720579564,2346.43753782121,0.689199904229021,68.2035879911027,170.326796605879,1007.90531242066,48116.571768007,178645.61685492,335421.99698786,1673165.92079486,116.409005327436,15766.5554335542,61969.0777911514,1077644.93400128
63,18,0.0338609922304066,13.3539826086354,42.6738770241589,1060.37978086406,0.0502044059000057,24.3566136618184,96.373145597783,2369.12345230725,0.0327143918720231,12.862404823203,41.098708888867,1021.18720613005,10050.308807419,47224.4197209033,115000.579280282,2062347.08771722,5.57367339391881,3077.93679232612,15532.5455725678,1138401.12544916
63,19,0.00154089284292787,2.10122893889057,8.4249285797692,2031.35301144202,0.00146417538675901,2.48400557194224,12.3793169560972,2948.29093651998,0.000543779989393762,0.66468512584984,2.62939005577685,619.892678695554,1886.75999055021,10704.9896451959,32666.1488676171,3662165.92471649,0.340206759470014,677.101813210532,4306.85107155022,3074613.42918996
63,20,8.05325291791182e-05,0.152094037735818,0.740508430244495,1931.15723229958,7.62180182699674e-05,0.180101654385403,1.08883196939405,2811.09697110046,2.46352267744015e-05,0.0463257613172979,0.225448858744523,587.747655053609,140.042849433501,920.439896250467,3313.72129830384,3278462.04770662,0.0218782897407913,59.1612266454406,455.056682664069,3503967.0669941
63,21,5.39993574026739e-06,0.0104202110518259,0.0575727639711681,2108.25809762652,5.11968561721755e-06,0.0124238497417866,0.0850518873426749,3076.33486355941,1.64367505884779e-06,0.00317143225350557,0.0175222992092673,641.646162392046,8.34653725549462,61.7496779645779,252.447809978528,3453615.32345585,0.00127632109903899,3.56063374973546,30.9825343765003,3332851.16263019
63,22,4.78706210165689e-07,0.000389342410069219,0.00240362602620036,1571.93621436953,4.42639446361636e-07,0.000450832159972858,0.00347182883960234,2267.37557692624,1.45694091235883e-07,0.000118496032323071,0.000731541185034712,478.41715250947,0.408415176401802,3.3019430019577,14.74806922512,2899703.85119387,0.000173509641080837,0.20132101478006,1.97343508154338,3888607.77893542
63,23,5.12623046427799e-08,1.30852464192954e-05,8.66794077559001e-05,1052.08830462122,4.72362461110739e-08,1.48763140514938e-05,0.000123528803597345,1508.50205158504,1.56016297181359e-08,3.9824812505796e-06,2.6380787750462e-05,320.201981658886,0.0167672244241236,0.144236785693039,0.682941332367612,2109505.1084795,3.36613685586017e-05,0.0119022212324827,0.125933644142205,4680263.11709906
63,24,3.51751787373151e-09,4.31961444932549e-07,2.93054193729518e-06,721.550640181817,3.23530705564498e-09,4.88404538398964e-07,4.16128697146396e-06,1033.29796799796,1.07055290873023e-09,1.31467016811671e-07,8.91907391881957e-07,219.60318714562,0.000588641006949435,0.00528710070868452,0.0261050421676533,1584915.50431245,3.74402186724938e-06,0.000632799500688023,0.00687337490623845,5205760.00439248
63,25,1.99910148921608e-10,1.63630316818108e-08,1.13817092180559e-07,497.116124423389,1.85571433220731e-10,1.87207681981527e-08,1.6322971059734e-07,712.384475100788,6.08424459801143e-11,4.98007167999583e-09,3.46401136700788e-08,151.296775618336,1.77862092530432e-05,0.000166153138912241,0.000854760727817297,1080372.3190579,2.23970514904829e-07,2.5419528453784e-05,0.000282669228168115,3717991.8822196
64,1,8.52576166483237,0.0377781144378882,0.000357019176142943,8.54161904124135e-07,37.987547887427,0.169344247643574,0.00171476995878075,4.15790069894254e-06,36.8360987492797,0.163222760464417,0.00154252419253459,3.69046115586062e-06,676.051564381345,8.76442074451681,0.0652900820456115,0.000106763565268055,31802.9227835369,143.054270821266,2.16712788798961,0.0133546242506116
64,2,11.5074473123395,0.180461533544148,0.00220754288044976,5.78981666431309e-06,45.0229481858069,0.79633972487151,0.0105684307729627,2.81206257830081e-05,49.7186623569314,0.779695601567043,0.00953783025309511,2.50152733293719e-05,2383.3116215932,51.259736409837,0.429674261231791,0.000758207616001454,33574.1118031338,663.267821750037,13.3168765630745,0.0901389173880193
64,3,12.0016445132152,0.479132091081167,0.00713475591564001,2.0476150265534e-05,45.2909544178759,2.09680709872448,0.0340683130469254,9.92260120138064e-05,51.8538729819443,2.07012085428285,0.0308261694136497,8.84685172818669e-05,5327.53948191062,158.585994183866,1.47369801566364,0.00284685958938169,33193.3454521078,1734.06224950451,42.8279569713787,0.317425000269139
64,4,11.3518982261243,0.925257822864979,0.016142411938832,5.10386697618593e-05,42.3484107459267,4.02925450149558,0.0769114354596523,0.000246714533614948,49.046602577942,3.99763562148181,0.0697443235697179,0.000220515838149071,9265.64167355212,345.941052760804,3.54498687648301,0.00772545057975759,30880.7975513547,3318.59967713138,96.4990358014519,0.787514124416196
64,5,10.1471940821886,1.45142345346877,0.0289779762021246,0.000102901150523687,37.6572071476773,6.30046037174157,0.137800233615281,0.000495927594786061,43.8416012473598,6.27096789246775,0.125201200185875,0.000444591004430755,13580.9522181935,600.982762616502,6.8265076142662,0.0176224582404479,27382.6227245389,5175.75165581082,172.599452056307,1.57887485861964
64,6,8.79208677218517,1.97064096060196,0.0445090780374137,0.000183776531786934,32.5186309617624,8.53568077513502,0.211267590155158,0.000882424918318715,37.9867734150198,8.51428035145954,0.192304319341749,0.000794018263567864,17606.7602370197,893.598339799554,11.4586064018497,0.0371624166493777,23595.8625435024,6999.60824378052,264.193590389512,2.80029502249027
64,7,7.5579397135225,2.41736326403093,0.0618151863292585,0.000310849585187778,27.8811004525883,10.4543386880937,0.292858927325433,0.00148608146732948,32.6545620876081,10.44437264462,0.267076467457698,0.00134304552089245,20900.2158329164,1197.3274790203,17.8936237541166,0.0761715001070956,20195.3859689451,8562.27907380969,365.621031600027,4.69802614801736
64,8,6.56734593311121,2.76455060252492,0.0811556980922745,0.000518722916107795,24.1749734534321,11.9419188730041,0.383691125573097,0.00246867848484321,28.3746382813672,11.9444177535534,0.350638385931532,0.00224117554682275,23315.8076735019,1506.1167413232,27.2705956721094,0.153172290853487,17485.179719017,9771.54711807791,478.157464158862,7.77354034279666
64,9,5.82461165617346,3.01723566465857,0.104257094175677,0.000863762683542946,21.4031277181355,13.0211936540968,0.491780773106001,0.00409425007704356,25.1656073178806,13.036159731237,0.450449445732153,0.00373194193759536,24921.6197038979,1838.02325851823,41.5851642301833,0.298579478423315,15461.4951322406,10646.70503575,611.637599004597,12.846684349752
64,10,5.27207461867899,3.19653493368567,0.13388450509616,0.00142218437105005,19.3448365500376,13.7831866463211,0.630011290810908,0.00671970612798078,22.7783356961866,13.8108336945967,0.57845657016939,0.00614463856616756,25873.5602877212,2227.45385521232,63.5471702545094,0.557053277742602,13960.5887983991,11262.0971562358,781.913836056704,21.025438003254
64,11,4.83826564171469,3.32594655675769,0.1729873272,0.00228239335606195,17.7320003332907,14.3285575728896,0.812120453254293,0.0107582892571451,20.9040362562086,14.3699648918068,0.74740281485906,0.00986122652189469,26326.3575989155,2711.99575067127,96.1674305636219,0.989830643276756,12786.0737812704,11699.5345750248,1005.88516552636,33.5906336543604
64,12,4.46460331793572,3.42414452740472,0.223782668587714,0.00353540084925104,16.3463026936395,14.7371049832439,1.04841642970014,0.0166339109077271,19.2896042794876,14.794235506672,0.966867337199539,0.0152749255633642,26398.7989370097,3319.53687664745,142.235884828302,1.67970257188915,11778.7172741268,12023.7485895705,1296.21192684448,51.8520819256421
64,13,37.6195539230068,75.5029670063593,29.4960679226431,8.25996638274177,129.640135301231,298.589156485474,124.769557828427,34.5948491589537,143.434412845683,287.256955806219,112.119263194282,31.3924283203319,226144.845408708,139252.417547102,53813.0378525623,16805.360402938,37755.8910061702,96978.7610135665,60542.916223125,41801.1762802581
64,14,8.00478669540289,42.8318354521489,34.663969238148,18.9028914478638,26.5635940005155,166.935974293876,145.719004069853,78.8785379947017,30.429982796239,162.787437172003,131.741181690507,71.8407194521078,132176.080672526,155181.757502496,100989.396212063,47850.6826094852,7994.22105574834,56988.1416013865,74816.2767096226,101070.945893859
64,15,1.68976174284182,23.9996458120924,32.0221036982034,29.7581313523303,5.61626540108448,93.5202452757096,134.383775542448,123.954221116016,6.42209297130092,91.2110685782143,121.7004766765,113.096213183458,72170.7305512586,132922.301060601,124230.877089109,87713.8494069097,1696.15382426549,31933.3324208121,68898.7896282221,158581.413567759
64,16,0.39598861028634,13.5511219574877,25.9979514647071,38.9657310568547,1.31867294563617,52.759666429392,108.932635473978,162.050035529687,1.50496267872687,51.5012379786756,98.8055945549918,148.089830373053,39732.1654050005,102076.346287512,125044.10260239,130414.55690661,398.804632977662,18002.7144697574,55773.4861048781,207027.714856592
64,17,0.505045839255665,70.4516858992247,194.054459005171,1301.08021883223,0.678785336027419,106.063286564472,313.032879979375,2067.84969348958,0.42536168657477,57.2648242239999,157.177881496225,1048.44060605222,44216.8547531339,170281.756963463,330909.913153949,1654154.90951592,88.2626881419736,15272.2203070796,67563.1579038619,1108491.01599879
64,18,0.0219140723849805,13.6281331455885,46.7760699107552,1347.25036647763,0.0279898542621277,20.2480640169749,74.7748395530027,2132.19159563411,0.0176934733541146,10.9669596463154,37.6391817854889,1084.01256826528,9261.17894283992,44692.2806508509,112189.7043201,2036076.24809501,3.63472976356679,2970.37717977691,16475.1477240259,1169887.06734204
64,19,0.000767398026033119,1.79606010622778,8.10494040662627,2139.13648699871,0.000743491046964457,2.06947571469622,10.0504055484857,2632.17168895801,0.000362343767175179,0.803893321760419,3.60935568081077,942.134634754029,1740.71137085812,10077.8722137806,31612.2193865193,3586351.73684337,0.203215947701129,658.693814708208,4803.38064765704,3151665.20206433
64,20,4.86297373065955e-05,0.129079918858654,0.739556910196398,2000.02109311207,4.78125965243662e-05,0.149338714911341,0.918701407447976,2467.85900729735,2.14264250299655e-05,0.056790827929747,0.325326335525179,879.639675596794,129.162979681158,863.235332071014,3195.39205496443,3192691.04429624,0.0164413247213722,58.1409057093941,535.252208529473,3589827.9145127
64,21,3.664456931494e-06,0.0089035307963887,0.0588070244308773,2196.56410248014,3.61751980396727e-06,0.0103770459821355,0.0734484193615841,2718.68502163709,1.61174008340289e-06,0.00391592801123226,0.0258642485799469,966.08035281849,7.69172753130046,57.7764277935804,244.228929428809,3373021.60624013,0.00107411336885795,3.49939994067738,37.0190866168095,3413396.66625303
64,22,3.38466878365497e-07,0.000334176458489543,0.00253240490554288,1639.68222421445,3.27466226976194e-07,0.000378538977496217,0.00308541123743067,2003.60662642462,1.48862672809967e-07,0.000146975631392898,0.00111378804682266,721.155724995601,0.376040327324957,3.08308617287483,14.2394730584209,2814580.44438594,0.000152993662256926,0.198883343865071,2.42687032072089,3973684.77893885
64,23,3.51857541085199e-08,1.12625048122586e-05,9.25239205617346e-05,1095.97830867234,3.39399359990793e-08,1.25365159031505e-05,0.000111170176399993,1330.36207766813,1.54751987151141e-08,4.95341096806908e-06,4.06933454823222e-05,482.026956256868,0.0154260224406464,0.134386780427015,0.654399229331526,2020782.62502023,2.87780511691749e-05,0.0118100531382995,0.157060884089916,4768958.03425218
64,24,2.35935775432983e-09,3.69988070444536e-07,3.10090101101078e-06,750.915240737928,2.27202730633644e-09,4.09770495728635e-07,3.71391246085097e-06,910.211147045601,1.03767933022741e-09,1.62726052260457e-07,1.36382067451299e-06,330.263277143022,0.000541240047258024,0.00491665843048355,0.0247950373463118,1492080.22834693,3.12870628098637e-06,0.000625565026803307,0.00851185788799945,5298578.34258553
64,25,1.3324638893462e-10,1.39574580366748e-08,1.19808946572671e-07,517.379339836129,1.29431675633731e-10,1.56435229447786e-08,1.45234627489644e-07,627.614927818843,5.86036701479653e-11,6.13868993700498e-09,5.26936905521258e-08,227.550843331475,1.63456748690507e-05,0.000154315020722072,0.000806821654121083,1014070.90977595,1.85710324506747e-07,2.4989404901763e-05,0.000348586064005283,3784281.54376146
65,1,3.97831813038786,0.0164437422285158,0.000154794013194848,3.54609022137718e-07,43.8819408805206,0.191236070426592,0.00232074712716843,5.3808756546861e-06,48.565912707464,0.200739438999133,0.0018896710333535,4.32894259583522e-06,669.940961973533,8.40326496407523,0.0743094146485458,0.000118097443165252,31014.7396419711,135.6395360143,1.96466010919085,0.0144947133133969
65,2,5.51105439151506,0.0792025865986031,0.000962758561629151,2.41617498640582e-06,52.5758432851511,0.90549414720935,0.0143913073622958,3.65883329293339e-05,67.2770195173687,0.966877404190422,0.0117530189215628,2.94958169834202e-05,2373.78669457232,49.4332329382153,0.491455572936999,0.000842690663656382,32650.3163156337,631.949090383209,12.1415218963384,0.0983322943442042
65,3,5.80992199245278,0.211639866990874,0.00312817205394334,8.58099829583909e-06,53.0412501050315,2.39741697376646,0.0466490301464503,0.000129675740744333,70.925490389359,2.58362528305297,0.0381876275165881,0.000104753818201559,5321.01454945217,153.744971301307,1.69262863251105,0.00317462366934711,32258.8588366051,1659.43191060144,39.2501969876234,0.347704719863393
65,4,5.52009143857528,0.410880445595805,0.00710989913677397,2.14447444348395e-05,49.6570028694328,4.62878941717798,0.105816217403285,0.000323343585797048,67.3873406189688,5.0158844013976,0.0867951555200975,0.000261789920293466,9277.64789786796,336.956221041513,4.08343513727098,0.00862556774402836,30020.2995716099,3188.65588870712,88.8334556969608,0.864822755001937
65,5,4.94452581588722,0.647420518487527,0.0128086724969444,4.32442828469749e-05,44.1895490836726,7.2674984014636,0.190297347379733,0.000650285139493122,60.361037323772,7.90348266663652,0.156363782381689,0.000527911041050483,13632.4853016545,587.677806713266,7.87044721308411,0.0196541605068516,26630.3021770953,4991.17672606366,159.442424984321,1.73409247716432
65,6,4.28763079391253,0.882267056970136,0.0197156703405794,7.70165096292578e-05,38.165915164161,9.87947804694695,0.292432265497732,0.00115425933423341,52.3418932408729,10.7704068576601,0.240681990064068,0.000940190543113612,17715.2507297282,876.390802724477,13.1853975475888,0.0413480074335289,22946.8017032622,6771.04824836801,244.567351990934,3.06663928283289
65,7,3.68529670644595,1.08544999862557,0.0273894440955425,0.000129580201293364,32.7061007885872,12.1334975972151,0.405572722516961,0.00193429726037783,44.9888099142311,13.2507929617048,0.334360729195982,0.00158186965908017,21073.8981202057,1176.28592058335,20.4850646245941,0.0846247994234849,19626.8054106894,8303.75864910006,338.557699822236,5.11636550387108
65,8,3.20002400773081,1.24412229112833,0.0358949994246308,0.00021497585327067,28.3303539207741,13.8891990850806,0.530549903229454,0.00319554051978567,39.064770972977,15.1878086689004,0.438193566114113,0.00262434983376708,23554.4962927227,1480.15995164362,30.9912490018624,0.170351269600411,16973.8055629211,9495.08344025154,441.988615576605,8.41294376329914
65,9,2.83584932113162,1.36002210354622,0.0459517530017977,0.000356535759518855,25.0556832081753,15.167444173716,0.677822831300046,0.00527957229831721,34.619054099671,16.6026729377239,0.560962887305013,0.00435246353015864,25221.0100313798,1804.79233844929,46.9124178782245,0.333260919195891,14991.7085442349,10360.0902763942,563.41469591313,13.8403936170863
65,10,2.56562091105476,1.44239337489232,0.058765135982972,0.000586372647032375,22.6301616790413,16.0712686290747,0.864977185715005,0.00865646012633326,31.3202004271543,17.6082325341878,0.717384173626411,0.00715823165882475,26229.0231730575,2183.97006556554,71.3141115615444,0.624910917150876,13525.2474233866,10969.1110371247,717.275039880191,22.6151153758671
65,11,2.35465125700433,1.50176226548549,0.0756615449368341,0.000942317545600067,20.7401070505593,16.7171189714128,1.11136083293074,0.0138791341580614,28.7447568686629,18.3329871323843,0.92364960927745,0.0115034821656816,26734.2992601557,2655.8731302249,107.668205467777,1.11631418063167,12383.9230363416,11401.1431526107,919.453122461268,36.165520055103
65,12,2.17405658384495,1.54659551461879,0.0976814101239239,0.00146370274585759,19.1264345539331,17.1983564117265,1.43213098484018,0.0215207274980033,26.5401204256652,18.8802957166748,1.19246040204381,0.0178683698626345,26855.9438802356,3250.31426885042,159.246846256083,1.90292997939369,11411.178392858,11719.3553226003,1182.37465787687,55.9672028867236
65,13,26.211539188603,49.2631787531819,17.9247399930166,4.52528544813402,153.555605745304,352.149641125146,165.595469796123,41.3121305118034,193.909703681793,361.223413314588,130.986156467492,33.0521592934855,232734.216494067,139794.155699717,54662.6211921417,17717.6787500945,36890.0818866307,94962.1303044606,53318.1321697969,41229.8634537646
65,14,5.75058032693475,28.153602991704,20.3809898056732,10.2178031248087,32.0295832350746,197.555075503834,187.264071724687,92.9575543882268,42.0483716624172,205.646322071395,148.856429793469,74.6272485086679,138036.253212932,157390.973635444,101703.138849305,49961.7118808849,8041.05436804535,56731.1044020279,64745.2497386597,99801.8757467056
65,15,1.27152715426711,15.9968436570663,18.4923546955736,16.0727939657467,7.10146717648825,112.251891988693,169.763449759938,146.005004943588,9.28773544437738,116.835663554676,135.061656080436,117.39002633203,76533.2854488547,136032.723850542,124886.008373481,91249.6107772442,1792.64164419832,32253.6311017954,58643.4473412879,156493.415116048
65,16,0.314473658142161,9.11177152794928,14.7966109663995,21.0100391082663,1.76174012948374,63.8824756822372,135.698848885329,190.593499777855,2.29682374910366,66.54917556988,108.069235150308,153.449925754967,42585.9755377938,105213.410645074,125686.875285125,135286.374340407,445.683479841611,18341.9143732192,46823.2312755412,203967.338349681
65,17,0.709862760830395,78.6399832224761,194.963906767094,1143.62599419146,0.961814276901948,126.579524215111,405.993590134286,2343.28344025063,0.640509612132037,67.6868484035005,166.688563355148,972.720262507842,47554.2043763593,177464.916134154,332318.056481832,1671380.16620862,107.975450261313,15821.4224744549,60832.453526601,1085292.25727576
65,18,0.0341442018876114,14.9014249669382,47.1400954157989,1151.16231613294,0.0434991883417361,23.571048572604,97.1614928343302,2346.05550069161,0.0291340191758467,12.6558783488654,40.0301376406314,977.474186925183,9944.91515752667,46888.3705230165,113847.634274177,2054610.73047001,5.02909692798524,3095.92451287104,15330.1437928604,1147888.75837032
65,19,0.00147036230060543,2.20545229706514,8.63982535407814,2056.61608134087,0.00127920153424628,2.42340306133547,12.446622312963,2926.56099640148,0.000536728897675836,0.731515126191168,2.83010611297044,661.149943553887,1868.40028927425,10628.8973098705,32314.9440847216,3634843.60235039,0.309328310814719,685.461738159147,4233.43937818528,3102401.14887564
65,20,8.99333244526764e-05,0.162442047904621,0.760298831967834,1975.99293773901,7.8422271117113e-05,0.179186942203146,1.09792515087709,2821.95090625909,2.89642114736373e-05,0.0521423461147811,0.2439453060271,633.827561855445,138.774125858002,914.169435936988,3277.53712860192,3267003.04034841,0.0230250266575729,60.0404972797252,441.16499583203,3515380.97792682
65,21,6.50045842890799e-06,0.0110697484316903,0.0585300489768728,2144.05535285516,5.67636677995021e-06,0.0122905617266071,0.0848859420800401,3068.54319327239,2.08531847709881e-06,0.00355082451801255,0.0187743673447025,687.734036224893,8.27641391050628,61.3583563586048,249.446837792023,3434628.66894255,0.00145980079588205,3.62297069626781,29.9844472168061,3351768.11875581
65,22,5.94053929362283e-07,0.000416119047459612,0.00242807103407461,1595.48215499749,5.06018361042216e-07,0.000447849664820273,0.00344211417059395,2256.96466131392,1.90551014310197e-07,0.000133475760264623,0.00077883590725589,511.771945311099,0.405231519976745,3.28161114846988,14.5707756585752,2874577.69609805,0.000205549694417242,0.206344564884791,1.90310587442312,3913687.71021572
65,23,6.15544580231293e-08,1.40526151436664e-05,8.69412174459622e-05,1063.55796606581,5.22199632084349e-08,1.48286382855974e-05,0.00012154229291887,1495.31300845476,1.97444049935151e-08,4.50756179309896e-06,2.78875423486183e-05,341.150245734169,0.0166445962716695,0.143297735070413,0.67521745880515,2077764.86003661,3.87262407201233e-05,0.012299439901499,0.121055037862293,4711984.14992019
65,24,4.11769363163189e-09,4.64835125956101e-07,2.93789747042622e-06,729.414818227366,3.48649802359819e-09,4.87758440146747e-07,4.09205856064591e-06,1024.26938475532,1.32080454516813e-09,1.49101997941386e-07,9.4236936406103e-07,233.969423783161,0.00058452769288826,0.00524991241220427,0.0258390332626507,1551716.34497227,4.19717336156971e-06,0.000655109380992604,0.00660108760339091,5238945.96245801
65,25,2.31324021329623e-10,1.76063035787454e-08,1.14071784993649e-07,502.607825019629,1.97879076382274e-10,1.8711634446974e-08,1.60482238966169e-07,706.270991479655,7.42002309617284e-11,5.64745409685513e-09,3.65900296210875e-08,161.218089172538,1.76666936559464e-05,0.000164932496994056,0.000846914452280319,1056638.11254349,2.48425408374396e-07,2.63310354595706e-05,0.000271289949992055,3741716.7892231
66,1,6.79895980735585,0.0306238879780859,0.000306355789213123,7.34601699968985e-07,39.9399274816173,0.179765069610556,0.00200640782180896,4.87670782064108e-06,39.4084603867168,0.177503663864281,0.0017757142747608,4.2579339801247e-06,671.637669109458,8.7755427489572,0.0713515282169595,0.000116983249931861,31501.3671365705,143.889913726689,2.17995540586058,0.0146665227968137
66,2,9.22467199888912,0.146607561880836,0.00189553291090162,4.9788357203104e-06,47.4213305219286,0.846777000654924,0.0123741051796337,3.29784720746433e-05,53.4684909675994,0.849773856365979,0.0109869797362482,2.88585689304331e-05,2371.82923761712,51.3699699532006,0.469564549204779,0.000830029575943015,33079.3367689359,667.697384516677,13.4019354040094,0.0989696066217839
66,3,9.62848433564273,0.389724445640043,0.00612831659931507,1.759385079764e-05,47.6498100017315,2.23158641308499,0.0399019972216668,0.000116274925074558,55.8090876070155,2.25893972209166,0.0355212457176285,0.00010197833078208,5303.53660016852,159.006881478709,1.60967133134561,0.00310972397990376,32614.3093924437,1746.33223937631,43.1084569483917,0.348200889817277
66,4,9.10467376132264,0.753130111930175,0.0138640021402797,4.37702871259332e-05,44.5112833083969,4.29028936989749,0.0900729811531628,0.000288558554866721,52.7729513666007,4.36532925962192,0.0803592012053754,0.000253703459822097,9223.06499251086,346.906729049393,3.86686183628356,0.00840449133203622,30302.2472613123,3342.66526970287,97.10897986165,0.862124086901557
66,5,8.13745413952173,1.1818318423573,0.0248715385114215,8.79343352812917e-05,39.5678062141167,6.70997584513014,0.161276785669384,0.000578006940032873,47.1667061127668,6.85019100905833,0.144161617064367,0.000509689256408879,13515.4655034455,602.488065142305,7.42689437197765,0.019053267391418,26858.0304414039,5213.29732013417,173.558180204208,1.72215238858867
66,6,7.05325853688706,1.60475116225567,0.0381475043060209,0.000156184887083787,34.1788039490701,9.09030142048677,0.246913938634116,0.00102287020712038,40.8824390088997,9.30153647030974,0.221112413500292,0.000905286412928356,17516.7261723667,895.109102977576,12.4122262613221,0.0398839842533884,23149.2298365852,7049.29462509896,265.262820737783,3.03720185139261
66,7,6.06878700683744,1.96829692679242,0.0528537091394593,0.000262339460764845,29.330947700982,11.1314620427695,0.341465549589178,0.00171061701689154,35.17619740826,11.4087380520877,0.30635323077803,0.0015205846983003,20786.8002349859,1197.6085302884,19.2628702925798,0.0812050240350461,19829.8580345835,8620.57108517544,366.203094531443,5.05871109240735
66,8,5.28117977039783,2.25039265202364,0.0691542101711073,0.000434700990669679,25.4694217168364,12.7113618604171,0.445868256783874,0.00282159408745541,30.6110301684212,13.0438349680908,0.400834984956712,0.00251963495244354,23182.7243167919,1503.23874177874,29.1430028393014,0.1625486219005,17193.0209509528,9834.30372860046,477.263477177874,8.30848524709242
66,9,4.69294413111444,2.45523550202356,0.0884726594905706,0.000719836509151119,22.5923750048751,13.854897106569,0.569137887685314,0.00465316170505951,27.2014702437288,14.2311550241662,0.51280951728373,0.00417235126542493,24774.5984359921,1829.54926240938,44.1306125764152,0.31607044349153,15231.5835993206,10710.4878134449,607.934681241231,13.6486957959048
66,10,4.25711782188259,2.60019026588266,0.113138946643863,0.00118104858283681,20.4643522519878,14.6599508149567,0.726081208919967,0.00760947230833279,24.6753126652901,15.0713488525261,0.655781446477405,0.00684565104226042,25719.4798330756,2210.79336018119,67.0725183562944,0.5889364047445,13782.4655720583,11324.7112839419,773.85427939686,22.2509791866748
66,11,3.91586040295444,2.70454725413536,0.145669453649936,0.00189184290200935,18.8011438983998,15.2345318031252,0.932685779015551,0.0121590041386041,22.6972998726636,15.6762278861076,0.844336347967136,0.010965591527849,26172.1468265314,2684.88811223772,101.144428208857,1.04544923199579,12651.3217398715,11759.9300789262,991.902342396582,35.4712523948064
66,12,3.62183135383998,2.78361879275356,0.18798600128679,0.00292747863276157,17.3716799271179,15.6641351563347,1.201141791529,0.0187797371142767,20.9930344463502,16.1345461709107,1.08961357249865,0.016968393548573,26250.3848228269,3280.55957140921,149.28364926379,1.77166165086496,11680.8498579991,12081.6598485781,1274.93017830705,54.6884007251653
66,13,40.6310732976389,81.5201042329551,32.3255996615986,8.79097199115726,140.174858331082,320.590894772786,141.5880652595,38.0706512884022,149.912724295219,298.639383701665,118.062976147417,32.0905125443,225645.781218017,138507.43654379,54150.8121252172,17319.8906241732,37801.9249940884,97571.8132339586,58443.3613008747,42507.6079513206
66,14,8.86879083476825,46.4310195822507,37.4546679335142,20.0513107442531,29.2943471002469,179.511338637786,163.032855396841,86.5146256681224,32.4011298834267,169.502022391463,136.720767270024,73.1928325940152,132189.498401821,154477.789030211,101169.516459434,49111.3109793651,8171.44222558432,57507.7529777934,71360.9556057405,102650.738340565
66,15,1.93779772140573,26.0250117104315,34.2102407571154,31.4949841397118,6.41318543088803,100.592186948535,148.692413552324,135.651946889772,7.07397687692911,94.9987155654657,124.876832743812,114.965384731211,72172.9921754913,132310.085042782,124089.320547445,89684.3754914944,1796.63102629742,32234.0393896403,65000.3947870385,160688.478071796
66,16,0.472668597278091,14.6586214775157,27.5111007445614,41.1220285500909,1.56816958606294,56.6066928490709,119.407209924158,176.839977357229,1.72537926682518,53.5080177021359,100.423110779416,150.106753638805,39616.8708626213,101540.147158708,124538.741425795,132833.277287785,440.132489283509,18125.4193292818,52129.6217902548,209166.853155537
66,17,0.608366229926565,71.9455218622066,199.510848478601,1296.29440532947,0.859910003232028,113.58972890677,351.830662253416,2250.36825194737,0.536718593511819,61.4837856122112,169.836833859801,1098.3958391894,43718.1679352584,168755.054091765,326179.696548535,1662782.93838336,103.137713901351,15252.2799555598,64302.2510295907,1109571.57087814
66,18,0.0283523350907191,13.7712917172146,48.1419868630457,1330.64103219123,0.0381482672768035,21.4397820671307,84.1073570415008,2299.62788641391,0.0240631686202046,11.6541871591682,40.7373770215206,1125.90704869243,9108.96240649901,44178.0092197299,110407.628034294,2039850.84246755,4.6033868650871,2953.04612756777,15801.2031383611,1169041.79014454
66,19,0.00110933095968195,1.9104581056421,8.54701854674384,2222.94459673671,0.00106343959685966,2.15683557638101,10.848610778035,2793.19268102974,0.000462028588330155,0.741151157011325,3.29049518761121,842.195526768279,1708.98315885556,9959.85362754788,31116.5927744164,3577849.66960243,0.275292245501588,657.115032723499,4509.67601556412,3160961.84237097
66,20,6.73248512902462e-05,0.139173916460762,0.769301494325215,2096.9273025049,6.50374760575729e-05,0.157704473143478,0.978262994297509,2643.30275203631,2.55249864489222e-05,0.0526518718963745,0.290965173378453,792.893214228598,126.826760010137,853.90566386474,3145.53332900375,3194787.99115263,0.0208977139760876,58.0723757371161,489.890801102126,3587652.24331401
66,21,4.88197723661322e-06,0.00960336736501709,0.060547967108723,2302.37476035416,4.73115697578135e-06,0.0109630674557182,0.0774176332263958,2911.16907992578,1.84608441681275e-06,0.00363126919940095,0.0228945221836702,870.574889315906,7.55884902735403,57.2083755036697,239.805298196059,3374883.60681434,0.0013121934416133,3.49783204592463,33.5552975010339,3411340.46232315
66,22,4.43632226293775e-07,0.000360386122615553,0.00256503454466159,1705.21321169458,4.20435976296951e-07,0.000399131120250434,0.00319703766739235,2127.85849535232,1.67746574465431e-07,0.00013626940669418,0.000969892042517034,644.775917274675,0.369906639873439,3.05489208958968,13.9772526707984,2810397.15233116,0.00018512086860897,0.200134589351318,2.18120567846211,3977755.20883683
66,23,4.60226266708978e-08,1.22797838874109e-05,9.37198939882016e-05,1136.2203834834,4.34771801074393e-08,1.33557855902483e-05,0.000115150131723379,1408.39502222027,1.74020947093368e-08,4.64323699350139e-06,3.54374048308895e-05,429.62811627185,0.0151882379797553,0.133181958685621,0.643515327479863,2021252.51047296,3.48251862914657e-05,0.0120280672686736,0.141288454118377,4768422.30049346
66,24,3.07598025088309e-09,4.08090258312324e-07,3.16898667075331e-06,777.978178419993,2.90095702922172e-09,4.41552968043049e-07,3.87995407133392e-06,963.030922612844,1.16309091141686e-09,1.54307255563799e-07,1.19825853671874e-06,294.169427123349,0.000533278943298937,0.00487120739223448,0.0244350863307232,1500723.45050304,3.77018412997978e-06,0.000643737340528115,0.0077124259687211,5289891.33276003
66,25,1.72856672470828e-10,1.54960258342404e-08,1.22890750524779e-07,535.954997315576,1.64497633148475e-10,1.69725693458295e-08,1.52214994421225e-07,663.952880811103,6.53606357173652e-11,5.85936362861651e-09,4.6467500867804e-08,202.655522863657,1.61163242642208e-05,0.000152864757424763,0.00079640418655488,1021353.79457083,2.2281157087498e-07,2.59017248203965e-05,0.000316922784749277,3776968.64071939
67,1,4.18782820973346,0.0179438219659319,0.000170689032036846,4.03255396004721e-07,44.0919087430945,0.188806258688864,0.00227426168153507,5.44460513159964e-06,49.7022229510279,0.212961897021335,0.00202578135986395,4.78593881951699e-06,678.698621322283,8.37026159945606,0.0729510769480103,0.000119032519931115,30661.4470877446,136.851815965575,1.94832865538285,0.0140775643025958
67,2,5.78023737078059,0.0863576846935206,0.0010590770938882,2.73728552423948e-06,52.7272852253027,0.892519446598027,0.0140670564859852,3.68782421687618e-05,68.60134468856,1.02491522651191,0.0125693995088944,3.24868090553865e-05,2394.45225391348,49.1292941848488,0.480752191229242,0.000845395040390213,32367.4484405924,636.83255677338,12.0117162376201,0.0951422995599479
67,3,6.08829609548844,0.23059992520217,0.00343272263761315,9.68561166995761e-06,53.2096346521104,2.36048456916086,0.0454810103151833,0.000130206981021904,72.2574649138004,2.73681925830909,0.0407404356910209,0.00011495133193822,5356.73661723417,152.457956270603,1.649932530342,0.00317017563770487,32026.3566948783,1670.92493230299,38.735915033779,0.335181362292553
67,4,5.7840545735349,0.447361580398287,0.00778351400348481,2.41219824958058e-05,49.8335536066728,4.55315366624156,0.102910422121728,0.000323507128120054,68.6466482332238,5.30940236684041,0.092376747318456,0.00028628589616947,9329.75934945926,333.404588048557,3.96701090066303,0.00857675418593007,29823.8191690497,3208.33885336682,87.461201894972,0.830776713388572
67,5,5.18096318658061,0.704367244059772,0.0139916131618882,4.8501110480309e-05,44.3529901376934,7.14238327653631,0.184650761722165,0.000648599084555003,61.4890044443554,8.35961172482957,0.16605606581483,0.000575623661176441,13698.5534776914,580.301033565228,7.6227939892165,0.0194752093580392,26462.2007032808,5018.23235125605,156.637267726727,1.66083906292555
67,6,4.49267240888607,0.95918999266406,0.0214978455421375,8.62072718080266e-05,38.3083634885085,9.70169927458052,0.283219549267692,0.00114869978375077,53.320192359705,11.3839136851361,0.255141963468956,0.00102313008767738,17790.2204031367,863.887734099638,12.7394672916432,0.0408822438255052,22803.764211125,6803.05493634572,239.831242558991,2.93086662702757
67,7,3.86177794965868,1.17942082860654,0.0298302771693549,0.000144943214898693,32.8300844352491,11.9077230206666,0.39229466235427,0.0019230568359265,45.8325745538438,13.9976699235758,0.354033406412484,0.00172022337625738,21152.8372943942,1158.04295437071,19.7630186126987,0.0836003741419836,19506.2133103796,8338.42462002059,331.60340929319,4.8855220407919
67,8,3.35365424401286,1.3513672332367,0.039081746906488,0.000240597991470502,28.4406395190349,13.6254539652519,0.512958233902865,0.00317771898080317,39.8020316471379,16.0383741049681,0.46383223016341,0.00285547888183252,23634.3844303608,1456.33767020272,29.8892741422785,0.168280689546706,16871.6411612146,9531.5207116496,432.75388058002,8.03623854751889
67,9,2.97221820280594,1.47716015963345,0.0500652038362875,0.00039953824271484,25.154762686539,14.8777812569555,0.655696034982921,0.00525533253921849,35.2750505456781,17.5313169288648,0.594186723652208,0.00474182268764523,25300.6981836667,1776.11509238288,45.2742073894169,0.329254250604318,14902.6957363043,10399.0810256427,551.975612690932,13.2354009419729
67,10,2.6888069229207,1.56699206086718,0.0641236120954382,0.000657975892056825,22.7178441885004,15.7672331956331,0.837890898633572,0.00862642072289003,31.9114525387319,18.5974650513824,0.761035530871393,0.00780902722021904,26308.1458666144,2151.41456593186,68.9024815860711,0.617403251973003,13444.1275579207,11012.6857287504,703.730036553022,21.6533783797225
67,11,2.4670586354061,1.63235624321383,0.0827266337897293,0.0010584714021004,20.8148912429132,16.4085530484501,1.0785625705964,0.0138430995200485,29.2796867945108,19.3732239892619,0.981820979917144,0.0125622110028791,26812.2393057088,2620.4174289758,104.145550520764,1.1027748993729,12306.5769148413,11451.9906181809,903.837760301788,34.6612643397582
67,12,2.27682627426594,1.68244551887303,0.107022735496569,0.00164518231801632,19.1868210390387,16.8932185149233,1.39255395436857,0.0214763439029762,27.0219601752781,19.9676964035034,1.27017336769359,0.0195254471458704,26931.4096718716,3212.79693510588,154.171971770061,1.87973179064637,11335.0427530016,11780.3456329092,1164.62859881586,53.6723478936246
67,13,27.6978711872162,54.420290515601,20.2581585251762,5.2807372666055,153.809752967448,348.060888382445,164.450219818513,42.3511515507596,196.685646676739,383.096818467554,142.095661393824,37.0205681049003,232847.969214282,140115.59254718,54458.0210464129,18033.8613886083,36392.0490072872,95572.2259636029,53399.1610629748,40475.8703778737
67,14,6.02807297180984,31.1872788977042,23.1485548509048,11.9610117291154,31.8408239561897,195.64202658522,186.837852236892,95.5795729047272,42.3065056473948,218.656835244651,162.278279412009,83.8497365135483,137822.88543682,157972.206711177,101640.218696415,50979.4994531168,7861.39200705401,57087.2449705338,64993.4121450159,98032.4184893938
67,15,1.31828851231731,17.7359534257174,21.0323636063879,18.8098715436466,6.98216058940063,111.244931668052,169.590503767246,150.069422175318,9.24246861684062,124.333952049974,147.442206363684,131.8619609714,76322.7980256061,136566.646713042,124972.031286469,93165.2305408824,1732.97655039821,32475.5205114478,58941.0724956917,153675.024730584
67,16,0.322531203974593,10.1149993276455,16.8460162406163,24.5766333929466,1.71352920799717,63.3825724809073,135.6856193348,195.794771822522,2.26104362722956,70.9087127220453,118.094838156529,172.288421023198,42456.4053310361,105633.761349839,125848.336046422,138148.620277701,426.201642212837,18489.2328689444,47105.2756125469,200202.847116386
67,17,0.699422475846944,83.8432495414924,213.804655479816,1289.87853124491,0.928937573571847,125.038419481545,405.242522688083,2405.18858867859,0.628244028683463,71.9657090726231,182.262978693023,1093.60376701112,47450.3347060081,178149.916308435,333258.590459552,1688574.4616594,102.558929524303,15895.7947570763,61156.7197453956,1065814.46598381
67,18,0.0336320579631111,15.9301792568815,51.8864330683244,1304.59120935589,0.0420626302987083,23.3439340267055,97.3205962732518,2419.69900950209,0.0285972113337551,13.4852962110986,43.9158563166248,1104.10634002927,9930.47436014341,47049.8244392046,114213.611178982,2073165.29487629,4.76867249156381,3107.22165079423,15407.9527734861,1128368.38215621
67,19,0.00139501391121848,2.27030785574208,9.15190789975978,2227.85247735278,0.00123085680091319,2.38970148244916,12.410545561431,2985.90219979481,0.000569607358664704,0.858262039574562,3.42398111578373,819.979790460794,1866.45777369554,10665.4235453822,32414.8695315581,3681517.88229538,0.29574159550439,693.683725153815,4289.47750830977,3055137.48779627
67,20,8.74366222831096e-05,0.168821821053911,0.810911722183706,2145.81028616196,7.76066238599014e-05,0.178538357493493,1.1029609263901,2886.60967010124,3.22202156565391e-05,0.062054348322013,0.29796100907878,788.25198751803,138.655467215041,917.551032368793,3287.30242175431,3324303.1300527,0.0225430845881417,61.1550287428503,448.665585981854,3457670.21978179
67,21,6.36720353584448e-06,0.0115376118901939,0.0625758260577451,2330.00916558725,5.66032689072032e-06,0.0122849707214945,0.0855067260636501,3142.00842351803,2.33913110597604e-06,0.00423833126014374,0.0229869346685687,855.914259734992,8.26979549831485,61.613644714573,250.211543569705,3490620.15134575,0.00143805464254555,3.6956621398674,30.5273591455662,3295347.39810668
67,22,5.85566578587384e-07,0.000435850563415382,0.00260059143453299,1733.72249525009,5.08074653482549e-07,0.000449142361507993,0.00346816269765098,2308.6832213812,2.15104528913602e-07,0.000160107070701692,0.00095531107916874,636.872087679356,0.40490308707786,3.29529925195427,14.6069591090346,2928613.68458644,0.000204802653899516,0.212152720286334,1.94690284745796,3859336.56311457
67,23,6.09886502036535e-08,1.48591138809176e-05,9.34202462140834e-05,1160.16691472315,5.27141612404631e-08,1.500411054018e-05,0.000122769706551065,1534.68045067856,2.24037988028689e-08,5.4584024723321e-06,3.43173418276891e-05,426.180041532998,0.0166305067617436,0.143812941248467,0.676100229090012,2126676.03355085,3.88005130103553e-05,0.0127709955942307,0.12426171941474,4662851.96514101
67,24,4.09339057887812e-09,4.94104727965883e-07,3.15966774953879e-06,798.757768536657,3.53154973933694e-09,4.96117147980053e-07,4.13662359317795e-06,1055.17246617889,1.50368136339536e-09,1.81506273891425e-07,1.1606841359328e-06,293.418657823894,0.000584008564366417,0.00526467092170279,0.0258418534877361,1595531.67644987,4.21293354669918e-06,0.000682886490429747,0.00677198123378825,5194970.93549834
67,25,2.30224470713336e-10,1.87484607967871e-08,1.22534073006001e-07,550.507756401692,2.00621879636955e-10,1.90777406925202e-08,1.62139052275694e-07,727.765485793738,8.457151574268e-11,6.88712951570471e-09,4.50121233940281e-08,202.225572467299,1.76504364876771e-05,0.000165306414550184,0.000846316227768005,1087289.46711856,2.49490071375978e-07,2.74985211309516e-05,0.000278011029859546,3710955.03273137
68,1,3.70043773134617,0.0164913922999365,0.000143097218643689,3.36000657892397e-07,47.378397240736,0.213811028305185,0.00246330732990024,5.85482377812655e-06,48.1607774903086,0.214633600866917,0.0018623940752203,4.37301046421506e-06,684.52640918599,8.7705159402213,0.073358863473419,0.000119356470797703,30258.0693983447,139.529225575129,2.05686628229498,0.0143163945928962
68,2,5.11527285025478,0.0791101093652716,0.000887142419981085,2.28707466213053e-06,56.8317006571143,1.00798416788797,0.0152255737040947,3.9768582438272e-05,66.5746961383718,1.02960910329622,0.0115460580052458,2.97660174020875e-05,2416.69492991506,51.3791341138084,0.484179885964109,0.000852407446587721,31609.3709955362,646.487132221957,12.6656161243024,0.0969931269807475
68,3,5.37364133069305,0.210476985533263,0.00287468624618674,8.12307462981034e-06,57.1791518082079,2.65654538339573,0.0492177895541169,0.000140947003339256,69.9373326155354,2.73933410126882,0.0374137155408057,0.000105720895252343,5391.31443696953,159.208889393347,1.66551530450755,0.00322048157844199,31076.4892456925,1688.67062116821,40.8204286397406,0.342871922157544
68,4,5.08999952373885,0.40695647322357,0.00652023559355451,2.03339852360636e-05,53.3903686875805,5.10721785987046,0.111407107619841,0.000351997708861394,66.2457666594448,5.29649235525202,0.0848601269372889,0.000264644512228834,9355.60994096509,347.851417036882,4.01759453026159,0.00879929147469629,28829.7627900636,3229.59935453102,92.16915871301,0.853856509768014
68,5,4.55113260544338,0.63892751891591,0.011731570893479,4.11615128454963e-05,47.4436672608381,7.98866223286422,0.200089769214172,0.00071054155995288,59.2324748185697,8.31556921233477,0.152685064965836,0.000535712422485561,13688.6242844758,605.222326177886,7.75491057922166,0.0202164654377897,25534.3973890062,5034.89208499972,165.175198985753,1.7177800909989
68,6,3.94553248928157,0.868053876161134,0.0180538483463555,7.37638645607084e-05,40.9786992468026,10.8257950028616,0.307397049623938,0.0012689159644057,51.3506579741707,11.2976227718302,0.234968789148169,0.000960028333361842,17724.2209259547,901.128815007789,13.0367354503918,0.0429204392024469,22002.6513193332,6807.56205676639,253.23454776658,3.05490848382934
68,7,3.39548373977641,1.06537800020729,0.0251071426675138,0.000125067990537453,35.1692140405103,13.2624939403213,0.426747504822667,0.00214271299639838,44.1918358679807,13.8657738722136,0.326766614983055,0.00162774571570566,21023.0127521719,1208.72984027355,20.3626699873627,0.0884479971522337,18846.9145461928,8326.4481613243,350.816743664983,5.1333006274268
68,8,2.95518822944528,1.21890981113407,0.0329805545546879,0.000208965328293874,30.5408335127785,15.1531855696369,0.559509944378894,0.00356499886954428,38.4614397250019,15.8639729828466,0.429238177948608,0.00271966005370112,23443.8661209422,1521.52379315385,30.9963556977567,0.178506474154918,16340.0377043868,9502.16440510918,458.906058692809,8.4971847653315
68,9,2.62583746194084,1.33083315960078,0.042354306776034,0.000348089333587412,27.0870728297268,16.5266363746538,0.717035568544795,0.00591619723735898,34.174976830172,17.3206426724389,0.551236500243658,0.00453034320768169,25058.7289572168,1857.29857793118,47.1617633521418,0.348668372241266,14472.3709055633,10353.6130576009,586.628885723436,14.0369233863101
68,10,2.38108045515952,1.41045029351707,0.054331655237865,0.000573049793647597,24.5242978190579,17.4982692225692,0.917795893015755,0.00971069360359705,30.9894921392836,18.3568506427764,0.707120332393507,0.0074581780876743,26026.0037264923,2250.4971244635,71.885687083177,0.650889776915932,13087.9754312917,10953.0353861367,748.895879922298,22.956151026958
68,11,2.18860899027242,1.46811093709673,0.0700954289943234,0.000919243267947094,22.5123015194487,18.1955358748062,1.18159128654007,0.0155423688211111,28.4844978476247,19.1072973809729,0.91228406041986,0.0119638469016904,26501.2061765295,2739.03299454189,108.526871968656,1.1555404750598,12002.3977114528,11379.6825518129,961.686840373404,36.6418487986718
68,12,2.02209228866434,1.51201754714478,0.0905356053617284,0.00142268580381695,20.7758191842431,18.7191308430833,1.52329894118473,0.0240135849450389,26.3173018570981,19.6787369322902,1.17831063818236,0.0185160944219762,26602.3405372346,3351.29172320411,160.168526907785,1.9557232854181,11067.131122467,11695.9995944206,1236.9881313269,56.4953805650219
68,13,44.1397054364686,86.6282983564262,29.6170078404154,7.82792001256766,167.544756038766,381.055762357101,172.980119956231,45.1983741555053,174.236216447376,336.414439705166,114.230300837159,30.1618047788988,230575.342234144,140074.47872934,54240.8380472827,17700.8982250144,36136.743598367,94606.8038584333,54917.6048121094,40870.9453008637
68,14,10.1357534766742,49.8561889557558,33.8422475720546,17.7733263013361,36.4277978370386,214.669784826315,196.477717087911,102.267790152155,39.130687045613,192.131326153195,130.390936240259,68.4781836276093,137053.99044692,156626.098105583,101140.881291973,50207.6314769187,8179.62343730241,56524.4507591103,66719.6748764183,99134.1145230664
68,15,2.39144212281252,28.2827806295231,30.8073183272277,28.0249190514668,8.62318681976015,121.760817155341,178.664648366805,161.010568573516,9.21540672907194,108.970309698579,118.696340506661,107.976124852103,75939.7938463387,134822.753253955,124432.469536862,91957.6655331224,1948.97129744473,32078.0458928672,60597.5469743405,155788.521142011
68,16,0.633343673666301,16.022704956781,24.7161778351239,36.6819004044878,2.29228861787241,68.9171315826685,143.176542517645,210.458460350084,2.44021452560957,61.733269975043,95.2280039684978,141.330272537995,42033.7403391952,103933.99881897,125344.076048485,136464.332205659,519.603077335925,18141.7058758612,48493.7611299604,203287.329502155
68,17,0.913251553571014,78.4761451607405,183.28635497332,1144.4256059074,1.39560107438491,136.90989490337,425.917507593992,2620.6193691271,0.863397731672717,72.0378457247055,167.369365818742,1040.96536533754,46462.1681986884,174418.509240001,330620.280064901,1685323.01337476,137.905163469672,15421.7714512043,61590.4587436079,1076386.99358771
68,18,0.0491372125267309,14.9493924513828,44.392831086323,1162.70969143337,0.0715347703815144,25.6728401881554,102.237879848992,2650.14571536855,0.0447623403717348,13.5833268070604,40.3312628271947,1056.28128549855,9677.726289017,45961.771972089,112742.190172917,2068075.1206542,7.20433556452739,3001.49473625322,15381.0682456015,1136361.88099282
68,19,0.00226807707984039,2.30917157396483,8.59336346720911,2166.57503562167,0.00216852078021457,2.63206448689384,13.2177971564193,3294.14330113363,0.000790891841602114,0.727174406643402,2.66400924610525,657.528532060769,1814.5410545674,10391.079370891,31875.2525980815,3679618.21776317,0.456043603882329,661.951486760256,4280.33240208775,3057859.40137423
68,20,8.41653276571782e-05,0.167422776676739,0.757185111508447,2063.44784424117,8.03673348115865e-05,0.191221925720351,1.16569898134675,3146.4411229856,2.56607682709913e-05,0.0507254077335619,0.229285181889977,624.640733038646,134.494481209217,891.379956128021,3224.54239457747,3301166.02588516,0.0208432445024223,57.8061236857041,452.234989633146,3480886.39373929
68,21,4.43173849344112e-06,0.0114234356407463,0.0586994326073234,2248.72576530875,4.24173443944961e-06,0.0131440856889179,0.0907892364474067,3437.43479043723,1.34187878304396e-06,0.00345812556665527,0.0177693447798372,680.725344576529,8.00371943878761,59.6901226762353,245.308754644917,3474155.99012195,0.000957994303609041,3.47391926731584,30.761969190632,3311779.68899199
68,22,3.36657144237138e-07,0.000428842628641284,0.00245866656760426,1683.18878225867,3.11516781871951e-07,0.000477990979580369,0.00371784851331319,2542.70086815035,1.01912079222551e-07,0.000129817646248037,0.000744277888914804,509.528230380079,0.391079123899686,3.18717857986255,14.3148375239739,2917517.54386222,0.000109698844711018,0.196326510935548,1.96065707723069,3870376.98010476
68,23,3.6410148124074e-08,1.44211411928493e-05,8.86766758851327e-05,1133.06619347136,3.35513158142995e-08,1.57493961414182e-05,0.000132281037569048,1700.97200254386,1.1021936584393e-08,4.36551081608241e-06,2.68438516302017e-05,342.997302824838,0.0160364919723319,0.139066295603027,0.66219130863707,2109452.19249977,2.14725916096376e-05,0.0115750314269224,0.124972683133361,4680019.81785559
68,24,2.58035637506016e-09,4.7412304569388e-07,2.99164081918901e-06,781.037819387381,2.37339910908168e-09,5.14587982238054e-07,4.44644866473746e-06,1170.90182603648,7.81115246461032e-10,1.43524647646915e-07,9.05617640055443e-07,236.432670039621,0.000562541587377519,0.00509377799849499,0.0252943505179715,1565027.43843982,2.46459721097309e-06,0.000611730002465759,0.00679867906510846,5225434.15087169
68,25,1.49463599696543e-10,1.78115977586042e-08,1.1574906769573e-07,538.31944744243,1.38763520319907e-10,1.95822131345907e-08,1.73763651445873e-07,807.577460078287,4.52450279298234e-11,5.39185620917188e-09,3.50390985566995e-08,162.957927431604,1.6986045186943e-05,0.000160004539762975,0.000828038895694485,1064185.94233321,1.50321650481081e-07,2.44179087875788e-05,0.000278803070961602,3734030.20152306
69,1,0.702324145294093,0.00326290153780812,3.24548130367957e-05,7.94025678939309e-08,43.3150300246002,0.200129336691861,0.00244275674522357,6.05520018081308e-06,45.7839644459407,0.212706011887227,0.00211570400381734,5.17619160572906e-06,662.555184266768,8.91129021537966,0.0776742878512497,0.000130056244313656,29555.8295668724,138.583216245869,2.13117630099898,0.0154172750304378
69,2,0.968134846856112,0.0157064591539021,0.000201014414987027,5.38964208416203e-07,51.9958275095662,0.947471381286085,0.0150827783237742,4.10110696265782e-05,63.1119572128275,1.02389184864598,0.0131039732729591,3.51346572962106e-05,2366.50253270803,52.2844013096156,0.511776033824824,0.000926064479639271,30920.6758671706,645.276025874747,13.1118339054029,0.104160117570454
69,3,1.01642232865155,0.0418640300252249,0.000650408617759938,1.90848534139419e-06,52.3675208517937,2.50266350883215,0.0486803359443627,0.00014489830725,66.2597805712006,2.72908353654292,0.0423996316093974,0.000124412674121294,5320.43519030441,162.080979590884,1.7568556731782,0.00348864723143955,30436.1997113974,1689.90944633962,42.1982030375212,0.367093305969523
69,4,0.962926139412248,0.0810045984239381,0.00147255768020029,4.7624260227358e-06,48.9373211705292,4.81615658616745,0.10998196410065,0.000360690645922884,62.7724056282535,5.28062672919538,0.0959948891500169,0.00031045884605043,9276.85559552967,354.01748448788,4.22863606147281,0.0095080224442142,28259.5144435463,3235.83620405583,95.1089860264536,0.911287072001153
69,5,0.861220687761864,0.127187655835938,0.00264421038341314,9.61057403203277e-06,43.5100848800712,7.53506218968391,0.197119585632907,0.000725727455440979,56.1423063877246,8.29126429978668,0.172374017030385,0.0006265058416914,13611.9762560353,615.497673590087,8.14472567575158,0.0218045455203346,25042.6655551964,5046.34644145751,170.102994456397,1.82754912357148
69,6,0.746815438727282,0.172741939024572,0.00406092354178525,1.71732019866255e-05,37.5956689863967,10.2087483688947,0.302193722327974,0.00129206601847751,48.6843172393735,11.2609125681021,0.264728445263582,0.0011195076724144,17653.5702259235,915.592167449849,13.6665645347679,0.0462371487423627,21587.0163857633,6821.99877479425,260.256831020683,3.24053106308437
69,7,0.642884556873587,0.211895949906415,0.00563664113370178,2.90438948936404e-05,32.2775959879233,12.500709851095,0.418685953805618,0.00217579914384039,41.9091439358381,13.8133320657682,0.367448248773884,0.00189334890462188,20957.600795671,1227.0842440804,21.3173077198699,0.0951827419423395,18497.4860640997,8340.63184820255,359.8502290285,5.43091588566836
69,8,0.559702078742397,0.242282995955918,0.00739196477726093,4.84169334447515e-05,28.0406432976687,14.2747025895445,0.54797832965787,0.00361099999343002,36.4865429234681,15.7942399489295,0.481876431011842,0.00315626221064598,23381.3080328283,1543.73021625527,32.4211873449704,0.191793734356252,16043.2451719967,9513.30678119314,469.932819404414,8.96856733149347
69,9,0.497465803886894,0.264361843218955,0.0094800133298202,8.04668330934386e-05,24.8781072402031,15.5592421648889,0.70122982436357,0.00597758568638224,32.4294086011974,17.2335428190806,0.617994691123404,0.00524557022581753,24997.1042360543,1884.0491052824,49.2952191783499,0.373703800854405,14214.3483296014,10359.8751297008,599.894084988302,14.7805188973941
69,10,0.451154099868743,0.279994966128988,0.0121468694141927,0.00013212662478873,22.5283024318539,16.4638652762418,0.896434127802664,0.00978447174891363,29.4103846584706,18.2526539350629,0.791844963775244,0.00861323184205247,25964.4803945539,2283.27722665524,75.0651910919302,0.695354153763889,12856.920772059,10953.2060626013,764.930599755416,24.1083044225586
69,11,0.41464095040942,0.291237724663897,0.0156533729599543,0.000211309021718011,20.6786589990934,17.1085702381802,1.15265963222414,0.0156114845987611,27.0301208616807,18.9855606142446,1.020431200977,0.0137750706739447,26439.8614643837,2779.76447405994,113.156348698425,1.22977124781719,11789.7136876475,11372.6232392685,981.142310072196,38.3637315398486
69,12,0.382960886707486,0.29971035564703,0.0201916173845549,0.000325924422955329,19.0775962320554,17.5876697197315,1.4839279916749,0.0240362509758483,24.9649221640521,19.5378848341857,1.31627582311497,0.0212467594808405,26541.8966251196,3401.71424448527,166.65267918963,2.07291425638781,10867.5680257287,11680.3104874005,1260.34846325745,58.9477217731311
69,13,37.5057711862823,76.5670893937392,28.8516390965228,7.71085547641201,154.928283610231,357.188851976496,164.408034402554,43.3798923136635,159.345215593967,318.353018054827,118.848127810821,31.7150529697211,229941.679891446,139971.340496056,54555.0803672673,18216.6511319432,35745.3305494309,94309.146935024,54638.6237663821,40923.1623026263
69,14,8.82137007565702,44.2254415620395,32.8809910033914,17.5605819162543,34.3563487818519,201.548899198671,186.125889089254,98.4297425426883,36.3724864084035,181.937704388461,135.229889499336,72.2202398246265,136686.572095534,156126.815703911,101655.849534485,51800.2208674853,8211.34291392984,56107.3891594249,65768.7189753635,98936.6203956791
69,15,2.12871954759571,24.9754128979008,29.7544883454833,27.6129641949707,8.31491748960441,113.793869355252,168.237653753235,154.520603855049,8.75636769346787,102.715534652619,122.369271690145,113.561940467728,75621.1293886359,134159.576223137,124835.402678792,94753.1029029203,2000.15097155892,31693.8748583207,59379.3509963941,155030.344157252
69,16,0.575545605532043,14.077059758185,23.7581191797261,36.0444476691225,2.25651172214698,64.0848052162317,134.177654221216,201.409099492853,2.36703916499252,57.8937700085605,97.7083842055333,148.237522486147,41728.0219121782,103254.5056164,125473.73105865,140327.264486437,544.440581580238,17835.6636709864,47296.4286206039,201738.066269644
69,17,0.854229268479985,68.6190115337531,175.661556486007,1104.81329087885,1.44191820642861,129.614320605166,407.807357743202,2525.24293804791,0.933230557703847,73.1612215389898,186.491218383846,1168.55481977338,45930.1056580292,172907.883588473,329008.97168206,1706232.64525348,149.396497442062,15212.8834143527,60481.0460409703,1060450.90336455
69,18,0.0477781612986925,13.1734430616252,42.948601490685,1127.31554463135,0.0771031418598484,24.5105779436602,98.7963342758893,2565.13182673997,0.0505819389055819,13.9186268251654,45.3735578600835,1190.90800039547,9555.58484586872,45541.4897934593,111979.682708801,2089106.36785008,8.0927594082439,2965.03283408373,15137.8910364414,1116901.28286529
69,19,0.00211147370889838,1.90733213813636,7.7344922644697,1972.41064853348,0.00234598167432175,2.47491086946927,12.4695802958501,3142.08021006486,0.00110043841182631,0.932509265059719,3.74847736524571,941.737074333392,1790.62432279007,10284.455275423,31582.998613719,3763066.34137483,0.516369189976854,646.85671338006,4131.82084116358,2975060.43157019
69,20,6.67788630722204e-05,0.135770032035784,0.665857864991929,1872.59367910277,7.448276389227e-05,0.176650429257216,1.07489610417162,2990.58606860486,3.19872447258503e-05,0.0647457049979003,0.317433447332017,892.502633100996,132.606261496328,880.787837679522,3186.7371282658,3379228.47258723,0.0204139145588254,55.9930371972531,430.534158430026,3402976.7181458
69,21,2.98941597209549e-06,0.00928092743001292,0.0515646833257003,2048.02258530855,3.3541645160496e-06,0.0121725336539521,0.0837048173996569,3280.59104833156,1.4250630000668e-06,0.00442345651438135,0.0245764411205512,976.112027280225,7.88290773958862,58.8700616152223,241.730451137302,3554223.2171085,0.000797975204953372,3.35425522770101,29.1165090262657,3231780.91620744
69,22,1.89624476829173e-07,0.000344699815952546,0.00213677831052218,1537.84518859745,2.04533540166831e-07,0.000437985912025879,0.00338449766701236,2431.25446315323,9.03777538669573e-08,0.000164288135196505,0.00101841418511634,732.955384032374,0.384755732822959,3.13975124535068,14.0950214932032,3010278.07476614,7.53346271504884e-05,0.187287369885522,1.82950442047334,3777650.22630839
69,23,2.06095212567505e-08,1.14618663505857e-05,7.66056029396996e-05,1046.83027026732,2.2126770038943e-08,1.42697174511292e-05,0.000119529141205003,1643.2570035143,9.82274477194003e-09,5.46286252985712e-06,3.65111454476041e-05,498.931809551416,0.0157618597385036,0.136963337566998,0.652773111200347,2194932.43969786,1.47489359532876e-05,0.0108724754069814,0.115244632254783,4594527.6093246
69,24,1.51496488210972e-09,3.74796186161665e-07,2.58374436605835e-06,726.914167062352,1.62358898160978e-09,4.63582589594006e-07,4.01388076208235e-06,1139.13224396799,7.22050358046532e-10,1.78632338882526e-07,1.23144342382079e-06,346.455973868965,0.000552494633875871,0.00501749339906396,0.0249749689557322,1631822.59186779,1.75392590053052e-06,0.000570468000357942,0.00625330953197181,5158614.86836797
69,25,8.93559770848807e-11,1.40134027543487e-08,9.97043852141176e-08,501.22324281525,9.65922641093995e-11,1.75521559582602e-08,1.56526172201931e-07,786.025310723884,4.25881258976709e-11,6.67895512111076e-09,4.75203008054411e-08,238.888983849482,1.66714730906034e-05,0.000157605549105115,0.000818462336487439,1109666.25260157,1.08833190792382e-07,2.26553387001662e-05,0.000255856886439721,3688532.60858933
70,1,2.14514031312301,0.00934654565827912,7.95455478769979e-05,1.89797941169108e-07,38.7458038585624,0.166815571634004,0.0017740461176188,4.28924728263624e-06,43.4865311672036,0.189474248648433,0.00161255649609667,3.8476056944291e-06,619.9621234071,7.931004971591,0.0603195146908209,9.83171066049124e-05,31256.3813093799,131.828078435066,1.94057660487517,0.0121988776838227
70,2,2.99920158542855,0.0456125569005433,0.000497364769198286,1.29740715792733e-06,46.9888165909825,0.800319878195323,0.0110586834616677,2.92573681911654e-05,60.8001595157128,0.924662999961805,0.0100826358093668,2.63011871366219e-05,2244.23981859491,47.0359584753791,0.400633584417345,0.00070412805791859,33329.5246300355,622.794796279949,12.0578556328508,0.0830248146964408
70,3,3.18834571385687,0.123068878739649,0.00162302019050983,4.62314778748202e-06,47.8324252120575,2.13955415638778,0.0359986152971831,0.000104028133795127,64.6345110430575,2.49486646551016,0.0329020519859854,9.37209837142234e-05,5110.67129846653,147.201545561298,1.3853229736682,0.00266554352078864,33209.4847936056,1651.93624555553,39.1504238817923,0.294542603494385
70,4,3.04873482426601,0.240673499341377,0.00370232277987972,1.15994237846563e-05,45.0585468236634,4.16096238586386,0.0819471195910374,0.000260376227167886,61.8043030308669,4.87896086153531,0.075053913244441,0.000235144853158207,9012.70935670475,324.196326264954,3.35582383971696,0.00729419663832809,31080.2594448766,3198.01014935131,88.9299989490879,0.735403028361889
70,5,2.74247028809146,0.381326576053719,0.00669119372407577,2.35147755843427e-05,40.2527360495428,6.56885261557742,0.147828978504758,0.000526307699726181,55.5956731261992,7.73029621092773,0.135644648812832,0.000476694235375959,13352.3425618318,567.655890653671,6.49945793669293,0.0167943199469933,27666.2103043461,5033.91363469042,160.120333519633,1.48208996573277
70,6,2.3831984940892,0.52181839372548,0.0103306588002015,4.21907338947846e-05,34.8274729549401,8.96658459219296,0.227834396958648,0.000940873158577723,48.3124739938166,10.5783624985011,0.209424303456717,0.000855295410402153,17454.3731125975,849.31329224241,10.9581930402029,0.0358127042861912,23874.4403434517,6857.69459585025,246.333222041423,2.63970514529186
70,7,2.04876397836924,0.643966388372052,0.0143973060081796,7.16865361095729e-05,29.8416542444873,11.0457139682536,0.316944859539188,0.00159172648659374,41.5327790236206,13.0545606957539,0.291863843413103,0.00145323770558362,20851.1837336685,1143.22302579964,17.1718698148621,0.0743902274293272,20412.8964688834,8435.87333701893,342.044965123182,4.44606504026405
70,8,1.77653860813856,0.739702331429348,0.0189373199922531,0.000120294890432496,25.8076430648863,12.6708987223945,0.416056804628279,0.00265895129650919,36.0141950062398,14.9953307452066,0.383899529102366,0.00243863185547625,23372.7637066114,1442.46693835434,26.2615108187044,0.151864366060816,17622.0468243106,9666.90154449576,448.093917479749,7.39274773312573
70,9,1.57077977839287,0.809750889748028,0.0243483116936081,0.000201819234286266,22.768953847945,13.8559635251156,0.533746879578863,0.00444285248320143,31.8430283427236,16.4153631766088,0.493591775258462,0.00409130273122028,25072.3766808744,1763.7233799303,40.2336539444437,0.300846665677145,15524.2531635096,10562.1500663421,573.545575533063,12.3011252620827
70,10,1.41756504663892,0.859466812527202,0.0312926072445511,0.000335448072059276,20.511609227199,14.6925246168905,0.684355886328072,0.00736077354214061,28.7370416774538,17.4232100816419,0.634367333417971,0.00680024190088846,26101.0213623385,2140.61711425399,61.8880802772296,0.57074461616077,13968.2511367141,11191.4332913365,733.616998438708,20.3123927920332
70,11,1.29809842101325,0.895094273629963,0.0405034451531397,0.000544230334002201,18.7556589887453,15.2865605822397,0.883756832401248,0.0119131669497799,26.3152005014105,18.1454540710796,0.821090498955224,0.0110326999296699,26614.039209658,2611.34880624696,94.4492044302078,1.03155472709107,12759.7592385311,11635.0106161868,945.147570264033,32.7926300911643
70,12,1.19638520239973,0.921719474936328,0.0525660537778365,0.00085292476349073,17.2650854323687,15.7241038507924,1.14459792400605,0.0186358983672845,24.2532584343604,18.6852032144616,1.06562508846745,0.0172905889110912,26732.026168586,3206.01276501947,141.060155433977,1.78045932481331,11735.9406853212,11957.8653496465,1221.53344045124,51.1998093035552
70,13,39.5441833509053,81.4467687419069,28.4327881495121,8.10474508130496,139.216240187566,325.061435138891,141.158518077502,39.7913237667152,156.316510289129,315.69732496282,109.301219265728,31.1191060858559,228939.52309247,139415.388804342,54517.9127427808,18140.4497825025,37410.1809715771,96003.3132009866,57579.5242092279,41198.0796096106
70,14,8.42643523234385,46.1060438322109,32.753218524201,18.1830642867667,27.8571713311436,179.745364653102,161.532787328935,88.9552449059568,32.4383768138707,177.066138295638,125.752398915898,69.8108899367123,133939.437287154,156301.884578734,101645.604155902,50968.2524906418,7810.41742401832,56537.2958537141,70760.9338810046,99137.2670875461
70,15,1.73619591284246,25.926693365636,29.9696900996939,28.4658852382186,5.74110914478195,101.066453450974,147.619442274788,139.03946892877,6.66751873697226,99.5420644795191,115.06367822823,109.290044522138,73497.5532422906,134336.658776921,124706.814558772,92884.544078553,1617.20460692181,31809.4689762978,64589.8934635419,154702.942955613
70,16,0.396639506861473,14.7087670741517,24.1376081794579,37.1043229337605,1.3143894331,57.2852146575687,118.735647078405,180.964981843198,1.52286469984314,56.4718849370593,92.672342694327,142.45589258577,40739.2483892227,103437.654320899,125393.82834393,137575.153450134,370.862265203796,18016.751421033,51881.3596156561,201041.349152426
70,17,0.473237983930677,74.6206647181654,179.598952823721,1176.50828325962,0.674057575045631,118.816900995154,357.810161179741,2310.53250088934,0.454848091565457,69.0748569992345,165.480555940792,1079.42818676823,45704.040284424,173498.088665646,331022.879322952,1691081.17389006,81.4143077301483,15641.5830044299,65339.0433130349,1068397.38064959
70,18,0.0204086952984171,14.4546564253278,43.5860955461654,1205.17251838118,0.0274130817534835,22.6654897436008,86.0406480601777,2356.42216084215,0.0187782689036068,13.2465772026078,39.9387432242482,1104.25897109705,9600.02890931177,45718.5172720793,112744.843410269,2075619.91363564,3.32969684025917,3073.12827802265,16218.2960709904,1128459.54910827
70,19,0.000835083171119701,2.1593957705814,8.34644289877434,2169.79276321823,0.000715088277703246,2.193890816338,10.7279237725006,2761.34953969156,0.000280388951625062,0.636194118228281,2.41597364630317,611.618451501798,1806.55651241461,10339.7444505381,31894.2274419127,3661709.03960384,0.193057433125394,686.724390460575,4670.70938954339,3075973.47703531
70,20,6.15072955586828e-05,0.159681844119116,0.764652433555832,2098.79723717202,5.29628307424868e-05,0.162853924052927,0.984676768140456,2680.3871919484,1.73615384541263e-05,0.0449113116251787,0.214926017571926,589.67552831903,134.171512280955,887.76549751957,3235.45032914248,3316837.29525056,0.0173645944967352,59.770722299191,500.681081338755,3465623.65429406
70,21,4.83695231419054e-06,0.0109630735578298,0.0600094223811702,2296.90714163998,4.18130500403377e-06,0.0112675611053875,0.0776673300343316,2942.31769135605,1.35912071447274e-06,0.00308023486732023,0.0168602170595771,645.333386731957,7.99698065653764,59.4917421941868,247.072316340341,3488887.37432273,0.00118824875539174,3.59657031472234,34.3083033906292,3297525.42044892
70,22,4.58557737258708e-07,0.000404215376860789,0.00250016380532033,1686.68636182227,3.87123109648619e-07,0.000401356211635838,0.00315319351980619,2131.47059001116,1.28835507276581e-07,0.000113567482556861,0.000702440026998426,473.887253303535,0.391276377399859,3.17749317507006,14.4209569635143,2910188.23270837,0.000177962014437016,0.204616435905037,2.2285153612502,3878149.29277329
70,23,4.7165318242493e-08,1.35536411647378e-05,9.0445620521161e-05,1132.15758223208,3.96613400955618e-08,1.31894579129153e-05,0.000112494317328217,1420.87110913097,1.32514523022961e-08,3.80799789967154e-06,2.54113793656156e-05,318.088210760166,0.0160615673945037,0.138610034781644,0.665206672343872,2092911.05821288,3.32870917698032e-05,0.0121139982389096,0.143437244174513,4696866.84916317
70,24,3.13183828990303e-09,4.44929304524394e-07,3.04323679523411e-06,782.146906584622,2.62852239998042e-09,4.3049248387288e-07,3.77281567454113e-06,980.190484461208,8.7991358674101e-10,1.25006243814798e-07,8.55020328082824e-07,219.750071873031,0.000563812595052687,0.00507491136750479,0.0253201037601814,1542854.68257109,3.57373647312068e-06,0.000639067860370628,0.00778169518711841,5247813.19057415
70,25,1.75949461550196e-10,1.67153365385706e-08,1.17704869985542e-07,539.465513902183,1.49178897194112e-10,1.63944004037131e-08,1.47603036126503e-07,676.570976653548,4.94343281259612e-11,4.69629985777072e-09,3.30700708800745e-08,151.566904445975,1.70340005614254e-05,0.000159355825614223,0.000826672341473206,1047816.49820664,2.11462999829051e-07,2.54952741081288e-05,0.000319121373507232,3750540.89705012
71,1,3.94687155023166,0.0173791127580803,0.000158144599625307,3.74370389663044e-07,43.6185107993349,0.191372417436157,0.00228090816346428,5.46861368315747e-06,41.9163193422723,0.18456857057086,0.00167951742431575,3.97586508851194e-06,641.311776144872,8.19668347882507,0.0689340776569918,0.000111627140942453,29840.0019374291,133.189195123564,1.93034911274138,0.0134564438637474
71,2,5.54408311770377,0.0844404897346017,0.000984101511186085,2.54923281240516e-06,53.2390002600293,0.914402932236591,0.0141520606931384,3.7160324516576e-05,58.8789261226735,0.896769628321369,0.0104512935582278,2.7073203493613e-05,2319.33169185526,48.3750067898303,0.45587027709646,0.000796875135198723,31586.6870664879,625.578160902909,11.9326836617907,0.0912036096792482
71,3,5.8908464724639,0.22668837967327,0.00319759727629721,9.05233412827333e-06,54.1479441046957,2.43237655364964,0.0458745924227445,0.000131677273378776,62.5616006990656,2.40746180680984,0.0339589233790461,9.61370349362862e-05,5258.97540830354,150.715255504892,1.57015793753774,0.00300791824916085,31328.5483473078,1649.33751505937,38.5657217343228,0.322338662904668
71,4,5.62241535711146,0.441178986160771,0.00726684854308279,2.26413383209061e-05,50.9054104231352,4.70753072942265,0.10404496888557,0.000328576093071004,59.7108252914254,4.68538158277013,0.0771749321626406,0.00024045413064933,9227.32885611432,330.633439208741,3.79027359912733,0.00820718353472203,29231.5641805722,3175.38686240166,87.2502681883025,0.802038899360151
71,5,5.05046346588072,0.696055894590272,0.0130923898043395,4.57636567146284e-05,45.4168660060327,7.39996903938896,0.18711848130225,0.000662266970486333,53.6366174495621,7.39220944649299,0.139042982526247,0.000486016335902266,13605.5776679629,577.045798530613,7.31773888270769,0.0188241361458241,25977.5996540734,4974.69004606184,156.568357912428,1.61104197859414
71,6,4.38789668834396,0.94920815957551,0.0201648124873071,8.18379624621937e-05,39.294984730542,10.065720010403,0.28770929815706,0.00118018145223343,46.600067037583,10.0807213593567,0.21415308528229,0.000869130430323951,17714.7664215708,861.246274750298,12.2998585418551,0.0398946743692901,22412.7340278761,6751.13535547853,240.234717162975,2.85876412179118
71,7,3.77642702104174,1.16835081064072,0.0280554207004417,0.000138415195127979,33.7147302975353,12.3670306259562,0.399593795279317,0.00198786372596621,40.1061749722969,12.4080464893125,0.297952431031734,0.00146998843184211,21097.7646111085,1157.50735910232,19.2050100551032,0.082083488418574,19186.2278501668,8280.98776822393,332.946663223895,4.79110201181915
71,8,3.28161458045476,1.3397313743852,0.0368618321743981,0.00023070977844274,29.2243323172004,14.1618041350256,0.524023445312779,0.00329919141385447,34.8511987182672,14.2281316751479,0.391477733515961,0.00245016961548272,23599.3662612536,1459.63191792401,29.2253503851574,0.165436045802961,16599.3482427242,9471.17099051868,435.608920703249,7.91004116673023
71,9,2.90855686388614,1.46530783209193,0.0473495548104076,0.000383529147554574,25.8489768358333,15.4723110171223,0.671699864347472,0.00546356533213348,30.8892743987713,15.5617709476998,0.502858792055439,0.00407313235846842,25284.1469622178,1785.01361645234,44.4627428558778,0.322753196221397,14658.8951482271,10337.4986441691,556.936820025645,13.0376761744763
71,10,2.63016699909593,1.55506560402338,0.0607663521086879,0.000630359852674584,23.3350592365832,16.4039442885969,0.860125620266298,0.00895254331061285,27.9327357007957,16.5150108451342,0.645347026837806,0.00669450843509329,26308.6151262865,2167.43071602358,67.7766129045881,0.60196226645145,13215.7184397368,10950.3418868878,711.243726104481,21.2833189067426
71,11,2.41157322935772,1.62031190812207,0.0784562724398388,0.00100979733710887,21.3650129918261,17.0751061101132,1.10815122983077,0.0143087341970006,25.6112397661129,17.2079355789892,0.833216416632454,0.0107241867678078,26829.3387407138,2644.30587051099,102.333407901683,1.06840933692317,12086.4433741714,11388.2063729768,913.942593968899,33.9208646636514
71,12,2.22381750550839,1.67010269437057,0.101437367168765,0.00156103980199359,19.6773838250373,17.5803142623367,1.43003597651645,0.0220813687844594,23.6172481251268,17.7367205850713,1.07727880711895,0.0165784576502167,26966.3389945375,3243.97250681794,151.031283127873,1.81015925637508,11121.0162324095,11713.5802281597,1176.67358818418,52.2344159869899
71,13,40.1208474214208,80.3266872472049,28.2347875632267,7.55164902842932,158.643491267256,363.775367184862,167.356801443995,44.2311376463652,158.700187542113,313.120859012634,109.391930751115,29.2320044339301,234374.297592065,139297.645943814,53956.2123304736,18186.4939419372,36035.60694035,95475.4107864395,53338.8935407572,39799.2384524936
71,14,9.01000057257334,46.3557374588137,32.4798358762098,17.2358432900358,33.7660203317248,205.61323582225,191.414057266299,100.613980192028,34.9402636774318,179.46647284987,125.721988042107,66.7153299579446,139074.722282421,157299.489385744,101474.492134758,51726.7364931895,7932.83931638745,56965.5386890412,64990.9972979111,96658.4081067009
71,15,2.0257381735064,26.2470554950764,29.5771576819558,27.1331738745739,7.60831645272013,116.388503292954,174.128230848984,158.145041068922,7.84234111141638,101.595875263795,114.485231520846,105.025212198693,76880.9848664304,136217.860305874,125170.58276325,94766.5015194775,1798.05739618015,32259.6727930765,59053.4224552252,151638.703698651
71,16,0.507829030463891,14.8808878992236,23.712361256957,35.4516201828684,1.91366511225065,65.9254331614798,139.450353687564,206.342024529182,1.96569394162126,57.5999209034443,91.7841673673657,137.223678312805,42580.838325037,105421.326450825,126182.124794348,140678.631505205,453.502519838795,18257.2021367872,47230.0553195076,197508.527477418
71,17,0.65139804239983,70.1911229610476,170.751161466483,1048.899552994,1.11902617766826,135.810003178012,433.562965625271,2624.34369267275,0.715953740798211,75.024324024571,181.685156032238,1112.29809217139,47335.2661197582,177598.833722656,333490.256514781,1714828.3720074,112.951785872722,15673.5796355835,61023.2815369476,1040345.40158116
71,18,0.0328685454250286,13.4746188705626,41.773990384238,1068.1834842983,0.0536848338484144,25.6724369392134,105.131366634304,2660.81468623316,0.0349115411960517,14.2753237544351,44.2515752861737,1131.48865274417,9893.95120888349,46893.2136222859,114128.986752596,2103823.9534723,5.48633590271151,3064.91280227347,15344.7267778149,1098060.61785047
71,19,0.001606618960353,2.28993761038848,8.79962729049002,2194.83395479353,0.00152233310745233,2.54543864075377,12.9977831272651,3199.25397861003,0.000473299477198302,0.574341264251526,2.15495237775219,519.002601547395,1858.39097347181,10621.4450649154,32353.1366976557,3781293.6208002,0.333511472138326,675.339979897981,4221.36102815949,2955683.68177435
71,20,7.49328510585129e-05,0.166603954596348,0.76789758610598,2103.05688923197,7.02298188197496e-05,0.185207512962868,1.13409519576982,3073.6112562609,1.78119910598343e-05,0.0392880563962187,0.18092665192185,495.236950089307,137.896016456226,912.431122855509,3275.80100988595,3415809.51028429,0.0189805576614293,58.8490004964935,439.624128006005,3366341.48399073
71,21,4.69303763043896e-06,0.0114463282133847,0.0596812831121304,2302.87164501508,4.40791958813219e-06,0.0128274062330431,0.0886129489857772,3375.74920917231,1.10542408632882e-06,0.00269550499989168,0.0140540524397179,542.287296987043,8.21245229834761,61.1445764155882,248.899536665701,3589808.02984741,0.0010290820374732,3.53807016194908,29.7893654389548,3196269.28749594
71,22,4.04155511080883e-07,0.000426111308554886,0.00245713565866359,1713.80170354162,3.68596620648295e-07,0.000461720080271299,0.00356064161001037,2479.7589045689,9.517229966428e-08,0.000100342141672181,0.000578614003477038,403.571293178027,0.401501612051291,3.26634372573022,14.5217509406021,3037440.24040518,0.000136241120731674,0.199868048196433,1.88158887308281,3750592.34891546
71,23,4.4441764283045e-08,1.43841706872882e-05,8.82872279502838e-05,1162.30503733776,4.03752498647899e-08,1.52672795984438e-05,0.000126127440609945,1670.46003609576,1.04652841787651e-08,3.38722895367386e-06,2.07901479986001e-05,273.703162980703,0.0164700000017437,0.142558372773696,0.672506234971244,2232953.35175264,2.70798670057528e-05,0.0118000062481823,0.119106660864493,4556589.21727419
71,24,3.11764780934695e-09,4.76209532938276e-07,2.98768418190101e-06,805.618330830681,2.82666497134968e-09,5.02202199998464e-07,4.25089482939633e-06,1156.09004433191,7.3415329105475e-10,1.12139284988062e-07,7.03549055156209e-07,189.709480919604,0.000577837598851861,0.00522144941002252,0.0257192436877358,1686836.49828721,3.06923121075706e-06,0.000626373166032741,0.00648033053858895,5103662.04521937
71,25,1.78258236848879e-10,1.79615503324318e-08,1.15530370035338e-07,555.366102841453,1.63156841138277e-10,1.91880609795661e-08,1.66041362340847e-07,797.536408116293,4.19767975608413e-11,4.2296410845416e-09,2.72054466628928e-08,130.77931702691,1.74495231170055e-05,0.000163972754126637,0.000842336858911946,1150695.75878799,1.84880871453853e-07,2.51128038102863e-05,0.000265693605513696,3647545.55806893
72,1,2.75110711383831,0.0124129657452102,0.000119816404019406,2.88888458472308e-07,40.0017208736139,0.18016907843102,0.00189811276741623,4.63770604247525e-06,44.683328045905,0.201610696154234,0.00194605134025854,4.69211020307536e-06,696.224399555244,8.94024558235952,0.0693530962801104,0.000114848594230117,31984.6078768403,146.562944421179,2.19544363548173,0.0140780027745733
72,2,3.6988017661385,0.0589983870290278,0.000737574898139001,1.94947528583687e-06,47.3173978601488,0.842857006151845,0.0116469790410943,3.12269982093144e-05,60.0757316433784,0.958248506042086,0.0119796502892206,3.16632686805495e-05,2431.87636952661,52.0122818033508,0.454218454729502,0.00081168539167119,33743.1291109065,675.938371262778,13.4313086786038,0.0946009525979488
72,3,3.84952099020484,0.156017837974863,0.00237422186146919,6.86564798191385e-06,47.5418328693678,2.2103162794133,0.0373951082497814,0.000109729949448877,62.5237048603806,2.53403300808497,0.038561978832505,0.000111511470956704,5401.82146547755,160.178776895137,1.55085864062448,0.00303349326888792,33330.8002271841,1759.99657436703,43.0231617451256,0.331754602590475
72,4,3.63677969809708,0.300285712954119,0.00535220102319525,1.70478399036253e-05,44.4155556077361,4.23320411954415,0.0841188434124047,0.000271797586738621,59.068372679258,4.87722377363457,0.0869301500054634,0.000276890063297088,9351.75935736848,348.019808392882,3.71497778575502,0.00819648585561085,30984.9788750238,3357.0045914115,96.5910128282641,0.81994079759475
72,5,3.24930907769082,0.469730970965442,0.00957755778991291,3.42579742754253e-05,39.4822122400878,6.60088764518806,0.150241874648485,0.000544570939845627,52.7750965095753,7.62934418779737,0.155558158551017,0.000556416104279308,13659.1626578082,602.512203420888,7.12664815184509,0.0186289775793086,27466.5639940359,5221.09156574169,172.223958557588,1.63851549914443
72,6,2.81631602374675,0.636296226656658,0.0146724942148525,6.10314228683725e-05,34.1081071426271,8.92214755321124,0.229751123669859,0.000966603489412719,45.7424475175891,10.3346877651751,0.238309831324303,0.000991268960564403,17659.8674086801,893.316570900489,11.9230155703726,0.0391827692679955,23677.8444971924,7044.80053860732,262.943093106361,2.89886740377485
72,7,2.42375921846494,0.779117494903257,0.0203388486434547,0.000103081588618008,29.2785334897532,10.9079011126019,0.317887361944235,0.00162551854882068,39.3665618173093,12.654382824991,0.330342443389468,0.00167424540343877,20919.071956031,1194.33946382134,18.570226192912,0.0801907733248148,20289.7151450777,8602.06748775747,363.212745182312,4.8562451746996
72,8,2.10974661592995,0.889829948572257,0.0266740663823813,0.000171928986860989,25.4316420962691,12.4435080186154,0.416053548698112,0.00269903884105804,34.2663866699872,14.4525683122718,0.433238695973304,0.00279246099937974,23299.5532897581,1500.22882328285,28.2502627438277,0.161123209542591,17598.1382947208,9804.02384556048,474.517432377082,8.03120804027563
72,9,1.87477034811487,0.97032980530251,0.0342597604406704,0.000286308260494292,22.5600846959909,13.5564915648654,0.533165031870844,0.0044767154410414,30.4499152556355,15.7600424879711,0.556445115075432,0.00465020277166525,24874.5149832891,1829.71319566093,43.0308797235215,0.313886580833493,15592.2309214641,10672.9698612282,606.869887039225,13.2733403720901
72,10,1.69991611272608,1.02756663443605,0.0440155774077701,0.000471483970027567,20.4271592224266,14.3437751195556,0.683363340950412,0.00734890825681928,27.609942533093,16.6896798690882,0.714898549223449,0.00765781630062901,25801.3987161922,2217.60998363564,65.7108282485923,0.585181251544484,14104.1250001574,11285.0961878518,776.196656870816,21.7277468937938
72,11,1.56220197263649,1.06915171873742,0.0569153163918806,0.000756659118221191,18.7506647369034,14.9108797572329,0.881617996657771,0.0117660218544873,25.3731971634817,17.3651024850628,0.924415389129172,0.0122896151256108,26234.2183429373,2701.60298616497,99.3860664334644,1.03876657004147,12936.0766106562,11722.9642420694,999.351947963045,34.7135786116957
72,12,1.44296466801148,1.10108020759788,0.073684677864884,0.00117175382318352,17.3028608788205,15.3407276735602,1.13906529275186,0.0181878975631216,23.436551523234,17.8836832173744,1.19678242131395,0.0190315601333689,26290.3393522774,3309.41673177436,146.905909435526,1.76042260744424,11929.1646416105,12051.3355623028,1288.85503357266,53.5734048090938
72,13,36.9061375371351,74.7466359416714,29.8335113949561,8.31135659922439,136.719006437888,310.970998543847,134.797746443921,37.14898160681,152.224011038854,303.660067995662,120.426353432515,33.5122522437527,224879.961003517,139521.67400776,54351.7458143208,17135.5255016149,38048.8831422767,97135.2652972243,59822.3832701934,42379.8071401881
72,14,7.89200496497747,42.4472689474195,34.7257808047188,18.8644098275319,27.7447743932175,173.126987964701,155.820975656716,84.0031568902096,31.8750524050215,171.1727599751,140.01021087148,76.0580547408025,131120.839736625,155116.754451804,101400.248831859,48409.7948332749,8025.46490687403,57180.1266749055,73614.7436175911,102234.391733758
72,15,1.66378163716649,23.8173413395024,31.9356841590045,29.6301238436066,5.85275514922812,97.1137312668022,143.076785575133,131.716878942154,6.70899618866844,96.0278521332276,128.759156544706,119.463513043679,71445.4354410269,132647.511208704,124311.354273888,88381.6245366779,1699.19248028998,32083.1589571485,67505.714320741,160060.026296443
72,16,0.389582570787684,13.4646912805571,25.8349501228941,38.7285115762952,1.37266894347419,54.8505454062226,115.572826905095,171.896711965751,1.57074444491937,54.287303183371,104.162031735863,156.146631591336,39286.3807156501,101754.810051703,124802.963542998,131041.059707537,399.010917201341,18107.2728594502,54456.7858971248,208594.822352474
72,17,0.522111365833723,74.0045587788896,206.608362339606,1377.39316266977,0.683516108355153,107.366952813737,327.438865998915,2150.43109376183,0.407933428069748,55.5934555424243,154.562241534283,1024.74652075454,43674.6760683993,169410.938426143,328791.467987696,1649138.87342293,87.1783330109304,15273.8815002431,66397.6447373623,1118043.48923679
72,18,0.0220373020492515,14.2204505924413,49.7370748480718,1422.18880566897,0.0273870228719303,20.3558903314927,78.1073217308384,2210.68972676925,0.0164320422200526,10.5641346029014,36.9454979388416,1056.34711282083,9140.51015593328,44392.0885043291,111360.423749692,2026628.05616802,3.50136912381958,2961.65746575771,16228.7002555582,1180709.21738389
72,19,0.000755949733816674,1.81658329854872,8.25390945034416,2169.96484612647,0.000750756094980809,2.12823668240614,10.622443717679,2771.74460284739,0.000372128879754904,0.860614543512382,3.89568243503556,1016.03490849748,1717.67015323596,10003.218703634,31348.266060818,3565901.45916574,0.198869438130527,659.91491667976,4703.04839579175,3172330.80931738
72,20,5.62815088760869e-05,0.131868871060749,0.749337476901334,2029.66900989194,5.69537879261175e-05,0.155233319609822,0.966756010307538,2600.04028910876,2.63542504599767e-05,0.0616979735452191,0.350553419388961,949.396219318868,127.49147537736,856.769493366674,3166.42873847448,3176386.06619357,0.018896431928125,58.6867501461862,520.314974822933,3605952.70008288
72,21,4.47816268327975e-06,0.00907114556353188,0.0591450223079805,2219.7650040253,4.54852476033215e-06,0.0107517130979601,0.0766885383283259,2851.37316096448,2.09474130815518e-06,0.00424312651381431,0.0276656427493026,1038.31391323947,7.5961371510572,57.3684828778542,241.730254910937,3350755.24463748,0.00131142561563011,3.54284689278166,35.9351163641846,3435438.94150593
72,22,4.16950211981624e-07,0.000344797724488497,0.002554173257363,1662.55679289159,4.15770942125881e-07,0.000397489862460283,0.00323411869076354,2109.80071964452,1.9503206390164e-07,0.000161282090350638,0.0011947362816443,777.675043807255,0.371576322664996,3.06175402546113,14.0874505961233,2794060.95974026,0.000187777429472715,0.203064044306646,2.35318659124531,3994018.92259532
72,23,4.20417468914648e-08,1.17320147101975e-05,9.32936257505425e-05,1107.81445448764,4.17939640270749e-08,1.32921547746001e-05,0.000116510285880781,1396.81350454673,1.96653838598901e-08,5.48774944828245e-06,4.36388849738176e-05,518.189608983582,0.015250331106027,0.133394034008775,0.647429589454318,2000733.5994249,3.43170555182568e-05,0.0121997110682565,0.152533777641705,4788892.62188124
72,24,2.75716635018773e-09,3.87260754014913e-07,3.13120988069766e-06,757.561338773818,2.73653839651334e-09,4.36634389827563e-07,3.89800565850475e-06,953.881309100065,1.28968795025928e-09,1.81144502989277e-07,1.46464998473732e-06,354.355742814206,0.000535258043156155,0.00487677867755675,0.0245366368919851,1475586.38146696,3.65220939369369e-06,0.000650020577654374,0.00828467189680422,5314997.78124583
72,25,1.54054626003939e-10,1.46554673847968e-08,1.21132120897021e-07,521.863976154985,1.54238494180244e-10,1.67216068144305e-08,1.52563581732447e-07,657.592553269844,7.20603582016578e-11,6.85521919571177e-09,5.66605771470823e-08,244.106301963209,1.61701420809275e-05,0.000153002819329042,0.000798737420489419,1002844.3586259,2.14512478534594e-07,2.60473488781037e-05,0.000339518403572013,3795457.07720864
73,1,5.88307354767195,0.0260284722804606,0.000235664500462525,5.35387837055591e-07,45.2322938958819,0.2011806538464,0.00237988639228561,5.47345009529711e-06,46.1160209004529,0.204031032752867,0.00184731823268218,4.19677851779946e-06,692.396225592372,8.71527317129752,0.0749382837978699,0.000118113652745377,30940.4041922042,140.394157614069,2.02964085081215,0.0145473706201167
73,2,8.10158594992879,0.124582839722072,0.00145822933679175,3.63555334383487e-06,54.0801232868241,0.946293468634548,0.0146811735917856,3.70886440643818e-05,63.5064144560249,0.976575389361632,0.0114307145794146,2.84982420550132e-05,2440.82761851548,50.9683514678352,0.493567024755048,0.000841111895241033,32443.002342625,649.635116319084,12.4762321007003,0.0983366964362756
73,3,8.50191314042334,0.330922148619793,0.00471704126321036,1.28810701695854e-05,54.3978004841038,2.48994172624197,0.0473742663942393,0.000131126886740397,66.644484536956,2.59402038721956,0.0369757698454389,0.000100971659855564,5439.77810836741,157.704228472743,1.69431013603717,0.00316777244963159,31946.7604145905,1695.05177247982,40.1463933533565,0.346828710532233
73,4,8.05017302332366,0.63904595485676,0.0106823040883758,3.21629937858056e-05,50.7903510537461,4.781094271937,0.107064704247602,0.000326642791717403,63.1034006948228,5.00932996531825,0.083736053036337,0.000252118094670819,9432.02871763188,344.131337609701,4.07873345590447,0.00862457008820958,29648.67515589,3238.89032906368,90.5181628122562,0.86168421608324
73,5,7.19466286236262,1.00237793676152,0.0191939130487495,6.4933984663388e-05,45.1147270748509,7.47170617001178,0.192024739892053,0.000657603279793617,56.3972590592077,7.85740336361074,0.150456540810692,0.000509002134619152,13791.2212527722,598.131250322871,7.85698291894243,0.0197371232045635,26252.4418266283,5045.80924619429,162.015174778444,1.7293065958592
73,6,6.23308657020109,1.36094200896081,0.0295040897560094,0.000116042136032224,38.938969707462,10.1186808700553,0.294667126560037,0.00117109031207768,48.8596901290608,10.6681022463806,0.231275575396365,0.000909626834890221,17848.0228285569,889.882651735594,13.1817018937136,0.0417317273458719,22606.4683879558,6818.87025249056,248.13793856277,3.06766768982939
73,7,5.35946198416297,1.66961056790148,0.0409955009539613,0.000196196002418582,33.3873669286584,12.3911448421962,0.408718712414909,0.00197187919572695,42.0115538033087,13.0876820119698,0.321354027533031,0.00153793401948902,21162.481697027,1193.10466455271,20.5481073813144,0.0856676579139548,19346.857693367,8337.70132983682,343.505564406084,5.14170131779394
73,8,4.65983129000441,1.90982461835043,0.0538223535082262,0.000326915049638849,28.9626871429593,14.1547575985692,0.535577058263017,0.00327171032979004,36.5273144082085,14.9706630900272,0.421900688336479,0.00256260968686744,23594.1931088792,1501.75157744103,31.218131211318,0.172314654964396,16756.2949363972,9513.77545559609,449.16449116279,8.49038802386345
73,9,4.13617549787988,2.08512786499294,0.0691038919357998,0.000543202558971167,25.6592928249285,15.4372509448707,0.686198188348938,0.00541564185791897,32.4225006134168,16.3448237427157,0.541689050628147,0.00425803627299658,25215.8694503581,1833.78656917459,47.4111012229124,0.335614002104612,14825.3402423224,10366.5229911393,574.135791586833,13.9939975858342
73,10,3.74690880707032,2.2101261958179,0.0886442781724253,0.000892225764320609,23.2077338671048,16.3466408957135,0.878299803277984,0.00886854731047916,29.3711311712775,17.3246560684779,0.69486151274155,0.00699394655904209,26186.3334601108,2223.535763401,72.1369225799427,0.625019040571922,13393.8923864573,10968.3987369623,733.060812560156,22.8382197930164
73,11,3.44105365470087,2.30103091726909,0.114368495465825,0.00142827693253178,21.2849575600185,17.001929993999,1.13078287795942,0.0141646427428858,26.9736050338111,18.0372366609902,0.896507562674012,0.0111959247727466,26661.4161941283,2708.5981823066,108.717479440152,1.10751625154469,12272.5830079192,11398.7474564558,941.555514991183,36.3830973100311
73,12,3.17705603636801,2.37069077843795,0.14771419608824,0.00220638220175213,19.6295389325335,17.4971539721634,1.45774404572799,0.0218435675804974,24.9041901971522,18.5832838228273,1.15789661626694,0.0172953077852737,26759.6541136614,3316.97521619224,160.17933728862,1.87221766020502,11308.8954003912,11720.1145733779,1211.248790128,55.9973380575929
73,13,34.9024506114794,68.7489742330324,24.364760820811,6.21154006218479,156.625307726047,356.995584051345,165.816868780835,41.77601957689,179.330157857726,350.631155267554,123.881332407314,31.5678638301575,231904.685301771,140103.406251249,54525.0824295242,17495.3521436473,36518.3148897672,95073.1839774432,53966.3634598092,41255.8339624833
73,14,7.71430066901217,39.3980539792197,27.8198025196074,14.112438680443,33.0425169522828,200.890342549722,188.282779319664,94.582572319602,39.2407156247715,200.240328887877,141.380561527185,71.7192152961384,137471.600451587,157152.004877771,101707.809090058,49538.9606151718,8019.86615208485,56741.5271817889,65524.1856375031,100075.707375572
73,15,1.73427297633717,22.3364795733186,25.2924428300233,22.2378158491296,7.45073385614278,113.880256753391,171.003034000216,148.80779764365,8.81424668789682,113.513979216727,128.535828222154,113.012250277047,76001.8435486025,135565.055769323,124992.867080293,90632.001389882,1818.45374151469,32180.5375097618,59448.1308658836,157174.782559136
73,16,0.43636804368201,12.6802063992601,20.2680432095691,29.1000853294034,1.88072067920587,64.5878781151235,136.883030151844,194.454673124979,2.2176292815851,64.4406259361207,103.001894924873,147.886201799265,42106.4526482839,104685.876143982,125768.841325447,134475.486728171,460.09966182074,18237.0055357319,47527.8648147995,205058.47635457
73,17,0.738950400126198,79.1425536465331,192.741527307685,1156.09008935711,1.0538740913509,127.509022102975,407.103086659609,2403.0726960385,0.671847499053536,69.26187165017,167.646662584526,1000.90395726814,46803.1189289947,176094.847620169,331894.658173937,1671939.00318678,113.452168228502,15545.2991264788,60883.2374723263,1087386.17346118
73,18,0.0364215270520275,15.0148040175589,46.5801197524634,1168.52566563478,0.0491559758006442,23.7860810715188,97.4234656084319,2416.34988518169,0.0316048563783506,12.9825046434343,40.2695043617259,1010.15682797314,9779.45198192297,46451.862779504,113403.288528661,2054701.07527987,5.42350614291275,3030.67600572806,15259.6423693822,1148858.56455114
73,19,0.00157172278139523,2.25162254541843,8.68364626750573,2113.80638114914,0.00144465750241387,2.46187303542794,12.6156716287071,3033.3245384584,0.000577954351725201,0.755105783966745,2.87438849400732,686.696194613664,1836.61958451353,10513.675256157,32110.7280431575,3630949.62577059,0.331474502635445,671.595386035891,4234.25508328965,3106469.47082167
73,20,7.90981466829005e-05,0.164856215194561,0.76382662171013,2014.73008241853,7.27683242695467e-05,0.180798182924284,1.11161537021564,2900.95475409079,2.57577418661517e-05,0.0534759536226374,0.247657795585968,653.056999979673,136.294266729653,902.834235389465,3250.36640852832,3252268.02969873,0.0204927516727629,59.0568152439896,445.469758755936,3530016.65810201
73,21,5.20256043473633e-06,0.0112509401553907,0.059000182706985,2191.29241771722,4.79306401231414e-06,0.0124259279077352,0.0862561943859796,3162.46671942627,1.68656617068377e-06,0.00364694439464797,0.0191244192792955,710.286115603464,8.11919526502399,60.5207445370195,247.206705864621,3424622.54113389,0.00117795384303999,3.55824439155981,30.2774377052505,3361613.53824863
73,22,4.57498257125699e-07,0.000424876064869505,0.00246659557683584,1636.71642823005,4.10572420217686e-07,0.000454580014189461,0.00352440397622206,2334.40113860822,1.48293969086254e-07,0.000137719538441488,0.00079952305358462,530.525703042719,0.397072681678357,3.23328090906701,14.4245892383279,2864872.7512172,0.000158436306716691,0.202601264565715,1.92826091495873,3923255.41173767
73,23,4.83629154949e-08,1.43939872373368e-05,8.88047545562136e-05,1092.9598979651,4.32383797437113e-08,1.50916320897173e-05,0.000125130046268586,1549.30473466522,1.56763690619108e-08,4.66567104417831e-06,2.8785197134418e-05,354.272315143496,0.0162932003718401,0.141061963584554,0.667426583015297,2069717.97210819,3.03914077605401e-05,0.0120755421731976,0.123012454264932,4719934.53076686
73,24,3.29339039108953e-09,4.75557458973896e-07,2.99831673131356e-06,749.147293541003,2.93895084884464e-09,4.95656212301888e-07,4.20908569294321e-06,1060.62328918736,1.06752044783039e-09,1.54147322832852e-07,9.71875191458903e-07,242.828805119368,0.000571763921341054,0.00516453567854196,0.025502347923546,1544428.30506594,3.3542719668624e-06,0.000642270043854606,0.00670332977465287,5246169.0569493
73,25,1.86547514113171e-10,1.79544415079469e-08,1.16170555499074e-07,516.117339163539,1.68086675138264e-10,1.89581851177897e-08,1.64743130522e-07,731.218709428056,6.04675613756008e-11,5.81975749739914e-09,3.76555550894171e-08,167.294413062723,1.72695320397253e-05,0.000162170460370413,0.000835000370665628,1051624.36247053,2.00075702930947e-07,2.57461037829581e-05,0.000275047570514683,3746686.00575201
74,1,5.08135557737069,0.0214492511487535,0.000176332963981712,3.90746328943502e-07,43.2738912714419,0.186690813966302,0.00199959957057714,4.48671673694934e-06,47.8113048941508,0.201819508752999,0.00165914566997914,3.67659605491628e-06,688.921758897167,8.44082452604747,0.0655261338238287,0.00010046627128375,31564.8541825084,141.651612064477,1.99059377071517,0.0128312514449343
74,2,7.0106903424018,0.102837915581029,0.00109019098119724,2.65014881101524e-06,51.6220705485653,0.879651853188275,0.0123249675979792,3.03650864576164e-05,65.9647309414416,0.967618750874288,0.0102577850735345,2.49356831831643e-05,2438.96932365723,49.3555739223254,0.431125702780493,0.00071499565735399,33154.0352307079,657.087896462776,12.2281616442789,0.086638155233803
74,3,7.36351369098973,0.273362331917384,0.00352324863678372,9.38378452716503e-06,51.8910138150349,2.31634981581616,0.0397339399467922,0.000107284601772198,69.2845034777775,2.57211084697225,0.0331508221037212,8.82935618769378e-05,5449.44834530436,152.630686276877,1.47885348588546,0.00269507329921335,32657.9617328801,1716.50713967889,39.3165372602181,0.305391275808391
74,4,6.97171513476433,0.52794552093082,0.00797231036190429,2.34432528671311e-05,48.413916155848,4.44828064851335,0.0897232548830913,0.000267379738748154,65.5980068444374,4.96752566994846,0.0750127708285739,0.000220581396730566,9460.57393188347,332.831266550035,3.55994166236679,0.00736227628175023,30293.6224007622,3281.05257004482,88.5824228881764,0.759151425874057
74,5,6.22662711673758,0.827887760611093,0.0143185537288931,4.74508157528111e-05,42.9593225512886,6.9497472062713,0.160850305876521,0.000539621050230856,58.5873519393759,7.78973121207832,0.134725611611228,0.000446472478630936,13838.8077941861,578.154314098905,6.86679551111788,0.016961670963658,26797.7406351307,5110.90276377518,158.491726807463,1.52737408577177
74,6,5.3895193851639,1.12353795124417,0.0220178601575752,8.52543620561616e-05,37.0357462034567,9.40762296223053,0.246909076217268,0.000966032086115854,50.710868514016,10.571552163425,0.207169643824712,0.000802172222699011,17908.5049366798,860.00386173706,11.5611882730899,0.0362082502743764,23050.185387947,6904.44733362253,242.833550569579,2.72385656257608
74,7,4.63005534862628,1.37772842635474,0.0306432296642184,0.000145321795587064,31.721579919635,11.5150021703739,0.343012842524897,0.00163972783708384,43.5649473018203,12.9632718771217,0.288327154852551,0.00136735651949274,21227.2442880298,1153.69479799441,18.1356444413978,0.0751027374019523,19706.0286544744,8438.93849396238,336.702037504431,4.60275061599681
74,8,4.02280034245775,1.57538347369255,0.0403631490703705,0.000244473064555005,27.4941039512677,13.1490041687026,0.450918811403389,0.00274660287723639,37.8511857265191,14.8230405133142,0.379783464728542,0.00230028701000589,23655.3389653902,1454.54566537171,27.7923574241461,0.152439470770176,17053.1483895877,9626.10091609771,441.690935396232,7.67433721217139
74,9,3.56882949879665,1.71970253410524,0.052079190776998,0.000409905775957296,24.3424117831138,14.3376443510871,0.580533697099133,0.00458773187359996,33.5796998820731,16.1809621337096,0.49002161548555,0.00385687042242154,25267.3222925372,1781.30332811733,42.6114437394256,0.29904594469381,15078.5619644853,10487.1761231706,567.334999278111,12.7665644782907
74,10,3.23148902109975,1.82295910950576,0.067205230511327,0.000678264961139719,22.0048005816079,15.1830835140851,0.747440347864594,0.00756862870744479,30.4056082077702,17.1525201232323,0.632344994860874,0.00638190584427678,26223.5231036181,2168.43749793129,65.3994011534534,0.560235615514187,13615.6957432779,11096.7787081174,728.680037180732,20.994197190363
74,11,2.96626266844101,1.89866651991721,0.0872328144944528,0.00109200764699404,20.1706650757542,15.7969935390752,0.968073275887322,0.0121582912203026,27.9100501190186,17.8648635179848,0.820787804959574,0.0102748783788502,26680.6968093267,2653.16298436846,99.2610447508769,0.998309490385902,12469.3929798309,11536.0159710549,941.5895444141,33.6440920947875
74,12,2.73705580294342,1.95747644788632,0.113266017356121,0.00169488055021836,18.5900522424055,16.2671484713776,1.25457794302403,0.0188383168462808,25.7534052703602,18.4182157394778,1.06573846437289,0.0159474080315369,26758.0578180128,3262.74787665618,147.062152699251,1.69777288995709,11483.316736243,11868.4988111413,1217.76696465402,52.0328546688346
74,13,35.7125130653186,68.5321823564481,23.4709006068444,6.21591489254488,148.37414012103,335.857402799776,150.021794625621,39.2898495139146,181.22306352484,344.074119864313,117.340411260228,31.0571553744224,230299.091658059,140224.253404336,54240.8235950748,17234.2254188121,36550.5938876793,96014.9963902894,56209.9951273235,41255.2277675783
74,14,7.67997232649084,38.9995212766174,26.9827466802736,14.0692866827945,30.2555818001595,187.375128665986,171.438376928661,88.6165511454866,38.4252353384809,194.876932611626,134.81241596971,70.2931308007107,135556.033312708,157060.548142921,101385.1206997,48683.1546084059,7789.6720306279,57071.9775090289,68984.1469174179,100150.465019777
74,15,1.65448664945801,22.0625553191965,24.7139858955485,22.183045769808,6.53284448824227,105.986978275128,156.835363272448,139.502819198534,8.26723632907696,110.22960985792,123.476284980235,110.831164051941,74569.4349389727,135175.870656284,124703.723084915,89124.5190006862,1690.92547136211,32298.0983635355,63033.4892110508,157396.237115178
74,16,0.398812165904521,12.5308321420839,19.9187958251592,29.0612093567461,1.57954761198258,60.1364493246152,126.246428065944,182.49436392556,1.99257086282042,62.606681032717,99.5184949058337,145.195916282664,41248.6159556368,104201.736944546,125564.824191664,132412.987951831,409.70990187411,18310.9860531449,50671.2941870717,205579.750804174
74,17,0.579845406413812,70.8612164228239,168.402657471061,1052.13756844253,0.850293199229806,119.871945587231,372.135387636432,2289.80067039525,0.636530782684489,75.0082535880428,177.336467042547,1103.36967208347,46029.107176649,174989.712901523,332250.408409313,1665246.81720908,95.9069849324085,15564.8860115035,63568.7953750365,1093106.09802059
74,18,0.0271020878345607,13.4955190122296,40.4822728703161,1068.65904183736,0.0374965236732742,22.4575969053777,88.6037636792969,2314.11240233997,0.028494564945711,14.1369277968351,42.4010041690119,1119.2513766941,9652.50231778337,46113.5344959595,113288.143799696,2048073.31297248,4.31169694029847,3034.80082524675,15784.9398349043,1155647.11620146
74,19,0.00122813466754284,2.21555095323689,8.44149707698543,2115.31812223079,0.00104095531531458,2.28114109036528,11.4936968871042,2846.30530444462,0.00044462982433278,0.703340219328414,2.63178023384923,643.261879936977,1815.66013599634,10426.694184383,32026.1009805669,3566559.36079975,0.257076848452826,683.170829758243,4539.95091051168,3170965.99690734
74,20,6.70114438515171e-05,0.165154579682763,0.768718350746763,2026.26296724058,5.65949896580476e-05,0.170353321170056,1.04757111039928,2736.55277799201,2.044545419983e-05,0.0501205961448206,0.233143181618696,614.313464879994,134.764488447236,894.774883957738,3242.91613017727,3202366.02988873,0.0170239527869005,60.3929210747301,488.228926500963,3580083.30734074
74,21,4.59886805248971e-06,0.0113043309996088,0.0599356954746735,2208.84266336048,3.8916554442949e-06,0.011742684547784,0.0820421547416341,2990.4149111001,1.39449112532212e-06,0.00342726284636922,0.0181710742735209,669.664557700515,8.02528981412004,59.9647684887024,247.274764018021,3377879.90461556,0.00101924389778811,3.63897845510114,33.3919422024107,3408548.68976353
74,22,4.18958757257543e-07,0.000425442043718726,0.00252200914367883,1633.1901805713,3.45387039140365e-07,0.000427597132021952,0.00337144789027054,2184.37242996792,1.27017988812846e-07,0.000128983262779465,0.00076460874302407,495.141457211516,0.392283852814844,3.20119239054575,14.4163528252029,2795515.25519183,0.000144244787763127,0.209184010828724,2.16977732434963,3992801.6441628
74,23,4.38593647813859e-08,1.44475430687112e-05,9.12750907701546e-05,1084.32036495597,3.6019513561577e-08,1.42351852308008e-05,0.000120402770483317,1441.48383888668,1.32970374681642e-08,4.38012543707992e-06,2.7672271264543e-05,328.738178793516,0.0160885107140253,0.139483978021813,0.664532671875018,1995456.86021155,2.74953503581299e-05,0.012559536177766,0.139915949951135,4794337.62452513
74,24,2.95155000543387e-09,4.75617437032922e-07,3.06633365323046e-06,742.24783644262,2.41948054286215e-09,4.66066714466822e-07,4.03232241752782e-06,985.612851355621,8.94834410797255e-10,1.44195032621225e-07,9.29633873454565e-07,225.030544340536,0.000564342783847824,0.00510087747430762,0.0252908633891791,1473185.97139789,2.99596258598256e-06,0.000665577638686723,0.0075892243133713,5317511.09814697
74,25,1.6670023985779e-10,1.78808755423157e-08,1.18438030994784e-07,511.467115361397,1.38043687439186e-10,1.77597302247603e-08,1.57428290094083e-07,679.651037664401,5.05392456225112e-11,5.42102375970923e-09,3.59073792835594e-08,155.063737111959,1.70382262411566e-05,0.000160047907207309,0.000825842263631475,1001180.85314712,1.7818621218137e-07,2.65668561240298e-05,0.0003105163360599,3797197.96362219
75,1,4.79790321732632,0.0206733147031024,0.000203649519497261,4.74856909001684e-07,44.4225544373536,0.196173030358288,0.0024530917906423,5.79467415781004e-06,47.8953289739274,0.206372484778548,0.00203294236875811,4.74028483735275e-06,676.726486917628,8.57046931894308,0.0771167177132122,0.000124075536990966,30443.1856593846,137.268387322896,1.99196889777205,0.0148919677786397
75,2,6.64452261167307,0.0994654664902887,0.00126152455333898,3.21863703328212e-06,53.235262101476,0.927571920172154,0.0151491620475908,3.91933114444151e-05,66.3293071880938,0.992919411524161,0.0125932372442743,3.21302186755277e-05,2399.28805658308,50.2500878248993,0.507501562302201,0.00088023604280585,32036.12746844,638.654370736945,12.2594940484512,0.100491165228929
75,3,7.00103355930675,0.265294651419038,0.00408222283998248,1.13722042570439e-05,53.6854833698505,2.45089301163934,0.0489011960196608,0.000138182105868101,69.8881970502442,2.64831824011218,0.0407510108081747,0.000113523645513079,5375.36888280207,155.734476274788,1.73931838837735,0.0032973809446245,31634.4345431656,1673.64939613285,39.4666178896801,0.353476360310477
75,4,6.64730866456304,0.513921456663211,0.00924133357275958,2.82804122777633e-05,50.2288539554584,4.72114316677604,0.110474012174478,0.000342822008527527,66.3571191121072,5.13024880217595,0.0922521133871001,0.000282310748718391,9360.93238942248,340.107221307128,4.17611230945845,0.00891229832300737,29419.4393801994,3208.57617770934,88.9600393223514,0.874739890746898
75,5,5.95117517994525,0.807965495171755,0.0165861155297835,5.67748748884022e-05,44.6765563413661,7.39528766308026,0.197915050800634,0.000686292823732438,59.4079288626808,8.0655593574891,0.165571797453061,0.000566758266488944,13733.7718342115,591.168869848723,8.0133955472826,0.0202183276371584,26083.9111433514,5010.70019920056,159.059287110121,1.74585658149774
75,6,5.1604201290323,1.09874516557582,0.0254454379581255,0.00010074791183588,38.5860223548624,10.0316098039325,0.303108577746994,0.00121352945647427,51.5141736980287,10.9682831812293,0.254010463881183,0.00100572149171127,17819.1681702168,878.931432799386,13.3733071505453,0.0423972614647384,22475.3017067813,6782.94759493575,243.15186377933,3.07547691138146
75,7,4.43835254456885,1.34936600119692,0.0352558660531487,0.000169086168354514,33.0878117880771,12.2978316781729,0.419234796786393,0.00202807225700924,44.3060948909372,13.4701192596324,0.351943594188892,0.00168791184220536,21168.3145840746,1176.80260434172,20.7158510467751,0.0865746370061597,19235.8613363004,8303.16871113875,335.677297411457,5.11665918237156
75,8,3.85867557135312,1.54447737527143,0.0461238866933704,0.000280112181214571,28.6965560490367,14.0574055098635,0.547417007467374,0.00334478957217419,38.5194380799961,15.4178291288326,0.460434199413922,0.0027962350345934,23634.1387049905,1478.3436944221,31.2809318296414,0.17392765685929,16656.1408516796,9480.98993898035,437.415929591092,8.39841771743107
75,9,3.42461438602158,1.68676843889347,0.059003477582511,0.000464127575315443,25.4173040334594,15.3362655714346,0.698787245598527,0.0055197833327045,34.1863987658241,16.8382573854128,0.589005413701306,0.00463317868216443,25286.577622047,1801.24791417357,47.2996582536777,0.339460121630201,14732.8540290936,10334.6774261052,557.103381886474,13.7995821530717
75,10,3.10245822830714,1.78800617204372,0.0754657729359673,0.000762508222147331,22.9877309233196,16.2412806700377,0.891740709850831,0.00903923494055334,30.970457456506,17.8488685449493,0.753341169531563,0.00761177966516431,26284.2591601129,2180.00177755925,71.8454034065379,0.634674314911312,13309.4830081657,10936.1669677831,709.226591715862,22.5198779629625
75,11,2.85013454103485,1.86132174242047,0.0972202047432972,0.00122346435046801,21.0883639622486,16.8908146604519,1.1462882258929,0.0144687177200197,28.451622569179,18.5807452008652,0.970505964413267,0.012213299205771,26783.4078118481,2653.07031258591,108.361517013219,1.12987377611418,12198.0963143291,11364.6546364706,909.541688666745,35.9525415575706
75,12,2.63304099207992,1.91715571587609,0.125587439620515,0.00189639018436527,19.4585294392273,17.3786717898189,1.47786944478917,0.0223857971487856,26.2844744475234,19.1381108677927,1.2536834244376,0.0189308178237319,26902.3322979935,3250.08707949952,160.039986605164,1.91900883906287,11246.1042507962,11682.7407583372,1170.18873709881,55.5153440608013
75,13,31.0559152616087,59.7413550764986,22.452269325403,5.71204660960652,156.990623009034,357.893305237576,171.105675256276,42.9892661215732,191.604123951413,365.472359165941,136.888823786094,34.807826490183,233406.446791883,140062.692892075,54665.0332265164,18089.6748712622,36354.0094954728,94709.3101757497,52559.2051130125,40682.4935119201
75,14,6.87342833317656,34.2623000908233,25.5332746924806,12.9513987048627,33.0822406849197,201.448582379434,193.508026729226,97.1253595355693,41.9295406549072,208.802394750959,155.589415982783,78.9201000848086,138561.070340879,157732.559055485,101897.207166207,51155.2519033366,7983.05719552456,56588.7098669359,63629.7394818849,98564.9756801983
75,15,1.54370210302018,19.4552793835602,23.114743384284,20.3695499008151,7.45360043127152,114.380595188083,175.021420562552,152.514779157068,9.40753834725618,118.552226503757,140.85101676108,124.123011994211,76792.9874532863,136337.611671044,125195.226613798,93461.1742054913,1808.93200891698,32146.9187238244,57501.2220568254,154513.657031675
75,16,0.388475137640913,11.0619226478638,18.458364646028,26.6054233049598,1.88211801286085,64.9754413030616,139.621061750822,198.921393383813,2.36721327649737,67.4064614071025,112.477095818868,162.121661351777,42655.0042919142,105427.666896613,125965.550671461,138494.995444374,457.877331739501,18247.7501121215,45820.4200732871,201215.083113697
75,17,0.745031458504704,78.2125258431837,200.689506211533,1184.02800167928,1.06751953731859,129.491050992723,423.141636087573,2455.55534411532,0.73545233235681,74.2220381707752,189.306783057333,1111.61975621397,47475.973410329,177656.288846111,332516.01436681,1693303.09055793,114.009628120324,15667.3132337767,59662.4207090932,1064019.28585917
75,18,0.0372146024314799,14.8348045674414,48.7226035595447,1193.11212504136,0.0503371394738789,24.1410365701276,101.675263643332,2461.23833971709,0.0350225103825494,13.9086939593956,45.6743711316843,1118.39939886724,9914.90737501269,46914.9545702653,113879.899912843,2077966.99133346,5.52957864826124,3062.96712335238,15065.3283546592,1124488.62357582
75,19,0.0016397441673833,2.21675265107716,8.96769184069,2152.50187067714,0.00148218758009651,2.4472116314038,12.7746183274206,3026.27341934682,0.000657175968343113,0.81014440773731,3.2374118435662,762.041446396485,1861.9464769243,10633.3700286216,32302.9353495877,3689416.62021204,0.346218108807014,680.133164780708,4151.40000167336,3047631.73908954
75,20,9.01021702605794e-05,0.163811791402981,0.786034191049182,2074.89142518414,8.14786126312736e-05,0.181512568969214,1.12245662916819,2927.8581861609,3.19649266471983e-05,0.0579033815828297,0.277724828399595,732.884479122639,138.265299153801,914.446083444923,3273.61630787424,3327650.881791,0.0230455323127205,59.6087174675943,429.867019835794,3454445.0617629
75,21,6.12983962620477e-06,0.0111863244014023,0.0604981066533328,2255.53291251526,5.54916719293007e-06,0.0124811570332692,0.0868022821042865,3190.62791859172,2.16540024702998e-06,0.00395124205001887,0.0213689303628862,796.687529628008,8.24423082738547,61.3630426746533,248.819925441958,3497171.71134672,0.0013693149899514,3.59280213577207,29.1190633553841,3288884.10340788
75,22,5.48874714698763e-07,0.00041974994410937,0.0024923081691473,1676.14338231781,4.83740612113092e-07,0.000453304623200306,0.00349018767050813,2341.27175339016,1.93871104065625e-07,0.000148261983582284,0.000880320173997424,592.038590318002,0.403559610679453,3.28084998045135,14.5238029599089,2935087.66021716,0.000189402834908702,0.205061012806909,1.84258599201535,3852932.62211925
75,23,5.80569798440781e-08,1.42564852242012e-05,8.92663785960139e-05,1122.70310692365,5.09654160660233e-08,1.50872423064492e-05,0.000123181779022542,1557.92459355517,2.05065832870055e-08,5.03560124061849e-06,3.1530203068767e-05,396.555313690214,0.0165725551883261,0.143211573908415,0.673040309958999,2135240.91671417,3.6406465802125e-05,0.0122769959937984,0.117040793929853,4654330.93781446
75,24,3.94549081306563e-09,4.74049784567789e-07,3.02469053423483e-06,772.915295915156,3.45702028343447e-09,4.98752448670262e-07,4.15719576205141e-06,1071.11347903067,1.39360561046594e-09,1.67441383356215e-07,1.06836535540549e-06,273.005094345427,0.00058191345630986,0.00524463223604486,0.0257617613687919,1605193.91553683,4.00233289301346e-06,0.000656104483285739,0.00638620715321207,5185339.01194986
75,25,2.22862859484777e-10,1.7975360399258e-08,1.1733286324265e-07,532.656632508936,1.97236300178493e-10,1.91587498897643e-08,1.62929308855778e-07,738.69903110637,7.87184524660929e-11,6.34916269344481e-09,4.14436996768739e-08,188.142187093917,1.75857624214009e-05,0.000164721034943136,0.000844564107393982,1094370.19659732,2.38102241291103e-07,2.64036048936066e-05,0.000262246481312061,3703895.30423583
76,1,5.81056216202704,0.0245415155758495,0.000255645346263631,6.1270897508036e-07,43.3042482836232,0.192807458241907,0.00246317203295875,5.97696405573704e-06,42.8296702339803,0.180895581158199,0.00188436257491192,4.51627959917345e-06,664.837074801829,8.67092929423455,0.0797798785321115,0.000131426127149883,30096.1085386255,137.89986489555,2.06777433065272,0.0158494098778545
76,2,8.00954993060351,0.118219381048657,0.00158772740329509,4.16619305870388e-06,51.8132566743379,0.913803812907643,0.0152523600754463,4.05570940891788e-05,59.0384153347867,0.871395394178673,0.0117031432085841,3.07090208932791e-05,2368.40156360402,51.0026818613441,0.526840649978439,0.000935783300286436,31472.9324015997,642.919426940053,12.7593298462522,0.107292051953911
76,3,8.40636973305153,0.315601855618983,0.00514988336304656,1.47613761445441e-05,52.1109639901034,2.41817447239926,0.0493535918812594,0.000143400775870333,61.9633752280361,2.3263021760149,0.0379598049263102,0.000108806145574392,5321.69411442275,158.503576865795,1.81128894574969,0.00351635588462019,30964.1175851378,1687.05970306052,41.1723472015776,0.378462245423833
76,4,7.95810765893487,0.611805797622476,0.0116820684378052,3.67880545810345e-05,48.6448427361873,4.6630357941061,0.11172955441958,0.000356570814525619,58.6592342039051,4.50962227556082,0.0861085597038754,0.000271164855020795,9284.02959483235,346.96978864007,4.36070763910775,0.00952473281267986,28727.3716921739,3237.2608061586,92.9933561645244,0.938642013696248
76,5,7.10813164225421,0.962346540836002,0.0210001433294476,7.39368300300252e-05,43.1870603427899,7.30960156782647,0.200493927864317,0.000714701359161312,52.3940585658004,7.09345909147609,0.154792116250726,0.000544988584585957,13635.8519342985,604.249719906177,8.38461887746615,0.0216245137575635,25424.0642464742,5058.67848577938,166.535434136487,1.875661642102
76,6,6.15136364418607,1.30907701663189,0.0322479791995365,0.000131149951531167,37.2384334926631,9.91977626901008,0.307368380085206,0.00126347991359109,45.3417189289436,9.6492104154114,0.237699946462078,0.000966706666007484,17703.2503787456,899.6104484089,14.0071256188452,0.0453152671802913,21872.199336342,6850.4144185029,254.826361368324,3.30333715993209
76,7,5.28153338490147,1.60778007050119,0.0446839414538302,0.000219656852627977,31.8864048149409,12.1627760534262,0.425181968311371,0.0021076402438062,38.9301976120973,11.850951475633,0.329365459632979,0.00161909128589518,21036.7285443058,1205.31738976826,21.6915726137061,0.0923947028592871,18693.8594795042,8386.69242704366,351.828406993137,5.48545367376041
76,8,4.58561147466611,1.83993976514974,0.0583965355496491,0.000362732308201983,27.6241945712696,13.901713298348,0.554643776663194,0.00346566389151339,33.8005552310606,13.5622012456467,0.430441029741236,0.0026737008761441,23488.3253162177,1513.94492264202,32.7037434339797,0.185358885124511,16169.7679834981,9575.07025924152,458.007229110681,8.97654114062451
76,9,4.06643732477004,2.00864571949656,0.0745383294353086,0.000599057812176809,24.4519675591746,15.1613586089678,0.706522840624355,0.00570142801364949,29.9737210945338,14.805733315298,0.549422238414253,0.00441565683855824,25127.7915883209,1842.68645140602,49.3392464231087,0.361453301414646,14294.0371588416,10433.4659393005,582.092491546842,14.7024874563372
76,10,3.68272993798838,2.12789857097703,0.0950443521850958,0.000981638102301523,22.1107821075904,16.047335880798,0.898960040765909,0.00931349985185829,27.1454128544809,15.684746422971,0.700572190465965,0.00723565724594495,26114.25184888,2226.02695339415,74.7764973865101,0.675455488394549,12911.0283466869,11034.5173802024,738.845530578143,23.9317991512285
76,11,3.38334242021671,2.2133629639992,0.12203543757113,0.00157233117401622,20.2867976328637,16.6769629736487,1.15183405325466,0.0148828336203609,24.9386266088868,16.3147047071811,0.899523557666858,0.0115896575587497,26604.5618856031,2702.74490761174,112.589555031961,1.20176587042572,11834.6770182147,11458.3868001523,944.437703318571,38.1400534919986
76,12,3.12629467697168,2.27750031460906,0.157159359039442,0.00243434534861609,18.7242942214696,17.1432682885496,1.48056911842991,0.0230012303518285,23.0439269618336,16.7874613010703,1.15842208277742,0.0179435664931392,26717.3067892807,3302.88693661704,166.09732824766,2.03860027780266,10914.1152146542,11768.4596248806,1211.3980289847,58.8250900946621
76,13,21.4276414723941,40.0552808436572,15.521662073655,3.92560864415201,151.8988757086,348.460935850396,166.441673514154,41.6095268610976,181.500583824625,340.299421083761,132.023943474504,33.3967371286701,231315.865884857,139576.893310792,54394.4868731078,17935.2618488308,35927.5451013106,95331.9897568482,53460.3837589529,41074.8365728634
76,14,4.85566452148261,22.9598553528346,17.6331860378878,8.93323867974883,33.3216339945935,197.116367495663,188.178437856071,94.3572268615186,41.2946440919694,195.324040686685,150.014187876751,75.9996203827876,137676.470483252,156748.129564344,101259.917293376,50952.7038803954,8180.11234041458,56958.6642422019,64387.3803976853,99401.1050554065
76,15,1.14918602243456,13.038135384688,15.9269991736807,14.0599897730947,7.92569342635159,111.93869951687,169.816502029384,148.275793755866,9.77642792680353,110.92196954023,135.499115403361,119.615516653169,76459.6935037728,135216.67684208,124405.861477193,93208.8366113711,1957.75920168224,32360.9267011013,58050.2475242354,155923.655820865
76,16,0.305602736304022,7.39519033872514,12.700189468163,18.3705640881021,2.11578743518052,63.4389858775531,135.27539241137,193.465005068783,2.59991315118572,62.9146609772804,108.047000706732,156.287774835747,42409.9403604293,104381.634056697,125190.096639669,138112.412206074,524.10180020725,18326.1425468146,46189.7232684826,203116.042212574
76,17,0.878624936030764,72.0758873889196,190.246474427799,1130.08523889906,1.29789421960002,126.076350407334,409.073745610224,2390.15802204219,0.815482982415842,64.3069843507332,168.682358520822,996.704945270479,46876.6265023864,175298.324288099,329540.824701456,1686955.87115583,141.172241128688,15711.2684527447,60087.8491827191,1076068.39243656
76,18,0.0478744913319227,13.6809823974937,46.2842131378738,1142.69091597086,0.0669933972964868,23.5322276367513,98.5039974655623,2404.42135920169,0.0423020312329949,12.0477266133848,40.7529515790967,1006.06476433854,9749.4034213598,46204.7873653892,112603.83259195,2069033.35069157,7.46941769078349,3059.2891270338,15128.1469775326,1135744.26589824
76,19,0.0020701750439697,1.94352735682019,8.11374986509209,1962.30622496302,0.00205023452049139,2.40619485436826,12.4943165101602,2984.79610248527,0.000892997851713702,0.781416503621012,3.23389176538829,770.309891990887,1826.90701351253,10457.2631164028,31890.7063407334,3702103.51333451,0.475425216187082,669.38110776039,4111.18832224351,3035843.78721995
76,20,8.16377201971713e-05,0.140686586892258,0.699310821683076,1872.90593029522,8.1161403727107e-05,0.174833038120768,1.0794338951105,2857.67299033707,3.21326106213333e-05,0.0551581357932577,0.274093693329709,733.907953806379,135.479896580385,898.258205211495,3228.13994866678,3323031.80373569,0.0231300137133015,58.3791128674061,425.156815838014,3459405.83797242
76,21,4.53685956960294e-06,0.00960694124183856,0.0538750635013568,2038.90105474345,4.51836379377936e-06,0.0120216051733711,0.0835674095689051,3118.63709549681,1.77803703330569e-06,0.00376456528040069,0.021111255355653,798.952171772433,8.07018267937553,60.2261580881749,245.243894228447,3493416.63961437,0.00112236328822955,3.51440346177077,28.7939683419683,3292930.83611676
76,22,3.60066570765745e-07,0.000360002619024429,0.00222658671569189,1525.90546267174,3.47316332090956e-07,0.000437059486825236,0.00337392940883819,2305.61616095564,1.41094074703987e-07,0.000141068644102194,0.000872497701297042,597.932634988545,0.394747238226274,3.21965066359339,14.3217008739653,2946132.60883891,0.000134605502853583,0.198451995881405,1.80818825583577,3842067.98661107
76,23,3.94149567908561e-08,1.21226088203473e-05,7.95908177577021e-05,1027.68978685091,3.78613131265065e-08,1.44345216960577e-05,0.000118851311478949,1542.62844063271,1.544492153568e-08,4.75029663486279e-06,3.11880052365046e-05,402.704674196533,0.0162030316496834,0.140616307687778,0.664341259550081,2142806.81556744,2.66651103292371e-05,0.0117325910636732,0.114093197600511,4646869.21425669
76,24,2.79707793614424e-09,4.01234672381257e-07,2.69432718534376e-06,708.911599771079,2.68164675060497e-09,4.74982203261603e-07,4.00662782052035e-06,1062.5801137299,1.09604705114098e-09,1.57225536573296e-07,1.05578372518679e-06,277.790067073391,0.000568848742157422,0.00515334363060581,0.0254511198043567,1600652.58618917,3.06320280389222e-06,0.000624344096174618,0.00622095986621735,5189948.09399979
76,25,1.61731379734227e-10,1.51917183548736e-08,1.04536949577583e-07,488.590246252938,1.56496929017441e-10,1.82039674496345e-08,1.570157701682e-07,732.859715014462,6.33751385087257e-11,5.95294034161548e-09,4.09632544372294e-08,191.456194710083,1.71900261287872e-05,0.000161940147705126,0.000834858173387729,1089836.82404408,1.86435510010099e-07,2.50849961477904e-05,0.000255616046274092,3708475.26850474
77,1,8.8091604272738,0.0407744824681001,0.000388688964343362,9.5706951525354e-07,37.8880212397819,0.176639173004198,0.00187012893885624,4.6669648696111e-06,39.3065052941411,0.181935886425244,0.0017343315473555,4.27044759585749e-06,678.412990912012,9.28422328861758,0.072147746820074,0.000121524304638276,31049.1808011935,144.178803950927,2.31092621661294,0.0148598932735537
77,2,11.8363700580954,0.194696304803672,0.00239853887387969,6.46592899994751e-06,44.4356037525686,0.829774199999008,0.0115031183214915,3.14601606717083e-05,52.8139254805151,0.868735607518454,0.0107022890231926,2.88509982950362e-05,2386.90897748355,54.2203027734723,0.473447552076358,0.000859371696770879,32490.5317432036,667.966982407275,14.1738345258362,0.099978177736933
77,3,12.2909472229506,0.516555009231001,0.00773313911248732,2.27778934525375e-05,44.4284898233858,2.18260026635491,0.0369918858304101,0.000110579661310334,54.842250413917,2.30487029640088,0.0345052943438539,0.000101635041951282,5331.64142562826,167.424417617987,1.61835821643656,0.00321018594037773,31957.2504924159,1744.88120645981,45.477817285758,0.350737944689223
77,4,11.5855294550815,0.996442444401506,0.0174457710437822,5.6511219658755e-05,41.3859730487412,4.1888854698262,0.083272840910863,0.000273672749034334,51.6946738138268,4.44612974636173,0.0778430927162731,0.000252153263983937,9268.63525900018,364.365855760603,3.87741033238115,0.00865924591697482,29634.7153929822,3335.58058246921,102.184234498437,0.866215912031406
77,5,10.3307919239547,1.56088635119894,0.0312121482305863,0.000113311798288082,36.7128073888656,6.5402551580751,0.148699215673939,0.000547131480245337,46.0960304678277,6.96468047477039,0.139268716899362,0.000505597648728202,13577.9156859501,631.243448846358,7.43134002478602,0.0196291940085645,26223.1395971905,5194.94753069492,182.169923716466,1.72741239158084
77,6,8.93877844631888,2.11578933004074,0.0477535091617407,0.000201167502910733,31.6618091666671,8.84557911802146,0.227094498823775,0.000967773130083376,39.8848613581353,9.44065954855934,0.213076328462401,0.000897610116588253,17590.2031156172,935.608767980997,12.4063572454789,0.0411829884264507,22572.6000372643,7014.23227197552,277.782464167463,3.04592493672885
77,7,7.68241539712629,2.59084650778886,0.0660268404420882,0.000338404397590817,27.1425747406036,10.8145404081602,0.313412306456643,0.00162087076307659,34.2789649447202,11.5603663726471,0.294611997910398,0.00150996163088161,20863.5759702059,1249.12167489341,19.2645246757857,0.0841917080809646,19320.2483513782,8565.36869466423,382.76249298358,5.08250066293356
77,8,6.68189230997409,2.95764635436445,0.0862688563701746,0.000562567110265904,23.5581660809236,12.3311471777832,0.40866106601284,0.00268223659463263,29.8146273558283,13.1970285983316,0.384931945289043,0.00251017645558076,23256.5987137687,1565.1217496746,29.2159972518039,0.169292661363094,16746.500762362,9758.01238135262,498.225435228825,8.37780539845708
77,9,5.93708306524431,3.22225802549843,0.110301330646896,0.000935358467708559,20.8957560957083,13.4218037306868,0.521317623092645,0.00444139264214509,26.4912858452734,14.3777268201641,0.492164931359387,0.00417357282415666,24842.1418428294,1902.36625137859,44.4092223298208,0.330475507563554,14837.2977911894,10613.6905958071,634.350595068298,13.8237918567266
77,10,5.38583469284145,3.40770130223772,0.141072470473329,0.0015406094344242,18.9282552967426,14.1822750375862,0.665146080639153,0.00729160351524911,24.0316136384697,15.2051753834061,0.629465867184065,0.00687420479968929,25779.3378409817,2296.83166933795,67.7815844661342,0.617535123543223,13427.7329726423,11208.0499027614,807.713051353825,22.6318223552433
77,11,4.95330824653303,3.5391790260423,0.181747808828638,0.00247560633863699,17.3871633325405,14.7167350033427,0.854920019610332,0.0116884778186383,22.1016790899921,15.7918294566803,0.810959372223879,0.0110461643262363,26223.6901758294,2788.00293377317,102.609834785807,1.09803720555664,12324.8583206189,11622.9904795666,1036.09810124149,36.2032729175404
77,12,4.57895403904349,3.63651055263994,0.23473234005955,0.00383967123629505,16.0565903582403,15.1068842864431,1.10184401338976,0.018095591421986,20.4313092789243,16.2261230760418,1.04737653984492,0.0171326267722314,26292.7209505337,3405.51159833306,151.927254902384,1.86143886580855,11374.1145030271,11922.6170249592,1332.9747138448,55.9599340410921
77,13,42.5512887281446,86.5335936618991,32.6804785831798,9.0854389877711,128.527452109209,301.620598692883,126.315521012149,34.7580692753161,149.551803847783,302.889639948205,114.189096311266,31.7357710445305,225198.465799685,139857.648847314,54001.5523548258,17061.3043404668,37023.1962136731,95414.234703902,60414.3266664571,41985.13141819
77,14,9.39947598023725,49.0846557748207,37.9388716054575,20.7310535424253,27.288754589204,168.413319444099,145.712807092184,79.0108630441185,32.848147110998,171.460592257887,132.519792513282,72.4129256799042,132306.896730477,154970.197946248,100903.483460268,48602.9298280957,8153.76412903814,56114.6249806779,73880.0992955559,101386.316135637
77,15,2.11852713756349,27.5034431086785,34.805169327109,32.6278509540426,6.16962166982067,94.3631207131101,133.460236699676,124.132525604171,7.40023127565876,96.068802270243,121.573367226621,113.968055864815,72576.5529605181,132284.746944678,124025.970096439,89067.2118219952,1851.68348237942,31453.6279690149,67579.6541234398,159047.306436132
77,16,0.53509708790555,15.4700485349304,28.1209111178454,42.6865494101607,1.56290460085785,53.0349971428222,107.664686975772,162.145622182002,1.86908229139106,54.0363944296642,98.2254569426338,149.102772648213,39939.8789952874,101333.586083983,124799.489822993,132252.408346903,469.984758904921,17667.2982394208,54446.5684741078,207470.637823288
77,17,0.71414192034908,74.9100806075712,196.29792821378,1320.75017141518,0.892956689618456,105.665016835799,307.654284262814,2039.34678061226,0.593551660392812,60.3448610291149,157.526277959495,1054.62895239306,44060.8971735623,168579.860686074,328778.841362083,1657140.10467951,116.765132847929,15059.8031374992,66508.5642514616,1110699.81257109
77,18,0.0357027562133265,14.4461324239168,47.2976626707008,1361.95968165454,0.0426097092195052,20.0969240245984,73.4519821553995,2093.75716896702,0.0285481298491007,11.5201141246689,37.7143852202844,1085.93051634398,9175.40385462597,44220.7330165431,111345.035618037,2035858.43336549,5.60959047194214,2929.71010653783,16274.0317343271,1171765.8138819
77,19,0.00127880111323156,1.79568669285218,7.67940456233889,2042.15284293063,0.00123268936227038,2.06716155923883,9.88503712207262,2609.48111212195,0.000711386790350691,0.966759823283341,4.11953709546828,1087.70962588876,1720.18010834996,9966.09155172891,31357.2363993416,3617659.27326526,0.33631113775383,640.643673648302,4654.69344608643,3120885.44984142
77,20,5.45071570106609e-05,0.127086041360035,0.691758820052653,1909.74833419051,5.33772234926728e-05,0.147117402504962,0.892752733512321,2446.90851684174,2.90563351379137e-05,0.0676459378864458,0.368166905034958,1016.28557063067,127.518900218557,853.123496076639,3167.77462074008,3219668.311013,0.0182400124101604,55.8804916168161,513.506404879882,3562888.62349316
77,21,3.33749399816749e-06,0.0087089988459375,0.0546199257731241,2090.95291404003,3.27951182021248e-06,0.0101582286773642,0.0708635883957244,2686.83783960512,1.77614915191434e-06,0.00463457098214402,0.0290663850089436,1112.7134056067,7.59125186967931,57.0500982448714,241.852331789648,3395783.67039261,0.00097131166343076,3.35573204018595,35.4047337814051,3390630.3921192
77,22,2.79746625513499e-07,0.00032576872677827,0.0023508453364818,1569.16486999029,2.67892776263459e-07,0.00036910076537618,0.00297608322870768,1990.96753337106,1.48869013113896e-07,0.000173359858874344,0.00125101682373835,835.0406993847,0.37109361466598,3.04402189144259,14.1096149725239,2849430.42909481,0.000123488871877046,0.188662665085635,2.30403464135402,3938804.37280104
77,23,3.00748612466682e-08,1.08773524842769e-05,8.58976893164289e-05,1052.62686964513,2.87054080542886e-08,1.20948741427167e-05,0.000107191736405019,1326.43468962676,1.60045218887168e-08,5.78844981834462e-06,4.57109817389674e-05,560.161837820502,0.0152242143989477,0.132780520222702,0.649524235918123,2050168.18558166,2.39997829126241e-05,0.0110761394089171,0.148939586865902,4739541.63318485
77,24,2.09767182588743e-09,3.5673725510498e-07,2.89106670459906e-06,723.03357932913,1.99866907835219e-09,3.94439229284396e-07,3.59534873836435e-06,909.690377375315,1.11628891432611e-09,1.89839916005314e-07,1.5384988597088e-06,384.76674905656,0.000534281165697566,0.00486261482765549,0.0246521841703307,1510913.28299462,2.71484799974039e-06,0.000585472765668538,0.00810557752490581,5279719.1875478
77,25,1.20964508938815e-10,1.3443219475452e-08,1.12061451267632e-07,498.238332482217,1.1626627043777e-10,1.50461467695779e-08,1.41029244415297e-07,627.338618211648,6.43720045467566e-11,7.15389160667134e-09,5.96341878601809e-08,265.140581191843,1.61402836540671e-05,0.000152739887732955,0.000803291166234208,1026393.3746303,1.64511356971009e-07,2.33638398905226e-05,0.000332878941269265,3771940.90650889
78,1,6.08986621185171,0.0281199207089052,0.000263684061889497,6.05785798888538e-07,45.2395041236508,0.210747331910065,0.00266297025180091,6.1911333918585e-06,44.3542523373445,0.204805494150529,0.00192048708650145,4.4121127216212e-06,680.532264834098,9.00401328907261,0.0819594256330565,0.000130602623863172,30363.2479260765,138.522292682549,2.09186265257537,0.015909082122107
78,2,8.41806554681246,0.134954692096072,0.00163091072108969,4.10879360083319e-06,54.2389078878158,0.994164754812386,0.0164223462119064,4.1905493454959e-05,61.3111996990973,0.982913952311237,0.0118783932432068,2.99255290401541e-05,2415.77762499916,52.6977580067981,0.539373556391072,0.000929127568050529,31760.6728622178,642.569965813352,12.8533286637217,0.107413235234075
78,3,8.84423912901933,0.35893866564689,0.00527145744272832,1.45374373733506e-05,54.5722030202135,2.61950530215988,0.0529554225423681,0.000147958743649027,64.4151448346943,2.61425384333543,0.038393545189107,0.000105880349939556,5406.19362814837,163.070205765493,1.84954316325309,0.00349592588408255,31240.7945753739,1678.50854839877,41.3267462021668,0.378298479124013
78,4,8.37654952178334,0.693473450094348,0.0119247441514594,3.62400261273313e-05,50.9485636795578,5.03237328600277,0.119554744968966,0.000367998581006954,61.0088265128685,5.05076718021709,0.0868513515326107,0.000263946564283365,9396.1475165156,355.703584140712,4.44645312977142,0.00951150085176205,28981.0447951176,3208.35429465612,93.0757430502698,0.938305782839824
78,5,7.48741048926499,1.08768936294162,0.0213968728715862,7.30339204870247e-05,45.2575638800633,7.86404221023718,0.21414400446655,0.00073958681915071,54.5329704530833,7.92195539118241,0.155839597383839,0.000531927110674911,13756.9284093695,617.789559044616,8.55189656026515,0.0217638210965611,25659.9443067329,4997.468536754,166.361105961074,1.87958048743301
78,6,6.48871120470732,1.47619249855229,0.0328365889839395,0.000130276260715664,39.0745518483415,10.6459109627443,0.328090703368102,0.00131476746033623,47.2591554733404,10.7515357975942,0.239158349793774,0.000948839587001578,17815.62711934,918.211653418607,14.3227634297895,0.0460396003902467,22102.1789850909,6750.43848218842,254.373515918581,3.3277687910357
78,7,5.58262521845338,1.80990722470814,0.0455402642250691,0.000219884741691095,33.5250405760357,13.0290097482556,0.45425100139116,0.00221021286964556,40.6598698608871,13.1820764133796,0.331682881147216,0.00160148400290277,21130.2436064432,1229.62888101962,22.2876217161749,0.0945863350811006,18926.8329328563,8248.688737337,351.471891145052,5.56738846772864
78,8,4.85824614871803,2.06876764915247,0.0596653117621068,0.000365861918075363,29.1095808679561,14.8725206910426,0.594047640936452,0.00366223125817214,35.3840081376189,15.0674315569148,0.434559676948656,0.00266467788789161,23560.61086863,1545.73061762099,33.8062950345804,0.190357583334625,16407.6497131115,9405.01636088374,458.623616691581,9.17883343033087
78,9,4.31694864395398,2.25671982607781,0.0764406253688589,0.000607198460909726,25.8181667706509,16.2064035926619,0.759524019799946,0.00605540679860372,31.4415822647557,16.4363414791846,0.556739125046208,0.00442240154662579,25181.018329658,1885.03391721324,51.2715721870302,0.37071391943509,14532.7666964147,10239.204740219,584.951746090058,15.1088984865515
78,10,3.91484210240125,2.38962103888105,0.0978499711962831,0.000996227283905325,23.3768527253858,17.1444473090903,0.970181898971127,0.00990583248769486,28.5129243287543,17.4042993494482,0.712669566565432,0.00725581068590478,26151.9117666141,2282.87720938394,77.9194632723084,0.68974535333694,13143.5733292036,10823.0814835318,745.28428045995,24.6279002510078
78,11,3.59851318231618,2.48496402852141,0.126003029271624,0.00159274377625962,21.4595067643897,17.811232816469,1.24675734685662,0.0158022576707248,26.209009553788,18.0987098461641,0.917716409714698,0.0116004123741617,26630.059189356,2777.85866494874,117.299618894745,1.2200334347842,12053.8173891813,11234.7881144496,955.384296271498,39.1822269762746
78,12,3.32463810591781,2.55655678526751,0.162461367426109,0.00245655583379188,19.8035272659178,18.3047940549474,1.60457956577962,0.0243316405489726,24.2142983688622,18.6201405455878,1.18325300346732,0.0178918047691642,26734.1777024871,3398.57805785086,172.606339241391,2.056968181008,11114.2619015526,11535.6544751855,1226.88708455852,60.2081922210679
78,13,34.4951493242206,68.8999161255603,24.1237428016547,6.02935121864994,159.07530170888,370.285262061378,175.34265102739,43.2965341779059,176.896171074346,351.104207644632,122.603258519363,30.6307136366435,232469.966242529,140495.44963685,55070.2797517494,17969.484232733,36286.5877190525,93135.0893443129,52693.0310015055,41362.7063841278
78,14,7.80982355676135,39.4354711865059,27.2118739682703,13.6539960481244,34.4478945417164,208.216052411504,196.753507829554,97.7125398822023,39.706470701084,200.355000182274,138.240641466661,69.3641691162389,138478.347485215,157070.62516628,102247.8906531,50822.3284489545,8184.24741362706,55568.5027635251,63273.1160190897,100083.409775148
78,15,1.82900298840499,22.3174902321008,24.5500375864639,21.4752671882147,8.09938210164655,117.843423608842,177.358112464428,153.453602987451,9.29218954291981,113.376171760288,124.717541927915,109.097282257984,76807.6916649098,135338.708647528,125376.741880447,92826.8210124594,1936.42916199228,31470.3325555082,56983.7096129905,156891.779830402
78,16,0.480249434327652,12.6212735033736,19.5585531672762,28.0469743403805,2.13447030519319,66.5895395596513,141.162224543935,200.141819354107,2.43974428494664,64.1177929281423,99.3601139569366,142.482449509651,42550.2247187343,104432.721298396,125949.097561576,137457.567222209,511.720186242727,17770.1377167458,45301.564469438,204286.184931191
78,17,0.879703455638819,80.7429708526192,191.879399508586,1125.03472925646,1.26003191738445,131.444090801206,422.269360683181,2436.31614333566,0.757789822784758,66.9948626494962,158.153425350434,922.993938300525,47109.3861913386,175763.761511239,331074.145147175,1683396.75659517,134.330723794786,15308.8803838795,58990.9732288396,1078924.32709963
78,18,0.0461386347855099,15.294038806998,46.4042113223925,1128.14496404918,0.0626337698425395,24.4640351122075,101.109951915669,2429.9637769337,0.037930517552958,12.5308021379772,38.0141899809994,924.120668165709,9821.68799680357,46438.1941828222,113176.073657092,2065075.31315671,6.89899730363039,2998.97554459587,14901.2995865034,1139180.81204486
78,19,0.00200873136054674,2.22572263430023,8.32081390781304,1989.78164783718,0.00190725731156678,2.52586329803534,12.958745345373,3059.77582070976,0.000739388534223622,0.754248501055406,2.78447732530133,654.571853992352,1842.71792037116,10512.8533602797,32027.0869327399,3677152.20305503,0.43305372096945,656.824885464534,4055.53345146046,3060668.30590112
78,20,8.29136462115307e-05,0.161236277160768,0.719896379723625,1908.60041466993,7.89595847425626e-05,0.183735295523267,1.12392696437144,2945.06542258161,2.73619805511008e-05,0.0529724930143561,0.236410548004932,626.615191401033,136.65769869305,902.079835656841,3238.03649216821,3299353.51324286,0.0218950339533879,56.9664336588214,418.182685759798,3483061.77316899
78,21,4.75428576070444e-06,0.0109279764830177,0.0550825780598422,2068.81063623872,4.53215321987844e-06,0.0125394652255476,0.0863739697263195,3199.10422470106,1.56113016496073e-06,0.00358782804211169,0.0180842620961004,679.212356304302,8.13620281247,60.3857087237843,245.669807011546,3468738.54869367,0.00110077947188086,3.42170215888887,28.2613270156505,3317618.26141073
78,22,3.82875241433844e-07,0.000408831037701794,0.00227445826355284,1549.38036666606,3.53884692955689e-07,0.000454414720358053,0.00348761909708571,2368.13151352251,1.25702419321011e-07,0.000134223633762991,0.00074672872183002,508.677917831085,0.397699354795334,3.22390809948813,14.3329488835236,2915640.97989106,0.000134113203473409,0.192395574148005,1.77302740251946,3872562.90268543
78,23,4.07777934980811e-08,1.36609639597337e-05,8.10427705249693e-05,1039.25861195019,3.75286357216425e-08,1.48680854417207e-05,0.000122521508275795,1578.57274094495,1.33877805238693e-08,4.48503871366525e-06,2.66071965286365e-05,341.199564797722,0.0163120472009203,0.14069995224253,0.664603644883132,2113414.50338935,2.58976145503919e-05,0.0112857977318226,0.111752343642789,4676275.5207499
78,24,2.82986144420828e-09,4.48798249426837e-07,2.73563685522017e-06,714.991570345338,2.5994273011075e-09,4.85336608542395e-07,4.11934025062295e-06,1084.61690303701,9.29073363972982e-10,1.47345199610052e-07,8.98138436216104e-07,234.73927454696,0.000572262460457507,0.00515532510997945,0.0254645869292536,1577459.64179334,2.91113478641889e-06,0.000596014935697351,0.0060801172406206,5213155.97257868
78,25,1.61745067837935e-10,1.68575136151523e-08,1.05867153841271e-07,492.700718731485,1.50004213670008e-10,1.84655475504044e-08,1.60954801789901e-07,747.91927295968,5.31026119220632e-11,5.53449953967181e-09,3.47573033331577e-08,161.758843153819,1.72803412891552e-05,0.000161965837058798,0.000835425700324311,1073963.36896392,1.75253884677835e-07,2.37781193143297e-05,0.00024914546553816,3724359.25091312
79,1,5.87153484180355,0.0267700397252358,0.000266171529566661,6.10214877328954e-07,41.993137928762,0.190172398208134,0.00252713827068261,5.86870060762504e-06,42.5730723957898,0.194103053114228,0.0019299450830575,4.42451979754134e-06,664.826373729056,8.69329314334853,0.0812508950653106,0.000128198706506909,29697.0971464779,137.12843127442,2.01135869424681,0.0157080679612531
79,2,8.21399011086121,0.129160130168141,0.00164684292058633,4.13839295337522e-06,50.6270378465814,0.90156207675654,0.0155873924499978,3.97126001085177e-05,59.5576463513892,0.936508718835916,0.0119408578457962,3.00064817042202e-05,2398.89939176825,51.0093522992282,0.534906646961955,0.00091287673067049,31162.9484200412,639.530652328832,12.3610708983564,0.106023773990269
79,3,8.68115493920801,0.344372514570868,0.00532380701529516,1.46448131130083e-05,51.066304010739,2.38049585548878,0.0502634555049252,0.000140217989940938,62.9449450039278,2.49696142302757,0.0386016310198297,0.000106185981294697,5412.34935915977,158.098403230981,1.83515264481068,0.00344068287301076,30702.4494127034,1674.23522394565,39.7438596074074,0.373391046661325
79,4,8.24244623922744,0.666046018425892,0.012045547895112,3.65290826559326e-05,47.7159347881656,4.57670310282516,0.113483393880431,0.000348884373927453,59.7639748235315,4.82933783505628,0.0873393408030997,0.000264863502025156,9443.09623301909,345.267256878899,4.41550865255863,0.00938551940445744,28495.2140923741,3202.59195123516,89.5131951987461,0.926446847845158
79,5,7.37279021146175,1.04514221121617,0.0216225779412801,7.36894885295685e-05,42.3822526332354,7.15340441312551,0.203325391570169,0.000701713049229863,53.4583102865684,7.57807221124052,0.156780058516176,0.000534304575294728,13849.8828901313,600.333854688286,8.5034996683141,0.0215397678598847,25222.6427392541,4989.26911434769,160.032218423369,1.85714260510879
79,6,6.3881832187981,1.41878501008856,0.0332090547208234,0.000131588072525986,36.5685946699663,9.68425242326734,0.311718393214992,0.00124847592837355,46.3191642354152,10.2872653532629,0.240790786211375,0.000954113138899547,17950.0321519229,893.449381713499,14.267393441721,0.0456589754747462,21708.8901904167,6739.27222410022,244.846413168818,3.29060628750721
79,7,5.4923434636867,1.73994878343445,0.0461143498940585,0.000222190078292943,31.3439003967787,11.8531115240764,0.432062861478366,0.00209907790822123,39.823647853932,12.6159458332308,0.334363945615537,0.00161104626705852,21297.7233787709,1198.56990020631,22.2447698216764,0.0937697229387632,18569.978838688,8235.35956086567,338.671485042607,5.50588334138412
79,8,4.77482799147407,1.98954352055814,0.0605162003607961,0.000369265424644752,27.181983054284,13.5335343440029,0.565874745934151,0.00347315929377055,34.6211175161873,14.4256966223296,0.438788263800359,0.00267745386516929,23753.3297972247,1510.17075183007,33.7854376424432,0.188106528063894,16077.2366621527,9391.68772731425,442.566865287728,9.06463357134383
79,9,4.23755281282951,2.17150562376184,0.0776612475575118,0.000610915203496543,24.0742078552305,14.7538944904949,0.724619788845563,0.00572348581670889,30.7254657499671,15.7450596171342,0.563102834896526,0.00442959769240814,25393.2805304858,1846.78984650815,51.2297283969515,0.364357744254871,14219.0218929089,10228.8197803564,565.333610572872,14.8710845267985
79,10,3.83754395980044,2.30114007666092,0.0995322247556335,0.000997489647686093,21.7643902361234,15.6181113397137,0.926592373020299,0.00931613465015558,27.8250987560224,16.685007534835,0.721683976064768,0.0072325550523254,26380.1065419875,2243.02345206828,77.6950669932375,0.673497981991926,12839.4440428143,10818.7465101088,721.065293208789,24.1196602271938
79,11,3.52250603863468,2.39526567835794,0.128204083355273,0.00158541885805682,19.9484971900626,16.2394449021249,1.19093428910884,0.0147725193301998,25.5408353416731,17.3674894008736,0.929576655708535,0.0114954868940147,26872.2649359135,2736.12344282741,116.533683536329,1.1832607382067,11756.1767418747,11239.4149440328,924.505074964368,38.1438664931439
79,12,3.25016652265107,2.46712473295279,0.165164898705265,0.00242986809214177,18.3827812911327,16.7067778795384,1.53135504437536,0.0226004232349903,23.5661676878841,17.8885219444904,1.19757054659028,0.0176183830950743,26989.9944174089,3353.00906492583,170.674242879472,1.98268274465351,10823.8028198532,11551.8355730258,1186.19643211642,58.2367030568333
79,13,43.0950117437058,86.279099402166,31.5442482553704,7.7633113078423,148.016776686457,341.892314017174,167.375997862495,40.6202584058485,162.385345186076,321.343473862045,116.916270165777,28.7530635918938,235652.440012621,139832.993907376,54519.7346358903,18133.6526027081,35418.1556632417,94256.8997100404,50913.5240780512,40326.8096835265
79,14,9.94337186794552,49.9463384849244,35.7761807051273,17.7338353732511,32.4547158357457,193.930247407064,188.756699472711,92.4518294797767,36.8822013423997,185.00928431283,132.499558961484,65.6779177415883,140766.854658282,157541.833286958,101980.41889793,51581.7154311374,8053.29930143355,56478.4434851766,61190.3283188533,97989.7417938723
79,15,2.35672336237345,28.3369192884269,32.2987384537626,27.9450382251225,7.72012432824495,110.003038204833,170.265454583699,145.447656389477,8.7293740780811,104.947346554923,119.619559826556,103.495458634929,78122.1265416683,136525.621583399,125503.918007932,94441.1401948068,1927.88733542828,32051.7785118089,55148.8887390428,153872.51439745
79,16,0.623884849575104,16.0414575734709,25.7257390442844,36.522953259262,2.05181002290119,62.2125961227068,135.486123837641,189.817550186126,2.31060432186995,59.4101269926129,95.276203925215,135.264076551409,43250.147366883,105733.161960208,126305.305846213,140033.127189558,513.8640671096,18112.6930051006,43836.2261183244,200473.865325419
79,17,0.936884740775915,82.6949501670047,206.976573793536,1178.8854969651,1.25762761455619,125.339904949414,420.360643927284,2352.80443557688,0.762451952857648,64.9850712075543,161.601672769614,916.39904562443,47830.0144156325,178287.420113994,332647.646422456,1706295.52852736,136.765157338049,15546.8905681337,57751.4903077534,1052225.32855224
79,18,0.0501804823287177,15.6943676256399,50.4901545659661,1185.32843567359,0.0638695930985723,23.3675504128584,101.499148008639,2352.78942422697,0.0390862020883804,12.1842917282648,39.1915432087935,920.02432380446,9969.77276863767,47123.3808336028,113973.579206988,2093183.98877422,7.14453887543505,3038.2311226434,14650.9130278534,1109671.23489746
79,19,0.00238026918458456,2.4890169876936,9.74865299019829,2283.63787812397,0.00193016240763761,2.38322390932711,12.7022149366852,2929.14440806803,0.000533847159550056,0.472487377993853,1.8027524659414,406.458663491334,1870.46682622017,10677.1569935598,32291.370261338,3767182.14867601,0.447729644520203,662.107874691671,3924.30960835498,2970392.78060991
79,20,9.26499109620853e-05,0.179648012551245,0.825081000856263,2184.47802756185,7.47103450309621e-05,0.172288770756999,1.07640445124829,2810.71336985198,1.66259975798433e-05,0.0318856919361949,0.146295276705135,387.083718193239,138.692606525065,916.804484796666,3264.41359346855,3385473.52459908,0.0213625098793158,57.551782766734,398.861201928002,3397015.41349164
79,21,5.03819131816703e-06,0.012245270035085,0.0632244613022023,2377.25135749141,4.06991072264186e-06,0.0118391248031289,0.0829284632949447,3067.14488887774,8.93139084438398e-07,0.00216990514847659,0.011203257757203,421.240136084315,8.25467899160441,61.3965350572921,247.25116487614,3558061.09324668,0.00101299092165635,3.45787141286571,26.8496205954451,3228375.87562291
79,22,3.9374493020181e-07,0.000459234734747618,0.00258134066379523,1785.83099623715,3.06833608130114e-07,0.00042879720625213,0.00330328123717094,2273.84247616032,6.97708745915072e-08,8.13748430323531e-05,0.000457404149104899,316.442636261431,0.403331844692853,3.27875653863347,14.4242515941174,3014392.15857016,0.00011892536171556,0.194225515117553,1.66106343922271,3773861.75625572
79,23,4.35118426450094e-08,1.54746341800959e-05,9.14152144767869e-05,1209.18940528133,3.37465585807625e-08,1.41231617875418e-05,0.000115144998601753,1528.86845677443,7.71013868701582e-09,2.74204809755757e-06,1.61984375078862e-05,214.263882723668,0.0165368582464428,0.143111471531104,0.670039010895552,2214357.1467159,2.37176333237576e-05,0.0114159700765562,0.10336118179867,4575339.58679581
79,24,3.09816922327751e-09,5.11995704189354e-07,3.08938561946599e-06,835.270766811853,2.39749947908909e-09,4.63867699322053e-07,3.87220183223143e-06,1054.46435435436,5.48984110639928e-10,9.07237423307043e-08,5.47427686221832e-07,148.006885307634,0.000579957243566455,0.00524283663215511,0.0257242463761714,1673479.79752048,2.73305718071803e-06,0.000606150053376609,0.00561862149962526,5117132.42268993
79,25,1.77946297684863e-10,1.92966545652126e-08,1.19413696084647e-07,575.564292099684,1.39077881172081e-10,1.77215021968167e-08,1.51183602665013e-07,727.145548062175,3.1531424686382e-11,3.41929569803999e-09,2.11596645340094e-08,101.98786016793,1.75073116331427e-05,0.000164667681019147,0.000844894368770545,1141872.48485176,1.65414629075268e-07,2.42902230996201e-05,0.000230087098506449,3656447.81616597
80,1,3.60154697495634,0.0168788347965341,0.000146699914109501,3.25606229132022e-07,45.0018787257865,0.206768594827815,0.00246818792349729,5.54627550128172e-06,48.3166100151466,0.22643827334339,0.0019680550020787,4.36817548149989e-06,689.926150717813,8.9275474656795,0.0766939471566542,0.000118142212591286,30698.007163411,139.344543082173,2.05145335598629,0.014710709532018
80,2,4.98838103212129,0.0809223655998894,0.000906376395210132,2.20800248674601e-06,53.9123132461881,0.973589036631178,0.0152029220397122,3.75294896191069e-05,66.9217040932474,1.08561526682305,0.0121595067671811,2.96214920439498e-05,2448.66224068404,52.1740113925892,0.504416744317155,0.00084096301867411,32141.7306128459,645.357917189972,12.5901863124295,0.0992926190436643
80,3,5.24435571801495,0.214950868979392,0.00292727111402784,7.81498230849405e-06,54.2164440287143,2.56068034270976,0.0489792357955327,0.000132541719652799,70.3557365126701,2.88367675921263,0.039270851611425,0.000104842017916302,5472.70060522311,161.25308320076,1.72936731971858,0.00316913955312218,31612.9925778549,1682.9542208513,40.4447406233548,0.349785035563998
80,4,4.96605920955223,0.414773785012817,0.00661893657103292,1.95050174729991e-05,50.5806869732983,4.91165004844214,0.110518837700549,0.000330006917461425,66.622245331944,5.56440422805077,0.0887964475380654,0.000261669868291234,9496.85405221204,351.42168094742,4.15934453383859,0.00864741557855124,29308.2277300414,3211.98453697808,91.0410632667865,0.868498668798318
80,5,4.43639934303275,0.649884403759923,0.0118767128617688,3.9400531348975e-05,44.8934417929551,7.66568081742956,0.197945433589244,0.000664692180992363,59.5165850728253,8.71853442693882,0.159332227954882,0.000528578447210468,13884.1877054958,610.033114796457,8.01014590887869,0.019870170247424,25928.6447226179,4996.93986421585,162.712973253785,1.74353341044267
80,6,3.8421520064016,0.881329469218522,0.0182378632458313,7.05378477594779e-05,38.7287344123592,10.3676537596613,0.303435209918677,0.00118572323932546,51.5444505938922,11.8234893381069,0.244670340852374,0.000946301604616385,17959.0276590961,906.629932535177,13.4479852580372,0.0422306469105646,22315.7436109289,6743.50631944213,248.926608653222,3.09754923319533
80,7,3.30362432909477,1.08003468535666,0.025328412580714,0.000119592310624655,33.2043315298953,12.6806702020918,0.420652448847453,0.0020019012212426,44.3198240798615,14.4892222864431,0.339793716831897,0.00160439252172514,21281.2004655554,1214.71778270665,21.0003118914854,0.0870860521422033,19096.0709200618,8235.22490732365,344.380931438236,5.20471587708937
80,8,2.87335351055929,1.23423462883189,0.0332563288563891,0.000199844064385259,28.8123919896952,14.4703332330036,0.551242959158448,0.00333086796537857,38.5475191551621,16.5578940502873,0.446150802158868,0.00268101118488436,23713.8328121126,1528.64638450826,31.9839493304415,0.175609312437343,16543.7324639615,9386.73191351517,450.288777930049,8.61712567140884
80,9,2.55178531395503,1.34641048276642,0.042723746416252,0.000332694014537774,25.5384287575782,15.767354821206,0.706655494025536,0.00552398731941012,34.2335159624672,18.0627909807893,0.573161091146142,0.00446326177794473,25333.7141232583,1867.17479094187,48.6869222466233,0.342134032007817,14644.1262538242,10218.7640509226,575.827953087149,14.2280289263572
80,10,2.31272020775659,1.42607080423218,0.0548458586106796,0.000546709547946325,23.1083983754885,16.6829742161397,0.905131308593923,0.0090501684899467,31.0263342750592,19.1314752747069,0.735785477703008,0.00733439052811462,26302.5141537793,2265.41062681864,74.1805304352721,0.636307899212408,13235.6751472283,10803.3402550229,735.674143557306,23.2292037449293
80,11,2.12450681139339,1.48365459712686,0.0707970423926095,0.000874424771787671,21.1986428082327,17.3383525533293,1.16587615954531,0.0144425161805724,28.5013544997178,19.903991552804,0.949778834288557,0.0117308592612652,26777.5125375691,2761.31880674181,111.815142026831,1.12495206282345,12130.1018900387,11218.4176032757,945.275525696025,36.9729274969949
80,12,1.96157501448183,1.52738188930172,0.0914346896370045,0.00134840963776642,19.5496447399389,17.8285941432709,1.50289242874933,0.022232866334384,26.3155404189399,20.4906157278383,1.22664351506915,0.0180896106760942,26877.874418108,3382.6159517637,164.594951365375,1.89667220520827,11177.1648882316,11525.0361694275,1215.87724579897,56.8028418166793
80,13,36.3923284693613,74.9598953571164,25.1723564049604,6.36001333094871,156.822448374781,364.108673087517,168.085505213196,41.9310659738004,180.027292490953,365.435127047865,121.942537937165,30.7822246181255,233818.615472497,140823.593573558,54904.8532993417,17747.2621312781,36076.2096441838,92993.2851023216,52900.7800935804,40948.6382640321
80,14,8.14833589159385,42.8910075929966,28.4982601610698,14.3879445707329,33.1991566951788,203.79389228287,189.156265496649,94.519756406947,39.5115147487251,207.624111132552,137.924149990382,69.6331969108563,139094.305934277,157652.568807322,102313.445003667,50154.4779947648,7982.40056715057,55457.5866079903,63965.6589568093,99382.3743730817
80,15,1.86140126195616,24.2669827594622,25.8406794205183,22.6687554606872,7.60746459721356,115.305691840585,171.356820785375,148.68965977536,9.01010390932718,117.445412576275,125.060866199056,109.709723579012,77060.7831590337,136013.318732351,125722.282563186,91744.5289755113,1840.75726135562,31400.1063377612,57890.7847397989,156061.124422732
80,16,0.476820087807861,13.7373403144429,20.6644862237849,29.6528026751292,1.95583833087589,65.2154752104257,136.887699752567,194.225677737962,2.30769080116865,66.484466028045,100.009684025153,143.510338818907,42706.3236579424,105066.858553697,126482.491080196,136112.358441745,474.517425844871,17746.6871212283,46189.5657075948,203517.646076737
80,17,0.747408920096665,77.681193730894,178.09396746199,1052.85038466136,1.12218744465748,129.150125494785,407.994045805307,2372.84235391551,0.766840889891757,77.0295462183913,175.531331200859,1033.4099767742,47452.4182679628,177164.140467351,333600.617795028,1681686.36594375,120.782085537823,15295.0185655638,59773.6890283537,1075654.79163217
80,18,0.0379654353726798,14.7210750730064,42.9220252814994,1055.04736739093,0.0539368343276097,24.0330641665698,97.3328474547001,2364.45347788867,0.0373420550617122,14.4325478806069,42.0744203377216,1034.15881644035,9919.21429805619,46859.617831141,114163.450407524,2065854.79857863,6.00517437077666,3001.61142467403,15072.6327656616,1136753.80258333
80,19,0.00174566512698223,2.30680611269035,8.35334898280823,2010.94702049291,0.00160187062184464,2.45679429029719,12.4523227595436,2957.32419414264,0.000666082587455266,0.794277111824244,2.82864724159597,666.617042720912,1863.46146796842,10617.2095476935,32348.3341329568,3641167.63829705,0.374703991260795,664.133747667283,4177.31236852745,3096147.17776866
80,20,8.01051480066933e-05,0.169661761441608,0.73915973211464,1941.05336005191,7.33661427110591e-05,0.181312600550968,1.10406528731472,2866.00791922725,2.66477417943548e-05,0.0561531897607701,0.244493584886719,641.840261737574,138.266408912325,911.600008247115,3274.51151659523,3275743.93741402,0.0207453594254969,57.7737633569314,435.218526594979,3506637.26772545
80,21,4.89300194453274e-06,0.0114948407937455,0.0566755711682371,2102.3239005327,4.48323698606077e-06,0.0123707792330656,0.0850186595598002,3110.87755277637,1.61823227367905e-06,0.00380102651273989,0.0187407174131526,695.164738784317,8.23324578808971,61.0482164315723,248.789650528501,3446398.31088497,0.00111075978232297,3.47090558112493,29.4852900286918,3339992.10621471
80,22,4.15734027972845e-07,0.000430223310468269,0.00235015348480696,1565.32402110496,3.69752094170613e-07,0.000447435536070056,0.00344357378669144,2288.18661904484,1.37469175134179e-07,0.000142259893520135,0.000777113396382053,517.597721303931,0.402441593777381,3.25908758581234,14.51036513769,2877285.90444152,0.00014458027704325,0.196611244081271,1.87309343071713,3910972.73785791
80,23,4.39756032912108e-08,1.44614582166295e-05,8.43077395205006e-05,1043.79105499788,3.89451257258257e-08,1.47121992294617e-05,0.00012177860188623,1516.23222667004,1.45411897035115e-08,4.78189696829551e-06,2.78776109540256e-05,345.14507175312,0.0165049083495007,0.142164420449524,0.671617854418636,2078375.19451247,2.78223537164749e-05,0.011634400362066,0.119317882458249,4711368.67559874
80,24,3.00269927515088e-09,4.76170531678635e-07,2.8475464602371e-06,716.081297844592,2.6541357313925e-09,4.81272780630612e-07,4.09765569158163e-06,1038.94489320247,9.92887277211672e-10,1.57452884797448e-07,9.41583684592723e-07,236.782955498826,0.000578927301451434,0.00520602600594608,0.025682487462448,1553979.16230493,3.0759631489648e-06,0.000615671166404736,0.00649722906036069,5236678.98995611
80,25,1.70022056874512e-10,1.78808770597909e-08,1.10150058220323e-07,493.379680078228,1.51797214440946e-10,1.83205501577688e-08,1.60116803273727e-07,716.343886690224,5.62203275663951e-11,5.91257854428518e-09,3.6422758718071e-08,163.143345851412,1.74778281979376e-05,0.000163488587087475,0.000841387659333854,1058498.58802867,1.83488149104304e-07,2.45667146614819e-05,0.000266193830807469,3739853.54374507
81,1,3.46512301696412,0.0159194322295337,0.000160315949781335,3.90017500075625e-07,41.9242488994608,0.193174062373576,0.00251679606893044,6.20359336619994e-06,42.1028789525047,0.193428609856364,0.00194791440152477,4.73889657442212e-06,645.11679354849,8.79693367265306,0.0796627344184178,0.000131874228032318,28735.69504079,135.310444925084,2.0741790906563,0.0155975147748731
81,2,4.84945447827474,0.0772436180778743,0.000992903617114004,2.64129130680676e-06,50.73870281893,0.921851571767739,0.0155412648706726,4.19223237064487e-05,58.9231591158246,0.938546390954846,0.0120642472426507,3.2092935120733e-05,2347.88037221598,51.7669470393452,0.524243016952944,0.000936811733572981,30138.3675335823,635.072218028255,12.7618996203227,0.105135847219791
81,3,5.12625380490589,0.206765259278971,0.00321020635118558,9.32830233717724e-06,51.2487573369181,2.44508406445963,0.0501257306924478,0.000147735406885097,62.2864014844885,2.51229541935074,0.0390055212339746,0.000113343273012753,5334.62572612784,160.697870925648,1.79669558455039,0.00352107452747193,29696.1296363728,1669.91662970171,41.0418284729257,0.369547630281279
81,4,4.86648835327444,0.400924722605402,0.00725881045781012,2.32098580460048e-05,47.9018831762869,4.71461699168493,0.113109663640153,0.000366694963092826,59.1301287309562,4.87142447245952,0.0881979706198463,0.000282010721995061,9355.62281746004,351.129432660664,4.3160638617036,0.00957896345134807,27560.2182318,3203.50266697012,92.3848701275051,0.914656269349307
81,5,4.35020098584413,0.630040900033191,0.013013330200893,4.66929128215665e-05,42.530723521065,7.38156058373291,0.202407345748447,0.000735560383668922,52.8569937140441,7.65529408894265,0.158118099569578,0.0005673409131052,13770.2481096182,610.337968307093,8.29550372767623,0.0219504443734906,24382.4073583919,4999.07415969576,164.962066785914,1.82848970264313
81,6,3.76505685604844,0.855827355947251,0.0199496981738133,8.31883276263764e-05,36.6626755681953,10.0012345548672,0.309754433350604,0.00130573043288036,45.7472165586746,10.3987060185986,0.242398241920703,0.00101077741574186,17887.6878552723,907.441760148089,13.8912254873043,0.0465783867020419,20965.0214780199,6757.87795009243,251.932297059505,3.23212418357333
81,7,3.23280738842243,1.04960042822042,0.0276406167505307,0.000140353280933382,31.3879697499435,12.2431767399147,0.428402903036333,0.00219358082102522,39.2801344959932,12.7531402381722,0.335846529985466,0.00170535855979576,21253.1979306634,1215.52074941103,21.6332372625933,0.096060728935174,17912.1695768092,8259.43395317344,347.702207772611,5.4027139653112
81,8,2.80714925824443,1.19972369159789,0.0361908319217197,0.000233627271649408,27.1915053498065,13.9751854201541,0.55982871550623,0.00363517695945761,34.1081874562211,14.5772086925943,0.439735676953135,0.0028386815388958,23722.4661453412,1528.8377859282,32.8753294754218,0.193973388308265,15490.9897254814,9416.6179562015,453.332694008878,8.90667414344533
81,9,2.48921091741139,1.30859827275142,0.046362145304654,0.000388045895178432,24.0651833379948,15.226805408243,0.715623444233517,0.00601405296545436,30.245086662131,15.9000862033985,0.56332193177097,0.00471494064503022,25371.4618991002,1866.54231346875,49.9889152675624,0.378591657428262,13690.2946104739,10250.2363560377,578.030194412458,14.6664813152569
81,10,2.25316012535526,1.38551200989823,0.0593762330865652,0.000637095321515557,21.7476194871365,16.1060456586501,0.914433559814347,0.00984309168588407,27.3769582072604,16.8346243854553,0.721449236307227,0.00774100863711249,26363.9643925811,2264.56314834738,76.1699216831923,0.705166712406493,12356.8250483006,10832.9401128025,736.658254628744,23.9154539614185
81,11,2.06759225307621,1.44062558113045,0.0765276043659824,0.00101882332480528,19.9285747887561,16.7301331009155,1.17601197547556,0.0157040423599891,25.1222210375296,17.5042802697833,0.92984648665346,0.0123791839159138,26859.1986608809,2761.95511429567,114.909926628902,1.2476622809743,11311.3795044482,11243.0461942545,944.957430611233,38.0496950209077
81,12,1.90714270066249,1.4819067966739,0.0987696707469902,0.00157095056462719,18.3594702047817,17.1906872703304,1.51488615412491,0.0241716157019726,23.1726833010088,18.0058665085775,1.20009808346794,0.019087790285961,26976.93781187,3387.54682723708,169.330744438182,2.1032893370413,10411.1441096529,11541.5883479067,1214.48525858774,58.4426511496466
81,13,37.2285483704261,75.1314491197697,27.7198762743505,7.20696496392778,149.787396864583,350.014824168701,166.774661929345,42.7934691930675,157.617551040881,313.218694396003,114.812643155332,29.8204625810193,234057.008292764,140571.112379473,54487.2078448022,18696.4338906298,34381.3173196148,93254.0435425413,52199.7216089298,39651.7454440552
81,14,8.83710289340654,43.4365743859281,31.3760877854104,16.4271917815929,33.7168233972717,198.071529294509,187.653312122354,97.1889434279139,36.6340386538425,179.756264660543,129.818671739189,67.9667526170246,139855.741926044,157642.076259132,101829.739515335,53305.8669706181,8020.22122751435,55677.134283866,62534.5421774481,96065.0450342689
81,15,2.17973987974737,24.617330826036,28.2716694093472,25.8464437133103,8.35179959246081,112.243421948099,168.934099976744,152.670947052679,9.01999041730439,101.853701035915,116.97271130624,106.93843461007,77826.6105815786,136074.399012105,125360.945156847,97659.1214340422,2001.00592788576,31570.3657910614,56243.1198155573,150618.880832841
81,16,0.60203243841178,13.9065159209771,22.4973227840731,33.7325718024125,2.31660817016358,63.3555259602682,134.296005784159,198.969427546829,2.49090941752872,57.5375608458783,93.0816056308895,139.566914983065,43123.3975278674,105088.478012817,126235.853832883,144742.93904744,556.877083705148,17806.9717762295,44658.2730013244,195958.622607387
81,17,0.989259309152059,73.2686893173025,182.781296405257,1101.12151414375,1.54058065527452,129.879231937313,419.623192161267,2487.75881819135,0.960083901041219,69.1565636750739,171.607720642483,1029.71244178751,47565.4102417836,176869.56068247,332150.42519343,1731503.76609524,159.158096649541,15405.0143016136,58714.1720990709,1028161.68855582
81,18,0.0575037576757283,14.0527785116933,44.9000952701523,1116.01034383749,0.0853455800494565,24.5025224255433,102.093165209927,2509.3400189787,0.0538391394306917,13.1260890382074,41.9338079582042,1042.22820953229,9897.63285467496,46742.549286604,113637.484741318,2119367.69711406,8.99568711056636,3017.82797582584,14870.6766018343,1083865.01882337
81,19,0.00276846518817532,2.16007305984764,8.47199949284132,2081.78290121665,0.00262920041579727,2.43548373431064,12.5408228718986,3039.25635323396,0.000933967383206072,0.652727771367689,2.51730103424689,602.675129661439,1854.78254228284,10580.4026081157,32153.1213494191,3856070.94925595,0.585565703280701,653.950960143567,3988.42065749851,2881594.74103281
81,20,8.49322747718382e-05,0.154198317641588,0.719674909829531,1999.57110942365,8.06226407856965e-05,0.174223823280273,1.06664233163832,2927.00371812812,2.47586791304077e-05,0.0445523926456494,0.20780362121077,577.121739559482,137.37233081998,907.386807875135,3248.33764017314,3486356.51103627,0.0221531211216327,56.1401707406082,405.829457441537,3296032.32133003
81,21,3.56171908063213e-06,0.0105107751780067,0.0553469991646158,2181.91413398016,3.40377796913176e-06,0.0119745221258122,0.0824906454159869,3203.62946167058,1.02843689704481e-06,0.00303371378283707,0.0159744517716842,629.747551672285,8.16706888839373,60.6822941198399,246.054353768366,3657217.71702516,0.000813982514909293,3.36084753168583,27.3129587613865,3129071.23377147
81,22,2.10132961731095e-07,0.000388120704520958,0.00225311070249198,1637.65285280694,1.91649173952023e-07,0.000427356281696208,0.00327500011882058,2371.80371404689,6.06497314732473e-08,0.000112020144213345,0.000650296556793569,472.66198684329,0.398651754492015,3.23834617972096,14.353951952761,3118938.3563071,7.09846347005813e-05,0.186751297668304,1.69081742220756,3669209.64943468
81,23,2.33583349535914e-08,1.28797514431662e-05,7.98921959898943e-05,1122.57528388343,2.11762821177334e-08,1.38720921894916e-05,0.000114323295024219,1613.70064801125,6.7417215156997e-09,3.71737467551697e-06,2.30586136209528e-05,323.99947470418,0.0163318821060906,0.141373924456365,0.666554331758029,2300491.9189379,1.41905264061524e-05,0.0107893416328634,0.1051194445716,4489096.86522442
81,24,1.76741997624459e-09,4.22456392864014e-07,2.69817752186365e-06,783.920327143858,1.5990149471591e-09,4.51700929313038e-07,3.84225279740852e-06,1124.83256963401,5.10115584420756e-10,1.21930040429426e-07,7.78752314024366e-07,226.256339197034,0.000572496061537429,0.0051828392404599,0.0255829760847605,1729739.69052331,1.73428217924561e-06,0.000566450958048082,0.00569725230382002,5060775.26262866
81,25,1.05208237081269e-10,1.58040564670379e-08,1.04031379054959e-07,540.685400468777,9.60457395676477e-11,1.71184600251772e-08,1.49644396076661e-07,776.383789031494,3.03653697386756e-11,4.56139206665606e-09,3.00257030871613e-08,156.053485451843,1.72755030727699e-05,0.000162874682655603,0.000840164272863181,1178488.33220118,1.08666907453058e-07,2.25284909891098e-05,0.000232880238943649,3619763.54384771
82,1,5.99448485278096,0.0280313770237677,0.000268319847782187,6.8022129448364e-07,40.629929383471,0.190800536816193,0.00213518173835642,5.48955444338311e-06,48.1469439244023,0.225144473767585,0.00215511106996623,5.46345137672582e-06,679.053719478252,9.25160105458011,0.0760925519669031,0.000132950752517782,30474.7741837122,141.149667041618,2.250068908168,0.0153266556839923
82,2,8.14150352673986,0.134085545152977,0.00165976016216179,4.61053108745664e-06,47.7021460769934,0.896377203896197,0.0131629264135242,3.71213141341455e-05,65.3915262760931,1.07695813436885,0.0133309836321445,3.70312023770494e-05,2379.10115156416,54.0861924547031,0.500497123065208,0.000943596295727603,31842.1938810011,653.54591433241,13.8295084384615,0.103431510372515
82,3,8.4973487398548,0.356406098889482,0.00536444227408826,1.62959184635936e-05,47.7317590101256,2.35992328447058,0.0424283154471131,0.000130896467283997,68.2496300068354,2.86260869432109,0.0430865216443743,0.000130886755364689,5301.16290307573,167.245903374811,1.714895735574,0.00353820295951833,31327.1593212775,1708.15013423521,44.4716674730534,0.363978837182752
82,4,8.0352117085746,0.688814698821893,0.0121314606314097,4.05637507994753e-05,44.5303321888071,4.53520377589491,0.0957325225446295,0.000324983187680989,64.5378038404694,5.53247251314618,0.0974383569374781,0.00032580291435714,9207.62699773629,364.550804772095,4.11814525565928,0.00958041446737176,29091.4858851148,3269.04945013174,100.146559671352,0.901668877908639
82,5,7.18531824975774,1.08096047546918,0.0217539671114524,8.15888151181468e-05,39.5868890120064,7.09126114323309,0.17132295044622,0.000651627294804707,57.7115671064841,8.68213777748815,0.174725111560252,0.000655311040535777,13489.3487532898,632.560902059707,7.90839569104999,0.0217935450986191,25797.1250815869,5098.13822045794,178.915016300926,1.8031703569479
82,6,6.23452006368501,1.46764657773515,0.0333492921960116,0.000145229619612303,34.2237261638197,9.60416460757611,0.262145230431433,0.00115539893811901,50.0748763694928,11.787951627949,0.267857295616483,0.00116646593049475,17484.2855837529,938.896806009802,13.2204333837643,0.0458539075784877,22259.8500657155,6892.6106198077,273.321380643972,3.1866844914808
82,7,5.37228628612504,1.79967511261784,0.0461807479056671,0.000244763689671598,29.408822770852,11.7563093209178,0.362303780624792,0.00193826423166674,43.1495237566413,14.45476281238,0.370917924460116,0.00196591098831139,20751.7120590856,1254.88844131193,20.5357472927202,0.093934388123743,19097.9206819493,8426.72460458325,377.129529640843,5.32498807790393
82,8,4.68314175479527,2.05675446761838,0.0603898048475803,0.000407346678581009,25.578044016753,13.4182884417581,0.472769791173484,0.00321015996927982,37.6144020705217,16.5195916664541,0.485043272109223,0.00327175698547854,23147.658311166,1573.29447685071,31.1215870321257,0.189173865892357,16588.0322346329,9609.28666033676,491.23181737202,8.78305681911688
82,9,4.16859568583825,2.2426614105883,0.0772207521244009,0.000677717586231409,22.7247776599078,14.6160977294575,0.603100799420691,0.00531770908450356,33.4816331442474,18.012772711724,0.620227311210717,0.00544334190880927,24741.9126476423,1912.30102414207,47.2401028637988,0.369772396502647,14721.061304103,10459.572681099,625.400926373027,14.4955188565373
82,10,3.7868063279336,2.37317219698954,0.098712595612322,0.001116896285294,20.6111250232468,15.4524463326179,0.769017778976375,0.00873358913049508,30.4151493249679,19.061018836072,0.792847078990248,0.00897076965545688,25691.6058961366,2307.54467988923,71.9995108010973,0.691795243431619,13339.3112008044,11051.014860958,795.762796050961,23.7367395253846
82,11,3.4865582593442,2.46575397879504,0.127071878177144,0.00179599072888133,18.9519414530259,16.0402321957931,0.987529086041365,0.0140076776773164,28.0035948249882,19.8046239942271,1.02062524857747,0.014425170308351,26151.3115092356,2798.51774178701,108.883713801103,1.23125962978381,12255.8143662076,11463.9294567094,1019.75999251802,37.9870787444866
82,12,3.22610251478257,2.53421542484194,0.163990700246719,0.00278779462078856,17.5164154337585,16.4684330658316,1.27165602733461,0.0217009703726765,25.9116472371351,20.3544976672375,1.3171525565269,0.0223912136866253,26238.0073668215,3415.21093868792,161.131535788936,2.08824305572254,11319.8167234734,11761.4823635449,1310.7277696346,58.7524629607829
82,13,33.7673344868005,67.8157325232645,25.164572578902,7.05343006005284,141.546181201027,329.980380455266,143.117969850776,39.6653676305237,191.378589430386,381.981062975985,141.368539193443,39.6069584192095,226093.535401813,140084.046694828,54627.9103091537,17989.359260884,37026.7774762013,94001.3534569632,58038.7236761505,41720.5232800806
82,14,7.60196208059544,38.4916368583607,28.7675102275389,15.933391897947,30.4605509324411,183.943348244523,162.538623626322,89.2466624057722,42.7197282989884,216.15417426439,161.533753718329,89.4678106433827,133575.447622887,155197.389103331,101379.718863113,50898.0894970354,8321.92260571026,55574.5812487814,70383.9011592363,100436.155365826
82,15,1.77090081622482,21.6446723038057,26.184208833294,25.0033221303061,7.12482128842888,103.445397525517,147.732658638752,139.804412033882,9.94446166330498,121.537592920048,147.027301654143,140.396476545023,73624.3020678433,132588.017834523,124276.708076077,92916.8216138885,1956.85731184832,31271.3852904734,63901.498352836,157100.825494511
82,16,0.463676820803383,12.1868404571348,21.0201686280053,32.6195312057093,1.87222336239198,58.1960478885369,118.426271716317,182.102299722259,2.60361045277215,68.4304900544558,118.030619934663,183.162350041245,40603.9190057285,101644.934935762,124861.152608775,137518.502805888,515.346355325874,17582.2367159517,51162.5051945591,204354.548216268
82,17,0.915719186677248,83.5855764400968,212.350873420755,1421.24063249024,1.08962361890899,112.561141464343,334.851087747096,2205.40876191958,0.782409202143408,68.641454985515,173.384249906161,1153.35745187284,44724.2415847564,169503.572504202,327840.474286216,1673790.07518488,135.407361004329,15120.7315758627,64249.9523767259,1095109.95832576
82,18,0.0485106052546103,16.0256420389668,51.2778917870974,1452.16939737241,0.0547584730256234,21.2267487784756,80.0141867621493,2241.83903846819,0.039442337688087,12.9834366080486,41.5377576942023,1176.23091550645,9298.33904334902,44553.1836028091,111301.821324423,2049477.22414322,6.94110572115192,2951.82595104989,15924.3967874127,1157712.34264784
82,19,0.00182500480858422,1.99251510092056,8.2015211784807,2166.26814957444,0.00167165984221091,2.19720173382565,10.6954587015461,2801.92180147193,0.00105896012373141,1.12103963227155,4.5965187360909,1205.82348549429,1742.37942305664,10055.4103309996,31391.3242259738,3652610.23436092,0.438822830806188,648.181375057879,4515.37460420103,3085483.50092146
82,20,7.65742179172776e-05,0.143579460438867,0.738273785036599,2060.32176221369,7.13287251405768e-05,0.159479541468388,0.966577746682797,2674.23478724315,4.26659096718934e-05,0.0798747324965936,0.410651897882504,1145.88713275022,129.189872696631,861.622585491183,3174.06487705428,3281263.05854003,0.0228716903230521,56.3237267346983,486.975530153668,3500795.79063033
82,21,4.53160536052313e-06,0.00974638280849461,0.0573918206661299,2235.82779227496,4.2285444671554e-06,0.0109031732034482,0.0754992686639631,2909.48840024423,2.52047344121953e-06,0.00542066191392721,0.0319195777641461,1243.4966338384,7.69389109590822,57.6489674381856,241.944281253373,3446004.42593957,0.00118791571698493,3.3870954641281,33.4227544503542,3339912.47194354
82,22,3.6780755188974e-07,0.000365868346318149,0.00245110606889037,1679.26055067929,3.33289050619186e-07,0.000396642994639576,0.00314404553421756,2156.70112536352,2.04563161385211e-07,0.00020348444236554,0.00136322768061349,933.951553012901,0.376273313508141,3.07685820764281,14.1140987660819,2895363.26597949,0.000146035434809328,0.191180540892175,2.1624707087874,3892496.89183373
82,23,3.82757491691878e-08,1.22365460992607e-05,8.90697360991159e-05,1127.02439513716,3.45385518787874e-08,1.2992281776617e-05,0.00011250428292132,1436.8429271203,2.12877603195123e-08,6.80557961433382e-06,4.95377673945199e-05,626.815287057726,0.0154422140742492,0.134221392163433,0.650808460553136,2084442.48038911,2.75750440589619e-05,0.0112684196275603,0.139446397050163,4705015.88550378
82,24,2.62369052141549e-09,4.02326988780749e-07,3.00694873278628e-06,777.147564117415,2.36319664018407e-09,4.24601824766221e-07,3.78420051353369e-06,989.155930235156,1.45921360293171e-09,2.23761533645422e-07,1.67236968553917e-06,432.224870721794,0.000542061360518508,0.00491554462921186,0.0247591609084868,1537937.31757678,3.06062997312122e-06,0.00059601898182986,0.0075976049250977,5252514.11563517
82,25,1.49892150740835e-10,1.51478923267499e-08,1.16581485028646e-07,535.688239847747,1.36335585023498e-10,1.6198479071909e-08,1.48485674688711e-07,682.357419159414,8.33652686679259e-11,8.42477813108263e-09,6.4838931011072e-08,297.932839149189,1.63784674558401e-05,0.000154411162585402,0.000808274691470166,1044804.8207608,1.83965089315751e-07,2.37907288297119e-05,0.000312113660635586,3753404.19942553
83,1,0.99465830963557,0.00466883189590178,4.68946192324298e-05,1.15314745919907e-07,44.6654046150187,0.207401618677205,0.002467116033082,6.14742813298071e-06,46.7568099948484,0.219472037522664,0.00220441812026367,5.42070539435476e-06,680.63278917223,9.05712963381319,0.0779448008715869,0.000131441432634332,30180.181475064,139.973733015314,2.14979531775628,0.0153236047535697
83,2,1.36233867968661,0.0223736588054302,0.000289969833155888,7.80851165217949e-07,53.5850604217392,0.977629524273819,0.0152075128425353,4.15369906266568e-05,64.0406963654461,1.0517389776177,0.0136308763137717,3.67061826284128e-05,2403.56194775273,52.9804643609488,0.512366846493437,0.000931608627331946,31745.2840409694,649.05438612603,13.2054499447487,0.103294556422968
83,3,1.42837122661845,0.0594991539167594,0.000936849343409604,2.7564579365145e-06,54.0515709888921,2.57691089202634,0.0490101389186317,0.000146309211179646,67.1447485011984,2.79693097377274,0.0440393312148074,0.000129575331295047,5372.46729167493,163.873307174031,1.75425158583709,0.00348598871745383,31341.058146508,1696.59034153122,42.4409879735384,0.362986905552099
83,4,1.35356236125855,0.114996284630685,0.00211786670459073,6.84853759733453e-06,50.5787729509135,4.95420171683379,0.110560930764829,0.000362645372020224,63.6281399636952,5.4057351941899,0.0995564910499223,0.00032193545067599,9340.68861435971,357.267449179646,4.20814194702453,0.00940869185032345,29146.4777403674,3246.00465689552,95.5229202229597,0.89740701626214
83,5,1.21103929103275,0.180463124141227,0.0037960939367868,1.37346178922691e-05,45.0011541498328,7.74798979775972,0.197804163849265,0.000725204692559804,56.928428062759,8.4831946054315,0.17844644859999,0.00064563570516589,13687.0068984613,620.025662334077,8.06741514578389,0.0213068837668409,25847.4530436962,5060.88263473373,170.557833050435,1.78914115668436
83,6,1.05013812825468,0.245050625893392,0.00581577690868385,2.43422895837852e-05,38.886822316993,10.4963290223806,0.302516648526189,0.00128072175308037,49.3648004098411,11.5193181849694,0.273387527412693,0.00114428019942409,17741.0438784651,920.404921279377,13.4494963584775,0.0446035778043909,22281.8508534857,6841.77322027568,260.358724136559,3.14766614719874
83,7,0.90355419674549,0.300585914203153,0.00804508589467682,4.08020732050958e-05,33.3704696778389,12.8536482788755,0.417734370467445,0.00213756826239896,42.474195900254,14.1299161142825,0.378182687386847,0.00191802025455912,21059.096282405,1230.18705212632,20.809554597309,0.0909942861076878,19083.386719741,8366.01253660736,358.837221546466,5.22969573846756
83,8,0.786011310417826,0.343700187736417,0.0105038155738085,6.75336833587641e-05,28.9667129612135,14.6791830778246,0.54434380256105,0.00352205280765692,36.9487502783477,16.1566280777098,0.493762435047102,0.00317461742436447,23497.6388875664,1542.05774220729,31.3877433063816,0.182862609688218,16537.6556770129,9543.84591085451,466.628626776534,8.57535100613681
83,9,0.698035990361148,0.375016729442532,0.0134038317019766,0.000111890340020417,25.6786020152377,16.0009895243324,0.693134566762807,0.00581149895485541,32.8132142010055,17.6287533051007,0.630086137139767,0.00525973122419338,25127.8855440493,1873.67318341799,47.4297033657446,0.357416156698549,14640.1056615617,10394.3123795167,592.811293802391,14.0873431786409
83,10,0.632723541716667,0.397149497619252,0.0170977160845397,0.000183982994977324,23.241389685078,16.9304982215745,0.882124578859805,0.0095246682904207,29.7430123819636,18.6691685173137,0.803727928039517,0.00864865638290368,26107.9923689667,2260.07641099973,72.0500160036645,0.669666610442329,13235.247510709,10989.7257514254,752.601358896027,23.0066149153745
83,11,0.581508906881567,0.412997258974499,0.0219718204009594,0.000295691922924734,21.3335141331796,17.5904069997106,1.13105233001405,0.0152701278225128,27.3355193496904,19.4141386838048,1.03284939338112,0.0138998598043872,26592.8207014718,2740.56856806193,108.770728943221,1.194837076678,12136.9290502738,11409.2242937494,962.663105831304,36.7864543754933
83,12,0.537359550928436,0.424857278689519,0.0283284475018548,0.000459297171528219,19.6927780438733,18.0776491011673,1.45533936815518,0.0236749306419906,25.2601503232638,19.9716534433744,1.3316611588743,0.021590600885026,26699.0731163108,3345.64900085621,160.901281476945,2.03294497980598,11194.1282008354,11715.1589460777,1235.99570856756,56.9191952094968
83,13,28.5541247542173,59.1378871511864,22.8107343409177,6.15501560414736,157.923765367624,365.479815044388,166.228592180299,44.309601728062,169.888028661037,345.567414327478,132.249025097975,35.6389319821536,230177.986387854,140538.474635539,54829.2448153383,18119.898229024,36296.9682459053,94097.3739080896,55221.6199397317,41020.5226744024
83,14,6.42685182507498,33.9589125957449,26.1145205781602,13.9694217839232,33.6006456889074,205.286170990981,189.064364832496,100.196850802464,37.2889150751105,196.66147880575,151.198676501779,80.87938797917,136082.668262636,157038.117041189,101981.343495934,51335.2564809797,8006.47456515513,55802.3843615515,66854.5002425012,98936.8179564484
83,15,1.45571980961473,19.1885997739561,23.6960094482867,21.935226782628,7.6261192179526,115.973873143112,171.353639635377,157.074792315678,8.42962357153762,111.097775879537,137.193812836134,126.999305564187,75212.2376158593,134934.805463716,125121.540649238,93747.0921007862,1827.24726369677,31539.4919472555,60522.0512165544,154827.180613841
83,16,0.369579739062663,10.8676461608326,18.9706418768513,28.6278114630436,1.9419774993669,65.6293309313145,137.019002273315,204.700622550319,2.13979569136701,62.9208792441134,109.835123530493,165.747644054271,41678.3544370688,103897.876663925,125797.263336423,138812.729147825,466.464759568236,17835.2112933047,48332.8641391116,201450.551888567
83,17,0.685625233018892,72.8881201785535,190.86855088977,1208.77662267452,1.11887439733406,131.240631594759,407.677727035929,2541.80873938068,0.691148244083109,71.1123559997789,185.316633770422,1168.06980483664,46233.8179426995,174069.183856617,330922.859326715,1696576.15783523,117.349041528878,15279.414553466,61484.2891481719,1065595.4218404
83,18,0.0349275944813962,13.9955352277705,46.5150608555999,1234.5023341885,0.0542481043217729,24.8185629545955,98.4035522386839,2583.93334296119,0.0337991527617349,13.5060483014046,44.8832897397898,1191.12226547057,9638.23841906565,45831.172101476,112771.653353705,2080232.97904062,5.76446044596713,2982.32633167349,15351.831537406,1124254.93591653
83,19,0.00141064322184926,1.92830361508895,8.04889550792384,2051.95802044968,0.0015939602201798,2.5285586648294,12.6407483265407,3188.31316056149,0.000751763015213165,0.974644646762323,4.0415500829152,1017.9730538809,1807.68937291339,10362.8653545227,31903.7906508201,3724051.51967058,0.354859788015081,656.008952743706,4260.33435547269,3013318.76959252
83,20,6.41576428192806e-05,0.138886614959713,0.706507960437387,1952.00930221001,7.29266315306709e-05,0.182852633785658,1.11194097025879,3041.7056247651,3.18678308655346e-05,0.0688307481354183,0.350059562499322,966.994097625351,134.097564901768,889.556473242892,3230.06247737683,3346715.5517683,0.0200516087418005,57.1667674885886,450.137393128141,3435210.13238521
83,21,4.01305860084271e-06,0.00949750346220067,0.0548627913685774,2129.63303648335,4.57072110805661e-06,0.0125952722792742,0.0867909582329535,3327.73883049018,1.98813855093049e-06,0.00470494429759285,0.0271781786150401,1054.98401547355,7.98933144360359,59.608380504571,245.888116780198,3519080.10365986,0.00109141083584967,3.43566592868383,30.6236562252332,3266709.79841064
83,22,3.45064570627117e-07,0.000355498373975701,0.00230211856597136,1597.28222595574,3.83011714960225e-07,0.000457434054973117,0.00355498764932829,2464.30857447145,1.70939346386883e-07,0.000176107915841898,0.00114043051808202,791.266468885584,0.390855720256438,3.18533336106738,14.3579760675721,2968407.17613725,0.00014324210813657,0.193959421672955,1.95262032021719,3819369.87771423
83,23,3.75533885521869e-08,1.19677479868065e-05,8.34341827684248e-05,1080.35337216834,4.15399668745932e-08,1.51053263488082e-05,0.000126972469399653,1655.38057647009,1.86033108287152e-08,5.9286190542608e-06,4.1331876308578e-05,535.188699936552,0.0160455280894895,0.13909895669784,0.664472607311361,2157968.16253089,2.81936098275311e-05,0.0114533708113495,0.124855752890249,4631409.95858122
83,24,2.62931667662003e-09,3.95637129912068e-07,2.8293839597466e-06,747.094288006165,2.90338798659115e-09,4.9642285646132e-07,4.28862351057171e-06,1142.95927048353,1.30251879687423e-09,1.95991910434138e-07,1.40162872836373e-06,370.097813390022,0.000563380080721908,0.00509810297333655,0.025383251112158,1606971.35603869,3.19528877175191e-06,0.000608534720328577,0.00682187743294971,5183418.45410148
83,25,1.51272567987403e-10,1.49480044627223e-08,1.09798099334862e-07,515.007773698919,1.68486545088691e-10,1.89836094219228e-08,1.68197712043109e-07,788.467189211225,7.49378593004095e-11,7.40498736928883e-09,5.43921123889403e-08,255.126098518987,1.7026634734585e-05,0.000160234464349715,0.000831076353484664,1093467.00147574,1.93381125384376e-07,2.43888448237467e-05,0.000280532078952251,3704699.396149
84,1,9.29870808102834,0.0387156204699519,0.000321079756041832,7.49213312489519e-07,44.2499268331603,0.186459015142316,0.00197256019858539,4.66302456200547e-06,41.0650340913498,0.170976253971241,0.00141795516248123,3.3086822331638e-06,658.928667923913,8.05325579306209,0.061408223925279,9.83525459218669e-05,31470.8437821666,140.999373262473,1.98555896662478,0.0124975243191238
84,2,12.9056231383139,0.187163267385987,0.00199910399477047,5.10776375774114e-06,53.2097554464129,0.885947782855378,0.0122440659409621,3.17226596223751e-05,56.993923190926,0.826552020869979,0.00882846014543604,2.25569499563217e-05,2344.54880704699,47.4406320673807,0.406397375159173,0.000702116569226773,33087.2060201263,658.949266721669,12.2815046132063,0.0848175387938166
84,3,13.6075356750633,0.501158321855408,0.00650018216090194,1.81536462177164e-05,53.6982643389013,2.35011091975194,0.0397144891398423,0.000112504438588372,60.0937153340485,2.21321966372344,0.0287061600075418,8.01702875621819e-05,5266.31527475008,147.658416260923,1.40059286767165,0.00264724927335599,32653.3941402489,1733.18655050666,39.7248469066279,0.300083147079645
84,4,12.9209410711992,0.974028394559974,0.0147821595317707,4.54211599688534e-05,50.2395068403181,4.54183719460674,0.0901285851058343,0.000280825984601014,57.0615703770363,4.30151251980421,0.0652810992480152,0.000200589314809777,9189.42065857813,323.728816921491,3.3817801627547,0.00720332660791943,30353.2064597561,3333.03772663695,89.9420183097728,0.747081398621224
84,5,11.5638833325817,1.53553616557469,0.0266446097266093,9.17753764646907e-05,44.6678599308444,7.13377325930996,0.162157587421582,0.000565813007014181,51.068520394754,6.78124793663288,0.117668153171329,0.000405299201827637,13503.2413241754,564.668259415956,6.52686045329948,0.0164518663590206,26895.2476624987,5218.58731942745,161.489785025647,1.50051752842022
84,6,10.0194829614514,2.0927909447534,0.0410419517354864,0.000163967724182848,38.5462897365401,9.69800892012827,0.249345128592003,0.00100732178854396,44.2481262777956,9.24220125457064,0.181249817986209,0.000724115664754264,17540.0561113998,842.081839425095,10.959037654219,0.0347176997499247,23151.602839326,7079.13315494765,247.837973514255,2.66097442170988
84,7,8.60728263662053,2.57450319507747,0.0570832519083078,0.000277105468118047,33.0130305662665,11.908608711968,0.346183341029778,0.00169523119154028,38.0115551350458,11.3695430110172,0.252091544893463,0.00122375553636141,20851.3748012427,1130.29806999348,17.085651089567,0.0712882256643902,19787.8349284814,8679.47761059231,343.410424324276,4.4574150337549
84,8,7.4730791552979,2.95035511058395,0.0749534109000794,0.000462126497893417,28.5923292270675,13.6286295279473,0.453668489442361,0.00281469392665455,33.0026760282731,13.0293834521923,0.331009893745833,0.00204084698918848,23286.362113792,1422.67752604645,25.9703480339818,0.143929868910217,17108.7813736496,9921.80435450472,449.06139319521,7.36479387364102
84,9,6.62498279671844,3.22492379906175,0.0962241481138662,0.000770362957951991,25.2961435803499,14.8806711031213,0.581148384091364,0.00467351541453213,29.2573056419427,14.241936040628,0.424945905202566,0.00340208347819357,24910.7414802873,1735.81405407165,39.522839276704,0.282294569801752,15114.8270509946,10823.4296212008,573.865526271711,12.1744960775266
84,10,5.99807407337151,3.4207269549814,0.123498819631082,0.00127258870580985,22.8642258865218,15.7685343926183,0.744161376905513,0.00769599764283711,26.4887459805279,15.1066436110742,0.545396542637886,0.00562001711775095,25880.5124107337,2102.75556584099,60.3933575581289,0.530649496419816,13645.5435873674,11459.7734970359,732.966555941871,19.9772260413362
84,11,5.51014437465902,3.56329326093727,0.159639721270952,0.00205264353708925,20.9751941233315,16.4089960955189,0.959787790722359,0.0123839577431189,24.333946675376,15.7362461497645,0.705002301308961,0.00906490192975679,26351.0313749982,2560.75587400555,91.5963559183603,0.950598667049527,12505.8086620403,11915.1463100167,943.007074735252,32.0606255730765
84,12,5.0929674401798,3.67310601249645,0.206903715990558,0.00319872479642811,19.3644561464553,16.8954409930222,1.24147461373689,0.0192636196617783,22.4916063322625,16.2212021616263,0.913729958693316,0.0141262357813086,26440.7610501959,3138.8686618993,136.004561026902,1.62625808633935,11535.8138208526,12256.7844501703,1217.06752639059,49.7701839690496
84,13,36.4900351023771,69.3484129177167,23.9480016581276,6.63501080083769,157.705067039233,353.408889215336,156.372523863504,42.900404412105,177.824959747571,338.663032981464,117.051141674719,32.4339883196481,226537.44965643,138047.521374274,53325.4767928714,17397.1534103897,37113.3655088654,99382.9647565711,58453.0732630665,41620.0654025252
84,14,7.83564789896037,39.4711426001104,27.8818670679328,15.1188168053517,32.617137343605,198.164102587255,181.096601301409,97.4281241518464,38.292725056163,192.943121755808,136.295999606737,73.9059924845602,132460.759900819,154985.295871034,100068.882639912,49318.6091777893,7945.81535691441,58834.0615747416,72087.2918520953,100894.893384601
84,15,1.68562941501757,22.2384960573224,25.5840659472013,23.7939088190231,7.03769216831656,111.613417244125,165.945585758789,153.085733068447,8.23973128864475,108.709356632901,125.063743471279,116.312839885719,72355.4587532708,133131.562761627,123164.448694911,90209.2789216275,1723.14025458909,33145.0542193987,65961.6231235607,158249.293835983
84,16,0.405786717505776,12.589097763248,20.6376583447881,31.1088465114076,1.6994917264237,63.1146214442506,133.681696623553,199.857923380972,1.98362146778128,61.5398541487482,100.883998043311,152.070780469695,39785.5890823258,102350.720560063,123955.404597387,133807.458607498,417.065580227044,18725.253216685,53057.1454655792,206258.978975022
84,17,0.50067934224239,59.3195961877116,145.125529109213,951.627642494382,0.951580799538565,128.881533977713,403.114500198616,2606.57054196966,0.761306373022233,87.87130701018,214.172603958331,1399.953346709,44014.3157053017,170244.544577108,326355.724736538,1675905.45509242,97.551507441788,15637.1760964575,65286.3461810552,1092741.29745079
84,18,0.0236976334098573,11.3134808594463,34.9110792169712,975.409841772366,0.0426910572827703,24.2149676894459,96.1233261704286,2660.4536756655,0.0349226017496148,16.6296065211634,51.3109142274695,1433.56017789637,9180.06906786485,44544.5759121651,110635.558106219,2054753.75116652,4.39979248085896,3019.32178842935,16035.5271703286,1152845.0349611
84,19,0.00121828787422572,2.06367334452214,8.15913180486724,2130.31195325294,0.00116548943096485,2.35526508022066,12.0306436476676,3104.9177980274,0.000524856068500572,0.770530757282832,2.98521828006655,757.173223619837,1723.43026526931,10052.4866443982,31234.3355055798,3567039.68881026,0.270726377950468,686.571632527044,4695.03067042616,3171197.25718281
84,20,7.71562206876893e-05,0.155522910558609,0.754731991928255,2040.90072691014,7.28743003140143e-05,0.177402135345142,1.1121530007374,2984.43367359686,2.74899301290107e-05,0.0551411396930927,0.267406871090194,722.790750485232,127.978161583826,863.594861236729,3165.76147031897,3211592.4742556,0.0206754641117535,61.1709515115643,511.447015287483,3570576.90080963
84,21,5.58930792872584e-06,0.010797132771165,0.0598002931410527,2248.71616204799,5.29442797235336e-06,0.0124126984130514,0.0885728915249185,3298.47042057471,1.97975216555327e-06,0.0038239157429036,0.0211784876029563,796.385419888457,7.63193741459216,57.9825878521953,241.86826399361,3394267.05585376,0.00129031986991115,3.69180562605546,35.0963973164763,3391692.90316635
84,22,5.20279661987858e-07,0.000404681701426896,0.00250482898047065,1637.00552958953,4.80273634727549e-07,0.000449512637928707,0.00361803250408777,2370.02528447103,1.84258160518146e-07,0.000143318646407644,0.000887088243826544,579.747391441138,0.373675484401523,3.09917951162654,14.0951702923818,2805391.93537312,0.000190268426457019,0.214714173258944,2.30688023223833,3982651.18860071
84,23,5.45657586714095e-08,1.39800936057738e-05,9.14767713838355e-05,1087.16487453691,5.01956812457536e-08,1.52382833073314e-05,0.000130444161746647,1564.19102596939,1.9324527130341e-08,4.95106648047353e-06,3.23966040372399e-05,385.020690938892,0.0153494857979941,0.135065700148106,0.647963209032468,2012647.21733642,3.63241085909465e-05,0.013116648559945,0.150070911367589,4776965.4441812
84,24,3.65663645032716e-09,4.67725319433039e-07,3.08970031335316e-06,745.521823065492,3.35787506287551e-09,5.07210147106193e-07,4.39313680346575e-06,1071.40349874793,1.29500200695994e-09,1.65645460319811e-07,1.09422092048899e-06,264.027411250718,0.000539121745315419,0.0049359356663039,0.0245655991950663,1495815.9221851,3.93231665582086e-06,0.000705011707978742,0.00816750798716624,5294753.086155
84,25,2.05568001175951e-10,1.77798383264661e-08,1.19580050681941e-07,513.76340089375,1.90679584378635e-10,1.9539438313042e-08,1.71904626589417e-07,738.882652121916,7.28021440948835e-11,6.29675019700713e-09,4.23494125084276e-08,181.94989943497,1.62974508274576e-05,0.000154797619217723,0.000799713745708221,1018205.58651682,2.32808073291647e-07,2.84576357960415e-05,0.000335111682949028,3780084.81619573
85,1,3.08139518928707,0.0141756569032719,0.00014006890355033,3.34191389093145e-07,40.0959606604325,0.18339880325727,0.00197330387489417,4.77356696809049e-06,45.5425268786147,0.209513936344092,0.00207019593818308,4.93929515217342e-06,697.75725803357,9.1935238072477,0.0728354537511628,0.00011909988180883,31226.4562248494,145.672498693738,2.24107396922833,0.0147054038268214
85,2,4.14082525788318,0.0673797675794608,0.000863520669967633,2.25974720010854e-06,47.1597002092248,0.857476968387825,0.0121242820036004,3.22033304700648e-05,61.2007334412771,0.995862162286424,0.0127626970597495,3.33987013277672e-05,2439.90015344968,53.5579821717066,0.477968808900893,0.000843541023517488,32674.1426224463,671.31491587636,13.7276475671331,0.0990024191793981
85,3,4.29814682472433,0.17815092604933,0.00278326913823536,7.97145251294768e-06,47.1682172886933,2.24738714553654,0.038973265229184,0.000113335232333819,63.5259209768968,2.6330421252877,0.0411362716405842,0.000117816790132821,5419.08244812435,165.133240200947,1.63470554203745,0.00315737116611222,32122.8857316663,1746.73002672254,44.0217129483047,0.347714033160795
85,4,4.0498550843505,0.342827017294078,0.00628091270868763,1.98138112166068e-05,43.930397247677,4.30238190397923,0.0877511751322346,0.000280985124493986,59.8562088610907,5.06692835249191,0.0928308828585601,0.000292844953168402,9378.47387477149,359.134829539484,3.92066179246255,0.00853496059844279,29775.6784280305,3329.98085235675,98.9214556455011,0.860150257344183
85,5,3.61075869021227,0.536200666644694,0.0112469634971344,3.98166153876436e-05,38.9685929890805,6.70664761030626,0.156819146596882,0.000562922455998884,53.366434553054,7.92495988761735,0.166228317338793,0.00058848319190333,13694.0728672382,622.187156180147,7.52509792064733,0.0193747263097757,26344.0285103614,5177.10578233781,176.474119811931,1.71866399411105
85,6,3.12471935834531,0.726224685631115,0.0172317894548177,7.08320964545678e-05,33.6148905355204,9.06264258581003,0.239814405181854,0.000997612727611755,46.1828511514273,10.7334844229833,0.254683085487077,0.00104688702957219,17701.1819867641,922.759396818588,12.5825172597435,0.0406251036223175,22680.232302255,6983.25907744512,269.431147961132,3.03587134856469
85,7,2.68635769189481,0.889050992682246,0.0238703485165668,0.000119267146002045,28.8274706486268,11.0765271780987,0.331561393230928,0.00167225845105065,39.7039360008214,13.1400311363692,0.352799924104887,0.00176274929662317,20965.2478002217,1233.39037955677,19.5590083607357,0.0827697745898149,19418.4981631255,8524.2727471208,371.888858625166,5.06928994005814
85,8,2.3370608971089,1.01509864484579,0.0312540027131069,0.000198067412275767,25.0278888641356,12.6316337915701,0.433203783952088,0.00276420022404076,34.5413853742554,15.002995226987,0.461929149358895,0.00292740459864021,23350.074315335,1547.80751318436,29.6553667580415,0.165470057776667,16835.8962687886,9711.95391205288,485.012515128953,8.34570835135144
85,9,2.07658215665604,1.10650345935015,0.0400365498874885,0.000328267249360338,22.2006085487003,13.7556715979754,0.553639918127332,0.00456219098432732,30.6915513511398,16.3539437310517,0.591733788550442,0.00485173731669941,24930.4380695999,1884.48577200983,44.9816454775882,0.320717394882414,14916.8061491031,10568.2621012281,618.609986957862,13.7244969968616
85,10,1.88331633657138,1.17116505396788,0.0512651066826465,0.000538089677775024,20.1060226279079,14.5467112801214,0.707170730783102,0.00745358464839389,27.8351135152776,17.30963173275,0.757690057785045,0.00795287916927137,25865.3674011775,2278.48811703906,68.3889748591956,0.594817084315833,13496.4422907539,11168.4515804496,788.490671991186,22.358296033738
85,11,1.73135746455491,1.21772857332934,0.0660499973515192,0.000859803598209449,18.4619167657149,15.1113890772895,0.908956054544665,0.0118804630608876,25.5891857494026,17.9978330837013,0.976208371510426,0.0127077593350963,26309.9603914365,2767.91204542412,103.00713853497,1.04999419571912,12382.8152628366,11593.9479866767,1011.40913527891,35.5605586283919
85,12,1.59979986328706,1.25299545699758,0.0852138912863556,0.00132581187898182,17.0419252912289,15.5333838076677,1.17020905007344,0.0182851065002967,23.6447854943956,18.5190719702192,1.25944765145106,0.0195952870129866,26381.948780465,3380.77681924615,151.666171979192,1.76842470184904,11422.5261164354,11908.5221100854,1299.74012509089,54.6411417958661
85,13,40.8146923456294,83.7680911794315,33.1200272235846,8.99114223663754,136.770944079784,315.398899085211,135.082227316604,36.2375693806289,153.654695865188,310.433891758688,121.915845739038,33.0564796471254,227273.376177219,139772.012721255,54057.9617902733,16998.5044336192,36884.0234953383,95819.255882249,58632.9733589705,41759.6878690116
85,14,9.04252466961791,47.8048816023345,38.4158787636774,20.5259305978601,28.7530886476352,176.355511659529,155.55636778733,82.4015850692356,33.3044275194786,175.78126234284,141.229872568844,75.4591898937391,133776.862732588,155451.307340318,101189.174672119,48339.8618128819,8057.37651782338,56585.6805414024,71793.8595011714,101183.514552929
85,15,2.02072342922973,26.8502207304616,35.2518720451289,32.3529096948676,6.43884562791424,99.0343099021617,142.518684584408,129.646977498251,7.42981135760564,98.7095951979541,129.595931503883,118.938492024853,73374.9579075782,133178.176213199,124477.228441562,88609.4458093954,1812.77409124428,31788.5012633571,65693.0310724129,158950.742831052
85,16,0.50532538900156,15.1296942542997,28.4683298113695,42.3658449089406,1.61464627931251,55.7565661734356,114.920604934792,169.497926580158,1.85773808583547,55.6210646010019,104.657672209996,155.7488873057,40373.3756442044,102296.939864199,125268.163448926,131661.419603963,455.487639796858,17885.020929012,52902.9871263615,207515.813001721
85,17,0.66936791320157,73.5408443333406,202.22683086834,1321.5661641492,0.911534193933876,111.099384213421,332.941681626394,2141.43517523446,0.600739398494079,64.0693316167847,175.543040894246,1141.73033424498,44595.5727217541,170626.651357853,330188.167959405,1660116.97664934,110.851142633554,15104.5289897369,64881.60035205,1105077.91523035
85,18,0.0327624965289932,14.125232449764,48.8095147444156,1359.70592391427,0.0425768504419913,21.0440738823325,79.6025194810618,2193.11514246709,0.0283403144317708,12.1874035856596,42.109924667543,1172.99502211106,9297.38030147104,44789.2330954819,112021.040545324,2041192.77886188,5.21658779262603,2931.71507153169,15927.7207232187,1165212.50549296
85,19,0.00123774324949347,1.8727458533374,8.37895680560464,2179.38804223221,0.00121671325015595,2.15173989440578,10.5494705349354,2718.30186311072,0.000632779340283125,0.91262241044354,4.06267282286511,1045.16501432417,1744.42008799077,10104.7105744843,31594.1880520548,3595606.64019889,0.313953015915558,648.609530367753,4567.09131751931,3142413.02695637
85,20,5.92203991053365e-05,0.134716692441607,0.75565884486297,2046.83245721358,5.88338603228829e-05,0.155480095048248,0.953454579535591,2561.02601256793,2.84251248564462e-05,0.0645411141576638,0.361965061582821,980.266883992815,129.380143270406,865.973856186163,3193.59944162644,3205321.87662674,0.0188997905002281,57.0164306169743,500.528126705996,3576991.04952764
85,21,3.83470412252298e-06,0.00925221473843517,0.0594848642154589,2241.766511529,3.82040718422823e-06,0.0107572565762804,0.0754634855574513,2813.305891922,1.83660968179608e-06,0.00443108568565964,0.0284884622872819,1073.62238964988,7.7042742326258,57.9681446381253,243.592799483431,3383720.43110736,0.00106237857611245,3.42766340773831,34.3827762333568,3402453.60935822
85,22,3.3392945206417e-07,0.000347207394326296,0.00254525162502776,1673.85057507365,3.24777256699891e-07,0.000391940393738952,0.00314778303400628,2073.19885735597,1.59924993718927e-07,0.000166283927622433,0.00121896699638544,801.637209176003,0.376675676290872,3.09400154382595,14.1994884949975,2825903.21280386,0.000141808109325003,0.194642898664106,2.23864651858824,3962177.98913645
85,23,3.57137805392815e-08,1.17244250122372e-05,9.30491783707397e-05,1117.21918640316,3.4628836010822e-08,1.2993458567289e-05,0.000113400776905959,1374.37098946819,1.71039734466079e-08,5.6150385253669e-06,4.45629287594692e-05,535.056404651105,0.0154537663374135,0.13491428282248,0.653570259205239,2036270.79264904,2.74790892243765e-05,0.0115817648691705,0.144976005934022,4753351.5999654
85,24,2.45445284296207e-09,3.87086375955629e-07,3.13621282165027e-06,764.520716203489,2.37592877937104e-09,4.26673512959624e-07,3.80851836259457e-06,939.155446643272,1.17548170491744e-09,1.85382642228958e-07,1.50198884626547e-06,366.142750385518,0.000542284634184958,0.0049376160835263,0.0248105401958184,1513597.75395721,3.06331822691746e-06,0.000616505715919948,0.00789981517930081,5276982.38831028
85,25,1.40009075631493e-10,1.46483906879104e-08,1.21478546197233e-07,526.635437443779,1.36710055880149e-10,1.63440030883936e-08,1.49299515614237e-07,647.44110879688,6.70528697845099e-11,7.0153783169454e-09,5.81782652517029e-08,252.215202844579,1.63796597222517e-05,0.000155015820045224,0.000808480096482183,1030182.9730977,1.836293627756e-07,2.47089135812374e-05,0.000324254444215352,3768115.73382382
86,1,2.517994496513,0.0114626773858654,0.000114709071382803,2.80257334507858e-07,42.0504855483571,0.191732328189556,0.00218197886343414,5.39986557471314e-06,42.1186714051655,0.191737012494378,0.00191874672143033,4.68788418615318e-06,665.201892329635,8.79195607086232,0.0729729152928227,0.000122135795630637,31110.2923783461,141.314939028877,2.16984158478081,0.0149228013950695
86,2,3.42747327862652,0.054980640282192,0.000711370450283099,1.90445794454884e-06,50.3102186536756,0.9052793190864,0.0134897648447435,3.66158623067711e-05,57.3315870913822,0.919665044899075,0.0118991436575063,3.18560022599301e-05,2351.0577734987,51.5747574711676,0.481407714809823,0.00086912146800122,32714.9678435046,656.670146520098,13.3695797786154,0.100959207355141
86,3,3.58552195438001,0.146429581345823,0.00230498691859081,6.74708459891098e-06,50.7227192138866,2.39082943435675,0.0436014902678806,0.000129443651872774,59.9752784295885,2.44933792716447,0.0385556786370165,0.000112858959603734,5263.50232322856,159.972394822579,1.65419385952022,0.00326576983019866,32305.3768889291,1720.26525742872,43.0980154184805,0.356096585132074
86,4,3.39668123996816,0.283482421087152,0.00522549067031679,1.68261836466146e-05,47.4838245786462,4.60541621224975,0.0986409850339571,0.000322053992309885,56.8165264905974,4.74183043666111,0.0874071507219813,0.000281452759724518,9166.6797449661,349.706669437252,3.98272965896861,0.00885199195293754,30062.45686249,3298.21511158916,97.2860040592035,0.883771714706293
86,5,3.04043656444089,0.445592338565926,0.00939218848388397,3.38764687647949e-05,42.2800866354129,7.21556527443058,0.176970380792541,0.000646578201112249,50.8575966958136,7.45345445143257,0.157103798708023,0.000566654080558029,13452.7189406327,608.461217256692,7.66464203595736,0.0201241489416426,26682.5123194932,5152.07906954485,174.200463443845,1.76911141513348
86,6,2.63814848001358,0.605944109240684,0.0144284162946717,6.02732621381281e-05,36.5641109546849,9.79037374940699,0.271394849582704,0.00114638429124438,44.1284955553338,10.1356698207034,0.241345136239886,0.00100819510369415,17459.5444725941,905.408701259094,12.8295872298396,0.0422362635092044,23020.7043395064,6976.39187446149,266.660746273099,3.12521611587402
86,7,2.27103061074436,0.744140360900892,0.0200129075476213,0.000101361710289276,31.3957432594943,12.0042108157476,0.375773709272723,0.00191989114461246,37.9876890825129,12.447288261952,0.334757315009035,0.00169548447173008,20744.1516724784,1212.84735186932,19.9302243190372,0.086206434008364,19728.3385703827,8541.65463255398,368.53587598487,5.21124712835012
86,8,1.97612163521563,0.851613867247327,0.0261977128185711,0.000168099763390738,27.2618051001603,13.7217748511615,0.490956277891886,0.00317012084022398,33.0547258643923,14.2450051770744,0.438210988665913,0.00281181658949032,23158.7763351765,1523.43395496222,30.1654526287599,0.172978795426725,17102.7716736427,9753.43879722222,480.530789975193,8.56550046815741
86,9,1.75512323658226,0.929754492742707,0.0335099544949078,0.000278586327605987,24.1713211501623,14.9667405535377,0.626651495176332,0.00523308307329485,29.3580700750342,15.5520689268926,0.560523370534614,0.00465993313593717,24769.5841104313,1854.34915927659,45.6850456778538,0.337185933500984,15143.3663021041,10629.3731489151,611.977525502333,14.0808790653345
86,10,1.59100900672733,0.98500150609328,0.0428230436057532,0.000457557273965495,21.8800978185614,15.8426911498988,0.799003215324308,0.00856792915289978,26.6129197858878,16.4761896128798,0.716304068455094,0.00765359276912006,25731.5100161381,2239.83755665054,69.4507942256596,0.629858183132251,13692.5103847476,11242.962335221,778.450449748937,22.9773456428291
86,11,1.46241193034027,1.02458926267315,0.0550879195768331,0.000733922940689963,20.087903964262,16.4652255210861,1.02558430347061,0.0137104288637239,24.4618674259592,17.138376807238,0.921459513221316,0.0122763807539854,26198.6068001052,2718.15071988623,104.790042869666,1.1207656134738,12559.1958993504,11675.7518857513,996.898265001236,36.676025643649
86,12,1.35169562926414,1.0542939630753,0.0710387476571671,0.00113748418449021,18.5485742379633,16.9263838072034,1.31994105066,0.0212110770034451,22.609908054849,17.6352494243781,1.18827013869577,0.0190267781210255,26288.5233647173,3318.5779810943,154.809198010287,1.90313245987247,11587.5852636497,11992.5066759608,1280.36536365672,56.6321451403699
86,13,33.8319188563324,68.9572025519979,27.0748261543668,7.39937267934478,149.119411389522,343.655092935568,152.842542604776,41.2997421145963,151.263701164135,303.805270569426,118.533427049201,32.3596089922975,225964.104379295,138948.072228562,54506.6738465779,17635.6910773525,37588.6958688481,96576.8405199709,57906.7629905071,42427.7831388351
86,14,7.49299440859295,39.367424166823,31.212093403684,16.8111614491504,31.3850821539558,192.357057458954,175.07289449746,93.4976542820603,32.8221148575676,172.186149866579,136.49201726777,73.5151233138542,132617.235109558,154768.694088633,101464.415578069,49902.6619327105,8182.52113928431,56944.3000797788,70421.3866814284,102201.190518268
86,15,1.65410306070536,22.0917789340353,28.42526975004,26.3677362634586,6.9384771590474,107.918611313514,159.229999294652,146.40677978946,7.23431031264578,96.607673612654,124.303533518115,115.305931415979,72620.6030696029,132511.594338481,124281.807008983,91008.5208335975,1817.45046890289,31958.7478363767,63965.6136702341,159758.601161794
86,16,0.407524514019059,12.4519938235163,22.8134044607354,34.3917959643818,1.7136594737232,60.7770954341903,127.628872320995,190.680282927997,1.78211764777467,54.4524910810911,99.7628625724655,150.395089447438,39956.1790690894,101699.825270071,124681.598082689,134649.489226803,449.804574329392,17984.6271127917,51200.9588006522,207743.193309395
86,17,0.597992396266841,68.8340330962838,186.655847991847,1211.59867226288,0.949838333568571,121.906946734236,376.418823663863,2406.88255061824,0.557799964972033,62.2129679367331,168.018581656648,1085.66529998197,44160.8680536168,169308.057063486,326406.901502281,1670491.38987871,107.429747277435,15240.52737046,63685.7690747547,1101184.3858154
86,18,0.028552700495215,13.2158740011196,45.2090420300375,1243.2259508641,0.043224699896251,23.082781392875,90.3482935322502,2459.09833049408,0.0256221461016487,11.8273094004247,40.4554435289029,1112.438875214,9205.27893882996,44391.0144483729,110585.407162284,2048189.688053,4.91642887478591,2959.92064681828,15713.400920471,1160233.25009328
86,19,0.00110619044555648,1.81573057884185,7.89580170746406,2055.33297884334,0.00121604652865645,2.34243020793154,11.68335466745,3011.95741476829,0.000525884825862997,0.813721069683509,3.51559142488369,903.274935225017,1726.80600910804,10010.2021199355,31167.7551893064,3627544.47377129,0.291531178143583,653.415167229192,4421.82848315453,3111126.41025768
86,20,5.7491327493755e-05,0.130772272113794,0.700997879510887,1937.79536324448,6.3669319120878e-05,0.169308199190121,1.03903521711432,2847.49876921252,2.52890152622252e-05,0.0574046515203473,0.307649028889637,850.27284168893,128.089379851984,857.862284081523,3149.82938773571,3240885.6416418,0.0190346677464002,57.3264737553339,475.714072844282,3541457.54064866
86,21,3.92732801587318e-06,0.00899386844799415,0.0549440697925691,2124.24354290416,4.36229507897978e-06,0.0117285602856703,0.0818669129585177,3130.45187665392,1.72334114237678e-06,0.00394638770302131,0.0241085845303825,932.081265879251,7.63002461988965,57.4346366079269,239.938951874869,3418058.02142725,0.00112793490232991,3.44866650894009,32.5132377495323,3368064.04953037
86,22,3.47842439197957e-07,0.000336562524566917,0.00232117392748078,1583.05002575013,3.77731358572844e-07,0.000426407569691021,0.00337670858877609,2304.07106038122,1.52627388032169e-07,0.000147677853051267,0.00101849100227434,694.614924571805,0.373206310653851,3.0664777290557,13.9958717695922,2863142.89444125,0.000153684029831583,0.195462835531985,2.09385108191762,3924905.63689431
86,23,3.67182275199039e-08,1.13469797349426e-05,8.44180051632176e-05,1061.84051476475,3.9748407927713e-08,1.41216719215807e-05,0.000121110428163959,1535.41861394566,1.61113223211246e-08,4.97885818711004e-06,3.70411582248027e-05,465.917221231221,0.0153179680234474,0.133758797320804,0.645772782396846,2063780.98080702,2.93636898330092e-05,0.0115902124588641,0.134646302120006,4725804.90145446
86,24,2.50283984807525e-09,3.74520477243526e-07,2.85294426703837e-06,730.075233747694,2.7048870671714e-09,4.63651559322677e-07,4.07839487842018e-06,1054.18034472827,1.09820276339294e-09,1.64333096852921e-07,1.25182251656875e-06,320.344363835862,0.000537723825665382,0.00489660771180576,0.0245821251196948,1526996.89148014,3.24223270268711e-06,0.000615810619336935,0.00734313251393146,5263548.47058971
86,25,1.42298013834921e-10,1.41560555060646e-08,1.10635028573391e-07,503.108292634354,1.55100963374604e-10,1.77318500889041e-08,1.59883314740227e-07,726.98090369692,6.24379031233298e-11,6.21143189906389e-09,4.85447337591678e-08,220.755202333293,1.62479412336484e-05,0.000153757217381333,0.000802675242306117,1038161.23310794,1.93864893561191e-07,2.46754900978613e-05,0.000301792534765986,3760112.92119369
87,1,3.01270980475981,0.0136654646022907,0.000122846931998727,2.79413274436622e-07,43.3160218463774,0.195695659395416,0.00232859722569459,5.36041658728384e-06,45.2223664575473,0.205125846200344,0.00184399737679837,4.19414092579141e-06,667.473581582954,8.68509260682921,0.074298649867655,0.0001165920053166,30874.1696185262,138.342462196974,2.06150247869055,0.0146797974101525
87,2,4.1571655880181,0.0658154563068621,0.000761500616078797,1.89694875968862e-06,51.9700251730639,0.926669848695844,0.0143925221360141,3.63182451556304e-05,62.4012526360957,0.987924784185079,0.0114305267183571,2.84742034650323e-05,2378.71891413609,50.9827202103336,0.489741408467598,0.00082957165261195,32396.0293366399,644.473478059173,12.6971051483149,0.0992213498896942
87,3,4.36832207102421,0.17558341711667,0.00246574875342159,6.71552486126989e-06,52.3614743880284,2.44956969628517,0.0464943888507718,0.000128309123703807,65.5708230471928,2.6355998908934,0.0370121919951602,0.000100803577480748,5343.80517631423,158.140885629542,1.68143216207177,0.00311991855692426,31926.823104336,1689.39460927673,40.9033938697905,0.349697000564648
87,4,4.13947714618268,0.340085253407624,0.00558569433992419,1.67437208677014e-05,48.9315278400754,4.71836249756657,0.105117440433778,0.0003191885883589,62.1357397753878,5.10485939671627,0.0838442242133035,0.00025133209967511,9317.65977670004,345.602671722104,4.0458766390943,0.00847888309250505,29648.1117884179,3238.2572652068,92.2622182918205,0.867634732365783
87,5,3.70056468650644,0.53449200353407,0.0100329484986511,3.37350671857799e-05,43.4768354917636,7.38887167740072,0.188482127671247,0.000641353514940246,55.547431780073,8.02300746466133,0.150599859614381,0.000506381188236264,13676.6002008945,601.105329153059,7.7858290370954,0.0193693583456598,26256.8344168705,5055.225633486,165.093868328585,1.73787781088289
87,6,3.20531958690575,0.726544187371318,0.0154076849321904,6.01455850638606e-05,37.5185218902237,10.018938329432,0.288977413018188,0.00113959659366622,48.113541086365,10.9058122481618,0.231277494156625,0.000902817020167109,17745.5498438685,894.314310384465,13.044276350104,0.040911964304127,22604.4823083716,6840.07584042239,252.632257886714,3.0759056961724
87,7,2.75464195581974,0.89183814284051,0.021377391877761,0.000101477429043481,32.1535956795944,12.2765720461183,0.400265896136737,0.00191504973152858,41.3486316500194,13.3869618815037,0.320885950540389,0.00152322984315441,21076.3448852794,1198.37565185007,20.3060304828625,0.0839996033467613,19334.5397573562,8368.78571889689,349.237385037575,5.14502592097661
87,8,2.39368345423689,1.02025241308402,0.0280158229929009,0.000168885182216477,27.8771891044686,14.0257925943925,0.523596308862362,0.00317390319628355,35.9304537661895,15.3145279478257,0.420532310145865,0.00253505584486656,23522.8199685804,1506.93942006258,30.8249824752875,0.169163424693996,16735.733555803,9550.57129985519,455.867877162457,8.48582532524662
87,9,2.12386081439154,1.1135969061005,0.0359066039085968,0.000280595746629645,24.6885301594123,15.2929549267794,0.669702965537277,0.00525370611137269,31.8802733344894,16.7156781227665,0.538977102154058,0.00421189045837309,25155.64381621,1838.08756353285,46.8189587507818,0.330036961274797,14801.1845895404,10404.2040903702,581.696929868413,13.9853025811999
87,10,1.92378131626899,1.17966686404477,0.0459977207960812,0.000461235297954936,22.3278939542232,16.1850252254918,0.856076621964919,0.00861043477981156,28.8769743209419,17.7074231110391,0.690450100028191,0.00692338559602392,26134.0477145321,2226.66028668517,71.3065971731915,0.615717922712335,13370.5941902366,11002.3910867529,741.726420964637,22.8414364512613
87,11,1.76703744839972,1.22713974843644,0.059306178597582,0.00073919271349668,20.4817572229707,16.8201908797207,1.10147798520923,0.013768903142662,26.5241660213975,18.4200161962959,0.890217085462176,0.0110956733103475,26615.0009404679,2711.02821674944,107.629646794836,1.09283383552078,12253.1821593359,11424.9692067019,952.043821270819,36.4305211941927
87,12,1.63204282778581,1.26290337194998,0.0765980137861827,0.00114324923034604,18.8957045489425,17.2919736337936,1.42001934097135,0.0212594712281239,24.4978254181457,18.9568470871516,1.14977667078531,0.017160775181644,26717.8789239301,3320.02864345009,158.84222980014,1.85022483890313,11294.9023582607,11734.9506004569,1224.73194665434,56.1381629676697
87,13,34.0072093628815,69.3196281072099,24.0293417390802,6.15840231579293,152.349695944178,353.762482485988,162.252728949284,41.0883656482877,167.444832332196,336.277090833692,115.829443856266,29.6581849160982,231438.811624066,139843.577404051,54572.2355586931,17659.3029105784,36606.0472011725,94771.3979399891,54389.4654763066,41463.336461181
87,14,7.5872854105016,39.6374453939918,27.3445246835252,13.954107734132,32.1816211371249,198.041862268725,183.561904266463,92.7827880603007,36.6058420799885,190.917851995083,131.681951742902,67.1975655692889,137086.602523746,156638.55037629,101803.949883934,49947.5428725128,8054.66280574952,56333.3568968614,65887.6721574279,100462.648646266
87,15,1.70934831801039,22.3724408162401,24.8069373237486,21.9559521300241,7.26814758996113,111.773840686242,166.365973197399,145.767964119656,8.23284037250041,107.737587977409,119.460558694595,105.731308630116,75680.2907058705,134936.837839286,125050.12662371,91309.3953979171,1829.7605161789,31813.6100408061,59653.9053999436,157554.790141499
87,16,0.431031287802177,12.6510446887115,19.8426440225073,28.6916355622697,1.83865229227664,63.150818564385,132.932313947732,190.225606399396,2.07570306935145,60.9225108217408,95.5544403660179,138.16773462357,41858.1437066911,104073.347261705,125729.633125371,135381.774984493,464.040057294679,17960.9933470987,47606.3364891278,205271.220884033
87,17,0.645676749797981,69.5479302621334,165.268490713591,993.310491157922,1.05081986139928,126.850314758638,400.092702600535,2367.88167391552,0.713610544593828,74.5173266739219,176.178615374988,1054.87039042221,46433.1224746723,174799.076584254,330839.015604584,1676628.73405673,115.61004914996,15419.0100569908,61096.9445779986,1085500.96812196
87,18,0.0320825835525157,13.2099073992297,39.8715205260369,1000.8272608282,0.0495194778820279,23.6964997223429,95.6034423175826,2373.70744804552,0.0341319218637449,14.0136794240299,42.2924690372701,1061.54660028958,9694.55419576367,46101.9303086833,112917.672271581,2058737.80858836,5.59156712163659,3015.81552255526,15320.7886360609,1145861.98665209
87,19,0.00147171303371488,2.09062872925067,7.86781719455655,1922.65660833043,0.00143623074627046,2.39377070680207,12.115820771286,2923.45268042551,0.000596440638932351,0.765237365430634,2.83637584318336,678.662827576894,1820.32838608037,10432.5211860891,31960.9290601292,3633476.58743587,0.343560846331579,665.892625754739,4247.48271178599,3104492.83428915
87,20,7.30587347859415e-05,0.15301667534118,0.695478509384371,1845.26944136024,7.10618162237723e-05,0.175637347937608,1.07239994076248,2815.49761504869,2.58586302506768e-05,0.0539229289841793,0.244957033121158,649.72566534528,135.088149783022,895.597476612662,3234.89142785365,3262429.90178771,0.0207284976329138,58.0333922961475,445.116932909927,3520138.45554786
87,21,4.72786631040585e-06,0.0104354572111321,0.0537279030442423,2009.03751297295,4.60459143167106e-06,0.0120632731261044,0.0832199062963311,3072.57247564747,1.66492449769017e-06,0.0036744196010963,0.0189178099683662,707.386764245022,8.04787151708158,59.9953201187374,245.949805366009,3435638.86869084,0.001170318711552,3.48939267269041,30.2116260448264,3350874.25717094
87,22,4.12777549848262e-07,0.000389123567211952,0.00222715383364511,1489.78338181917,3.91348094229526e-07,0.000435499082756866,0.00337097132864434,2251.43559321839,1.45340332184685e-07,0.000137011420424893,0.00078418613030154,524.55617950654,0.393610294676187,3.2040674259164,14.3474041264167,2871711.30966288,0.000157479136718664,0.197674783300991,1.92319496943669,3916652.84172535
87,23,4.38136190896974e-08,1.3088809787181e-05,8.00814752601031e-05,993.850551837583,4.13814142849245e-08,1.43549173364757e-05,0.000119564141080957,1492.78572466682,1.54268774612528e-08,4.60860041777863e-06,2.81968730563065e-05,349.937081344611,0.0161520556077448,0.139797035465484,0.663698083457441,2076717.70757754,3.03735616639546e-05,0.0117103854065487,0.122714756688933,4713094.76470186
87,24,2.9916833900914e-09,4.31963497156705e-07,2.70711802835597e-06,681.842346273036,2.82039043647626e-09,4.70926923451893e-07,4.02732122612386e-06,1022.90106641151,1.05337865245546e-09,1.52095348173989e-07,9.53182528392953e-07,240.078269464943,0.000566837983193858,0.00511935626383201,0.0253530348578266,1551948.92170827,3.35833897016056e-06,0.000621523686948439,0.00669018618391641,5238756.21824653
87,25,1.6960639794143e-10,1.62910295562357e-08,1.04933717470269e-07,469.810749274205,1.61425013720715e-10,1.79905941963282e-08,1.57672038291746e-07,705.301207474375,5.9718805574291e-11,5.73610924187299e-09,3.6947404978007e-08,165.421453035733,1.71215213281226e-05,0.000160769217589778,0.000829879605553002,1057070.69844286,2.00467887809017e-07,2.48860786286363e-05,0.000274621809569007,3741313.76683954
88,1,2.87791003703064,0.0134391655568977,0.000134064343853739,3.27488576305178e-07,42.5892127975875,0.198157582625234,0.00250012313121916,6.18784999458197e-06,42.2686803637738,0.197384833428099,0.00196904101435343,4.80991753616916e-06,643.95499989586,8.82723983133625,0.0784371738570468,0.000130722363582336,28941.4837059513,134.443241207525,2.08833392162046,0.0154299268845201
88,2,4.01922189960733,0.0651332964915217,0.000832670985428477,2.22803200036694e-06,51.5765667286289,0.944478446164794,0.0154807172417831,4.20060714169133e-05,59.0314511571278,0.956631185483346,0.0122296747564699,3.27237374525224e-05,2332.6681324638,52.0175066142835,0.518194604378105,0.00093341570716703,30352.017942595,629.999553568224,12.8830642398917,0.104473602753243
88,3,4.24719585392473,0.1743657931263,0.00270048583739919,7.90565731732389e-06,52.1402981549736,2.50529387875293,0.0500816791373765,0.000148716908702672,62.3797692359828,2.56095982195326,0.0396628008586737,0.000116112629620721,5287.77301442791,161.795592297527,1.78315171703568,0.00352594018741936,29926.5866760646,1656.39271494609,41.5540733732978,0.368904888888066
88,4,4.0353990139369,0.338393935463037,0.0061257988437781,1.97606126652952e-05,48.8017151923719,4.83488079020976,0.113366002514868,0.000370811866575494,59.2690490201625,4.97008763688965,0.0899713437768156,0.00029022971871751,9266.5583689202,354.339519526931,4.30080054478731,0.00963436952980375,27810.2858450982,3179.95997319845,93.8272296928974,0.917184167516649
88,5,3.6125317678748,0.532451966283663,0.0110164519687904,3.99196302382309e-05,43.4029724897223,7.57950753819492,0.203491313060138,0.000746892143201136,53.0582779292947,7.82027293498313,0.161801752320276,0.000586310923228438,13641.5617568572,617.374946903826,8.29725255199217,0.022143451234329,24644.5197600802,4968.33801054413,168.046363997295,1.84106149590247
88,6,3.13144697557506,0.724280898536389,0.0169359796969381,7.13487623207402e-05,37.4771566650832,10.283900879485,0.312277780222267,0.00133005533758891,45.9924492369666,10.6377188306445,0.248743533760996,0.00104791949368851,17731.8144824415,919.899985318825,13.9368402880258,0.0470338171218493,21225.328999618,6725.50143444574,257.345522694702,3.26463027750205
88,7,2.69208395729451,0.889448637348725,0.0235164189239819,0.000120581931352445,32.1273783322796,12.6059840955614,0.4328237254401,0.00223819569904648,39.5394000643369,13.0635842219995,0.34539230969985,0.00177102100079605,21084.6027730291,1234.27101880522,21.7448697208889,0.0969226641255486,18157.9743781468,8230.57432235616,355.928016251336,5.46621353468856
88,8,2.33930744147593,1.01778776720688,0.0308283670432028,0.000200738038169845,27.8537299912931,14.4052899560823,0.566278529660585,0.00370944524928567,34.3580713934911,14.9485373957742,0.452784964060489,0.00294829645926207,23551.8374783225,1553.7155699619,33.0566635950785,0.195406934093435,15715.4985582826,9393.94088236213,464.598601354499,9.01218450991471
88,9,2.07491090912909,1.11103685434392,0.0394934751301769,0.000333111452332315,24.6590253232783,15.7080859895276,0.723866333223562,0.00613111069757524,30.4748045883239,16.3181131669738,0.580051862376658,0.00489250231000088,25204.3118863755,1896.38869093914,50.2175007168911,0.380846560827179,13892.873131574,10233.6693224356,592.382419033267,14.825993034449
88,10,1.87821687191862,1.17688909432196,0.0505245103448193,0.000546266214556705,22.2860532466893,16.6231347379349,0.923936537125027,0.0100226229227725,27.5859035172926,17.2853036792048,0.742067802961908,0.00802316671456822,26202.2175735202,2297.48132339548,76.3996434237118,0.70872952037538,12540.5554893374,10820.594503503,754.093982087265,24.1458822018246
88,11,1.72358570899679,1.22390111860534,0.0650028262772142,0.000872796178372272,20.4234892632417,17.2704388358299,1.18607723063912,0.0159756813685195,25.3147918022909,17.9757826038825,0.954714932468277,0.012819004837415,26703.4006476469,2795.6331314893,115.084562995427,1.25346966987594,11480.3627922743,11232.3238740411,965.543998711671,38.3795567300591
88,12,1.5900947997368,1.25884943568116,0.0837312485416832,0.00134520960192066,18.8192805491456,17.7447182777891,1.52481022559594,0.0245783606315663,23.3541729843372,18.4890784417377,1.22978457822809,0.0197574746792748,26827.6669221214,3419.57902526961,169.406490356423,2.11287105172972,10568.8323379973,11529.9351217404,1238.4344460801,58.9203105601344
88,13,41.2480490025125,84.6322806975766,31.0953828994194,8.21365357708768,153.568686129669,360.498082500732,167.022813992249,43.5432176401414,152.873989166547,308.132172556197,112.351483209452,29.6408818633859,233179.714826714,140264.243721535,54574.6295298062,18559.0588744155,34930.5167958798,93025.1427414379,52979.3965390426,40023.0429784702
88,14,9.79128475558458,48.8993985819646,35.2930737151011,18.7061550395297,34.5112858233842,203.7521292482,188.385967389282,98.8044350296507,35.4090589036627,176.495859294583,127.354975014541,67.5001369100266,139284.104203774,156993.629698074,101882.466512553,52866.2422829373,8128.53527737526,55443.8580976568,63580.702297915,96831.3811627736
88,15,2.40287104168155,27.6595667316723,31.8670844376933,29.4182995670608,8.50133633331184,115.239830731649,169.929555580761,155.131915801185,8.67214042835611,99.8087332611614,114.990601709241,106.154274934425,77434.1896174948,135371.653908129,125334.156122475,96807.7957726304,2016.54076429658,31378.3256283601,57291.3518553133,151742.301319103
88,16,0.660030623279632,15.6030864036977,25.4008714459482,38.3924573343643,2.34478167186118,64.9577216040378,135.304791773451,202.162929144338,2.3817131533085,56.3028695454208,91.6576120899786,138.537016591486,42875.6696115227,104473.047964979,126163.041695779,143463.333458388,558.027981938867,17674.7656651305,45560.5169295112,197403.148815435
88,17,0.960797416413081,73.4594130932762,182.662258053162,1120.08703197206,1.54116949874445,132.977810603287,418.703261288201,2527.16115679953,0.936087900295835,69.7742076873587,172.686330973318,1054.93952933006,47284.2444643221,175733.129228465,331677.047360418,1724439.710811,157.855946207665,15283.7290282266,59401.1665011093,1036469.56721914
88,18,0.0552653898136811,14.1219054721234,44.8325998777254,1137.6852444641,0.0846742003413861,25.1627471642357,101.804968233328,2554.84111105128,0.0521048098626347,13.2859304809964,42.1738800442583,1070.16397297085,9840.28021994733,46434.5999565596,113330.689433517,2111411.27159545,8.82460768116341,2995.40157901127,14997.4126193726,1092293.86617401
88,19,0.00254788072447389,2.08659073119776,8.18429056729379,2039.49805450649,0.00260499084538429,2.51138824741762,12.6296689865955,3106.4668090046,0.00101014199473599,0.758941678903485,2.93914274722501,717.588599064727,1844.09408654743,10507.5073682665,32053.9246223937,3834135.31380009,0.571250189042237,649.166764051054,4045.0437906905,2903521.18439368
88,20,7.84396326446672e-05,0.148050683136153,0.698441540181228,1952.39917842715,8.0376354502004e-05,0.178693639404042,1.07941803713915,2981.71837154577,2.7738380230531e-05,0.0520086036961517,0.245238480255769,685.299489109377,136.573802313431,900.878567430868,3238.57061354852,3459908.0282346,0.0218229268831003,55.6340314313041,414.98560287212,3322373.47368663
88,21,3.34148045348847e-06,0.0100885882758843,0.0538315139183737,2131.38896135283,3.44682525121994e-06,0.0122779009323993,0.0836640218839471,3265.04103135621,1.17323555244037e-06,0.00354118916906112,0.0188951093912601,748.123169248803,8.11903245008415,60.2274207875673,245.502825859408,3632140.20518137,0.000814028018431475,3.32832273898862,27.9776646955253,3154019.9029071
88,22,2.00342107151865e-07,0.000371967413019873,0.00220605140199777,1601.21246951005,1.97672751912994e-07,0.000437841635406868,0.00334353688186929,2419.54776055831,7.03212662496263e-08,0.000130561655626865,0.000774330014048555,562.029814593347,0.396282146971256,3.21344823465924,14.3234743518319,3093044.53216447,7.22121044876938e-05,0.184450198799808,1.74004318299907,3695002.81274761
88,23,2.20587834929673e-08,1.2279284997817e-05,7.8561151562618e-05,1096.26352684184,2.16426480565433e-08,1.41430324099157e-05,0.000117223553330672,1644.19622099758,7.74269256400856e-09,4.31006170853095e-06,2.75751722883833e-05,384.791399308092,0.0162338779804631,0.140297071401991,0.664738267547651,2274980.06825368,1.43019305478749e-05,0.0106008185368795,0.108641245472873,4514543.73981928
88,24,1.65301398476147e-09,4.01266660994897e-07,2.6538423101049e-06,764.820943547715,1.61861592798919e-09,4.58862769309816e-07,3.94108346326061e-06,1145.01110719068,5.80212285656798e-10,1.40845660290639e-07,9.31505674757578e-07,268.454175371206,0.000569030934332932,0.00514449491988061,0.0254928516681154,1705345.04543636,1.73131901963032e-06,0.000554557844078787,0.00589149332189659,5085126.63067485
88,25,9.80436354727742e-11,1.49818792949617e-08,1.02362182087054e-07,527.47196584706,9.68588328124734e-11,1.73525853223513e-08,1.53585839223248e-07,790.255660425053,3.44135755384288e-11,5.25867928424309e-09,3.59293968260305e-08,185.144056027105,1.71700373294974e-05,0.000161689555814071,0.000836700547627294,1161189.79668403,1.08090751664077e-07,2.20104676620084e-05,0.000241021403521009,3637032.33035465
89,1,4.51073202647336,0.0201361240693678,0.000193550193234355,4.58365562414951e-07,40.7377845108437,0.1867978183502,0.00203803715412123,4.89072165283898e-06,46.3029093513482,0.206698407708425,0.00198680325048549,4.70514740439426e-06,692.548276661961,9.02880988897444,0.0724035089365655,0.00011809189128766,32017.0175148217,145.48041738965,2.20802862776245,0.0146488993705784
89,2,6.11298607430415,0.0959427735183901,0.001192044424498,3.09110017665202e-06,48.2172658964659,0.875587416000522,0.0125120138080379,3.29100170014283e-05,62.7501342139928,0.98485778340776,0.0122364007895775,3.17303112744112e-05,2423.75186847611,52.5652757471125,0.47401055170986,0.000833280091368108,33769.5234183555,672.175393828089,13.5150208756751,0.0983754228069441
89,3,6.3825914935666,0.254164734989127,0.00383756886126175,1.08728557699954e-05,48.4504671040854,2.29956155393824,0.0401781925694373,0.000115506452094263,65.5176484922687,2.60901481520995,0.0393928528827912,0.000111610455277254,5390.89959838045,161.940459746926,1.61704158050479,0.00310637739657615,33353.156466187,1752.67103495388,43.2969584213423,0.34458136711783
89,4,6.03659242033711,0.489808717666961,0.00864840705696198,2.69440860267714e-05,45.2593331284421,4.40896537373742,0.0903545954002827,0.00028554723068858,61.9659492050199,5.02791310158255,0.088776368368119,0.000276582507125331,9343.01760556418,351.845450652785,3.8677431406593,0.00836286728821586,31000.6414696997,3346.57702714985,97.1785456561677,0.849982951656787
89,5,5.39469249978703,0.766856948124131,0.0154637005413517,5.39853903032015e-05,40.2196890014134,6.8801344406064,0.16125597392091,0.000570464171774147,55.3768116416641,7.87182824119222,0.158735726307911,0.000554162964865955,13658.4484306959,608.883311393724,7.40249469051596,0.0189209946112363,27471.3082492077,5208.6959707874,173.138785647623,1.69363506453834
89,6,4.67492898975703,1.03930967532089,0.0236570127843725,9.58115832309752e-05,34.7278084677547,9.30368229384089,0.246259987916802,0.00100876355262031,47.9884001014237,10.6685702901279,0.242840521682442,0.000983511107978962,17670.8131938682,901.964370144412,12.3440057095583,0.0396227501173801,23669.7682880992,7031.10741936826,263.982349902236,2.98508419357007
89,7,4.02187007651995,1.2728424069931,0.032726073048796,0.000161180922077272,29.793188263507,11.3761167758164,0.340044918479651,0.0016896810204996,41.2847148717898,13.0657964702088,0.335934918082182,0.00165453092320928,20942.1314969872,1204.19877562649,19.1489816449922,0.0808620346555362,20270.7827195154,8586.67155397126,363.917228328141,4.98053566329885
89,8,3.49977195305355,1.45360020229726,0.0428078296628629,0.000268006160256154,25.8663783682069,12.9763018444739,0.443908519328038,0.00279686488888835,35.9253492651669,14.9212850608404,0.439424697537882,0.00275109779767736,23333.1338359523,1509.70542276169,29.0148888435688,0.162364597942937,17573.1589615241,9785.51621979724,474.214561646547,8.2103998741537
89,9,3.10982206566179,1.58458042581734,0.0548277080716524,0.000445684401174769,22.9412423960273,14.1321053712261,0.567281641220509,0.00463230177075829,31.9224924823875,16.2658041723451,0.562809402528115,0.00457497459520767,24916.627185371,1837.13358801175,44.0652884691756,0.316639765171489,15566.8860704814,10649.2879707702,604.792308397148,13.5485062008354
89,10,2.82057887465155,1.67710034223243,0.0702706259824803,0.000734138011286668,20.775730469314,14.9442929788495,0.725345527790044,0.00760600666385064,28.9533954100631,17.2155261415997,0.721331794004433,0.00753596657670713,25850.5843936164,2221.73985219074,67.1997303655511,0.591470345768965,14083.4110947156,11253.8095241453,771.66201285878,22.1810608745046
89,11,2.59363917786065,1.74359201922387,0.0907277818712149,0.00117978130815526,19.0802907777048,15.5228613467464,0.934363428900021,0.0121938501090834,26.6238470912846,17.8980668188744,0.931325610782561,0.0121105192339784,26289.526085957,2702.14561820222,101.650179320444,1.05224130975496,12923.5304468553,11681.4524619983,991.971927262564,35.4826693583758
89,12,2.39769654092242,1.79387347527907,0.117408094958797,0.00183035026954478,17.6204913234001,15.954454037074,1.20667173189643,0.0188835872349335,24.6124852761806,18.414208697424,1.20520047435448,0.0187886449726007,26350.7768796313,3307.37944180968,150.412756114753,1.78690043162793,11926.636946331,11996.9724439439,1278.71129269174,54.8579238178013
89,13,44.2609677890115,87.4439480365501,33.9736477857799,9.25327942832784,140.169563570267,323.578636502988,142.222545424297,38.3060375812244,161.830730530483,315.218772850221,121.770993370092,33.1346388212909,225434.993436275,139622.646282746,54794.5945921455,17305.3627614823,38103.3273019052,96255.6317959429,58809.989156055,42860.5127479468
89,14,9.46379981113849,49.4661912481305,39.2014845383144,20.9206940678128,28.4223896608027,179.512895451591,163.032045295074,86.2879652241192,33.945236006162,177.151879463318,140.368114552607,74.9095462702371,131471.707462434,155163.556383953,101891.418876254,48709.3797006586,8046.85241481097,56590.366362568,71940.9527930893,103241.324066101
89,15,1.99703581650374,27.7132370130643,35.8442375259579,32.8044583540959,6.00232234435431,100.552977898542,148.858555874008,135.075341317949,7.15171068412134,99.2316468933638,128.345411153131,117.461028478148,71677.3785515621,132644.435388028,124655.451206744,88735.5376954935,1705.87315570486,31710.297252395,65608.2215207531,161369.021740858
89,16,0.468671216611584,15.6492790175565,28.8628289245574,42.8126180607981,1.41109043403879,56.7294327523813,119.698461055646,176.016006857688,1.67816251503086,56.034475787365,103.347463716248,153.296667184129,39440.7880521457,101732.189667161,124946.173620757,131352.21429417,401.532168022856,17877.4099543766,52689.5686056239,209984.813322311
89,17,0.526049604129373,72.5113366852461,195.622992089103,1271.67668167437,0.711859229993988,112.949553366733,346.456827889213,2218.36468268454,0.501710559213237,66.8637374006474,179.733548817835,1163.44402843825,43820.5816267216,169304.415553772,327764.589667181,1652619.24888517,87.6076350890165,15111.0361350157,64655.5350598191,1117305.32170239
89,18,0.0221336871262903,13.9029238721125,47.0729264239434,1305.26929976897,0.0283836957391774,21.3616287553343,82.6184549209668,2266.80353961703,0.0202953749230674,12.7051358743039,43.0139353876274,1192.65209404474,9159.86250592279,44366.1103510562,111005.248726249,2029742.52246144,3.51493011813339,2935.77904536055,15868.8297740606,1178256.02679537
89,19,0.000816692285617961,1.86460877886297,8.11717058260406,2101.79421581625,0.000782918804672104,2.19104000077335,10.9201259871234,2802.02960947591,0.000442518204680926,0.959468168559683,4.15438177729372,1064.51486073397,1720.66335895574,10002.8234860569,31279.4897673697,3557167.08889028,0.204615283009004,654.05648581227,4556.03171633528,3181273.00284015
89,20,6.76506646745039e-05,0.135592633942284,0.733374273615582,1977.99274993822,6.58259324762176e-05,0.160030822558991,0.988796052020722,2645.20327567758,3.42671968811801e-05,0.0686098496458961,0.371021709266164,1000.52350664766,127.774283460612,857.383220534667,3162.07474919497,3171964.43913145,0.0213974422149863,57.8200778380311,497.782961340979,3610356.52474885
89,21,5.48925316149839e-06,0.00932371499803135,0.0576457741689332,2165.40803113017,5.36146965352119e-06,0.0110821601316235,0.0781147245373301,2903.79036076595,2.776688862299e-06,0.00471621872972953,0.0291588550332509,1095.3214104212,7.61910846586609,57.4300010610633,241.216760621462,3348221.11057086,0.00151206684572275,3.48473203610946,34.1887404238042,3437920.23866433
89,22,5.1516339643599e-07,0.000351489953491314,0.00246094306209087,1610.12987991858,4.93277021634766e-07,0.000405763834470203,0.00325537067744681,2132.79088460811,2.60583577083253e-07,0.000177793086175174,0.00124481104485048,814.446839578346,0.373015078786421,3.06633624232109,14.0608141587199,2786821.24319426,0.000219811096063226,0.19942184797845,2.23022737194002,4001251.45126859
89,23,5.17995236783749e-08,1.19499993288628e-05,8.99031462801296e-05,1070.00225433847,4.94363482862235e-08,1.35498372818301e-05,0.0001172973867756,1408.38433811528,2.62015873444385e-08,6.04462995295508e-06,4.54754206296936e-05,541.235812870305,0.0153207215123116,0.133674075982911,0.647065939809684,1998593.05884497,4.01018366416485e-05,0.0119786397833873,0.144746254374726,4791036.3656396
89,24,3.38051359646121e-09,3.95781637315756e-07,3.03165831034883e-06,730.613473635458,3.22085194591771e-09,4.46477452020447e-07,3.94244262697093e-06,960.424337954814,1.70995436434365e-09,2.00196957934487e-07,1.53349401224587e-06,369.56387306077,0.000538025558070082,0.00488958073357992,0.024558626932994,1479786.92043767,4.24727066771868e-06,0.000640260215651055,0.00789784325199796,5310802.43933953
89,25,1.88129040764381e-10,1.50146388504194e-08,1.17635041353338e-07,503.27542141523,1.80943432019619e-10,1.71447827970249e-08,1.54725835112809e-07,662.071548548436,9.51607100736165e-11,7.59480667481819e-09,5.95029561582428e-08,254.570194317694,1.62620251584021e-05,0.000153466625659637,0.000800315081952889,1006627.2887301,2.48632874880965e-07,2.57207277200235e-05,0.000324474053089262,3791677.79278476
90,1,1.6429996459038,0.00759037073110415,7.8674762450895e-05,1.89961860080429e-07,42.6466418028402,0.197949441966481,0.00230283479113458,5.63560850613143e-06,47.4627449773836,0.219269572694288,0.00227274558194379,5.4875917611456e-06,693.070641973911,9.21077559958973,0.0787833539144185,0.000130838135314343,30948.9366504334,144.493770607109,2.23534468085541,0.0158765811204727
90,2,2.22475456096969,0.0361436254716224,0.000486059637844589,1.28760538701918e-06,50.5006820007304,0.927085048269865,0.0141798651662498,3.8112476711624e-05,64.268399952387,1.04411201949713,0.0140412231325386,3.71961651166265e-05,2424.85157128394,53.7504575141749,0.518108073515731,0.000928849563851945,32376.4042508054,666.314430835285,13.7189996819377,0.107132661609677
90,3,2.31727498033656,0.0957143839587724,0.00156988596058122,4.55153497144597e-06,50.6274980507815,2.43340823075919,0.0456771118984677,0.000134415370221218,66.9411169432628,2.76498379523606,0.0453506470171231,0.000131484108437861,5385.97470201172,166.018191159118,1.77537849362746,0.00348241988461454,31844.7375645038,1735.25279981919,44.0780848891961,0.377004138040456
90,4,2.18767198114059,0.184468244518493,0.00354935842663697,1.1328708875642e-05,47.2186794201318,4.66517287991396,0.103042607657465,0.000333723197074164,63.1971635501636,5.32889295979771,0.102533371968031,0.000327262164436948,9323.8100575204,361.67050535568,4.26407315378625,0.00941802849958379,29543.2328387183,3311.65882744458,99.2219077619412,0.933782376283201
90,5,1.95329862254999,0.288930418453527,0.00636521069086451,2.27693112474948e-05,41.9368203547584,7.28212456862169,0.184430049306334,0.000668747999992275,56.4266186045138,8.34658169370746,0.183877320059695,0.000657756692610872,13621.364128435,627.504563562,8.18825163382903,0.0213567347967797,26164.1107321148,5154.47330142201,177.25842659806,1.86591845571412
90,6,1.69226152971612,0.391822011459598,0.00976064338917293,4.04463977376538e-05,36.2122231051825,9.85238716724352,0.282292772198471,0.00118355228759127,48.8858154170632,11.3188997044502,0.281964107022471,0.00116840990554206,17618.4276155227,931.633844762111,13.6784157598221,0.0446822335433189,22544.7523771845,6960.18951615726,270.840047783241,3.29076747110742
90,7,1.45596580903844,0.480174591439227,0.0135194752711412,6.78994732079807e-05,31.0767669748019,12.0540441017154,0.390272916113346,0.00197820388590706,42.0597375431374,13.8712167314939,0.390548718998196,0.00196147052679144,20880.6344997654,1245.76880427509,21.205161885497,0.0908419650637335,19313.6997303686,8503.83814457514,373.774024475609,5.47742561765714
90,8,1.26719838401951,0.548676934543903,0.0176782703768964,0.000112357337298679,26.9912743687328,13.7567948128394,0.509287892265869,0.00325844344245472,36.6066504557192,15.8501028799094,0.510687412886393,0.00324576311372942,23269.3627669757,1562.65104593726,32.0196601397886,0.181447711716927,16749.8661263981,9695.2456262955,486.81706613918,8.98288631385151
90,9,1.12623974819738,0.598368626830685,0.0225909762308736,0.000185684295983185,23.9473700991394,14.9880108013933,0.649352225979024,0.00536268893118107,32.5346570130757,17.2855895669468,0.652604975484499,0.00536402208517028,24856.7329683616,1899.98525440746,48.3559025158729,0.351915398674797,14842.5167276048,10554.4435075038,619.379730773711,14.7253519581258
90,10,1.02167833902785,0.633454477504307,0.0288387590755943,0.000303951630693757,21.6928804410369,15.8529110357824,0.826968969957349,0.00874929196432461,29.5141015855308,18.2991447353782,0.83309005627703,0.00878051238114653,25800.0589298385,2292.55944458177,73.2673519906382,0.653821588076007,13431.2972103136,11155.4526591868,787.022879250856,23.9482971765854
90,11,0.939606202028376,0.658587890066845,0.0370476844322431,0.000485707868768443,19.9262828100953,16.4671521222427,1.05991203077185,0.0139463526171799,27.1432131207239,19.0251952575686,1.07022834885814,0.014031061276452,26253.5436038374,2778.82141490398,110.142396471104,1.15667651607815,12326.7877512312,11579.187997874,1006.50173767723,38.0821044977685
90,12,0.868695834715843,0.67745423980396,0.0476919090456834,0.000749729581298581,18.4035669434777,16.9220736011293,1.36162176082183,0.0214866054962973,25.0947643043178,19.5702037415687,1.37771722724545,0.0216580837420696,26334.2372901728,3387.72990721157,162.080935726595,1.95196238301686,11376.3580272651,11889.4055983541,1290.46785754647,58.5649234056059
90,13,40.0214292381715,81.5167784486269,32.7686588383655,8.71571849827676,148.041954577544,342.214653865792,153.653971816107,40.3562475840331,160.331509030459,320.467913683653,127.800340916519,33.9439240705501,226828.515825383,139650.019937086,54738.3053950545,17500.8330909548,36952.6782574843,95531.8487925409,57028.3013440726,42445.7057822832
90,14,9.01230088995877,46.6551461194292,37.5950216516385,19.8176347367228,31.5250211855618,191.676954364879,175.060376805314,91.40895675063,35.173420039587,181.730189702333,146.405561351259,77.1741054462618,133596.492994662,155208.507348496,101730.109678425,49547.537723507,8162.8470503165,56455.8096118433,69061.8965553972,102399.684064688
90,15,2.04505513750499,26.2230607508249,34.1678165867187,31.1310729066876,7.16719642859927,107.709067119831,158.886752895237,143.341968637213,7.96523299385677,102.118825119373,133.056743269883,121.230986306229,73352.4837177582,132878.899990019,124598.624874949,90435.2348609835,1865.10432667046,31736.6479745101,62607.0647449341,160310.645830324
90,16,0.519298170883177,14.775212529749,27.3836941005129,40.6458812735188,1.82519807372851,60.6364016689001,127.170344226573,186.862693691499,2.02228084320105,57.5378144542547,106.637900127835,158.283663002646,40375.6362848785,102008.928774409,125005.828792243,133866.581918272,476.010294218081,17853.947979302,50046.2208791067,208669.959859513
90,17,0.694120800328497,71.1356799347758,196.191106043957,1249.05441533425,1.05149610156829,121.012684400246,375.268237234904,2350.7772999381,0.699155909568582,69.7022670994075,191.531538648455,1214.27467435967,44513.2324655508,169933.571509159,327123.667054166,1668715.77536775,117.941139817159,15053.3776164801,62283.4700210358,1102678.9459804
90,18,0.0346640253633709,13.6179337006933,47.5356790977719,1278.95248743808,0.0501171993564706,22.8404641531563,90.0747484975339,2395.97907818907,0.0337391954406366,13.2233002236376,46.1543229750868,1241.71645812721,9263.52811154041,44575.7026972041,110887.215095218,2047200.44022301,5.67592546616007,2919.80032166891,15395.6155112312,1160922.68901739
90,19,0.00135351810380196,1.84204828566097,8.13370947175115,2087.50370513734,0.00145389598357765,2.33711750578496,11.6860544770118,2967.02397703977,0.000771719470332621,1.00105589622765,4.39750812816559,1116.31123962272,1736.5172572618,10054.2742610891,31260.1932681179,3624121.9322678,0.344816266720928,643.498818139163,4303.71753479834,3114329.03625006
90,20,6.1473063674303e-05,0.132013245020076,0.715852992432374,1963.14818331911,6.656362217874e-05,0.168157805426063,1.03055816337693,2798.42576058448,3.29084912262556e-05,0.0705272681914756,0.382372858917477,1048.42694225442,128.768036421638,861.688026426202,3158.25508921597,3230183.69397059,0.0196919871024003,56.4043320826472,460.921390467293,3551987.74239263
90,21,3.85883635051691e-06,0.00906031908741308,0.0558971874320436,2149.85194512151,4.18969326896872e-06,0.0116271981634759,0.0809145211497098,3073.55778123687,2.06094957656434e-06,0.00483872653978464,0.0298521455143756,1148.13468224265,7.66868126437226,57.6839792123404,240.365743248263,3408329.30139021,0.0010727324611202,3.38919046998438,31.4161091027175,3377608.43706808
90,22,3.29412079818241e-07,0.000339624222825763,0.00236170504288095,1607.28646208307,3.48667169868215e-07,0.000423147287148807,0.00333459889612711,2268.4417482698,1.75923683665198e-07,0.000181377357095174,0.00126127555927968,858.376006523016,0.375022701839815,3.07974053318397,14.0199559986624,2856067.68249447,0.000139749239376362,0.191717889331873,2.01523587385409,3931828.5235699
90,23,3.54752262884478e-08,1.14477187750188e-05,8.5910696110176e-05,1077.16434590667,3.74292440563311e-08,1.39995428186187e-05,0.000119517066939011,1510.00229391521,1.89456480374607e-08,6.1136875624453e-06,4.58808571021554e-05,575.262749619838,0.0153902332276545,0.134367379733169,0.647409729132793,2061619.63663551,2.72275760309357e-05,0.01135715151432,0.129488227841625,4727866.99565207
90,24,2.46114198570526e-09,3.78122620814805e-07,2.90790440184189e-06,738.970886933078,2.59229479565355e-09,4.59815034359234e-07,4.02945002185842e-06,1034.3947207591,1.31438003110996e-09,2.01937484743632e-07,1.55297479758374e-06,394.64954992389,0.000540212203827969,0.00492034851517314,0.0246690531606466,1530045.30975748,3.06344882993724e-06,0.000604388318879766,0.00707799749667923,5260436.63726031
90,25,1.41027404734665e-10,1.43073536236871e-08,1.12884398087525e-07,509.11059027672,1.49843394280336e-10,1.76093619677079e-08,1.58193956601184e-07,713.184277828751,7.53160953838228e-11,7.64088378603044e-09,6.02862408879939e-08,271.891990424771,1.63220485665578e-05,0.000154541069656331,0.000806137870035541,1040969.60157365,1.84571025498561e-07,2.42364850107174e-05,0.000291119465062806,3757261.2102749
91,1,3.75558344676131,0.0168800395669822,0.000164356074263127,3.9931282525506e-07,41.960861858387,0.187104647981403,0.00224437432852492,5.52642040513933e-06,41.1143670398175,0.184794760186208,0.00179929325450219,4.37148962177926e-06,651.033911752522,8.55792418015959,0.072231929945026,0.000119205819262502,29510.2079646556,138.280128826048,2.06196293449696,0.0143985032012493
91,2,5.21421669867819,0.0816573269248405,0.00101886005101646,2.70855625269738e-06,50.6635966293091,0.890366486678676,0.0138705142595497,3.74042656341079e-05,57.0828001064586,0.893946136005441,0.0111540022192351,2.9652004142639e-05,2349.78043104484,50.3366525306763,0.475965827852898,0.000847652934354267,30988.2309825175,647.264857267558,12.6978587943666,0.0972110677705221
91,3,5.49521992148632,0.21830752035664,0.0032981189846308,9.58106037910588e-06,51.1660002719863,2.35903317613707,0.0447883066154417,0.000132018690113962,60.1590916616012,2.38992839507682,0.0361062605577405,0.000104888957639036,5315.12759252215,156.291111266311,1.63354891085505,0.00318722555398011,30559.9369083889,1700.34144872837,40.8848188033391,0.342249117123678
91,4,5.21380662531532,0.423206664095301,0.0074679407640868,2.38731619466778e-05,47.8559526962718,4.54823026632823,0.101200823780308,0.000328148190511371,57.0783108155153,4.63306816849351,0.0817555146780352,0.000261352185776395,9300.14361713198,341.709689694293,3.92965329963666,0.00866502777258549,28387.755523577,3261.82048822288,92.1591763650693,0.848367166096367
91,5,4.66294816262347,0.665280558011879,0.0134077266980279,4.8080808598282e-05,42.5315873809147,7.12415670368486,0.181352683930995,0.000658954744661319,51.0477705963562,7.28317968014877,0.146781506641175,0.000526366153303215,13674.0060215526,594.441845126108,7.56214832441066,0.0198158839676319,25140.5951426978,5092.62259486518,164.79971218925,1.69802101484085
91,6,4.03920011848365,0.904267067217318,0.0205833769215915,8.57140748295265e-05,36.7023774745014,9.6592759460335,0.277915352257615,0.00117043571234155,44.2192694085453,9.89949195128485,0.22533716150097,0.000938357510351311,17755.4925552376,884.523625647691,12.674489954077,0.0419217767882551,21639.9091292494,6889.49891223694,252.043002798011,3.00374668658538
91,7,3.47117028945637,1.10984094683558,0.0285547879183441,0.000144636897854598,31.451778037595,11.8340437301107,0.384841361846806,0.00196651761990699,38.0007451203065,12.15001841681,0.312604432270404,0.00158341695509994,21094.3146173817,1185.57585657987,19.7471591431964,0.0862111158883075,18505.946048675,8427.30901451259,348.300978307792,5.02245553613062
91,8,3.01617180394135,1.26956320314483,0.0374272141423572,0.000240766049528699,27.266600456631,13.5190876427478,0.50341213949505,0.00325883122498122,33.0196349942201,13.8985828045856,0.409735595371667,0.00263579384438558,23545.4430536154,1491.6292674015,30.0123920734045,0.173818085903544,16015.7563281101,9615.95279780357,454.597895958021,8.28109829240029
91,9,2.6759001493934,1.38585223721295,0.0479868081998275,0.00040006796154242,24.1447013779033,14.7416004482818,0.644022236285361,0.00539331115013789,29.2945004321335,15.1716606358092,0.525337081006264,0.00437975649986192,25181.6955268504,1820.92680985593,45.64172362916,0.339313258296066,14161.4836765305,10475.6496253775,580.141787325534,13.6430497491278
91,10,2.42323244075966,1.46851474986365,0.061503918883616,0.000657566039183687,21.8302766632581,15.6058103958444,0.823523073167492,0.00883644716426102,26.5284128031033,16.0766110739323,0.673316072246728,0.00719872474441531,26163.8090132986,2208.23905030705,69.5846624164034,0.633079849898473,12788.406021205,11080.3932265382,739.91515833534,22.2723073220692
91,11,2.22484611871541,1.52837996216104,0.0793375158399507,0.00105354348899007,20.0161478098018,16.2259432721921,1.05993659746768,0.0141238536096668,24.3565723485287,16.7319873546629,0.868549931724732,0.0115337002393335,26649.1434234947,2691.70549976148,105.100892232486,1.12335870655972,11713.4981824612,11510.7425191862,949.936048236086,35.5027471459663
91,12,2.05362539052849,1.57399135477128,0.102507712528349,0.00162869194881832,18.4542283015252,16.6918266499931,1.36677003067752,0.0217946783489578,22.4821280808685,17.2313194993372,1.12220638338821,0.0178301559605228,26756.6652214646,3299.8638049687,155.163002780909,1.9009576261086,10789.7270676673,11829.8736417249,1222.18911202717,54.6717273339434
91,13,40.3337427275812,81.1292976238232,30.3696094595611,8.19214957415474,149.846974089804,342.566784748427,157.57360876299,41.9857628644104,149.880383787242,296.977184860519,110.457698451084,29.7657267692057,231082.077337233,139514.662112282,53879.9417193343,18089.6794064812,35325.2528982949,96005.6760793327,54814.4739825242,40270.4117707745
91,14,9.31910199866696,46.936217556075,34.9517308395143,18.7821036293784,32.8768222636366,194.109659137151,180.23376005626,95.9158277836308,33.9207568615857,170.564981276928,126.98860570014,68.2393859721468,136967.717375604,156595.15561043,101120.510202943,51674.6646816573,7992.32230074153,57130.544630493,66422.2839813846,97672.5260123902
91,15,2.19490617345461,26.5384495151833,31.748311106714,29.5816973277616,7.76713825368204,109.711721785135,163.517370454284,150.813804266593,7.97574018972218,96.4203872597967,115.34835892746,107.476571807089,75644.6648055271,134935.258929268,124604.279793092,94739.5372180848,1899.92644500481,32300.6506487808,60186.193028313,153285.423258357
91,16,0.57919801421956,14.9934448706888,25.4149579781513,38.6558022462428,2.05739586995991,61.9262415526947,130.741060539881,196.784593052798,2.10437161878755,54.4743700978134,92.3379252123345,140.444716429054,41745.7683650371,104015.789809482,125500.468901976,140543.822047049,504.803084052494,18216.864166336,48057.0261500363,199670.612851532
91,17,0.777170861070633,67.6445325783598,174.321929125727,1101.37882831342,1.31121593239061,127.760709893612,406.033698234492,2526.52997379537,0.84320130564636,71.6862005823587,183.995454868393,1158.46744900843,46032.1636057202,174108.364402066,329984.401945083,1714995.79599358,134.969810544285,15466.0697497199,61256.8617888777,1048433.00639549
91,18,0.0426734585405412,13.0110111905815,42.7211173684494,1129.0664368311,0.0688150195532346,24.2161276618253,98.6273331031861,2579.16984965387,0.044930569736469,13.6719457919445,44.886989652542,1186.25356237702,9583.61711851756,45800.5300207494,112377.114067811,2100902.28157503,7.12948366404142,3005.73774433062,15293.8021742542,1104216.83276187
91,19,0.00211465017139209,2.16183657018471,8.83509121764504,2270.19423199927,0.00201891157337808,2.39600601577226,12.2001003412895,3093.16854483197,0.000658038341507366,0.585549632053205,2.34699287990026,583.328606157165,1796.5187115687,10346.3174665073,31743.3669755729,3784633.17094894,0.448114800901428,658.464000534318,4193.37877887415,2953302.73582583
91,20,7.13220309238439e-05,0.155211416507614,0.765098839853817,2155.18807495839,6.75870589065951e-05,0.171966164548186,1.05580833883166,2943.08802849136,1.84549891493218e-05,0.0397741503462566,0.195922462239207,551.586115698388,133.108743086762,887.08704422755,3207.38576698028,3404049.36158758,0.0187382063556627,57.3721875221871,439.067183375265,3378224.34230825
91,21,3.43818438556933e-06,0.0106933941298537,0.0597122826884743,2369.0354832791,3.27410429089101e-06,0.011949432314267,0.0828960093278975,3246.11130817548,8.80291921819374e-07,0.00273686851290502,0.0152824642745996,606.313680282347,7.91738051501941,59.3729592551288,243.597409073003,3583187.21840936,0.000781706147794304,3.44167267168281,29.7298206392881,3202897.07756528
91,22,2.42713090075739e-07,0.000397503536632162,0.00246939145312519,1769.55966496343,2.22500402032465e-07,0.000429690356110638,0.00334164284650842,2391.50692622093,6.21188227883966e-08,0.000101734282626571,0.000631998227092362,452.888204368619,0.386664152239756,3.16954688755182,14.2093846208325,3035662.46958852,8.30878912766429e-05,0.193476745085814,1.87648658922925,3752353.73259577
91,23,2.75058110552797e-08,1.33832409676948e-05,8.90482798230302e-05,1206.79661473474,2.51089374025349e-08,1.41743189246362e-05,0.000118709287271455,1619.17492198904,7.03963787188709e-09,3.42520935413905e-06,2.27903679902345e-05,308.858730621317,0.0158486344708737,0.138300058102462,0.657792721663943,2223930.38345493,1.69536507424069e-05,0.0113597972193661,0.118763793635398,4565583.84393407
91,24,2.03530047155299e-09,4.41782777407005e-07,3.01410251086024e-06,838.866137497576,1.85436741782559e-09,4.64846971774806e-07,4.00043115092048e-06,1123.58659574441,5.20899971549861e-10,1.13066664711632e-07,7.71407430583786e-07,214.693285699722,0.000555788979979404,0.00506544474506626,0.0251449353164815,1663996.19362052,2.02704764881862e-06,0.000601115606952991,0.00646072113769135,5126476.62252169
91,25,1.19926458004885e-10,1.66192097870952e-08,1.16476925731216e-07,578.408864202916,1.10224274904187e-10,1.77110777841869e-08,1.56244586418131e-07,775.301367760991,3.06931036588047e-11,4.2533994350729e-09,2.98102555055319e-08,148.033749346483,1.67782319819017e-05,0.000159093215962981,0.000823427737266367,1133021.37184493,1.25669189426023e-07,2.40258589617806e-05,0.000264798084214504,3665201.88288518
92,1,7.60909452776818,0.0347025342481971,0.000323672275198901,7.90961131343911e-07,38.8770193868586,0.17919511660608,0.00184301641397663,4.56612154021739e-06,43.0705634455248,0.196430429087581,0.00183211645139078,4.47716104277183e-06,691.926336793018,9.23536331759406,0.0701593117396635,0.000117648122717564,31113.0710231315,143.798677715869,2.25199860101854,0.0141557683785761
92,2,10.2473539328299,0.165252718066892,0.00199616983663507,5.34636895897384e-06,45.6434972222863,0.839156629668349,0.0113283957381407,3.07933493007811e-05,58.0041825084481,0.935397457880331,0.0112991314910174,3.02626183194767e-05,2421.64833097011,53.8382925766319,0.460345383401352,0.000832638360693413,32656.8364925091,664.129084464242,13.802516951646,0.09528055597581
92,3,10.6603312628741,0.437672649094467,0.00643503619165461,1.88511298189848e-05,45.6977254987971,2.20295469753206,0.0364220522586874,0.00010832621491457,60.3418018178572,2.47740483869679,0.0364249167302962,0.000106705046168819,5388.91421548567,166.070580513393,1.57403446730968,0.00311415324605809,32175.1955384112,1731.45998057054,44.2765030270247,0.33453586564438
92,4,10.0616801871268,0.84341077382236,0.0145214782200741,4.68337258341782e-05,42.6125008945198,4.2230839143788,0.08200778036875,0.00026844362304061,56.9531937455549,4.77404730773005,0.0821974607777618,0.000265097897334565,9344.99424783855,361.250456799755,3.77391064718668,0.00841363436079029,29868.4085557881,3306.13109184883,99.5063399469669,0.827271147181853
92,5,8.98073434247342,1.32052898732397,0.0259982747035628,9.40834320965445e-05,37.8307603123812,6.589946670662,0.14653210541836,0.000537630409543605,50.8346015249673,7.47473005133946,0.147160787135394,0.000532550412732946,13668.8542859134,625.855363665955,7.24120132098313,0.0191049876192624,26450.3073786209,5146.22082021583,177.507185538208,1.6526758995368
92,6,7.77618269080719,1.78985553809391,0.0398195981498331,0.000167405406538384,32.6448653951773,8.91168701338628,0.224013805076226,0.000952991562161612,44.0163502669272,10.1313088213676,0.225395087711012,0.000947582548373225,17692.9996378726,928.017019502465,12.1069912171017,0.0401362980910063,22780.9476641038,6947.62257983285,270.949272621396,2.92036309894621
92,7,6.68584086175944,2.19224531780235,0.0551362990158155,0.000282240645027945,27.9933426111627,10.8975163884159,0.309586411520447,0.00159949564423663,37.8445729609768,12.4089982985473,0.312093831433665,0.00159759660814038,20977.6429407529,1239.92647500308,18.8304418004973,0.0820958184092129,19503.9424889598,8485.73760807342,373.860717822866,4.88341050389937
92,8,5.81498980847322,2.50374028936051,0.0721612620423229,0.000470015229690036,24.2940352009586,12.4309912834106,0.404326248468383,0.00265117089390588,32.9152025338798,14.1721862687449,0.408462032343107,0.00266047697224039,23382.185881715,1555.12758276358,28.5980837551231,0.16504187738399,16903.812466719,9671.37899848776,487.426604291179,8.06301149287637
92,9,5.16459969453209,2.72936147479712,0.0924230865484731,0.000782227361494324,21.5377510879785,13.5381537923014,0.516641197168197,0.00439377714793347,29.233730505294,15.4492937546014,0.523152183021285,0.00442772436051581,24979.0222969826,1892.19727859971,43.5076157597916,0.321983382405304,14969.1415299738,10525.4197290291,621.630476687084,13.3164806496215
92,10,4.68173983261691,2.88842313956572,0.118384971465593,0.00128877336373655,19.4948387189317,14.3146750517383,0.660126984979522,0.00721507181102295,26.5005477012141,16.3496473379569,0.670106989195337,0.00729498033269913,25926.3343754032,2286.66348282945,66.4222562933144,0.601303982875807,13536.6117210488,11122.1550386414,792.661847079861,21.8069401067666
92,11,4.30221093711584,3.00213670736034,0.152687926757289,0.00207081579011292,17.8921025031607,14.8649419095962,0.849356055105227,0.0115645211386962,24.3522601075411,16.9933122863212,0.864275639205969,0.0117216578853849,26378.9473529696,2777.47361312665,100.534680328377,1.0688095048186,12414.0174221873,11542.2716830937,1017.86852184922,34.880675888265
92,12,3.97389421085196,3.0872233555818,0.197336455566889,0.00321147422056177,16.5091888811423,15.27102336008,1.09536905295551,0.0179008313190621,22.4938541780089,17.4749372506603,1.11700443444243,0.018178247578026,26454.2382435606,3393.80023566547,148.804156588794,1.8120305147892,11446.9170907176,11849.0843407379,1310.37487853076,53.9077223564988
92,13,42.7483772064333,86.1412826513142,32.5312530016612,9.10772411769156,131.279989624177,305.942832702205,127.088348031793,35.2113075802058,159.108711983223,318.386876661791,119.887678674605,33.5476832278188,226971.457669199,140313.634224669,53958.2379998292,17010.0953291706,36937.210781999,94963.9740570529,59997.1983895655,41352.8197328794
92,14,9.33502991373655,48.9097120409442,37.9163056075356,20.7681870211443,27.4333341282019,170.770196550191,147.13480919217,79.9800000999588,34.4130662528871,180.166466139938,139.658571248922,76.4957751288267,133415.434892247,155850.096797795,100989.397755416,48422.4581536048,8024.26725035416,55970.9834180537,73811.2727932057,100023.379546089
92,15,2.0622430819275,27.4801007363355,34.939382083261,32.7257493883526,6.07626431958893,95.9421958527257,135.355083650106,125.803569556502,7.59641028173125,101.218099569001,128.69273779513,120.539220517042,73287.5711244851,133346.929530873,124322.732192998,88825.4761431478,1784.98407788213,31458.0653945649,67813.621038976,157099.418047857
92,16,0.509638224111708,15.5119069619648,28.3278432718693,42.8705425605713,1.50573494059252,54.1125995646479,109.568537474583,164.537609883096,1.87716712407598,57.1352323768717,104.340350042994,157.905681944494,40445.402583955,102362.633878245,125293.02636521,132088.589038053,443.11375472705,17731.9526602031,54822.8322964289,205194.371912435
92,17,0.674586771970436,77.2727485830019,202.93899016861,1366.4396441473,0.827070885839468,107.273385910989,310.817844881409,2061.57848117596,0.572233829891768,63.3709640744163,165.787202807252,1110.54694428741,44849.3802625443,170898.072269675,331905.572426429,1659548.62425548,106.533837934168,15136.4527701542,66912.7690291705,1101448.94743222
92,18,0.0325217389537055,14.9268637851644,48.9413417668764,1411.36794238934,0.0379662146751206,20.4351266570536,74.2624864246253,2119.8558243085,0.026475764064331,12.1149810944141,39.7183783458829,1145.31451724114,9362.81536491133,44908.5042339452,112704.805079125,2041599.39485553,4.9207075070621,2949.10122459121,16382.9197201609,1163522.29573875
92,19,0.00114765822993472,1.86134547691415,8.01419028177377,2120.71572434457,0.00108583488756627,2.11836078224434,10.12305468123,2659.57071174296,0.000661191293093489,1.03853751057252,4.45627702004507,1171.25700539433,1757.12837242129,10133.0880320634,31794.1677235059,3627111.15807768,0.290873323035199,648.137844704272,4732.84608463129,3110493.83678902
92,20,5.5538277656662e-05,0.132445199939116,0.727319378865088,1985.18819194465,5.34191678255136e-05,0.151581265108445,0.921124563488946,2496.64701741273,3.06930646866482e-05,0.0731032293152638,0.401397415386606,1095.47571773811,130.32206871014,868.192425316325,3215.56176161812,3233467.63402713,0.0178885357513577,56.7265272485932,525.030381117943,3548806.791941
92,21,3.68288355281073e-06,0.00907110120042918,0.05749509510565,2170.13745101297,3.55355205412279e-06,0.0104595060200777,0.0731967990608941,2737.13009513921,2.0323784527517e-06,0.00500567556586288,0.031727230090009,1197.53379230219,7.76049915829688,58.101288555393,245.743321667117,3407985.67314846,0.00103307589032849,3.41015830239325,36.3027582899076,3378208.01937229
92,22,3.23914776235204e-07,0.000340949525626239,0.0024876274892799,1632.27259918515,3.05178061284289e-07,0.000381827534210495,0.00308958716183825,2032.5458959395,1.78744050756243e-07,0.000188144145970522,0.00137273247399338,900.727090739918,0.379448570338801,3.10137970909527,14.3382383205739,2859165.96866739,0.000138177745662537,0.192484823269491,2.37280198505037,3928898.09339096
92,23,3.45527649181756e-08,1.14281778678226e-05,9.09870379750295e-05,1094.86120178782,3.24472671498774e-08,1.25583374787253e-05,0.000111374391643741,1353.91677071655,1.90670429509046e-08,6.30634214968534e-06,5.020882555293e-05,604.17061803273,0.0155690500593888,0.135298133229316,0.659730884763282,2059562.31605657,2.66607803838491e-05,0.0113514116099946,0.153640011774445,4730033.75945373
92,24,2.3800128611502e-09,3.75267367942879e-07,3.05778815275912e-06,751.775036154821,2.23104799084002e-09,4.10067335129329e-07,3.73019840429185e-06,928.208926268607,1.31334806573781e-09,2.07081516210166e-07,1.68736069486146e-06,414.847459635579,0.000546405615788499,0.00495496312344303,0.0250262793874313,1522298.014066,2.97874800148232e-06,0.000600927172539655,0.00835145557000909,5268257.11501946
92,25,1.36279643238802e-10,1.41542491781245e-08,1.1840163269978e-07,518.011693467523,1.28902046610028e-10,1.56587534580482e-08,1.46209034771754e-07,640.078421367992,7.5202369165186e-11,7.81065349644687e-09,6.53368550166131e-08,285.851251719763,1.65066397020029e-05,0.000155646761461011,0.00081513793062064,1034659.67970285,1.79275973797774e-07,2.40025593286123e-05,0.000342683707482871,3763621.37757608
93,1,4.09162551549063,0.0185028146116564,0.00017998886976314,4.2061416768404e-07,42.8817021204009,0.193215684278216,0.00237348492422176,5.61411324306184e-06,42.7221869156824,0.193194783176685,0.00187933086927219,4.39178928353784e-06,668.895140773557,8.76266609965915,0.0777096208864171,0.000125077476465451,30483.7530610666,138.721791229463,2.09175614004515,0.0154556401172627
93,2,5.60018833315536,0.0889221851790266,0.0011161812022177,2.85778608848132e-06,51.2221757949413,0.913344418211537,0.0146754978227154,3.80658355650499e-05,58.4736535213923,0.928469675874959,0.0116544639220723,2.98392096185019e-05,2375.04076830968,51.4468930819478,0.51263024442201,0.000890574404503255,31879.7958764028,645.177071774399,12.8888203754452,0.104548155397134
93,3,5.85969511312688,0.23696279794555,0.00361603039952321,1.01233262867774e-05,51.4915259582537,2.41229318332861,0.047430921436401,0.000134564415826875,61.1832605266905,2.47421688704543,0.0377563210602611,0.000105701422624032,5326.08642138293,159.643846924438,1.76130190376357,0.00335023781045931,31364.4633851625,1689.91845861156,41.5421581676737,0.368709886701633
93,4,5.54167975206288,0.458714949746334,0.00819560865093142,2.52473750994825e-05,48.0700056399292,4.64481081774276,0.107286847398558,0.000334839856086995,57.862743620635,4.78961374883567,0.0855734043468274,0.000263617252861201,9279.00176584599,349.059232616864,4.24039577067892,0.00909989034558557,29104.9328008118,3238.20552171913,93.7517961051764,0.915108671057556
93,5,4.95013065341413,0.720754344562839,0.0147270969376095,5.08502084651916e-05,42.6994618898311,7.2727731030671,0.192450526238847,0.000672564954170101,51.6861590171331,7.52566472961089,0.153771107769251,0.000530945977955863,13614.7667336961,607.418230214821,8.16164065094018,0.0207519026200933,25773.2467735433,5054.69082483941,167.833753425453,1.83247630571449
93,6,4.28700586532296,0.979640614202774,0.0226216401958317,9.05400405083298e-05,36.8541101015554,9.86145534759447,0.295125245125715,0.00119348555415014,44.7622259646097,10.2287927552789,0.236200976146702,0.000945362306326927,17662.6493268714,904.077566136471,13.6676425785766,0.0437019097090391,22194.9060505268,6839.49076984474,256.890426865968,3.23944797599342
93,7,3.68505715506925,1.20248400765919,0.0313825284377023,0.000152385455107056,31.598646621874,12.0840687198381,0.408729432968423,0.00200071968436299,38.4770551405078,12.5555836778906,0.327676675376649,0.00159111332932782,20976.754304354,1211.73635775603,21.2474753031212,0.0894004252353663,18994.8247438258,8368.55335417654,355.096066633583,5.40609666163688
93,8,3.20355219746248,1.37562247213712,0.04110191250702,0.000252779051390457,27.4127967021909,13.8064879906015,0.534331478342969,0.00330500639916468,33.4494824259903,14.3633869125015,0.429160386762906,0.00263936028382526,23411.2615749822,1523.65330901589,32.1797381375086,0.179395222858448,16453.0604404028,9550.87924689149,463.252589408229,8.88826459670787
93,9,2.84387795493439,1.50148253785999,0.0526135521954166,0.000418519970263835,24.2930289426443,15.054465210108,0.682597644738498,0.00545154352840877,29.6939896127143,15.6775387655182,0.549357707023946,0.00436992298778677,25036.301332899,1857.66547851633,48.7335825674109,0.34888862312301,14561.5549695509,10405.1000664415,590.440779307418,14.5985584643011
93,10,2.57720902149361,1.59057502011883,0.0672810255584122,0.000685757832868883,21.9832257620306,15.9333112475382,0.871028558491793,0.00890590399126079,26.9095998937797,16.6077865766716,0.702506262829535,0.0071602531081598,26010.5073986482,2248.47964270477,73.9970667823678,0.649008092054709,13162.5344420727,11003.9432064948,751.614357605716,23.7676556106583
93,11,2.36814796308804,1.65460700383347,0.0865674587843664,0.00109598459832232,20.1751579487967,16.5594861892084,1.11839907833096,0.0142016255022412,24.7267154679741,17.2763683827244,0.903883100005026,0.0114435836537256,26490.4678912036,2734.35409980423,111.378559096256,1.14854587377918,12068.6375398343,11427.3451574199,962.812333619155,37.8033813341702
93,12,2.18782393895246,1.7028675756463,0.111570558869475,0.00169088801010335,18.6191082880101,17.0251226465588,1.43877634226401,0.0218730336637076,22.8438851269905,17.7802749992609,1.16494978640227,0.0176551918907612,26595.3229792489,3343.97134163131,163.969581641167,1.93811241370569,11128.7861325491,11738.3843979873,1236.03411176866,58.1104529406552
93,13,29.6967104316076,60.034783891008,22.0534245899669,5.59752409641765,150.396383221676,346.011279816248,160.656213986524,40.2916367985854,164.041880370483,328.505120604394,120.179578642592,30.4839773587126,230847.991342114,139518.87181445,54311.8259129919,17553.3592878795,36520.4611758606,95223.764132914,54267.4921801783,41390.2703039378
93,14,6.76964248914179,34.5387381133582,25.1533318530731,12.7653451745259,32.7442062559815,195.420288115272,182.21490482462,91.5684110047166,36.9071950738724,188.113575549044,136.979752270373,69.5168859898344,137295.163013333,156320.069813518,101374.682924452,49921.2046403551,8248.53311579124,56786.7361191792,65523.6365241109,100331.305334215
93,15,1.5842586919212,19.5475088801294,22.7929643103027,20.1112433647893,7.68815114299105,110.588403973966,164.951247353963,144.037561554222,8.62822127025729,106.451210139541,124.124783078531,109.520790691095,76021.0856610423,134722.85140221,124623.798708653,91417.1375416437,1947.98204080486,32150.8590495728,59254.117883463,157541.827094192
93,16,0.415215308789061,11.0555040197613,18.2183381431156,26.2995908805134,2.02174670448361,62.4933346912648,131.705745897393,188.097591124874,2.26117203932333,60.205509697013,99.2125032662178,143.220979960838,42051.2425369667,103928.222669216,125386.076153346,135603.380128941,513.609917808244,18155.0602525202,47254.6486893964,205402.291542445
93,17,0.803956549373917,74.0547168782426,186.000797418942,1114.66975863502,1.21389827393163,124.672823734607,396.419463148273,2338.08008525338,0.725890812428206,64.6392400231032,161.414353356553,962.783853857645,46463.732679457,174480.956370677,329953.081913046,1676086.13053056,134.558456521686,15518.4203187873,60793.5747359914,1087385.94405239
93,18,0.0423014092424321,14.0697295925379,45.0832331531425,1127.39792305889,0.0607383517695138,23.3020549769844,95.1502483481294,2352.94442310459,0.0365934695804391,12.1363278228551,38.8829184369632,972.289502427785,9675.47106362829,45991.023094447,112594.112796477,2057934.40536037,6.89297653643857,3023.54647776436,15245.3073467811,1147167.33702043
93,19,0.00181540451541523,2.03211327504871,8.08391612955765,1971.42210819845,0.00182477093248691,2.38783987638201,12.1725389347256,2933.03103508203,0.000721928350441821,0.750141423427849,2.95317881333199,708.429894989286,1814.16145231777,10400.6565509325,31844.3825310741,3665667.08091956,0.429766639451115,661.679751603696,4168.98329921247,3072451.02389429
93,20,7.30201455779354e-05,0.146402660249257,0.700668134921203,1873.79550894855,7.36271960922114e-05,0.172607404657037,1.05702842761319,2796.2496589136,2.63063261656673e-05,0.0525399006023101,0.251360812612138,672.044408398437,134.509288341446,892.323183861175,3219.7606559133,3278827.37344505,0.0214220360640957,57.6807948941513,435.297681578504,3503738.55410399
93,21,4.14819384848426e-06,0.00999643841532187,0.054127615651335,2042.49070585073,4.19135392220219e-06,0.0118705134738917,0.0820515777986042,3055.41390653711,1.4879581446826e-06,0.00358530306278362,0.0194131182920498,732.545817923707,8.00795325796245,59.7555398104753,244.582036338728,3452393.08772171,0.00106155724945761,3.46779574648232,29.5126180578554,3334080.95356803
93,22,3.31087290533236e-07,0.000373923679588261,0.00224772986449456,1527.06371173248,3.24860394506989e-07,0.000430649771799761,0.0033300819471347,2257.40590595956,1.18745839566255e-07,0.000134108995453414,0.000806155586284219,547.686278056277,0.391448183676799,3.19124307181977,14.2721933519564,2903644.92661027,0.000128378382988127,0.195293120410961,1.86192474046029,3884652.99793485
93,23,3.57439323444774e-08,1.25315261083277e-05,8.05603457624174e-05,1024.75197346118,3.49406476810186e-08,1.41515867125723e-05,0.000117678843802693,1505.34072813579,1.28196760541573e-08,4.49447197889815e-06,2.88932254464698e-05,367.530568607727,0.016057276551301,0.139282259518999,0.661082643294592,2106954.52743542,2.50875306305668e-05,0.011488181493614,0.117886243412652,4682796.90321419
93,24,2.50730683985342e-09,4.12478288506904e-07,2.7203379484578e-06,704.48113031958,2.44655192498154e-09,4.63040193440004e-07,3.9581692074506e-06,1033.46886712213,8.9925360801738e-10,1.47936655905321e-07,9.75657894814304e-07,252.664407686135,0.000563403014969438,0.00510253210478416,0.0252883758877224,1572798.6888829,2.85165691914111e-06,0.000608438137547184,0.00642037721374963,5217860.65871731
93,25,1.44242414187776e-10,1.5554251173543e-08,1.05430710423361e-07,485.432235792942,1.42000348423809e-10,1.76788803070889e-08,1.54949013106624e-07,712.62195131654,5.17330025979766e-11,5.57858186799474e-09,3.78130610667615e-08,174.101821964685,1.70156398170169e-05,0.000160285257605178,0.000828556310432346,1070855.70605514,1.72609068538071e-07,2.43497877362006e-05,0.000263518503184002,3727497.13664155
94,1,4.08528298789561,0.0177003403647729,0.000165435024247711,4.02264932040325e-07,40.497804596264,0.177177548575329,0.00181525556902166,4.47263354581532e-06,43.4542702980482,0.188274686688106,0.00175969652083448,4.27880495429536e-06,678.135619075872,8.5793938100354,0.0648226866632823,0.000108122748396841,31958.5439838131,142.918006165022,2.12294019188405,0.0132394081812348
94,2,5.53148058772766,0.0846618191339604,0.00102452893678849,2.72883573609595e-06,48.1915272764292,0.834068193832665,0.0112062071406854,3.02751267463248e-05,58.8371609310083,0.9005294329602,0.010897692394698,2.90260346778005e-05,2377.22611256146,50.2213369028828,0.426878851471994,0.000767869168678584,33852.6206263417,663.029588882085,13.066256442179,0.0894361887041258
94,3,5.78330533856135,0.225203521689112,0.00331600365309688,9.65660830578502e-06,48.6021562679474,2.20012934082049,0.036178771952896,0.000106900893135647,61.5157662621172,2.39544108267319,0.0352716126344071,0.000102715250993693,5303.19505208327,155.533734321141,1.4648355709796,0.00288235751043669,33541.7830550964,1736.2356509999,42.0842235468929,0.315158196788372
94,4,5.47981687646239,0.435748475183005,0.00751189780396393,2.4079811342184e-05,45.51973401294,4.2360598211594,0.0817844508804125,0.000265925387874419,58.2876252242841,4.63496215039889,0.0799024299153654,0.000256131737725291,9221.69274634648,339.625807306989,3.52460870708745,0.00781788216155868,31250.2593825747,3328.95331035385,94.9476002691205,0.782246495312109
94,5,4.90342276475349,0.684785007535905,0.0134991563443792,4.85604313560427e-05,40.5153840942287,6.63589946316575,0.146695175264702,0.000534717861942235,52.1566459010369,7.28390980543661,0.143587602210742,0.000516526790478783,13524.5931021991,590.537948559845,6.78709781362207,0.0178265665796435,27732.7899004854,5201.1304214466,170.012445789685,1.56875573292485
94,6,4.25000899343706,0.93119945991924,0.020751495521493,8.67520414528765e-05,34.9953755122106,9.0042218061777,0.225106424541495,0.000951795104192829,45.2064251404728,9.90496696376255,0.220729163230916,0.000922762675038733,17548.0258973207,878.694145655291,11.3889038583506,0.0376098998793854,23901.2503732669,7044.80314105447,260.46348413151,2.78316342519524
94,7,3.6521974555754,1.14373270477398,0.0288384581735601,0.000146847951583043,29.9923712570427,11.0422376242475,0.312259301380658,0.00160421935023237,38.8476332941057,12.1656370560434,0.306748433380463,0.00156198985473251,20846.605597962,1177.9547173602,17.7775350120873,0.077239592910758,20446.905987035,8628.42049994221,360.70301475794,4.6725974851735
94,8,3.17088842011138,1.3092736644771,0.0378816356122928,0.000245461058445361,25.9826266393043,12.6258808821975,0.409351750921343,0.00266953690205204,33.7280533321017,13.9264603893721,0.402938753106227,0.00261091611350628,23270.2126326352,1482.23805468911,27.0918312666082,0.155872643148275,17686.2632742909,9856.62242580626,471.993226412173,7.74381975215857
94,9,2.80939633926109,1.42998841121932,0.0486957646268514,0.000409874425988875,22.9790315568982,13.7771032112967,0.525032620857226,0.00443986852066344,29.8829403647956,15.2104770044852,0.51796630116812,0.00435974549326203,24883.0114509535,1809.37296604196,41.3439538612511,0.305285913637951,15621.9512711776,10747.2038611711,604.146343120835,12.83209581066
94,10,2.5404895127532,1.51580370227927,0.0625948938967138,0.000677364421540334,20.7490682884206,14.5914135845935,0.673299054481176,0.00731422259722763,27.0226366946003,16.1232756684881,0.665808328755842,0.00720497863944961,25838.6022051875,2193.63093147682,63.292850382078,0.572667669160183,14091.3617309212,11374.5754902634,773.091865786552,21.0780582153586
94,11,2.32976998908793,1.57788303492579,0.08099547203914,0.00109176079854178,19.0052733738723,15.1755599153986,0.869235034925506,0.0117609420791647,24.7812587617723,16.7836000838926,0.86153129301816,0.0116128231462089,26290.656484195,2672.81722476902,96.044377348631,1.02343669733401,12896.1787851094,11821.4940172039,995.992035285848,33.8184377483857
94,12,2.14876706067939,1.62515038563922,0.10498416661014,0.00169896363531492,17.5113340437214,15.6146660886965,1.12439279733854,0.0182688593693211,22.8559698162801,17.2863726556483,1.11669384138363,0.0180715082050066,26357.491135466,3275.48958232527,142.532537962006,1.74670027802835,11874.1114012867,12153.8225796957,1285.97045945051,52.4441985931533
94,13,37.1820309809746,74.5304721448999,29.2843922275648,8.3122538079166,138.839682997161,317.619451917502,136.26782564891,38.2908254557634,153.36798464653,303.647283409912,118.698491634192,33.6627834115751,224318.059879959,139414.945338059,54238.4816320692,17216.793461247,37769.7293364915,97651.0497644979,60690.841171444,42279.1242485556
94,14,7.86414937705934,42.2106961283228,34.204553500209,18.8527794420402,27.9372705992089,176.555859675762,158.112795119382,86.5325654738671,31.8927490563548,170.961009933287,138.514891322495,76.3455129708811,130401.907139435,155123.13264916,101173.094864329,48647.6759683454,7882.38665551604,57305.3243427466,74865.6240146115,101802.263198945
94,15,1.62302382284736,23.6714848966022,31.4920892275231,29.5788223984933,5.76884858871908,98.9843438271417,145.344425787482,135.534874231425,6.57331002374769,95.8595087754374,127.529169630189,119.781259116729,71044.9135245525,132593.012579166,124016.539197787,88805.4651023157,1633.44637855748,32136.1715791477,68726.4116621664,159206.440019446
94,16,0.371007253974497,13.398897296719,25.5033155401284,38.6397983852071,1.32080969117571,55.9781552988487,117.52948150576,176.784186718595,1.50242973334417,54.2596633268614,103.277243602329,156.474237810443,39137.1199173874,101681.57574671,124554.182751102,131673.796259119,374.447300008286,18160.334821174,55498.2901505624,207367.314373432
94,17,0.460188229269149,69.9672205793829,192.392340753172,1299.21732204442,0.656956654427497,112.175947584731,338.487613056075,2253.66134101588,0.425655991331672,62.4708468444679,171.171884173105,1150.46600387149,43677.4193759004,169358.805962511,328699.10419597,1657354.29970187,80.100283242874,15351.8304555445,67341.9589458601,1108786.79095047
94,18,0.0191223933856687,13.5171115659157,46.3896994232064,1345.15850244084,0.0258936586974145,21.3916571515737,80.9048961756592,2323.98012987114,0.0169694987835535,11.9545086221037,41.0238153421905,1189.4899492576,9159.40658234804,44390.7943624691,111300.243953728,2036636.37479025,3.14806894280438,2982.72567969737,16431.0719250194,1170345.9967158
94,19,0.000665549560898127,1.80858129156271,8.09747309116715,2150.41858070936,0.000672834549309999,2.18452237613482,10.7895281716314,2844.16153729134,0.000342676351317563,0.881358723074542,3.92539423990759,1031.17670482701,1722.27337470203,10002.5012930489,31323.9601088663,3585070.66476189,0.173374839868398,666.526062389478,4794.39158139214,3153015.98863167
94,20,4.75161512262837e-05,0.131343266929007,0.738970394142383,2018.28637251376,4.88032283432935e-05,0.159261412894492,0.986395802972348,2676.5505700222,2.27908100998055e-05,0.0629174087857863,0.353929852462405,966.494022234859,127.825440191997,856.732884187051,3166.06640566832,3199782.01661641,0.0157703930389085,59.0814446762587,531.185635853762,3582463.31001353
94,21,3.75583630432867e-06,0.00907011534622196,0.0586773211709733,2216.42505697473,3.87391319510011e-06,0.0110767882415638,0.0787321580856195,2948.03578463101,1.79860561021484e-06,0.00434341534834752,0.0280987524640909,1061.37441534023,7.61405420764022,57.3642267545517,241.964016457376,3377592.38375898,0.00108188633748959,3.56173074735404,36.7065242424472,3408484.37929895
94,22,3.53525156761017e-07,0.000341002537229682,0.00251450418212465,1649.1856437998,3.57739964794181e-07,0.000404819763175183,0.0032936555289159,2166.53676905073,1.69291873594892e-07,0.000163295149343034,0.00120411498284708,789.741768642947,0.372347048560894,3.0616082642935,14.1089472248352,2816003.18143931,0.000157921878707686,0.203553223905611,2.40523930641171,3972021.19460305
94,23,3.64952758809031e-08,1.15276784336365e-05,9.16012165631149e-05,1102.40907118318,3.68222845654843e-08,1.34536792896962e-05,0.000118387959810848,1438.91581932759,1.74764096779842e-08,5.52023314406473e-06,4.38648658256273e-05,527.908118115114,0.0152786843787457,0.133421856712978,0.648661249291707,2015470.13890555,2.95398417805387e-05,0.0121470337657171,0.155483315197686,4774109.66277969
94,24,2.43673254409304e-09,3.78865874192005e-07,3.06891656163482e-06,756.591113695564,2.45465326190837e-09,4.4006542391377e-07,3.95437379141126e-06,986.154091018279,1.16687255716735e-09,1.81426637336591e-07,1.46960507604037e-06,362.307061375109,0.000536208396292265,0.00487984713314422,0.0245927294639547,1480282.21418707,3.19649047818731e-06,0.00064363019104655,0.00842068903575983,5310262.69446103
94,25,1.37691140074523e-10,1.42948043549788e-08,1.18630885641625e-07,521.427417730588,1.39913378409873e-10,1.68033022209863e-08,1.54652245182632e-07,680.138168786573,6.59358422733378e-11,6.84532036541581e-09,5.68085016956673e-08,249.694758527652,1.61978014045092e-05,0.000153140306928166,0.000800730210811285,1004925.51837645,1.8985124868919e-07,2.5719650221842e-05,0.000344900639043366,3793348.21993725
95,1,5.04719981053299,0.0226675959461693,0.000206048186784993,4.7495224288888e-07,45.9958934810164,0.209259151903039,0.00246308028045911,5.74614001275974e-06,46.0277896200139,0.206716471819566,0.00187905035444267,4.33131295290142e-06,693.563576581203,8.92848442881877,0.0764058784821148,0.000122020407723651,30681.4309750313,141.033489654737,2.09094157634874,0.0148899927331417
95,2,6.91601945974851,0.10836015666388,0.0012726291061502,3.21711413634035e-06,54.918384677841,0.983616365041652,0.0151680133275412,3.88420295908768e-05,63.0704352217059,0.988187248641964,0.0116057035506985,2.9338377359665e-05,2439.82270247128,52.13041454628,0.502081498275669,0.000866488212456705,32104.2559098428,652.057777493865,12.8307616825989,0.10040909882085
95,3,7.23820046028806,0.28753898971152,0.00410868184308889,1.1369993130907e-05,55.1826994855303,2.58647181660125,0.0488544254262996,0.000136992044301974,66.0085553415895,2.62220332517321,0.0374690027318922,0.000103688316582641,5433.53144126887,161.024410967206,1.71950232846555,0.0032547155197636,31577.331510915,1700.21792055155,41.2107769285682,0.353276602813368
95,4,6.84433109319697,0.554715703394608,0.00928605033612874,2.83234118346639e-05,51.4916999225752,4.96273197669295,0.110197626858853,0.000340476922679333,62.4166752800148,5.05871347543675,0.0846838618079314,0.000258294517789113,9417.82426346768,350.752438357971,4.1298839466336,0.00884278580936999,29289.0534384827,3246.33194684075,92.7398403383782,0.875698738216142
95,5,6.11363789980651,0.869208738581201,0.0166522713406847,5.70745717370969e-05,45.7300266665082,7.74895881771091,0.197266936142631,0.000684212240672827,55.7531402814667,7.92672342232244,0.151859896722314,0.00052048987145014,13765.8644146984,608.548240520109,7.93918578504915,0.0202168596526491,25930.7854098568,5053.14599825791,165.675626424989,1.75420050480258
95,6,5.29702642617452,1.17891740717079,0.025550529401329,0.000101896136621751,39.4826887417478,10.484650516179,0.302176776011585,0.00121736516904117,48.3060760635646,10.7511024793169,0.233007298326111,0.00092923880876095,17808.274625237,903.826921102232,13.2996980098204,0.0427685895472463,22337.3592689311,6822.68390854391,253.295686185409,3.10883386298233
95,7,4.55766973956316,1.44486683865315,0.0354487670182136,0.000172324642643362,33.8819030809705,12.8277879690716,0.418527332469146,0.00205050680502405,41.5635345944356,13.1764204657947,0.323273983961995,0.00157150948955499,21106.3476425367,1209.95540734962,20.7203978206408,0.0879496809664994,19132.9939702142,8334.98225052354,350.134319547773,5.21215544582104
95,8,3.96718428283878,1.65124654537697,0.0464943775850073,0.000287551218879203,29.4286254598015,14.6413298923937,0.547917966683049,0.00340736085734934,36.1786199098478,15.0584941065292,0.424004103330757,0.00262231484870674,23521.7347391266,1521.15200241687,31.4979060292757,0.177288812493044,16592.1775295181,9502.84658677393,457.396385256913,8.61932019864131
95,9,3.52605801723088,1.80137286417684,0.0596755715015458,0.000478770296240378,26.1094830112233,15.9560929162332,0.701811222958829,0.00565222713149681,32.1557819578234,16.4275666373466,0.544209611990216,0.00436613157768699,25128.9548171098,1856.11014659471,47.9072889387066,0.345960378899287,14701.377066934,10347.0473880386,584.476514963757,14.2362664909382
95,10,3.19819073948519,1.90802477837744,0.0765716262777766,0.000787974550440516,23.6462682657081,16.8851219098722,0.898580903210192,0.00927540437447316,29.1658060008836,17.4001756192918,0.698292684553665,0.00718591064255313,26087.7072984,2250.03221803688,73.0285424236903,0.645151943698339,13299.6519460123,10940.7932979757,746.48642670393,23.2819920184927
95,11,2.93992834240259,1.98524761368542,0.0988593394661184,0.00126343467541433,21.7092713535131,17.5518061884144,1.15773141733973,0.014839592785575,26.8105896976036,18.1044069853652,0.901544826781788,0.0115218552111295,26553.760673597,2741.22776261754,110.256078845903,1.14400050196979,12198.7212301869,11363.5223265697,959.463761199819,37.1529138539808
95,12,2.7159450688004,2.04410153973189,0.127784117508652,0.00195394184513739,20.0334740938893,18.0530372294203,1.49372938820446,0.0229117400540113,24.7679808485842,18.6411236258923,1.16532348594423,0.0178189149536024,26645.0488185397,3358.0276090266,162.676873271535,1.93398464545693,11247.9425702478,11677.4642581387,1235.28505260988,57.2507351534027
95,13,40.5855281439983,80.1822371092218,28.4365087535727,7.3272287284576,160.242928594643,366.334678480938,168.406367642369,42.8986186905028,169.926978359499,331.806145283165,117.098388038259,30.1505548001784,230636.124792655,140435.167661055,54619.7262394433,17532.081539146,36488.5796336181,94415.987075545,54656.8924855296,41381.7248102701
95,14,9.11075688535597,45.986999074589,32.434553276948,16.6486918909571,34.2450140238326,206.122427870109,190.998708141908,97.1402646528058,37.5408835411783,189.250351689815,133.458606972553,68.5039056225572,136793.6998616,156918.833278143,101716.873233051,49689.1491649633,8111.57135038274,56277.6866142153,66202.6238755106,100278.066539792
95,15,2.09062958575027,26.0408372007992,29.4588568964302,26.2294474953594,7.88160934021773,116.707729401851,173.295664534619,152.808939487702,8.60322412356187,107.149923622044,121.213514970724,107.925545120106,75659.0998785905,135001.82342075,124921.956001585,90919.3338172864,1877.689921618,31880.4192668459,59999.7711595475,157465.826176868
95,16,0.537739751610218,14.7513138809588,23.5951521256606,34.3161730124997,2.03391762507104,66.0538448285636,138.650009489507,199.64855266585,2.21264005309353,60.6968092417616,97.0862865106261,141.199759253895,41876.9594533746,104048.441328063,125645.04310897,134858.274726867,485.779187612069,18029.8513123735,47943.2701866531,205400.522616805
95,17,0.787656272264129,76.841557151014,186.053316955441,1135.06317167975,1.1835586766941,131.223746731709,412.714099915122,2480.19136784181,0.733929525531996,69.3901538813514,167.14927347658,1015.62831255547,46422.4960658112,174726.647154305,331057.74674307,1675539.57893246,123.355691196185,15342.4981890565,60994.0647022743,1086370.41219338
95,18,0.0401998902968134,14.6186161625361,45.0102292018169,1150.30801588297,0.0574805042421064,24.5789312239359,98.9385705718588,2501.53335843049,0.0360285357593153,13.0656995597707,40.224131377695,1027.94161200683,9687.96872660884,46064.2537402101,112912.263734127,2057961.28265704,6.11974765135591,2990.59810603194,15250.1720394837,1146531.32324957
95,19,0.00173714514268992,2.17394091660918,8.35482060987458,2066.44008521679,0.00170217851798438,2.53665781249822,12.8183069457309,3133.93462334799,0.00068238595585253,0.78579146533773,2.98478322803789,725.774770067302,1818.03452485281,10413.5828618362,31909.2242065396,3650246.00494643,0.376245001359145,659.507438001935,4224.63801951084,3087422.54321007
95,20,7.16077644635605e-05,0.157356103187352,0.731641577978756,1963.08893406527,7.02844735169202e-05,0.184118636007621,1.1240871180034,2986.03575345543,2.52227150570056e-05,0.0551906409285959,0.256512702984255,688.084067498963,134.805285018851,893.032298792104,3225.73382326232,3264429.98957799,0.0191953335511164,57.6951753636808,445.17265273047,3517823.82662659
95,21,4.162154191863e-06,0.0107378471334253,0.0566096647442598,2139.13985150226,4.09327182825199e-06,0.0126533798740175,0.0873744546703766,3261.4617221748,1.45908476584439e-06,0.0037637768180375,0.0198423298257058,749.789954401136,8.02395791830998,59.7872372408658,245.223767717932,3438698.3223571,0.000973465382133409,3.46740351935834,30.2313908600653,3347454.36021092
95,22,3.39836954137012e-07,0.00040299512763043,0.00236632130149992,1600.6981326021,3.24751127226432e-07,0.000460655843625021,0.00357217083339156,2412.71989071658,1.19116609040608e-07,0.000141253911422331,0.000829419413854423,561.060734649357,0.392125125934597,3.19170962304896,14.3065907169638,2882888.0240668,0.000120612365087968,0.195977411541134,1.9215576534148,3905167.4813165
95,23,3.6526017220697e-08,1.35309623903003e-05,8.51201629806747e-05,1073.59382793569,3.47776530764575e-08,1.51681799667415e-05,0.000126775745005927,1608.47785774373,1.28027356258662e-08,4.74273802209396e-06,2.98354701386887e-05,376.305394218742,0.0160808013383322,0.139237165556869,0.661984313457141,2080980.49426441,2.34787053562845e-05,0.0115582789645529,0.122272296996162,4708610.17722402
95,24,2.55044235690557e-09,4.44125595405936e-07,2.86832646500713e-06,737.732500646995,2.42411341459053e-09,4.94952746235507e-07,4.25650496845163e-06,1103.86384803891,8.93955602817625e-10,1.55670471562217e-07,1.00537716704583e-06,258.58263363691,0.000564109518617665,0.00509932087723452,0.0252988292838839,1544153.89407071,2.65763680059269e-06,0.000610705474030857,0.00665055113757946,5246395.88871156
95,25,1.46749418287096e-10,1.66903794243186e-08,1.11011785384345e-07,508.383957351401,1.40751427997525e-10,1.88341657459092e-08,1.66372994746621e-07,761.204536861524,5.14371415565313e-11,5.85014522792742e-09,3.89107431275488e-08,178.193671114381,1.70334610800064e-05,0.00016016602649182,0.000828542273073082,1050143.17147589,1.60927731622084e-07,2.4359348432902e-05,0.000272570847927413,3748134.04505559
96,1,5.45247584354292,0.0260227349874507,0.000244512946090141,5.97324816038192e-07,41.3922898040207,0.197919451768987,0.00210490162944217,5.21279287664702e-06,48.5741570367301,0.231827238134869,0.00217827837879582,5.32135313364763e-06,715.429338550688,9.68300944728335,0.0764656221998468,0.000129062486176045,31405.7685404426,147.810193126392,2.34804095350373,0.015354420489762
96,2,7.31756426882807,0.123227980159397,0.00150212778504139,4.02516640633395e-06,48.4297105034464,0.921199843940155,0.012887653232963,3.50465403217761e-05,65.1895627087197,1.09779399878867,0.0133819191526074,3.58587677837728e-05,2478.15393436057,56.1500957107988,0.49982640045318,0.000910885591678043,32862.7885560647,678.324490505354,14.3340919984359,0.103027516812784
96,3,7.59121527574445,0.324931448196468,0.00482577048442532,1.41554072036154e-05,48.3591267974642,2.40707222373646,0.041292637628933,0.00012296356273006,67.6274216492516,2.89469804979671,0.0429910631536845,0.000126105459640238,5474.215986152,172.434632179015,1.70323310381768,0.00339985819653003,32298.3243162774,1760.03757107095,45.8215471157332,0.360768961306057
96,4,7.14964916358901,0.623901158646708,0.0108571897668789,3.5098409033189e-05,45.0036471981648,4.5971719831135,0.0926944833354922,0.000304109670114992,63.6936670963841,5.55811226406299,0.0967228202099244,0.000312679172001561,9442.49579708234,373.676643174891,4.07169256325158,0.00917790810362321,29925.2677530803,3348.00548515442,102.665610547706,0.890321847574173
96,5,6.37252467293064,0.973925285594055,0.0193884362078071,7.04396685825118e-05,39.9003198321038,7.15175813710895,0.16520530351014,0.000608442877911101,56.7705429726832,8.67635201364749,0.172724643277411,0.000627521812388057,13756.4709173959,645.30566625768,7.79433239696794,0.0208589653595049,26466.7794783735,5195.36043642656,182.672093414893,1.77670552693021
96,6,5.514491888923,1.31679630064275,0.0296364083450653,0.000125383902803338,34.4118988953658,9.6470837232709,0.252055723205077,0.0010788694385287,49.1266358029876,11.7308672478675,0.264020161531327,0.00111700034248845,17752.011921324,954.321797666861,13.0119255425782,0.043938542438039,22783.4864359649,6996.25533954187,278.268916938208,3.14027394841197
96,7,4.7423940531233,1.60956287377965,0.0409813258325761,0.000211785219311963,29.5166835049217,11.7725731122667,0.347873860057672,0.00181401228066148,42.2482923494777,14.3390199305609,0.365087973552852,0.00188671876705338,20997.8419826234,1272.43910092636,20.2270371646687,0.0902102576626633,19511.9738913692,8527.59020577493,383.435961147919,5.25998181004339
96,8,4.12842081351503,1.8352645306088,0.0536038940971637,0.000353695573377356,25.6400771224192,13.4070577099393,0.4540588692233,0.00301520867443173,36.7786243650885,16.3497152617932,0.47753791935445,0.00315094735261852,23361.686555489,1593.57982346068,30.7317698618339,0.182046723788892,16926.9893454794,9703.07640134168,499.594959145723,8.70839974724254
96,9,3.67117990680563,1.99804972576186,0.0686619570873666,0.000590457059146713,22.7596863102131,14.5820163016496,0.580241159386708,0.00501242254664102,32.7052286741345,17.79991034005,0.611684816533515,0.00526017074397563,24920.9370161254,1937.26799921762,46.801437312238,0.356338175722251,15008.8256224632,10546.0864380504,637.182593076841,14.4254789401868
96,10,3.3318600562715,2.11228988068813,0.0879972983137426,0.000975490220242981,20.6256462209736,15.4021513045712,0.741790461060671,0.00825356166733594,29.6823494943864,18.8176350186215,0.783936455612484,0.00869029345668555,25835.2255095311,2340.07663654135,71.5358677654895,0.667297616416054,13589.0708192955,11132.2376459109,812.901025293098,23.6868684351725
96,11,3.06439172664462,2.19353745093311,0.113569179543516,0.00157100231699541,18.9466816846509,15.980045151013,0.955050983843398,0.0132592755249798,27.2995698143932,19.5414405611268,1.01174719888256,0.0139954977225937,26258.648915962,2841.69163978157,108.392290084319,1.1887786928583,12473.3591196024,11542.4714088842,1044.50592939576,37.9731879746564
96,12,2.83175632417082,2.25394518807979,0.146851075381464,0.00244101605856269,17.4901850896271,16.4034405820589,1.23229211574742,0.0205635687691726,25.2271042232898,20.079591484596,1.3082437045621,0.0217461389578132,26307.1734055022,3471.48760441226,160.583533262634,2.01876110040706,11507.0320644253,11839.7547271192,1345.30631348029,58.7986749782128
96,13,39.7068744214283,81.8106762011004,31.0492679586225,8.64692883344971,138.509150620783,325.713990606079,139.526018165411,38.4354443314297,173.459101510987,353.638903184224,133.609145206423,37.1800720081035,224230.215020623,141321.973771177,55269.2723913285,17493.5395987373,36854.3530964129,93742.8913899022,59928.1299175194,42723.44162491
96,14,8.61388083460629,46.0682478230124,35.6103619106024,19.4847717800634,28.613170991002,179.965998340503,158.924931258128,86.2689866103897,37.0842965308771,198.103039867784,153.111296837803,83.7764693505157,131160.644858321,155562.978694265,102144.545172973,49295.1592451306,7948.63905402151,54938.7834453527,72869.1835787404,102578.055446746
96,15,1.8919834000371,25.7859279790121,32.5086741294495,30.5478758497401,6.3004540169902,100.735594792846,144.858347360431,135.014181822975,8.13560018332752,110.869241109717,139.773846710822,131.343206627468,71836.7520894228,132271.743909502,124789.323714067,89837.8516824383,1758.18746712413,30767.3948275809,66339.6507893899,160304.893613333
96,16,0.466106274872838,14.5191349678679,26.1764939082118,39.8708785850173,1.55648371557229,56.6747925393991,116.466322619649,175.941722693637,2.00407915077119,62.4262699270263,112.548075823773,171.428254328324,39574.5172707247,101108.347059058,125105.962151581,132930.958808731,435.128469399615,17299.8330677824,53269.8187639998,208620.01406411
96,17,0.703066385925209,82.7809802816316,215.366890339197,1449.57608019051,0.837473097397938,110.424691751532,325.559406185775,2157.5727865514,0.562558461745838,63.7271783269404,165.018316568603,1104.30881146892,43858.7591276087,168238.078941197,328334.007626344,1654985.72765076,104.229234474549,14765.7332502922,65176.5340697537,1115136.35896239
96,18,0.0336911903897382,15.9354877377352,51.7524714260204,1487.31905150037,0.0381280034896657,20.9435749466613,77.4712738422174,2203.09916700514,0.025717060765736,12.1212896189184,39.3611108736013,1131.11336521246,9160.89255864986,44171.3974706653,111114.245503532,2030535.56248645,4.80693632741666,2883.32722843351,15998.0703397158,1177414.35418125
96,19,0.00119782613922087,2.00596243075747,8.49621185611358,2249.2215175266,0.00109615115167382,2.1845287710016,10.5615242156597,2774.36752346363,0.000631197506061303,1.02130619142124,4.30901942586305,1132.54110697723,1719.80133936996,9955.92856591189,31251.2203092219,3578166.48844751,0.28592468330563,637.84877415632,4623.87573503911,3160109.65540845
96,20,5.63537708946914e-05,0.144241920297445,0.772015793550187,2120.70137496991,5.24737811166372e-05,0.158059183356513,0.962755931266133,2624.53012889174,2.83968120357138e-05,0.0725821671988022,0.388425297453603,1066.86743808108,127.544384860194,852.002227726087,3156.32441461185,3192002.08779257,0.016907900038905,55.7757656348672,507.806994961528,3590133.83951468
96,21,3.66422528173742e-06,0.00981957207610607,0.0604523911500213,2308.49118383305,3.42047564850773e-06,0.0108354116312267,0.0757467405432655,2864.22136890549,1.84344693392999e-06,0.00493998136970179,0.0304119819514176,1161.33792443581,7.59331308707044,56.9579541962348,240.917113147804,3363746.11844319,0.000962268094552835,3.35018084121128,34.9664785465892,3422225.85274784
96,22,3.19815158047745e-07,0.000369078628753089,0.0026045809075121,1732.59409658265,2.9149862917313e-07,0.000395484813329071,0.00318532111848381,2123.0526794879,1.60890266986482e-07,0.000185673267206807,0.00131029253335171,871.620062033986,0.371176421169691,3.0374782240379,14.049969818685,2804668.7483758,0.000128043125685353,0.189579038038902,2.28295703872185,3983234.04544383
96,23,3.3599770625917e-08,1.2348832690652e-05,9.49454980060581e-05,1157.51534931487,3.05220576360394e-08,1.29812572406167e-05,0.000114455719954594,1408.78170050571,1.6903113416088e-08,6.21235547361161e-06,4.77644482361732e-05,582.313885613632,0.0152260279329841,0.132397685657024,0.646725927251258,1996485.46263178,2.44091657747672e-05,0.0111945783728297,0.147820314612158,4793014.972755
96,24,2.29730305273502e-09,4.04033569314269e-07,3.19046257837934e-06,794.278273737605,2.08344942099007e-09,4.22381096319486e-07,3.83341930828345e-06,965.272723107673,1.15570948433817e-09,2.03258088895833e-07,1.60503328286591e-06,399.57938191696,0.000534280951372485,0.00484595616895105,0.0245596564170987,1455672.99398552,2.70722340585243e-06,0.000590524942395273,0.00803438709166094,5334817.83705855
96,25,1.3158578373448e-10,1.51641220523356e-08,1.23555968776156e-07,547.399851684274,1.20420074689384e-10,1.60525764259049e-08,1.50232025980754e-07,665.749101640649,6.61971602052263e-11,7.62864945125498e-09,6.21575828878585e-08,275.381691316029,1.61379822429548e-05,0.000152177416246939,0.000800980777362135,986881.254008282,1.62980113838342e-07,2.34728607910732e-05,0.000329546531073066,3811355.21402422
97,1,6.00307970994498,0.0267101878476184,0.000236808747835794,5.37018511201445e-07,47.5307975116996,0.217781702050556,0.00255340456014675,5.86569418143567e-06,52.0959254673595,0.231796348301604,0.00205507364109035,4.66035396594779e-06,702.575439549094,9.00803400513501,0.0767072349641754,0.000120749465574467,30561.180144412,139.82479570895,2.05973527119384,0.0145678548216526
97,2,8.32085072326801,0.127824002565015,0.00146135693838114,3.63049455280996e-06,56.787665462956,1.02344662793766,0.0157081288122664,3.95695549128519e-05,72.2100055387016,1.10928224050312,0.0126819475705096,3.15061573011457e-05,2469.05513309306,52.530508017817,0.503083593732909,0.000854796177365792,32077.5602494763,646.391079235778,12.6267538574724,0.0980408113099936
97,3,8.75878422560012,0.339412804366111,0.00471318753433864,1.28017524474291e-05,57.1178651411977,2.69099886992221,0.0505362136389354,0.000139226244101143,76.010479995064,2.94549214957641,0.0409019833762701,0.000111096166230811,5493.27183866625,162.061285389153,1.71916313679976,0.00319844588613438,31599.0767999609,1685.40963403747,40.5105792514231,0.344138853184208
97,4,8.30268497978969,0.65506211381816,0.0106395039693784,3.1801873437586e-05,53.3193011229794,5.16312146582553,0.11384265390796,0.000345034929701286,72.0523595862852,5.68475994103942,0.0923317418024905,0.000275983013449286,9515.72271913935,352.55757472075,4.11842978118956,0.00864928102694293,29323.4466220703,3218.10028197165,91.0486449398653,0.850635802027673
97,5,7.42193169505276,1.0267053948501,0.0190519010973919,6.38715084596997e-05,47.3415079687471,8.06158039981798,0.203481094349535,0.00069097218794381,64.4090065585428,8.90995460853825,0.165336205337565,0.000554289715442547,13904.8934411487,610.821994212999,7.89239611263857,0.0196757052368968,25954.7630729186,5009.23275259328,162.412200637641,1.69817480665951
97,6,6.42944979228165,1.39273024034196,0.0291812349314951,0.000113620720128781,40.8425101187859,10.9071210005183,0.31112518151261,0.00122471377384176,55.7960502539961,12.0863913695488,0.253240588746174,0.000986023316926923,17986.4825015467,905.753392307396,13.1720071337996,0.0414616553997806,22340.5034842885,6763.31115070827,247.861168244477,2.99816854404478
97,7,5.5282397045861,1.70702261209864,0.0404011716356637,0.000191572220083416,35.0098800807509,13.3438100035179,0.429982233165053,0.00205604619843669,47.975169001788,14.8138833845008,0.350609441823457,0.00166250201251679,21318.6775608853,1210.26384952571,20.4395722166135,0.0851592906461886,19114.190326973,8262.17874611112,341.888134049663,5.00986413880009
97,8,4.80775237961748,1.9508404009294,0.0528674868519476,0.000319256873498221,30.3711759537551,15.2288945171495,0.561556720853131,0.00341097746312077,41.7226360028406,16.9297828841361,0.45879461672364,0.00277057495324479,23762.3722087264,1518.26376851765,30.9666541000118,0.171996586305287,16555.4043998368,9419.2524715023,445.560565406184,8.27068799013406
97,9,4.2696630563965,2.12802996056426,0.0677112006234047,0.000532136582851763,26.9161828036351,16.5939902743612,0.717658978495898,0.0056624794148744,37.0529893161803,18.4674692948363,0.587611331420193,0.0046179876160523,25392.7711618692,1848.39675781696,47.0209330796555,0.337083540824517,14652.5351683744,10254.8345928529,568.077439417243,13.6695208632152
97,10,3.87046955279814,2.2536044703229,0.0867650961902081,0.000878596732051918,24.3575103724985,17.5559948880876,0.917489292596664,0.00931934747898304,33.5887083112052,19.5572299871936,0.752964845161915,0.00762463803254443,26370.4285341205,2236.26496646863,71.7158107723491,0.632153630942605,13244.8108880843,10841.0658948555,724.446237345945,22.4187253665748
97,11,3.55710348082823,2.34408112302831,0.112008956661304,0.0014151272288921,22.3528515934822,18.2425400893666,1.18178355826553,0.0149746325268824,30.8692549109282,20.342404461567,0.97203611143745,0.0122807569123331,26851.2974865692,2721.21482675248,108.539814004932,1.12791767521549,12143.2319850239,11256.2496214503,930.87088957053,35.9289398354873
97,12,3.28636408586939,2.41248998502223,0.144963269410674,0.00219986283769679,20.6257321027881,18.7539810328147,1.52644507943908,0.0232366833598179,28.5197243329004,20.9360702377915,1.25802022355496,0.0190908493587396,26952.6406382992,3333.26608926276,160.73781317588,1.91879209432661,11195.8544259392,11561.7986206877,1199.76053901981,55.6420981159486
97,13,47.6595387402076,92.4929972475513,32.1381787656338,8.27757598506229,165.824701612046,383.525032701187,176.475978647863,44.9058736976021,195.927740717786,375.382781230532,129.766841409571,33.3985808529746,232925.122344726,141436.452953545,55052.316415317,17867.3751530819,35930.7335117281,92742.9839525233,53590.5613008313,40880.7395460109
97,14,10.5315017132902,52.8244576831703,36.5160558504565,18.7195892267127,34.6971018875422,214.603498426927,199.351970408126,101.193864510112,42.5639024305357,213.163981422148,147.330341958863,75.5267916537178,138036.323417405,158247.911562294,102328.924160785,50446.797461572,7850.6973090139,55209.328065876,64933.3911414332,99005.3922688634
97,15,2.35980059734563,29.9313700810609,33.1144496290026,29.4612941149114,7.79865238556061,121.59864467209,180.600581566418,159.011174900162,9.52242778102535,120.762855660341,133.604843014259,118.865666196909,76499.6974681913,136254.928355076,125615.88900302,92195.9957134557,1775.03430833622,31302.0958658341,58767.4823753533,155306.729688731
97,16,0.593868637093828,16.9940741631135,26.4945388201385,38.5184818662047,1.96978889528605,68.9793094499659,144.337218309486,207.599636467601,2.39607573889591,68.5649527333511,106.895881571326,155.408142644649,42508.421575367,105120.661251753,126375.1604097,136698.596525446,449.457771465352,17744.3075084976,46910.8253131713,202443.792216155
97,17,0.738472174602537,77.8274734085103,183.56049899543,1107.8269044592,1.13535346856502,139.839961666008,437.792301532197,2601.62905296981,0.889429390938848,91.0970665066302,213.913609594118,1286.77178700444,47355.134906842,176946.692291486,333570.774779258,1693695.13465039,111.29689444138,15161.3806833081,59842.7339692247,1063436.46251223
97,18,0.0369592492693963,14.8204656787446,44.413265210644,1117.66438318158,0.053838611816215,26.1981048849492,104.931576534932,2611.60567028234,0.0430088266868142,17.1985561164915,51.5343050087202,1296.81206085639,9896.26706982708,46723.961305433,114015.366172642,2080042.85670007,5.41264314860414,2969.82024196879,15030.0246224326,1122351.95394963
97,19,0.00186116301467197,2.58024912349018,9.65105073038479,2366.44813455093,0.00155043775830385,2.62392846239948,13.1908016788376,3189.21377234587,0.000635095685771699,0.755613465296306,2.76390826541298,656.950264426588,1858.41027690704,10581.5414916113,32306.4155819589,3668054.23477087,0.336434304978888,661.934362179768,4207.8969429623,3068734.80904273
97,20,9.0280691236178e-05,0.18985199219828,0.857578448949164,2280.95366413748,7.439968589711e-05,0.193240046831149,1.17254085554336,3084.6527350449,2.51918642653853e-05,0.0525775498140805,0.237307351499573,630.880283770203,137.932168519825,909.168681855717,3274.45378031815,3301681.52812574,0.0195995224307331,57.6670027883691,441.065123351087,3480148.96918402
97,21,5.71553004500458e-06,0.0129574639495059,0.066328869405581,2486.32290907774,4.71379158179777e-06,0.0132864479638265,0.0911188046978433,3370.94936304679,1.58123870034104e-06,0.00358394701645456,0.0183457003075452,687.679327457026,8.21917048176309,60.9470882901861,249.220668616697,3477688.2587873,0.00107870566007886,3.46066886261288,29.8903711900828,3308064.84478128
97,22,5.03935976970596e-07,0.000481703368894346,0.00274274812385242,1841.31469012182,4.03396704237067e-07,0.000477537866894271,0.00367814060309244,2465.41252088768,1.39381831250743e-07,0.000133232043394601,0.000758602827974001,509.279802851085,0.402096139222589,3.25664240793561,14.548408095724,2905139.92679753,0.000147037684465772,0.196464735678926,1.90851650396894,3882673.74563736
97,23,5.47963590603323e-08,1.62260272942828e-05,9.88622962312379e-05,1233.13698499605,4.36976140500034e-08,1.57549670445641e-05,0.000130738357367835,1640.66342130364,1.5155845815952e-08,4.48787409679367e-06,2.7343816554665e-05,341.067045177381,0.0165051087704147,0.142175443579621,0.673560817210347,2101135.08835015,2.90481890368066e-05,0.0116541107346513,0.122083248166853,4688299.07789699
97,24,3.80988326775573e-09,5.35789305233633e-07,3.34691417049132e-06,848.337278678646,3.03263250241181e-09,5.17007964910165e-07,4.40965050827551e-06,1127.27810998111,1.05375610955935e-09,1.48191221220096e-07,9.25705854891852e-07,234.637264532024,0.000579414095167311,0.00521011677473669,0.0257573085612109,1567799.37941411,3.26911050781021e-06,0.000618468278484975,0.00666205986282838,5222640.32909217
97,25,2.18360643067611e-10,2.01908671140124e-08,1.2979023119731e-07,584.712240004606,1.75585856984151e-10,1.9742580481904e-08,1.72764870071981e-07,777.527546199691,6.03952522926393e-11,5.5844885611658e-09,3.58980155378798e-08,161.722564811446,1.75070414147932e-05,0.000163737368353348,0.000844056852606365,1067404.60834445,1.97311463886257e-07,2.47384974685253e-05,0.000273497851733956,3730796.42798041
98,1,4.26048640407054,0.0193815459065287,0.000194570414635527,4.53190975163266e-07,43.7589798404271,0.201239836009015,0.00253374226746563,5.97518454367659e-06,42.4525561654076,0.19312258933234,0.00193874846016399,4.5157086543905e-06,665.977811226034,8.83972510883583,0.079744857600413,0.000127630619343709,29981.6120497874,136.049783855886,2.06369878916566,0.0155083791539263
98,2,5.8858432285184,0.093301557452438,0.00120557027822266,3.0748345483889e-06,52.698830397724,0.953037920335393,0.0156525768289333,4.04565902496029e-05,58.648019625349,0.929680142691062,0.0120126049219863,3.06384234063276e-05,2378.42618827777,51.8849154085202,0.525397687381773,0.000907223125626881,31480.7841727094,633.636190796583,12.7030277573077,0.104745494698084
98,3,6.19076065917766,0.248795810636476,0.00390195129575371,1.08757102293848e-05,53.1894934655774,2.51887896193263,0.0505401348170929,0.000142795934650362,61.6862934568314,2.47906391971395,0.0388800223325221,0.0001083683071751,5348.67711924354,160.916982430621,1.80276654128703,0.00340613393330692,31051.3224460601,1660.36126890347,40.8992962460977,0.368800554661198
98,4,5.87194088951772,0.481712393045116,0.00883494612366176,2.70766926532437e-05,49.7658910812193,4.85095718081562,0.114204922108688,0.000354696522941941,58.509493229233,4.7999032227359,0.0880336212726221,0.000269798963455694,9331.19507947367,351.61437380592,4.33387354301562,0.00922922696405844,28862.0967378915,3181.55971187153,92.1993366589276,0.913622390276261
98,5,5.25442811053945,0.756895820377532,0.0158596074305845,5.44198398681814e-05,44.2673684956725,7.59555125973,0.204645301251195,0.000710929691318491,52.3564408670929,7.54189998006797,0.158029110142199,0.000542252947060034,13701.4249527559,611.437022350308,8.32739049411647,0.0209845582420131,25586.2389152491,4965.61397908849,164.867459140745,1.82536499084969
98,6,4.55571700996182,1.02874159102934,0.0243339939623973,9.66467596269711e-05,38.2422504963526,10.2988061335375,0.313470008928449,0.00125827132140577,45.3943080429332,10.2506394882843,0.242470025119756,0.00096301257700263,17783.6626421632,909.391783692996,13.9165056295621,0.0440477003428848,22049.7426467009,6718.1357265685,252.04421133774,3.21792686424673
98,7,3.91878312197629,1.2627773571406,0.033715013113625,0.000162186768195606,32.8068759921914,12.6201460111655,0.433576083303047,0.00210301685081584,39.0477388747924,12.5826306187008,0.335944855135822,0.0016160696768171,21129.4761702678,1217.89519130774,21.581084268987,0.0898308563821709,18878.2745270162,8219.63796554226,347.921339847831,5.35300599690901
98,8,3.40784919158708,1.44470072378453,0.0440915579669124,0.000268252608096118,28.467073339019,14.4199883042448,0.565967425363805,0.00346358193125734,33.9566649176177,14.395360717516,0.439339353183318,0.00267293633441412,23592.7014585881,1530.04327973791,32.5967773070933,0.179804522079288,16353.7519197555,9381.16146050568,453.177331739592,8.77250181029925
98,9,3.0252683151478,1.57703141607333,0.056348388614051,0.000443029525510855,25.225331656726,15.7249783607225,0.721817153220007,0.00569835791202921,30.1445330142435,15.7139369583485,0.56146949094421,0.00441445741892621,25244.1545680603,1863.62491929883,49.2379826047569,0.348997670376393,14471.1619270258,10220.8947138896,576.589742391353,14.3678666679266
98,10,2.74106684898201,1.670711866909,0.07194061772256,0.0007245154835602,22.8208152903287,16.6441696986925,0.91956160780506,0.00929045908368215,27.3126782539121,16.6473924898349,0.716834376357402,0.00721925417463146,26243.2229593838,2253.4203377621,74.6028971622492,0.648178917123074,13076.3020005732,10809.6711782049,732.697815380271,23.340675334959
98,11,2.51810204983156,1.73791887544329,0.0924350458272999,0.00115621697485618,20.9374023176714,17.2980300910935,1.17904886060077,0.0147921657533456,25.0910010177637,17.3170599958232,0.921046003312279,0.011520836216631,26746.9018142315,2737.9123220442,112.107108604501,1.14553373717594,11985.0401358769,11225.2297611185,937.150820433651,37.0620057659281
98,12,2.32598137798546,1.7883172275467,0.119013319556738,0.00178165021473734,19.3182970903401,17.7818795622116,1.51522893904558,0.0227540609217542,23.1766624097845,17.8192418291626,1.18587859547841,0.0177528100397137,26874.3668574331,3346.16764390813,164.836815860064,1.93092760423435,11048.5763387745,11528.9122897312,1201.71887370656,56.8934231423504
98,13,31.7224265084384,63.5906745833098,23.5893287164011,5.94488298098164,156.202000014114,362.729250428553,168.814700737155,42.0148375901224,165.607010696748,328.698574011179,121.426541207323,30.5811955460737,234591.501247692,139909.626708426,54435.5167994115,17822.2403143813,36212.5040251808,93590.4483235522,52453.4031819157,40426.8600703146
98,14,7.24566295804396,36.6812209274487,26.9061143806442,13.5811991965257,34.0485982198775,205.423457416568,191.485901539388,95.6509418520718,37.3152659825366,188.709298636765,138.403489199253,69.8603806446177,140103.885740209,157411.106502151,101870.103187969,50755.3956031929,8177.74299320069,55935.4598125558,63327.2464875592,98146.2030298923
98,15,1.69434798393063,20.791378126619,24.3763567336687,21.4062657408249,7.98791055082108,116.430209440201,173.321154167153,150.525836551946,8.71637529269713,106.949205057643,125.389615168417,110.111743723741,77861.0065336634,136195.427127994,125462.948040802,93041.7811715361,1930.08796722119,31720.1212050653,57263.2769179337,154167.848731724
98,16,0.443063820249821,11.7749623199327,19.4777290789612,27.9966253172405,2.09593203527717,65.8874337471896,138.352673833325,196.594112780904,2.27909221162105,60.5692639101512,100.191539156633,144.011910515022,43210.9672769485,105389.596084151,126410.297561287,138140.66888112,507.821974463941,17937.4861349865,45656.4499616504,201015.285331458
98,17,0.818275999218584,76.2479675673425,192.98567748858,1132.25542520166,1.26224493259874,133.413347486867,424.360035354026,2449.72985861005,0.739759599521397,66.6218632958957,167.684205488062,979.357952356322,47887.4545386671,177749.565154922,333741.371925139,1697149.46040497,132.610599637205,15446.7657749362,59403.0602737796,1059106.17929799
98,18,0.0430017355108836,14.5303645483347,47.0273517545783,1143.10228026879,0.0630356121490843,25.0121537209472,102.396797267372,2460.72318190284,0.0372546976241247,12.5515839448391,40.6178666800515,987.249667445034,9979.30422030733,46990.5209570052,114318.089333299,2084935.41710479,6.78339645120474,3023.11103548702,14998.6517387631,1117234.29508194
98,19,0.00196657073729513,2.22333414816967,8.89894570697888,2130.7903944676,0.00188705446132384,2.53279288095837,12.889792545368,3045.03656628103,0.00061214078446217,0.620125818977037,2.44471275353458,570.973407187975,1871.89291596185,10649.248858518,32425.2498472289,3735626.08696731,0.42497592229851,660.523988495311,4078.51804204391,3001561.30865775
98,20,8.54066314829569e-05,0.159945371174341,0.76673472184652,2037.13609702985,8.17334945714145e-05,0.182650541744395,1.11211924072009,2920.06518403252,2.29655412790687e-05,0.042774032463927,0.204938783349001,544.290168680678,138.864467053158,914.928915753348,3283.35614270038,3355650.12783006,0.0226600080812834,57.2205019778891,421.430452463164,3426680.07927982
98,21,5.06923946898423e-06,0.0109159506821211,0.0591022497380672,2220.31254402296,4.85836373832236e-06,0.0125568211804689,0.0861561123959385,3190.86266815887,1.35466231068441e-06,0.00291661594266043,0.0157912127723883,593.229772270415,8.27173629228222,61.3032786563758,249.330715108405,3529363.8312796,0.00117042039735226,3.43519600467898,28.4851235334629,3256930.74884827
98,22,4.19096876458148e-07,0.000405887984274006,0.00243393575682223,1660.36024835567,3.90097746837755e-07,0.000452599838574649,0.00346544980832395,2356.73395986044,1.11975981738252e-07,0.00010844645998613,0.000650306376603604,443.620034730584,0.404533318908217,3.27561580705649,14.555963647135,2981719.82631505,0.000147229467389537,0.192727705534254,1.78591340050539,3806449.23701856
98,23,4.57727315529891e-08,1.35808532759212e-05,8.70836379309905e-05,1119.68784122392,4.244326076119e-08,1.4844491635592e-05,0.00012219806884385,1578.95284205637,1.22296965184598e-08,3.62857327785925e-06,2.3267267903027e-05,299.161558161653,0.0166001174397312,0.14307771510263,0.675298499804328,2185120.5300618,2.90815406379587e-05,0.0112972466889567,0.112636654601401,4604530.70849264
98,24,3.21295991593023e-09,4.48505762648693e-07,2.95098748756398e-06,771.990871102513,2.97363294082091e-09,4.87180417320707e-07,4.12332331290339e-06,1087.11175941787,8.58448275258744e-10,1.19833116062364e-07,7.88453694484735e-07,206.262838072035,0.000582576940017104,0.00524565296358424,0.025877530164614,1649313.98469407,3.30500386786682e-06,0.000599462791826601,0.00614684003031117,5141270.61137304
98,25,1.84015655329129e-10,1.69456778113384e-08,1.14466608068853e-07,531.978536370376,1.71855570744172e-10,1.86320882177172e-08,1.61526990656855e-07,749.659398665545,4.91658551159755e-11,4.52759706040706e-09,3.05835319156014e-08,142.135622081197,1.75979167985596e-05,0.000164867636566826,0.000848851471526489,1125148.19523195,1.99259977747414e-07,2.40387745325471e-05,0.000252539929033333,3673153.02990249
99,1,7.1990361159592,0.031476731917085,0.000311957135267013,7.43291156574486e-07,45.7065955885967,0.205740215332259,0.00260400314958627,6.28992312574855e-06,50.4596756476661,0.220627547549541,0.00218657825964403,5.2098961678191e-06,689.46044865753,8.87380023746347,0.0808042044838685,0.000133014830017269,29568.6883975299,137.288522893264,2.02550212992501,0.0153111755266604
99,2,9.97834582773839,0.151096602953209,0.00192764115052175,5.02592970460665e-06,54.4486327704474,0.969684665177192,0.0160389107408796,4.24358537455276e-05,69.9404872899202,1.05907033298266,0.0135112736835411,3.52278803213965e-05,2433.57501220126,51.8783612996876,0.530319531699158,0.000941540592865743,30989.5141954178,636.763378780902,12.4336011683832,0.103061966510195
99,3,10.5058468106468,0.402155711259482,0.00622294599175823,1.7720066971111e-05,54.7253877432597,2.55548548985451,0.0516448729151635,0.000149280223185382,73.6378612261858,2.81880052039524,0.0436180387567379,0.000124203965282934,5434.16523160482,160.353643710189,1.81293213153557,0.00352151101837022,30523.1495219873,1664.4709632697,39.9291653144124,0.36171568551547
99,4,9.96354276480371,0.777532010492205,0.0140564772106705,4.39957976605139e-05,51.0974505356827,4.91162551254303,0.116404791238405,0.000369715273871691,69.8367292670066,5.4498980729015,0.0985250343760415,0.000308376516529544,9439.89116870619,349.342152052147,4.34327917418492,0.00951423965304895,28339.094131358,3184.05072749625,89.7989361294324,0.893587432928169
99,5,8.91226713061196,1.22024373797832,0.0251792598016799,8.82608921353041e-05,45.3956047682882,7.67868245193543,0.208118373629845,0.000739469800514125,62.4681000973303,8.55296490220169,0.176487138302375,0.00061864059546084,13822.9073367031,605.902309694535,8.32024903367079,0.0216101307731862,25102.4103187682,4962.97024223986,160.238622219592,1.78187123162334
99,6,7.72590558739274,1.65681118082842,0.0385689654759849,0.000156703710832502,39.1918168708816,10.3985671733487,0.318217696254836,0.00130796148973709,54.1526231768857,11.6129650480145,0.270338619870213,0.00109837182284231,17907.4540988087,899.194386626976,13.8734892950063,0.0454396546809209,21624.9412733541,6707.35251511682,244.56212441953,3.13983127322488
99,7,6.64769652601307,2.03204897726375,0.0533869575459206,0.000263486853541534,33.6198620468843,12.7299170226388,0.439663458490033,0.00218938358830885,46.5952115121514,14.2430918030251,0.374201284476253,0.00184683907025495,21248.0176188938,1202.29486983164,21.4945756793831,0.0930894487490924,18517.5428834916,8199.46757852335,337.269524125458,5.23199750666758
99,8,5.78521065459114,2.32343635112654,0.069824714275097,0.000437656528859104,29.1858677938372,14.5352668782417,0.573873029644851,0.00361949351359694,40.5498525749785,16.2854919432809,0.489417246664681,0.00306763379646851,23702.4970628306,1509.17427948199,32.4940811527858,0.187494302987172,16051.2422886701,9352.52014398359,439.327976818199,8.60839054840669
99,9,5.14069198049269,2.53549843531453,0.089358741851302,0.000726996262463926,25.8811478641252,15.8444653045558,0.732770156642364,0.00598697032186115,36.0322751215504,17.7718831507889,0.626335672924936,0.00509568156210138,25344.8753960546,1838.46311622287,49.2132211454869,0.366391700766443,14215.7106636645,10186.442042597,559.705466807495,14.177879485424
99,10,4.66202914085759,2.6861527734623,0.114387054351198,0.00119640774017204,23.4308330578726,16.7693188368008,0.935785651052913,0.00981965460939596,32.6772187996306,18.8278535495202,0.801764787380059,0.00838589299164731,26335.7761231468,2225.69389196616,74.8578515466133,0.684951808273272,12856.0111594982,10773.018713195,713.0657697226,23.1745958367824
99,11,4.2855883374731,2.79512072400761,0.147493999178831,0.00192100282433879,21.5072584173911,17.431943964578,1.20385602092121,0.0157274007144185,30.038659896277,19.5916346101982,1.03381886667328,0.013464744150887,26831.623424374,2710.07893727745,112.995553616297,1.21777986571769,11789.7559653092,11190.206295475,915.205705885025,37.0220222055006
99,12,3.95964400323972,2.87793712905559,0.190648704056745,0.00297691856676861,19.8461885758036,17.9282130764909,1.55291214087325,0.0243262763720846,27.7540421891717,20.172113561785,1.3362999732735,0.0208658968907874,26949.9800181623,3321.42587595675,166.898669238574,2.06328846016696,10870.5231989531,11499.0556928361,1178.12917044093,57.1531689494812
99,13,34.1352230689956,64.5876772006264,24.1070155255145,6.16231451102474,160.857330541106,366.643972809638,175.562181158743,44.3139102743338,210.511463289018,397.230234503992,148.103506806038,37.8524323256761,234185.005896699,141034.286437748,54722.1934855632,18334.4431893298,35435.5446229929,92965.1108924785,51908.744524691,39928.6218415991
99,14,7.75003706960953,37.1321001289159,27.322211384124,14.003304642829,34.99909905897,207.244364037185,197.904630791752,100.32530328475,47.6217664972338,228.092333673719,167.827030175303,86.0153046030996,139845.792944015,158418.818254256,101904.180025721,52049.9058694066,8039.38861661231,55725.3030922544,62557.8462186612,96805.1029409707
99,15,1.83495474409681,21.1468573445358,24.6864832696118,22.0530088046748,8.32941715828673,118.030466731903,178.64887688216,157.737167331302,11.2715663873241,129.894713599117,151.636728520397,135.460607051754,77945.7258645421,136844.017313786,125332.866999638,95277.202701161,1925.35036728575,31754.240614591,56424.0873094623,151949.906623737
99,16,0.488382163192328,12.0205048717323,19.692471552587,28.822284380769,2.22641641204625,67.0325757753884,142.359577940523,205.85294383704,2.99989496447371,73.8359537993251,120.961006924577,177.040882324548,43371.7875943508,105800.288642072,126256.519493343,141269.255476374,516.036373512618,18021.7031327138,44914.8687850116,198001.051402523
99,17,1.05714862307281,88.4481102833191,223.448987148061,1330.38276305548,1.36969444303193,133.745736244018,432.92283187446,2534.36613505296,0.974366091120055,78.3757220259196,196.688678837369,1165.09011433333,48130.2244414026,178534.047571654,333791.105490384,1711545.19839453,138.944893921629,15476.7877067404,58638.0717374693,1043786.4861642
99,18,0.0579329088127489,16.8294250622454,54.5068105196279,1342.48377697645,0.0709420748585476,24.9963489824123,104.494057660125,2543.70622095022,0.050845449998161,14.7167235752056,47.6563708018348,1173.67996525268,10031.2991894693,47208.110146769,114415.989447474,2098657.98653514,7.40937157845089,3028.36439051849,14849.4276161732,1102796.64479926
99,19,0.00262940498689034,2.50747959492449,9.99702498863669,2418.35614191532,0.00215496237317999,2.53011875941586,13.1058511249717,3127.5427156954,0.000944001362363099,0.813776084972738,3.1992379352236,757.053870050905,1881.37439747433,10698.3922425177,32439.1614667451,3762016.98095494,0.477594917070099,668.51611615595,4066.78897388055,2974542.79597495
99,20,0.000102019555527682,0.1833017265827,0.868148876379308,2332.61798222139,8.37201050524788e-05,0.1856379776218,1.14081703772581,3027.11079898666,3.20860182828708e-05,0.0572838469418246,0.271166378054161,728.330028943896,139.533919098729,919.30741834711,3285.09802702394,3398184.72208787,0.0225146011111044,58.1416873942227,418.502155102378,3383553.89585754
99,21,5.49534312704847e-06,0.0124802985570086,0.066670750822009,2534.85007046734,4.51484912917791e-06,0.0127333150083988,0.0880529759917567,3298.23543788043,1.71628291389897e-06,0.00389688212402587,0.0208171397885177,791.471643880551,8.30973556954285,61.6247002982429,249.471052589276,3567146.87220622,0.00105891982567375,3.49325069781975,28.2744401354689,3218527.19147132
99,22,4.28928474170079e-07,0.000465955153192701,0.00273784441331029,1894.23826511805,3.39830236763637e-07,0.000459581619739378,0.00352641097758877,2432.30316471035,1.33927776421616e-07,0.000145488144705165,0.000854853958735714,591.449523897156,0.406317112788528,3.29318737562714,14.5636074400027,3012391.00355875,0.000125334553459063,0.197519499446957,1.77634952280596,3775320.76018423
99,23,4.71333625398516e-08,1.5676409401437e-05,9.76523310194398e-05,1280.58230522427,3.71754078571191e-08,1.51322756436709e-05,0.000123845080158045,1632.72585231811,1.47167377790513e-08,4.8947407891389e-06,3.04905809062969e-05,399.843994643028,0.0166714621285767,0.143797897790611,0.675739535129049,2201116.83566244,2.49536024209617e-05,0.0116696766252361,0.111998049205077,4588219.05199589
99,24,3.36634416807729e-09,5.17927453162475e-07,3.30268531367288e-06,886.754840460305,2.6499936267653e-09,4.96704698265465e-07,4.17011938886242e-06,1128.85490460852,1.05109409828918e-09,1.61715636266289e-07,1.03121750458207e-06,276.876852219655,0.000585089442746261,0.00527038806260549,0.0259091434037262,1652333.49508676,2.88220450535056e-06,0.00061894188954122,0.00609433520815137,5138023.97982549
99,25,1.95277950599595e-10,1.95262834761742e-08,1.27835876082601e-07,611.375568207601,1.55278930717754e-10,1.89788913345331e-08,1.63121537695748e-07,778.873429896321,6.09728211317446e-11,6.09681014221105e-09,3.99149723867523e-08,190.893508696783,1.76744301412222e-05,0.000165637142159602,0.000850536825852703,1125800.34359205,1.76036130134003e-07,2.47728111895766e-05,0.000249737880668382,3672343.51259225
100,1,7.67128667858151,0.0317617263190189,0.000320806504386464,7.27147471806e-07,40.9395477928287,0.182236693671688,0.00219053379958693,5.0317339299276e-06,42.9843305862198,0.177969694171069,0.00179756713789077,4.07440741333663e-06,667.658427441471,8.60063791328016,0.0741375172628208,0.000115181865406729,30728.5718689208,138.361737460267,2.0338818906983,0.0145632872482134
100,2,10.6404183429597,0.152902670338695,0.00198475716593566,4.92341833030206e-06,48.9615591848182,0.862959257727528,0.0135096726976094,3.39941121947663e-05,59.6211924795424,0.856755744470439,0.0111211406545587,2.75872679500866e-05,2389.76680198709,50.4239082333079,0.48753610290013,0.000817172878709615,32321.7057431802,645.191821033128,12.5022467899077,0.0981663974131751
100,3,11.2122936989498,0.407602666337833,0.00641421051813516,1.73853600035235e-05,49.3079556624234,2.2799838413408,0.0435490674905863,0.00011977053519744,62.82556749327,2.28390992173555,0.0359405868810669,9.74149569769541e-05,5378.61508317413,156.188483201222,1.6700679548559,0.00306550630639576,31887.0921605461,1691.22804551213,40.1960884989606,0.345080839164449
100,4,10.6374831825359,0.788772291484355,0.0145034385761475,4.32497423465072e-05,46.0696457914705,4.38841868210391,0.0982602965626239,0.000297219244696224,59.6047459678596,4.41970823865534,0.0812667580439493,0.000242340209756684,9383.70493535275,340.855179377506,4.01029096164226,0.00831641017840731,29617.7521234862,3240.24207323565,90.4965603777799,0.854207514300422
100,5,9.51284007633979,1.23856840879864,0.0260087223840027,8.69978074070944e-05,40.9197617989933,6.86673559259626,0.175874441788182,0.000596084463279981,53.3030611144935,6.94003967888388,0.145734029755476,0.000487472658830983,13773.2882133234,592.08987454434,7.70495713053024,0.0189908206473309,26224.5921845032,5055.18983660126,161.666253736261,1.70802501998216
100,6,8.23984321478801,1.68229703042483,0.039893053236872,0.000155013462707894,35.2969585288817,9.30427741504464,0.269277543187543,0.00105816181425149,46.1701093392796,9.42637327084848,0.223531756832277,0.000868583095056859,17866.6852529558,880.028899689119,12.8981248360608,0.0401667609117335,22568.9534049984,6835.91915596059,247.074218686588,3.0207722115539
100,7,7.08089809923853,2.06378206986301,0.0553164016768092,0.000261727047188517,30.2382319963029,11.3944542452183,0.372695326583462,0.00177875509751487,39.6762208867528,11.5639389408542,0.309953023024783,0.00146652867909593,21214.2732071012,1178.63432193088,20.0845964641612,0.0827018339422171,19297.9222914488,8359.66343363384,341.329326100175,5.05544553798623
100,8,6.1527327987561,2.36001056600218,0.072511580147472,0.000436423198870607,26.2084706802349,13.0132179765261,0.487558937316562,0.00295245286635857,34.4754552543085,13.2237887340651,0.4063023405305,0.00244539929763367,23671.1584289842,1482.38374139237,30.5359257094681,0.167137346145414,16699.6387183768,9537.20849895368,445.619016213858,8.35251491896825
100,9,5.45871806021615,2.57548543985994,0.0930438046321901,0.000726987987538825,23.2038346608009,14.186698170865,0.624212344004587,0.0048980632785467,30.5866996644018,14.4311537562569,0.521350045289826,0.00407351377909367,25309.8573429894,1809.96496565017,46.4942753753733,0.327284141690054,14765.4742373297,10388.4642900389,569.234633412724,13.7992941024344
100,10,4.94354692636829,2.72839471870787,0.119424161641619,0.00119828408581292,20.9776218449532,15.01496666637,0.799303816456864,0.00804729757033907,27.7000540137287,15.2879465300234,0.669166446134522,0.00671431552996176,26290.7659478731,2196.5523648973,71.0114769218482,0.612845527945328,13334.0011776089,10986.6265400176,727.178573365999,22.5970287420678
100,11,4.53924888186183,2.83883512201287,0.154336378285181,0.00192550246680969,19.2340241874994,15.6078048346065,1.03062133249398,0.012899703863558,25.4346607976273,15.9067745056474,0.864789204686167,0.0107891202670102,26771.1669455389,2680.64658251354,107.477060814523,1.09190976568511,12214.2501454961,11411.5277564297,935.475715930556,36.1331959439783
100,12,4.19041904575727,2.92268702431551,0.199801003460411,0.00298565279475093,17.7338530277764,16.0517017881573,1.33153651230496,0.0199650882679602,23.4800712194122,16.3766197923479,1.11954001252223,0.016729434333821,26870.2834982381,3291.09539977671,159.014738656739,1.85619205813562,11252.5329921513,11725.9105036478,1206.15378111878,55.8186535236858
100,13,36.0875489794176,66.3437225366267,25.9748209308907,6.65391070704108,143.501189341859,331.636284372526,154.739068174511,39.1437857633664,177.048191353547,324.566313456866,126.942743859388,32.5131222158512,231874.655859455,140274.941624101,54979.4760044166,17873.6812737272,36167.4929669699,94552.3416502635,53909.922865674,41415.658134389
100,14,7.87048071888221,37.7870254330072,29.5847226606423,15.1161039841625,29.9560297576901,185.897121162621,175.277259789114,88.6021364336357,38.4715905830276,184.643618929497,144.55911714083,73.8613032579682,136992.40320615,157206.859963723,102383.325293385,50579.6755376352,7838.98496779484,56059.3673107778,65120.2776587526,100154.881368478
100,15,1.73690284606711,21.3173705888598,26.766998826567,23.7538321632767,6.63340588499195,104.872268544071,158.416604525457,138.997098742914,8.48725927097696,104.162431551141,130.79066903867,116.067532474073,75571.127051002,135352.95776656,125536.624633623,92371.6414302277,1745.21538481154,31640.8250571184,58799.1619960326,156853.350355995
100,16,0.429809361826097,12.0636140038373,21.3672754592907,31.0126984353491,1.64746548688005,59.2975083931573,126.316388849989,181.199139788948,2.10016865771156,58.9460233799936,104.406182595814,151.536280800832,41825.9515193803,104350.154047842,126063.332723972,136812.83632487,434.495621091463,17877.8759542755,46831.0448515399,204159.892648759
100,17,0.593380218515996,62.4486095331989,167.472376085501,1001.48351111475,0.954488320276342,122.568647103692,391.859244289634,2304.36675348537,0.788265916435166,80.5281986985411,215.149788169346,1282.08684195506,46551.0399657117,175349.133880825,331350.628832795,1694061.03768014,106.203047925905,15286.5371026167,59954.9604618011,1067979.12901396
100,18,0.0293792407896761,11.9390389387935,40.7216845702233,1013.59666530546,0.0447039905094085,23.0697419863659,94.3390882795833,2320.45658811262,0.0376808233798477,15.2686556623391,52.0737895255668,1296.0989962065,9742.99801417647,46259.0038450795,113033.628596379,2079559.72163326,5.0721193006373,2992.45808720029,15045.1562726192,1124815.70302406
100,19,0.00142531373166034,2.04486523817125,8.66732983013846,2121.28790460628,0.00123216962301972,2.26308549917188,11.5390865562776,2781.63850288288,0.000586313149346329,0.730272865231313,3.04813481394364,724.601665203633,1830.87212037343,10463.8863294807,31955.167064293,3660996.60827584,0.306660949642573,665.387524212115,4175.8666970966,3076905.8699167
100,20,6.37677377933603e-05,0.150042772422175,0.762532645569014,2039.89934776137,5.46265965661974e-05,0.166211155124368,1.01562766722587,2684.45524973355,2.18929270429242e-05,0.0511292000384181,0.259703356774106,694.417809755451,135.825450651334,897.804454042242,3232.11819635912,3290346.22172265,0.0166116313537925,58.0070335503734,434.92719261001,3492123.89596213
100,21,3.87042887715933e-06,0.010298166994666,0.0591336047668965,2234.23223945437,3.32263408665974e-06,0.0114940264729338,0.0791937085238882,2949.00441613293,1.31789726167207e-06,0.00350574177037655,0.0201301908859274,760.568611751727,8.08585521859778,60.1144029365918,245.563229377781,3471822.8168095,0.000872485990303982,3.47819957459851,29.382000998807,3314536.5694657
100,22,3.32602595756669e-07,0.000379380700282747,0.00241992847421248,1647.39845312383,2.76648397798696e-07,0.000409743889259745,0.00315709801785051,2144.9155738529,1.13223905205485e-07,0.000129147418177921,0.000823782799839212,560.800943324348,0.395150082323888,3.2088705169403,14.3222536246847,2895888.12100224,0.000116303467473719,0.19699704360807,1.86370078030735,3892388.76961643
100,23,3.64468474150456e-08,1.27194445450784e-05,8.67652649238563e-05,1105.05394950571,3.01987779017357e-08,1.3473855720238e-05,0.00011152389981922,1429.05289803069,1.24070945270473e-08,4.32990379288192e-06,2.95362926682928e-05,376.178146899314,0.0162038670697534,0.139962074182562,0.663040022671692,2090253.18352717,2.31240502975629e-05,0.0116369357020904,0.11835179572924,4699485.58200209
100,24,2.55271726729785e-09,4.18049637589485e-07,2.92921955060948e-06,761.428508086513,2.11104030452159e-09,4.40325127848152e-07,3.7498450904981e-06,983.347978227256,8.68986038187518e-10,1.42310824165917e-07,9.97153472261949e-07,259.202517032232,0.000568381188401397,0.00512511726327254,0.0253615647945744,1553896.53007621,2.61811340356889e-06,0.000614364241080222,0.00643069076223445,5236749.45280903
100,25,1.46791018308671e-10,1.57014662338115e-08,1.13208789104868e-07,524.889411925865,1.22612766419428e-10,1.6749768795923e-08,1.46506685307214e-07,678.387187526177,4.99700247919892e-11,5.34503177385617e-09,3.85380935634125e-08,178.680802320701,1.71607025997299e-05,0.000160952814161364,0.00083112969226677,1057132.74021728,1.58478901948204e-07,2.44770731235921e-05,0.000263200851647697,3741210.30108354
