"age_group","outcome","week_no","cases","qaly","cost","s"
1,"symptomatic",105,45.9776074877672,0.113331258210903,0,1
1,"symptomatic",106,37.7373071013021,0.0930195529730362,0,1
1,"symptomatic",107,32.0599002717266,0.0790251827887643,0,1
1,"symptomatic",108,27.89652369953,0.0687627804778485,0,1
1,"symptomatic",109,24.8678934720698,0.0612974404332419,0,1
1,"symptomatic",110,22.7279147422336,0.0560225578273682,0,1
1,"symptomatic",111,21.3139848705977,0.0525373296884941,0,1
1,"symptomatic",112,20.5267150939003,0.050596770376697,0,1
1,"symptomatic",113,20.3190395300949,0.0500848661208702,0,1
1,"symptomatic",114,20.6922939616552,0.0510049095218405,0,1
1,"symptomatic",115,21.6989193560907,0.0534861635220356,0,1
1,"symptomatic",116,23.4528038468261,0.0578093535911257,0,1
1,"symptomatic",117,26.1499055729392,0.0644575014362374,0,1
1,"symptomatic",118,30.1042086974203,0.0742045538152457,0,1
1,"symptomatic",119,35.8079606735812,0.0882638627549992,0,1
1,"symptomatic",120,44.0316616348364,0.108534651689313,0,1
1,"symptomatic",121,55.9902909042196,0.138011750991132,0,1
1,"symptomatic",122,73.6206273065528,0.181469171164409,0,1
1,"symptomatic",123,100.043959055241,0.246600647046438,0,1
1,"symptomatic",124,140.331308353768,0.34590585746216,0,1
1,"symptomatic",125,202.73594618391,0.499728479167029,0,1
1,"symptomatic",126,300.559811793559,0.740856767009009,0,1
1,"symptomatic",127,454.598974287407,1.12055142823788,0,1
1,"symptomatic",128,695.189878742547,1.71358946144251,0,1
1,"symptomatic",129,1060.34547660883,2.61366986166672,0,1
1,"symptomatic",130,1581.93874651951,3.89935706426951,0,1
1,"symptomatic",131,2250.29093387528,5.54679368526359,0,1
1,"symptomatic",132,2966.05453376922,7.31109578339099,0,1
1,"symptomatic",133,3535.41786604875,8.71453250731273,0,1
1,"symptomatic",134,3768.88314845734,9.2900064314609,0,1
1,"symptomatic",135,3617.05114554629,8.91575224846172,0,1
1,"symptomatic",136,3189.15223708705,7.86101442427937,0,1
1,"symptomatic",137,2649.10679197866,6.52984403222526,0,1
1,"symptomatic",138,2120.62280808086,5.22717175082427,0,1
1,"symptomatic",139,1663.97928740966,4.10158067335699,0,1
1,"symptomatic",140,1294.52530136757,3.19090507762652,0,1
1,"symptomatic",141,1005.71478651682,2.47900942187099,0,1
1,"symptomatic",142,783.693260712531,1.93174347559488,0,1
1,"symptomatic",143,614.143446329267,1.51381625311832,0,1
1,"symptomatic",144,484.759127180556,1.19489388018306,0,1
1,"symptomatic",145,385.750173879947,0.950844442536962,0,1
1,"symptomatic",146,309.612007440666,0.763169731478308,0,1
1,"symptomatic",147,250.696437222349,0.617947392477063,0,1
1,"symptomatic",148,204.788331971807,0.504787451923244,0,1
1,"symptomatic",149,168.751232423047,0.415958779504411,0,1
1,"symptomatic",150,140.250391689526,0.345706404122377,0,1
1,"symptomatic",151,117.543454696316,0.289735554829251,0,1
1,"symptomatic",152,99.3249507309955,0.244828346952909,0,1
1,"symptomatic",153,84.6117693119826,0.208561488940654,0,1
1,"symptomatic",154,72.6591652994991,0.179099241432629,0,1
1,"symptomatic",155,62.8992491712047,0.1550418005328,0,1
1,"symptomatic",156,54.8959455219604,0.135314273982966,0,1
2,"symptomatic",105,56.0265025690138,0.437527017056538,0,1
2,"symptomatic",106,46.0224678015107,0.359402642168709,0,1
2,"symptomatic",107,39.0505079512051,0.304956609372273,0,1
2,"symptomatic",108,33.9312181462957,0.264978607978541,0,1
2,"symptomatic",109,30.1952540352627,0.235803393421519,0,1
2,"symptomatic",110,27.5405570755719,0.215072103965572,0,1
2,"symptomatic",111,25.7673694324379,0.201224773423633,0,1
2,"symptomatic",112,24.7522018667772,0.193297038932818,0,1
2,"symptomatic",113,24.4342780505303,0.190814280727407,0,1
2,"symptomatic",114,24.8104371787745,0.193751815175797,0,1
2,"symptomatic",115,25.9378322323089,0.202555966286417,0,1
2,"symptomatic",116,27.9455102727757,0.218234499551515,0,1
2,"symptomatic",117,31.0578586247673,0.242539719903443,0,1
2,"symptomatic",118,35.635653401385,0.27828903141621,0,1
2,"symptomatic",119,42.2448723056957,0.329902316195404,0,1
2,"symptomatic",120,51.7708163039066,0.404293143233927,0,1
2,"symptomatic",121,65.6075023835467,0.512347790744993,0,1
2,"symptomatic",122,85.9728997754651,0.671387016173729,0,1
2,"symptomatic",123,116.433364175106,0.909261513346122,0,1
2,"symptomatic",124,162.767666147936,1.27109935793757,0,1
2,"symptomatic",125,234.351318919002,1.83011661996201,0,1
2,"symptomatic",126,346.235273840084,2.70385049247724,0,1
2,"symptomatic",127,521.822864954782,4.07506431896809,0,1
2,"symptomatic",128,794.966074215536,6.20811792926435,0,1
2,"symptomatic",129,1207.38757064369,9.42883560443834,0,1
2,"symptomatic",130,1792.24280636078,13.9961377732287,0,1
2,"symptomatic",131,2533.28062146286,19.7831144699862,0,1
2,"symptomatic",132,3311.32002318951,25.8590471622079,0,1
2,"symptomatic",133,3903.9591520967,30.4871359839641,0,1
2,"symptomatic",134,4105.03144414181,32.057367144527,0,1
2,"symptomatic",135,3878.63788246871,30.289394931776,0,1
2,"symptomatic",136,3367.66137146334,26.2990328996154,0,1
2,"symptomatic",137,2763.08340810895,21.5777102977143,0,1
2,"symptomatic",138,2196.3365363976,17.1518215337218,0,1
2,"symptomatic",139,1721.98636338983,13.4474850729425,0,1
2,"symptomatic",140,1346.33982831992,10.5139536115719,0,1
2,"symptomatic",141,1055.94927766818,8.24621056886535,0,1
2,"symptomatic",142,833.182578755009,6.50656156694969,0,1
2,"symptomatic",143,662.205830319293,5.17135513251346,0,1
2,"symptomatic",144,530.409750621612,4.14212177034096,0,1
2,"symptomatic",145,428.20411827618,3.34396869285071,0,1
2,"symptomatic",146,348.413654888215,2.72086209445664,0,1
2,"symptomatic",147,285.689752917984,2.23103316584598,0,1
2,"symptomatic",148,236.038573303324,1.84329287305542,0,1
2,"symptomatic",149,196.466119437086,1.53426023843085,0,1
2,"symptomatic",150,164.717108668204,1.28632311333378,0,1
2,"symptomatic",151,139.083875712758,1.0861458501056,0,1
2,"symptomatic",152,118.266346872309,0.923575800603935,0,1
2,"symptomatic",153,101.269076080108,0.790839241175595,0,1
2,"symptomatic",154,87.3252465305759,0.681947879598335,0,1
2,"symptomatic",155,75.8403922134695,0.592259360410426,0,1
2,"symptomatic",156,66.3506158603807,0.518150976879148,0,1
3,"symptomatic",105,60.8057908870159,0.297273059924576,0,1
3,"symptomatic",106,50.1929668409764,0.24538808922385,0,1
3,"symptomatic",107,42.7332503874966,0.208918326986629,0,1
3,"symptomatic",108,37.2321624740357,0.18202409186374,0,1
3,"symptomatic",109,33.2054247475513,0.162337798370905,0,1
3,"symptomatic",110,30.3379986346419,0.148319256349536,0,1
3,"symptomatic",111,28.4209877057155,0.138947193320051,0,1
3,"symptomatic",112,27.3254805955436,0.133591375295826,0,1
3,"symptomatic",113,26.9890011194666,0.131946362839018,0,1
3,"symptomatic",114,27.4107495126803,0.134008245984356,0,1
3,"symptomatic",115,28.6550715766089,0.140091604527674,0,1
3,"symptomatic",116,30.8644385801481,0.150892965385867,0,1
3,"symptomatic",117,34.2852540944184,0.167616969473802,0,1
3,"symptomatic",118,39.3127723689415,0.192195972879436,0,1
3,"symptomatic",119,46.5662003903717,0.227657212860341,0,1
3,"symptomatic",120,57.0130457711339,0.278730731477484,0,1
3,"symptomatic",121,72.1751949128407,0.352856869870504,0,1
3,"symptomatic",122,94.4714269231584,0.461860782455263,0,1
3,"symptomatic",123,127.786260178401,0.624733467411617,0,1
3,"symptomatic",124,178.405100366499,0.872203606242788,0,1
3,"symptomatic",125,256.507847535971,1.25403965016048,0,1
3,"symptomatic",126,378.400236056372,1.84995860439798,0,1
3,"symptomatic",127,569.35648613045,2.78352344983716,0,1
3,"symptomatic",128,865.748163881408,4.23255091409501,0,1
3,"symptomatic",129,1311.94208219937,6.41394563790644,0,1
3,"symptomatic",130,1941.94845418167,9.49397994449334,0,1
3,"symptomatic",131,2734.60277146949,13.369182798123,0,1
3,"symptomatic",132,3555.96458886646,17.3847335738132,0,1
3,"symptomatic",133,4161.9210612691,20.3471904731395,0,1
3,"symptomatic",134,4332.41649041055,21.1807245360088,0,1
3,"symptomatic",135,4039.75001770469,19.7499092039582,0,1
3,"symptomatic",136,3452.00126460917,16.8764679124172,0,1
3,"symptomatic",137,2783.55723987475,13.608515999904,0,1
3,"symptomatic",138,2175.96041410786,10.6380395870275,0,1
3,"symptomatic",139,1682.24741949878,8.22432914118067,0,1
3,"symptomatic",140,1302.2181058216,6.36640614914581,0,1
3,"symptomatic",141,1015.83259907717,4.96629779324666,0,1
3,"symptomatic",142,800.680068144471,3.91443989800567,0,1
3,"symptomatic",143,638.068039046748,3.11944694149195,0,1
3,"symptomatic",144,513.939491049738,2.51259564083819,0,1
3,"symptomatic",145,418.125575187179,2.0441715724013,0,1
3,"symptomatic",146,343.344344026501,1.67857406782532,0,1
3,"symptomatic",147,284.364823022174,1.39022944758314,0,1
3,"symptomatic",148,237.395778730378,1.16060277363198,0,1
3,"symptomatic",149,199.659254285144,0.976112909605747,0,1
3,"symptomatic",150,169.096803060204,0.826696328357503,0,1
3,"symptomatic",151,144.166584431775,0.70481513467264,0,1
3,"symptomatic",152,123.701862502045,0.604765280541797,0,1
3,"symptomatic",153,106.811128890398,0.522188276084525,0,1
3,"symptomatic",154,92.8067557232816,0.453722381586911,0,1
3,"symptomatic",155,81.1534882817438,0.396750793520534,0,1
3,"symptomatic",156,71.4309404321422,0.349218288682556,0,1
4,"symptomatic",105,61.3038368367315,0.350903182797412,0,1
4,"symptomatic",106,50.9239514574006,0.291488715373781,0,1
4,"symptomatic",107,43.5984452359051,0.24955751528314,0,1
4,"symptomatic",108,38.1784223290748,0.218533302330419,0,1
4,"symptomatic",109,34.2053210050616,0.195791269007352,0,1
4,"symptomatic",110,31.3800873252557,0.179619630468141,0,1
4,"symptomatic",111,29.5048172221581,0.168885583763458,0,1
4,"symptomatic",112,28.4590246446668,0.162899466696023,0,1
4,"symptomatic",113,28.1876539387139,0.161346140683322,0,1
4,"symptomatic",114,28.6975716927284,0.164264910079847,0,1
4,"symptomatic",115,30.0622507865389,0.172076333674598,0,1
4,"symptomatic",116,32.4361694374178,0.185664644835513,0,1
4,"symptomatic",117,36.0825314889974,0.206536422452609,0,1
4,"symptomatic",118,41.4210066970263,0.237093856349798,0,1
4,"symptomatic",119,49.1072088020157,0.28108967979961,0,1
4,"symptomatic",120,60.1640228477428,0.344378887138751,0,1
4,"symptomatic",121,76.1989954949897,0.436163075997497,0,1
4,"symptomatic",122,99.7653264639533,0.571056762438208,0,1
4,"symptomatic",123,134.960862818686,0.772516024442144,0,1
4,"symptomatic",124,188.411729507525,1.07846880345573,0,1
4,"symptomatic",125,270.840962352911,1.55029376015509,0,1
4,"symptomatic",126,399.40606190307,2.28620043348399,0,1
4,"symptomatic",127,600.661211709094,3.43818497907428,0,1
4,"symptomatic",128,912.726058484687,5.22444426761412,0,1
4,"symptomatic",129,1381.86810291151,7.90981348866132,0,1
4,"symptomatic",130,2042.92667602051,11.6937129848259,0,1
4,"symptomatic",131,2871.87885437453,16.4386355342247,0,1
4,"symptomatic",132,3725.40762213043,21.3242344896761,0,1
4,"symptomatic",133,4344.96473030945,24.8705795865382,0,1
4,"symptomatic",134,4500.14899053543,25.7588543445829,0,1
4,"symptomatic",135,4166.49054379784,23.8489932825537,0,1
4,"symptomatic",136,3526.79922186152,20.1873999393319,0,1
4,"symptomatic",137,2810.69920789821,16.0884432170923,0,1
4,"symptomatic",138,2167.94552545372,12.4093209212854,0,1
4,"symptomatic",139,1652.73974507874,9.46028286008393,0,1
4,"symptomatic",140,1262.308953882,7.22545687916004,0,1
4,"symptomatic",141,973.124441876614,5.57016463458709,0,1
4,"symptomatic",142,759.750997263287,4.3488149654192,0,1
4,"symptomatic",143,601.311430057886,3.44190682912279,0,1
4,"symptomatic",144,482.331093506941,2.76086334244467,0,1
4,"symptomatic",145,391.794765093113,2.24263336796829,0,1
4,"symptomatic",146,321.958627563922,1.84289129312008,0,1
4,"symptomatic",147,267.372518354351,1.53044038553368,0,1
4,"symptomatic",148,224.171203380456,1.28315604400467,0,1
4,"symptomatic",149,189.584542569161,1.0851819858174,0,1
4,"symptomatic",150,161.604147118456,0.925022192789571,0,1
4,"symptomatic",151,138.756654418245,0.79424313684244,0,1
4,"symptomatic",152,119.948489431557,0.68658519409434,0,1
4,"symptomatic",153,104.358520907147,0.597348208985291,0,1
4,"symptomatic",154,91.3630353774651,0.522962045415987,0,1
4,"symptomatic",155,80.4827637724951,0.460683367067478,0,1
4,"symptomatic",156,71.3451513589208,0.408379670520198,0,1
5,"symptomatic",105,56.5980584420228,0.11024539174968,0,1
5,"symptomatic",106,47.2886559699117,0.0921119300949014,0,1
5,"symptomatic",107,40.7156788666298,0.0793086563491193,0,1
5,"symptomatic",108,35.8505359062471,0.0698320133979302,0,1
5,"symptomatic",109,32.2901385852669,0.0628968391491871,0,1
5,"symptomatic",110,29.7729898789238,0.0579937726330934,0,1
5,"symptomatic",111,28.127573020737,0.0547887222989348,0,1
5,"symptomatic",112,27.2520315070808,0.0530832854019251,0,1
5,"symptomatic",113,27.1043625691672,0.0527956462079726,0,1
5,"symptomatic",114,27.700353190045,0.0539565556328977,0,1
5,"symptomatic",115,29.1191980778973,0.0567202742974442,0,1
5,"symptomatic",116,31.5184408282498,0.0613936758980687,0,1
5,"symptomatic",117,35.1618977691653,0.0684906390948854,0,1
5,"symptomatic",118,40.4672589414064,0.0788247678072052,0,1
5,"symptomatic",119,48.0850119285665,0.0936631242003321,0,1
5,"symptomatic",120,59.0286317805391,0.114979821114523,0,1
5,"symptomatic",121,74.889930938219,0.145875494701781,0,1
5,"symptomatic",122,98.1965372119305,0.191273623360787,0,1
5,"symptomatic",123,133.00491839493,0.259075659779102,0,1
5,"symptomatic",124,185.873953048061,0.362057415641495,0,1
5,"symptomatic",125,267.416882620618,0.52089205524935,0,1
5,"symptomatic",126,394.612246294494,0.768651485218734,0,1
5,"symptomatic",127,593.727194549782,1.15650057541514,0,1
5,"symptomatic",128,902.440588482664,1.75783267035559,0,1
5,"symptomatic",129,1366.40476607417,2.66157237317224,0,1
5,"symptomatic",130,2019.76300619438,3.9342261905946,0,1
5,"symptomatic",131,2838.06677880838,5.52817168034111,0,1
5,"symptomatic",132,3678.47171781565,7.16516726428203,0,1
5,"symptomatic",133,4284.22629658167,8.34509556356516,0,1
5,"symptomatic",134,4427.48079351024,8.62413602128636,0,1
5,"symptomatic",135,4085.70021946701,7.95839351500544,0,1
5,"symptomatic",136,3442.22805241674,6.70499643586108,0,1
5,"symptomatic",137,2726.16637206427,5.31020476560868,0,1
5,"symptomatic",138,2086.36142711028,4.06395094098167,0,1
5,"symptomatic",139,1576.10204509606,3.0700344178251,0,1
5,"symptomatic",140,1191.8292371821,2.32152276542238,0,1
5,"symptomatic",141,909.390870623032,1.77137088347505,0,1
5,"symptomatic",142,702.892343039326,1.36913957561989,0,1
5,"symptomatic",143,551.141834237653,1.07355003153348,0,1
5,"symptomatic",144,438.465421442894,0.854071561574448,0,1
5,"symptomatic",145,353.734062236174,0.689026290652363,0,1
5,"symptomatic",146,289.150369528679,0.563225959348202,0,1
5,"symptomatic",147,239.251541271895,0.466029765336452,0,1
5,"symptomatic",148,200.186480837521,0.389936291286911,0,1
5,"symptomatic",149,169.215811632763,0.329609600703951,0,1
5,"symptomatic",150,144.371366089162,0.281215968357646,0,1
5,"symptomatic",151,124.224500370823,0.241972588552989,0,1
5,"symptomatic",152,107.727522436506,0.20983869836102,0,1
5,"symptomatic",153,94.1041947372695,0.18330229162765,0,1
5,"symptomatic",154,82.7733870808667,0.161231405040612,0,1
5,"symptomatic",155,73.2953498478355,0.142769465593627,0,1
5,"symptomatic",156,65.3336051893923,0.127261059774722,0,1
6,"symptomatic",105,53.0693720488771,0.149083228447143,0,1
6,"symptomatic",106,44.5047286372011,0.125023311379814,0,1
6,"symptomatic",107,38.4730640855159,0.108079074250963,0,1
6,"symptomatic",108,34.0208655380997,0.0955718952980033,0,1
6,"symptomatic",109,30.7783623723983,0.0864630096728327,0,1
6,"symptomatic",110,28.5076094411599,0.0800839785118262,0,1
6,"symptomatic",111,27.0545137604097,0.0760019216310829,0,1
6,"symptomatic",112,26.3302848473459,0.0739674075540203,0,1
6,"symptomatic",113,26.3028635458197,0.0738903752470243,0,1
6,"symptomatic",114,26.9957922725357,0.0758369603991427,0,1
6,"symptomatic",115,28.4945867339229,0.0800473949389845,0,1
6,"symptomatic",116,30.9623462146,0.0869798596772434,0,1
6,"symptomatic",117,34.6683626330753,0.0973908532694713,0,1
6,"symptomatic",118,40.0365527054503,0.112471248533438,0,1
6,"symptomatic",119,47.7255523364059,0.134071294741937,0,1
6,"symptomatic",120,58.7607305577519,0.165071473040874,0,1
6,"symptomatic",121,74.7525491499272,0.209995915377723,0,1
6,"symptomatic",122,98.2591489841403,0.276030987167756,0,1
6,"symptomatic",123,133.388128411366,0.374715811631867,0,1
6,"symptomatic",124,186.785021438725,0.524719116631101,0,1
6,"symptomatic",125,269.209970804355,0.756268446905878,0,1
6,"symptomatic",126,397.887170037242,1.11775024984688,0,1
6,"symptomatic",127,599.480067959265,1.68406786194432,0,1
6,"symptomatic",128,912.259440964649,2.56273208801372,0,1
6,"symptomatic",129,1382.62590178897,3.88409218378351,0,1
6,"symptomatic",130,2045.32014499652,5.74574219840448,0,1
6,"symptomatic",131,2875.53521701786,8.0779940880335,0,1
6,"symptomatic",132,3728.00841826349,10.4727738282068,0,1
6,"symptomatic",133,4341.45969921046,12.1960898187254,0,1
6,"symptomatic",134,4483.91751073325,12.5962843120722,0,1
6,"symptomatic",135,4132.53068473899,11.6091634845491,0,1
6,"symptomatic",136,3474.35237537207,9.76019969496565,0,1
6,"symptomatic",137,2743.14912812385,7.70609321994649,0,1
6,"symptomatic",138,2090.76437546168,5.87340477157007,0,1
6,"symptomatic",139,1571.42245658118,4.41446212828177,0,1
6,"symptomatic",140,1181.25542641007,3.31839940423124,0,1
6,"symptomatic",141,895.375016350752,2.51530012425139,0,1
6,"symptomatic",142,687.161188490068,1.93038290238904,0,1
6,"symptomatic",143,534.852799447354,1.5025160277413,0,1
6,"symptomatic",144,422.370076677644,1.18652797648664,0,1
6,"symptomatic",145,338.306153682257,0.950374418375156,0,1
6,"symptomatic",146,274.675714218766,0.771622890394178,0,1
6,"symptomatic",147,225.888582065545,0.634569390658382,0,1
6,"symptomatic",148,188.00680911401,0.528151379800536,0,1
6,"symptomatic",149,158.231621924424,0.444506503999987,0,1
6,"symptomatic",150,134.554452182873,0.377992264820551,0,1
6,"symptomatic",151,115.519703075467,0.324519579162996,0,1
6,"symptomatic",152,100.062449399084,0.281096844127064,0,1
6,"symptomatic",153,87.3963625432149,0.24551509428978,0,1
6,"symptomatic",154,76.935524450126,0.216128360379603,0,1
6,"symptomatic",155,68.2393440485025,0.191698927744923,0,1
6,"symptomatic",156,60.9734117033536,0.171287368122629,0,1
7,"symptomatic",105,47.6009791254283,0.316360016609466,0,1
7,"symptomatic",106,39.9558354018178,0.265549763547021,0,1
7,"symptomatic",107,34.5929385833451,0.229907510850993,0,1
7,"symptomatic",108,30.6520247756254,0.203715874028113,0,1
7,"symptomatic",109,27.7995400068546,0.184758025987871,0,1
7,"symptomatic",110,25.8222483212576,0.171616783055684,0,1
7,"symptomatic",111,24.5835782640284,0.163384480126661,0,1
7,"symptomatic",112,24.0067524375836,0.159550848310937,0,1
7,"symptomatic",113,24.0671769733343,0.159952434738043,0,1
7,"symptomatic",114,24.7917969348582,0.164768318513442,0,1
7,"symptomatic",115,26.2655228198341,0.17456282177818,0,1
7,"symptomatic",116,28.6464228516304,0.190386478926488,0,1
7,"symptomatic",117,32.1933136728668,0.213959406621139,0,1
7,"symptomatic",118,37.3123280446269,0.247980796546899,0,1
7,"symptomatic",119,44.6338689259298,0.296640358542726,0,1
7,"symptomatic",120,55.1394812857115,0.366461521083849,0,1
7,"symptomatic",121,70.3718639286637,0.467697187124001,0,1
7,"symptomatic",122,92.7839454518154,0.61664972157154,0,1
7,"symptomatic",123,126.318920291414,0.839525918493844,0,1
7,"symptomatic",124,177.364290665184,1.17877764221849,0,1
7,"symptomatic",125,256.276040448797,1.7032316120926,0,1
7,"symptomatic",126,379.654686452188,2.52321622619133,0,1
7,"symptomatic",127,573.238183378504,3.80978804526159,0,1
7,"symptomatic",128,874.03878535894,5.80893354997734,0,1
7,"symptomatic",129,1327.05901707266,8.81974321529403,0,1
7,"symptomatic",130,1966.25915428198,13.0679198229951,0,1
7,"symptomatic",131,2768.27030621981,18.3981518058177,0,1
7,"symptomatic",132,3593.20038594523,23.8807048649872,0,1
7,"symptomatic",133,4188.27163039285,27.8355972272054,0,1
7,"symptomatic",134,4328.03657780754,28.764486546247,0,1
7,"symptomatic",135,3989.06947253923,26.5116833261666,0,1
7,"symptomatic",136,3351.87505431303,22.2768368915517,0,1
7,"symptomatic",137,2643.15112333675,17.566599440671,0,1
7,"symptomatic",138,2010.60558181609,13.362649822441,0,1
7,"symptomatic",139,1507.19986629569,10.0169740937193,0,1
7,"symptomatic",140,1129.31720224117,7.50553487391437,0,1
7,"symptomatic",141,852.7914434287,5.66772197052126,0,1
7,"symptomatic",142,651.721882687601,4.33139715652743,0,1
7,"symptomatic",143,504.926877892586,3.35578549877627,0,1
7,"symptomatic",144,396.760584692943,2.63690343076134,0,1
7,"symptomatic",145,316.132900216767,2.1010452179953,0,1
7,"symptomatic",146,255.287851361648,1.69666402626206,0,1
7,"symptomatic",147,208.800794003642,1.38770722520233,0,1
7,"symptomatic",148,172.852966525743,1.1487950114847,0,1
7,"symptomatic",149,144.731168138543,0.961895229834831,0,1
7,"symptomatic",150,122.488079624548,0.814065836805095,0,1
7,"symptomatic",151,104.711834035031,0.695923448701368,0,1
7,"symptomatic",152,90.3687151445817,0.600597902593221,0,1
7,"symptomatic",153,78.6947587503458,0.523011829646125,0,1
7,"symptomatic",154,69.1202662216073,0.459378965972512,0,1
7,"symptomatic",155,61.2166903899775,0.406851151895828,0,1
7,"symptomatic",156,54.658906657843,0.363267582638718,0,1
8,"symptomatic",105,46.4571619568228,0.298683260705524,0,1
8,"symptomatic",106,38.9414165770896,0.250362888945891,0,1
8,"symptomatic",107,33.6868445867279,0.216580095731966,0,1
8,"symptomatic",108,29.840931188774,0.191853876873407,0,1
8,"symptomatic",109,27.0708026606271,0.174044114362961,0,1
8,"symptomatic",110,25.1642558812401,0.161786507897802,0,1
8,"symptomatic",111,23.9861334583408,0.154212101025748,0,1
8,"symptomatic",112,23.4612948036204,0.150837798461122,0,1
8,"symptomatic",113,23.5669552104495,0.151517112338894,0,1
8,"symptomatic",114,24.3321061945476,0.156436435458004,0,1
8,"symptomatic",115,25.8441319791907,0.166157580112681,0,1
8,"symptomatic",116,28.2643570282861,0.181717736584935,0,1
8,"symptomatic",117,31.8562471515386,0.204810784221081,0,1
8,"symptomatic",118,37.0330144566255,0.238093354086931,0,1
8,"symptomatic",119,44.4363487024281,0.285691010066957,0,1
8,"symptomatic",120,55.0663715928698,0.354033753458005,0,1
8,"symptomatic",121,70.4970541192386,0.453240988204094,0,1
8,"symptomatic",122,93.2348461771114,0.599427229184581,0,1
8,"symptomatic",123,127.31564218496,0.81854012481356,0,1
8,"symptomatic",124,179.288649715284,1.152685963775,0,1
8,"symptomatic",125,259.792053836139,1.670259965886,0,1
8,"symptomatic",126,385.913828929948,2.48112445790982,0,1
8,"symptomatic",127,584.210188656102,3.75601514891005,0,1
8,"symptomatic",128,892.984375081506,5.74119196425123,0,1
8,"symptomatic",129,1359.0288437866,8.73749384071933,0,1
8,"symptomatic",130,2018.13689967439,12.9750437683884,0,1
8,"symptomatic",131,2847.30633372358,18.3059555117562,0,1
8,"symptomatic",132,3703.04883216877,23.8077113012608,0,1
8,"symptomatic",133,4323.95836342259,27.7996745548575,0,1
8,"symptomatic",134,4474.93135014519,28.7703129247749,0,1
8,"symptomatic",135,4129.01908041579,26.5463672447342,0,1
8,"symptomatic",136,3471.55805458797,22.3194064337497,0,1
8,"symptomatic",137,2737.58669463967,17.6005439415128,0,1
8,"symptomatic",138,2081.24815815498,13.380799860156,0,1
8,"symptomatic",139,1558.40881761774,10.019351323934,0,1
8,"symptomatic",140,1165.8379453867,7.49542727784275,0,1
8,"symptomatic",141,878.638931231741,5.64896196644599,0,1
8,"symptomatic",142,669.937318991163,4.30717362998991,0,1
8,"symptomatic",143,517.6974872456,3.328390436189,0,1
8,"symptomatic",144,405.626778027601,2.60786332155546,0,1
8,"symptomatic",145,322.176049392248,2.07134032516096,0,1
8,"symptomatic",146,259.272542839477,1.66691991600091,0,1
8,"symptomatic",147,211.274726665896,1.35833145218572,0,1
8,"symptomatic",148,174.214742615836,1.12006470468069,0,1
8,"symptomatic",149,145.275675399323,0.934009108644973,0,1
8,"symptomatic",150,122.436810261209,0.787173046713218,0,1
8,"symptomatic",151,104.233247650517,0.670138359099888,0,1
8,"symptomatic",152,89.5920658561991,0.57600699733109,0,1
8,"symptomatic",153,77.7196411490993,0.499676580778888,0,1
8,"symptomatic",154,68.023357551879,0.437337051639443,0,1
8,"symptomatic",155,60.0566535502923,0.386117368214072,0,1
8,"symptomatic",156,53.4800799315735,0.343835137230301,0,1
9,"symptomatic",105,45.007844323281,0.3632940438185,0,1
9,"symptomatic",106,37.6295456819644,0.303737937761718,0,1
9,"symptomatic",107,32.4795498628865,0.262168232860446,0,1
9,"symptomatic",108,28.7181640796395,0.231807101993079,0,1
9,"symptomatic",109,26.0144856407992,0.209983566829385,0,1
9,"symptomatic",110,24.1574560190302,0.19499400643326,0,1
9,"symptomatic",111,23.0126396363338,0.185753284524606,0,1
9,"symptomatic",112,22.5051318646376,0.181656786382538,0,1
9,"symptomatic",113,22.6117862924974,0.182517678944066,0,1
9,"symptomatic",114,23.3604924805007,0.188561080994561,0,1
9,"symptomatic",115,24.8366005839528,0.200475921398036,0,1
9,"symptomatic",116,27.1981981013505,0.219538249862484,0,1
9,"symptomatic",117,30.7039228185699,0.247835737293455,0,1
9,"symptomatic",118,35.7600134413174,0.288647458802645,0,1
9,"symptomatic",119,42.9982612353092,0.347073103282566,0,1
9,"symptomatic",120,53.4048974436285,0.431073326077345,0,1
9,"symptomatic",121,68.5346226899271,0.553197350216565,0,1
9,"symptomatic",122,90.8676082720952,0.733464607284226,0,1
9,"symptomatic",123,124.405008089891,1.00417158697093,0,1
9,"symptomatic",124,175.652814807614,1.41783332125844,0,1
9,"symptomatic",125,255.202203191478,2.05993959014974,0,1
9,"symptomatic",126,380.107170447093,3.068146744471,0,1
9,"symptomatic",127,576.947103227129,4.65699811560034,0,1
9,"symptomatic",128,884.201822299388,7.1370948865612,0,1
9,"symptomatic",129,1349.16359641359,10.8901705043507,0,1
9,"symptomatic",130,2008.64413895844,16.2133615330045,0,1
9,"symptomatic",131,2841.13095605594,22.9330235553979,0,1
9,"symptomatic",132,3704.28425988952,29.9002191387419,0,1
9,"symptomatic",133,4335.89970578191,34.9984888498682,0,1
9,"symptomatic",134,4497.43585306343,36.3023753401263,0,1
9,"symptomatic",135,4157.96277379427,33.5622186054609,0,1
9,"symptomatic",136,3501.3045469138,28.2618087272056,0,1
9,"symptomatic",137,2763.87694714692,22.3094451165782,0,1
9,"symptomatic",138,2102.22462779275,16.9687239530959,0,1
9,"symptomatic",139,1574.04109798374,12.7053353525584,0,1
9,"symptomatic",140,1176.96509523831,9.50021969084122,0,1
9,"symptomatic",141,886.296925630095,7.15400612887183,0,1
9,"symptomatic",142,675.045430766058,5.44882759864481,0,1
9,"symptomatic",143,520.969634585783,4.20515952499007,0,1
9,"symptomatic",144,407.582996109362,3.28992594678962,0,1
9,"symptomatic",145,323.184192343927,2.6086761963427,0,1
9,"symptomatic",146,259.590613807164,2.0953619362425,0,1
9,"symptomatic",147,211.084694771048,1.70383215425185,0,1
9,"symptomatic",148,173.646989764469,1.40164271488586,0,1
9,"symptomatic",149,144.425787617306,1.16577519328164,0,1
9,"symptomatic",150,121.376775039882,0.979728313872565,0,1
9,"symptomatic",151,103.018777856332,0.831546343962697,0,1
9,"symptomatic",152,88.26732187078,0.712475631339616,0,1
9,"symptomatic",153,76.3202434494843,0.616041276467744,0,1
9,"symptomatic",154,66.5783011558059,0.537406325966766,0,1
9,"symptomatic",155,58.5895380221151,0.472922676336708,0,1
9,"symptomatic",156,52.0099310429513,0.419813444776369,0,1
10,"symptomatic",105,41.8005694623859,0.0733978963319835,0,1
10,"symptomatic",106,34.8560031704732,0.061203886457954,0,1
10,"symptomatic",107,30.0091795466271,0.0526933168064428,0,1
10,"symptomatic",108,26.4700118145536,0.0464788687823798,0,1
10,"symptomatic",109,23.924640453721,0.0420094343782168,0,1
10,"symptomatic",110,22.1724164393466,0.0389326926445141,0,1
10,"symptomatic",111,21.085090379755,0.0370234496263589,0,1
10,"symptomatic",112,20.5904828146991,0.0361549649322053,0,1
10,"symptomatic",113,20.664935764893,0.0362856973597829,0,1
10,"symptomatic",114,21.3323916034287,0.0374576874803267,0,1
10,"symptomatic",115,22.6701576639114,0.0398066797521213,0,1
10,"symptomatic",116,24.8229199625666,0.0435867293078163,0,1
10,"symptomatic",117,28.0284185065703,0.0492152853981065,0,1
10,"symptomatic",118,32.6610163475373,0.0573496945808578,0,1
10,"symptomatic",119,39.304035916737,0.0690142165704495,0,1
10,"symptomatic",120,48.8695803209153,0.0858104192434451,0,1
10,"symptomatic",121,62.7978662317373,0.110267188577286,0,1
10,"symptomatic",122,83.3903468758711,0.146425661511406,0,1
10,"symptomatic",123,114.366572549609,0.200817021007191,0,1
10,"symptomatic",124,161.786465730653,0.284081925015447,0,1
10,"symptomatic",125,235.536327383013,0.413579794773634,0,1
10,"symptomatic",126,351.574311244658,0.617331657956103,0,1
10,"symptomatic",127,534.84560879334,0.939138941232728,0,1
10,"symptomatic",128,821.607310719655,1.44266570990296,0,1
10,"symptomatic",129,1256.71198273924,2.20666888070168,0,1
10,"symptomatic",130,1875.73833040858,3.29362133798545,0,1
10,"symptomatic",131,2660.12308541532,4.67092771617198,0,1
10,"symptomatic",132,3477.7446960402,6.10659490892244,0,1
10,"symptomatic",133,4082.08039017289,7.16775195051689,0,1
10,"symptomatic",134,4245.84385647076,7.45530530390155,0,1
10,"symptomatic",135,3935.53667848592,6.91043487812191,0,1
10,"symptomatic",136,3321.5156161741,5.83227123449566,0,1
10,"symptomatic",137,2626.69389540492,4.61222918037681,0,1
10,"symptomatic",138,2000.44387412801,3.51259262683783,0,1
10,"symptomatic",139,1498.98144703553,2.63207143510529,0,1
10,"symptomatic",140,1121.20085393615,1.96872399354724,0,1
10,"symptomatic",141,844.281183036059,1.48247891223796,0,1
10,"symptomatic",142,642.860652374972,1.12880327052454,0,1
10,"symptomatic",143,495.895057372225,0.870745410425615,0,1
10,"symptomatic",144,387.723457847965,0.680806183518888,0,1
10,"symptomatic",145,307.204022096541,0.53942157383526,0,1
10,"symptomatic",146,246.534602473661,0.432891738733162,0,1
10,"symptomatic",147,200.259671140315,0.351637280804524,0,1
10,"symptomatic",148,164.543135821406,0.288922380256724,0,1
10,"symptomatic",149,136.663631477785,0.239968574222058,0,1
10,"symptomatic",150,114.670865956084,0.201351331811808,0,1
10,"symptomatic",151,97.1523522496061,0.170590457750619,0,1
10,"symptomatic",152,83.0743351133283,0.145870774367879,0,1
10,"symptomatic",153,71.6724252853226,0.125850085503923,0,1
10,"symptomatic",154,62.3756972902756,0.109525899341313,0,1
10,"symptomatic",155,54.753512657561,0.0961420549418091,0,1
10,"symptomatic",156,48.4779361852806,0.0851227287158745,0,1
11,"symptomatic",105,41.0512498798541,0.129312362501015,0,1
11,"symptomatic",106,34.1612574104225,0.107608730907726,0,1
11,"symptomatic",107,29.3488645350561,0.0924495848691039,0,1
11,"symptomatic",108,25.8316739784354,0.0813703553310506,0,1
11,"symptomatic",109,23.2971350849455,0.073386500682846,0,1
11,"symptomatic",110,21.5448961219185,0.0678669084502461,0,1
11,"symptomatic",111,20.4463086022292,0.0644063329988061,0,1
11,"symptomatic",112,19.9280751319435,0.0627738858853594,0,1
11,"symptomatic",113,19.9645628657631,0.0628888230693997,0,1
11,"symptomatic",114,20.576627654236,0.0648168409502865,0,1
11,"symptomatic",115,21.8369667891241,0.0687869376358164,0,1
11,"symptomatic",116,23.8834878592861,0.0752335251396144,0,1
11,"symptomatic",117,26.9439801728585,0.0848741449171492,0,1
11,"symptomatic",118,31.3781157402914,0.0988417719090843,0,1
11,"symptomatic",119,37.7473202670201,0.11890490974323,0,1
11,"symptomatic",120,46.9306927113112,0.14783273995482,0,1
11,"symptomatic",121,60.3181362852502,0.190003488993198,0,1
11,"symptomatic",122,80.1336295297081,0.252422739395152,0,1
11,"symptomatic",123,109.976587622047,0.34642873010758,0,1
11,"symptomatic",124,155.720387358328,0.49052273043605,0,1
11,"symptomatic",125,226.964080943425,0.714941971208265,0,1
11,"symptomatic",126,339.234763544049,1.06859715221197,0,1
11,"symptomatic",127,516.867650802609,1.6281447512865,0,1
11,"symptomatic",128,795.362076771227,2.50540847092392,0,1
11,"symptomatic",129,1218.90524972141,3.8395790132499,0,1
11,"symptomatic",130,1823.18246570648,5.74306586525225,0,1
11,"symptomatic",131,2591.68249722208,8.16385828809527,0,1
11,"symptomatic",132,3397.05547887303,10.7008013350567,0,1
11,"symptomatic",133,3998.55289488518,12.595531754482,0,1
11,"symptomatic",134,4171.14899225163,13.1392133518568,0,1
11,"symptomatic",135,3877.53129018564,12.2143109716029,0,1
11,"symptomatic",136,3281.38709181401,10.3364433084178,0,1
11,"symptomatic",137,2600.9905869672,8.19317898061586,0,1
11,"symptomatic",138,1984.52684783051,6.25130430597666,0,1
11,"symptomatic",139,1489.0565202673,4.69056160523387,0,1
11,"symptomatic",140,1114.77155447305,3.51155552583021,0,1
11,"symptomatic",141,839.880620408235,2.64564288691989,0,1
11,"symptomatic",142,639.670141235955,2.01497536437186,0,1
11,"symptomatic",143,493.460869413972,1.55441286227537,0,1
11,"symptomatic",144,385.787226318731,1.21523845934033,0,1
11,"symptomatic",145,305.610978102106,0.962681470120679,0,1
11,"symptomatic",146,245.186151269105,0.772341903497043,0,1
11,"symptomatic",147,199.089138979169,0.627135275662422,0,1
11,"symptomatic",148,163.503164612745,0.515038654227244,0,1
11,"symptomatic",149,135.719376068955,0.427519094010657,0,1
11,"symptomatic",150,113.796117685823,0.358460335908526,0,1
11,"symptomatic",151,96.3271799571833,0.30343278827758,0,1
11,"symptomatic",152,82.2835438059989,0.25919501782895,0,1
11,"symptomatic",153,70.9044752952886,0.223350695512641,0,1
11,"symptomatic",154,61.6218956163685,0.194110360275634,0,1
11,"symptomatic",155,54.007374461135,0.170124446989705,0,1
11,"symptomatic",156,47.7346604615224,0.15036525649107,0,1
12,"symptomatic",105,40.9148118913698,0.214951715326553,0,1
12,"symptomatic",106,34.0041250222949,0.17864545048202,0,1
12,"symptomatic",107,29.1726228942051,0.153262474927979,0,1
12,"symptomatic",108,25.6371364601364,0.13468829999264,0,1
12,"symptomatic",109,23.0837704319142,0.121273832657921,0,1
12,"symptomatic",110,21.3108414146695,0.111959500859922,0,1
12,"symptomatic",111,20.1882952777438,0.106062046942597,0,1
12,"symptomatic",112,19.6412143313518,0.103187880292102,0,1
12,"symptomatic",113,19.6419519221251,0.103191755328907,0,1
12,"symptomatic",114,20.2087153933386,0.10616932689016,0,1
12,"symptomatic",115,21.4105750323913,0.11248346543935,0,1
12,"symptomatic",116,23.3803227417176,0.122831811901369,0,1
12,"symptomatic",117,26.3383650216065,0.138372302806197,0,1
12,"symptomatic",118,30.6335125977563,0.160937464330716,0,1
12,"symptomatic",119,36.8109387805778,0.193391441091653,0,1
12,"symptomatic",120,45.7250469494661,0.240222961339047,0,1
12,"symptomatic",121,58.727699880258,0.308534226185876,0,1
12,"symptomatic",122,77.9836138868793,0.40969787706354,0,1
12,"symptomatic",123,106.999171783803,0.562135188950981,0,1
12,"symptomatic",124,151.501453441734,0.795934180956987,0,1
12,"symptomatic",125,220.861347727146,1.16032613492959,0,1
12,"symptomatic",126,330.259163397114,1.73506293669398,0,1
12,"symptomatic",127,503.53311551463,2.64538199982347,0,1
12,"symptomatic",128,775.557188158728,4.07449870162352,0,1
12,"symptomatic",129,1189.96172215987,6.25163117040153,0,1
12,"symptomatic",130,1782.51663617704,9.36470170171287,0,1
12,"symptomatic",131,2538.44409815851,13.3360728776766,0,1
12,"symptomatic",132,3334.45410716759,17.5180233485206,0,1
12,"symptomatic",133,3934.69452678646,20.6714707637981,0,1
12,"symptomatic",134,4115.91576614248,21.6235420175192,0,1
12,"symptomatic",135,3837.24767386012,20.1595200246549,0,1
12,"symptomatic",136,3256.42893589068,17.1081071438671,0,1
12,"symptomatic",137,2587.76929720949,13.5952097441244,0,1
12,"symptomatic",138,1978.65593101145,10.3951470567969,0,1
12,"symptomatic",139,1487.13627180326,7.81287943831102,0,1
12,"symptomatic",140,1114.7060208969,5.85626476574771,0,1
12,"symptomatic",141,840.554184488918,4.41596955793204,0,1
12,"symptomatic",142,640.552010101882,3.36523002214544,0,1
12,"symptomatic",143,494.325039793094,2.59700607971767,0,1
12,"symptomatic",144,386.552015413727,2.03080534738186,0,1
12,"symptomatic",145,306.257322444411,1.60896589150955,0,1
12,"symptomatic",146,245.719225677996,1.2909204908098,0,1
12,"symptomatic",147,199.521540770837,1.04821445952522,0,1
12,"symptomatic",148,163.848147723073,0.860799274836255,0,1
12,"symptomatic",149,135.988519301118,0.714434800924968,0,1
12,"symptomatic",150,113.99883018287,0.598908878234318,0,1
12,"symptomatic",151,96.4708922633414,0.506823392617438,0,1
12,"symptomatic",152,82.3740956386172,0.432763890079845,0,1
12,"symptomatic",153,70.9465052532251,0.372727437708733,0,1
12,"symptomatic",154,61.6191645994558,0.323724942517359,0,1
12,"symptomatic",155,53.963007115934,0.283502243015217,0,1
12,"symptomatic",156,47.6513096731174,0.250342853316499,0,1
13,"symptomatic",105,766.738578516854,3.70552784150117,0,1
13,"symptomatic",106,650.308089048096,3.14283746382297,0,1
13,"symptomatic",107,568.550691860588,2.74771672773975,0,1
13,"symptomatic",108,508.282125036085,2.45644815381777,0,1
13,"symptomatic",109,464.832188931165,2.24646139632388,0,1
13,"symptomatic",110,435.229293918397,2.10339522653361,0,1
13,"symptomatic",111,417.596393120234,2.01817816994516,0,1
13,"symptomatic",112,410.964996752813,1.98612966664036,0,1
13,"symptomatic",113,415.209410520911,2.00664225571467,0,1
13,"symptomatic",114,431.083218238456,2.08335789008614,0,1
13,"symptomatic",115,460.374819377456,2.22491962518583,0,1
13,"symptomatic",116,506.222402352096,2.44649383566405,0,1
13,"symptomatic",117,573.6631349815,2.77242436715354,0,1
13,"symptomatic",118,670.54713311324,3.24064960393183,0,1
13,"symptomatic",119,809.039342905353,3.90996083150614,0,1
13,"symptomatic",120,1008.08695068116,4.87192684321276,0,1
13,"symptomatic",121,1297.48465815539,6.27054078068637,0,1
13,"symptomatic",122,1724.5744044134,8.33459884417915,0,1
13,"symptomatic",123,2365.20101334817,11.4306472261533,0,1
13,"symptomatic",124,3341.20108400268,16.1475031878204,0,1
13,"symptomatic",125,4846.77377314998,23.4237009341641,0,1
13,"symptomatic",126,7183.23283579669,34.7154427999672,0,1
13,"symptomatic",127,10789.2993843604,52.1429994254031,0,1
13,"symptomatic",128,16218.2941188166,78.3804833652421,0,1
13,"symptomatic",129,23940.7116211343,115.701721477308,0,1
13,"symptomatic",130,33790.3243122262,163.303361824457,0,1
13,"symptomatic",131,44093.4240934908,213.096634476906,0,1
13,"symptomatic",132,51393.1821605104,248.375225526657,0,1
13,"symptomatic",133,52276.7102702946,252.645178938793,0,1
13,"symptomatic",134,46452.5426470087,224.497886124335,0,1
13,"symptomatic",135,37106.5005107359,179.329923647746,0,1
13,"symptomatic",136,27884.7570421749,134.762677225851,0,1
13,"symptomatic",137,20602.0755413807,99.5666145545568,0,1
13,"symptomatic",138,15411.9809337102,74.4836976287516,0,1
13,"symptomatic",139,11818.909805035,57.118945838703,0,1
13,"symptomatic",140,9298.57667701665,44.9385693226354,0,1
13,"symptomatic",141,7475.32929799437,36.1270993976712,0,1
13,"symptomatic",142,6112.26849448947,29.539639344707,0,1
13,"symptomatic",143,5064.45518050562,24.4757211900038,0,1
13,"symptomatic",144,4241.51220835647,20.4985662890921,0,1
13,"symptomatic",145,3584.67064567287,17.3241535672393,0,1
13,"symptomatic",146,3053.87277755751,14.7588903424312,0,1
13,"symptomatic",147,2620.64971477937,12.665190917772,0,1
13,"symptomatic",148,2264.09941518593,10.9420389869082,0,1
13,"symptomatic",149,1968.51012700321,9.51350210654238,0,1
13,"symptomatic",150,1721.87558144404,8.32155585412694,0,1
13,"symptomatic",151,1514.91419380576,7.32134377989844,0,1
13,"symptomatic",152,1340.38904922923,6.47789100421926,0,1
13,"symptomatic",153,1192.61829638746,5.76373802671556,0,1
13,"symptomatic",154,1067.11310151415,5.15719101462222,0,1
13,"symptomatic",155,960.305373087067,4.64100593868719,0,1
13,"symptomatic",156,869.341178534237,4.20139018836554,0,1
14,"symptomatic",105,531.370566580821,0.918789004725975,0,1
14,"symptomatic",106,449.712845713747,0.777595229981511,0,1
14,"symptomatic",107,392.434205651719,0.678555147589888,0,1
14,"symptomatic",108,350.444920266747,0.605951777824307,0,1
14,"symptomatic",109,320.320840702987,0.553864449655627,0,1
14,"symptomatic",110,299.889288911161,0.518536401177872,0,1
14,"symptomatic",111,287.795777283692,0.497625597662085,0,1
14,"symptomatic",112,283.346065955675,0.489931633977393,0,1
14,"symptomatic",113,286.445675893847,0.495291147110492,0,1
14,"symptomatic",114,297.618990780536,0.51461084509506,0,1
14,"symptomatic",115,318.115296788511,0.550050859619769,0,1
14,"symptomatic",116,350.128127327326,0.605404013443251,0,1
14,"symptomatic",117,397.179715125899,0.686760573710412,0,1
14,"symptomatic",118,464.762257018109,0.803617058256684,0,1
14,"symptomatic",119,561.393552616383,0.970701532805981,0,1
14,"symptomatic",120,700.354780993901,1.21097838806733,0,1
14,"symptomatic",121,902.561186251058,1.56061202139199,0,1
14,"symptomatic",122,1201.31058842101,2.07717745264733,0,1
14,"symptomatic",123,1650.09121488171,2.85316078905859,0,1
14,"symptomatic",124,2335.15607418705,4.03770148408437,0,1
14,"symptomatic",125,3394.78359609113,5.86989577082311,0,1
14,"symptomatic",126,5045.53167467489,8.7241923381596,0,1
14,"symptomatic",127,7607.96031855852,13.1548691792659,0,1
14,"symptomatic",128,11500.4838793905,19.8854035243316,0,1
14,"symptomatic",129,17118.9026486949,29.6001707956907,0,1
14,"symptomatic",130,24467.1435266834,42.3059609681069,0,1
14,"symptomatic",131,32524.4307908827,56.2377581203283,0,1
14,"symptomatic",132,38907.9574229229,67.2754678652128,0,1
14,"symptomatic",133,40928.7928657577,70.7696798182469,0,1
14,"symptomatic",134,37793.6716465336,65.3487643858373,0,1
14,"symptomatic",135,31335.1684155709,54.1814131458562,0,1
14,"symptomatic",136,24226.314156519,41.8895446454152,0,1
14,"symptomatic",137,18147.748261311,31.3791403056409,0,1
14,"symptomatic",138,13549.0849615428,23.4276248435565,0,1
14,"symptomatic",139,10240.4793570488,17.7067388149145,0,1
14,"symptomatic",140,7881.3117676937,13.6275191935627,0,1
14,"symptomatic",141,6179.47914361656,10.6848927079683,0,1
14,"symptomatic",142,4927.95148679666,8.52088528543504,0,1
14,"symptomatic",143,3988.86411270353,6.89711609673926,0,1
14,"symptomatic",144,3271.20899726134,5.65622382546336,0,1
14,"symptomatic",145,2713.99448093043,4.69274823408305,0,1
14,"symptomatic",146,2275.36941552371,3.93432480486286,0,1
14,"symptomatic",147,1925.91346170787,3.33008304177832,0,1
14,"symptomatic",148,1644.49743715924,2.84348862844314,0,1
14,"symptomatic",149,1415.67485271738,2.44783315213217,0,1
14,"symptomatic",150,1227.98943774282,2.12330765811457,0,1
14,"symptomatic",151,1072.84323898172,1.85504548758456,0,1
14,"symptomatic",152,943.718490524214,1.63177681863258,0,1
14,"symptomatic",153,835.630139891957,1.44488203306154,0,1
14,"symptomatic",154,744.73350703856,1.28771332240129,0,1
14,"symptomatic",155,668.039232862671,1.15510180744353,0,1
14,"symptomatic",156,603.204225703034,1.04299606533795,0,1
15,"symptomatic",105,426.761359596111,0.862684426640208,0,1
15,"symptomatic",106,359.302248284081,0.726317992671225,0,1
15,"symptomatic",107,312.026326828646,0.630751230878948,0,1
15,"symptomatic",108,277.398260778997,0.560751703897469,0,1
15,"symptomatic",109,252.511216726169,0.51044334104615,0,1
15,"symptomatic",110,235.509843522043,0.476075609373867,0,1
15,"symptomatic",111,225.224470773444,0.455284057625125,0,1
15,"symptomatic",112,221.030435535048,0.446805949653099,0,1
15,"symptomatic",113,222.788576029694,0.450359974380202,0,1
15,"symptomatic",114,230.850827415163,0.466657557461493,0,1
15,"symptomatic",115,246.134964939804,0.497553952181048,0,1
15,"symptomatic",116,270.287570671466,0.546377671477483,0,1
15,"symptomatic",117,305.974057451814,0.618516762083166,0,1
15,"symptomatic",118,357.365297436205,0.722402508539269,0,1
15,"symptomatic",119,430.940980145976,0.871133395780821,0,1
15,"symptomatic",120,536.814618145839,1.08515356569654,0,1
15,"symptomatic",121,690.926661702586,1.39668612820391,0,1
15,"symptomatic",122,918.681959024577,1.85708617067833,0,1
15,"symptomatic",123,1260.95576457913,2.54898171149825,0,1
15,"symptomatic",124,1783.83432310164,3.60596397879713,0,1
15,"symptomatic",125,2593.72698153453,5.24313606096858,0,1
15,"symptomatic",126,3858.53392500138,7.79990280730171,0,1
15,"symptomatic",127,5830.21972164707,11.7856025262353,0,1
15,"symptomatic",128,8847.14481295736,17.8842200184015,0,1
15,"symptomatic",129,13256.2997994178,26.7971856745758,0,1
15,"symptomatic",130,19150.6635832163,38.7124533690257,0,1
15,"symptomatic",131,25883.4933776852,52.322653262485,0,1
15,"symptomatic",132,31721.7519836215,64.1245061359645,0,1
15,"symptomatic",133,34469.4475779578,69.6788848187609,0,1
15,"symptomatic",134,33097.5595424124,66.9056570727459,0,1
15,"symptomatic",135,28596.618546195,57.8071489361657,0,1
15,"symptomatic",136,22942.5251802207,46.3775801996427,0,1
15,"symptomatic",137,17656.7467255016,35.6925482654675,0,1
15,"symptomatic",138,13371.1168170705,27.0292846001581,0,1
15,"symptomatic",139,10126.3826218677,20.4701582972577,0,1
15,"symptomatic",140,7736.5341691696,15.6391561556298,0,1
15,"symptomatic",141,5985.76536342046,12.1000330616443,0,1
15,"symptomatic",142,4695.71976825185,9.49224718885339,0,1
15,"symptomatic",143,3734.82814811066,7.54983553947303,0,1
15,"symptomatic",144,3010.00612484853,6.08463102295854,0,1
15,"symptomatic",145,2456.12556259356,4.96497919757234,0,1
15,"symptomatic",146,2027.49306313558,4.09851232160161,0,1
15,"symptomatic",147,1691.76938813331,3.41985766000578,0,1
15,"symptomatic",148,1425.81586580808,2.88224112851563,0,1
15,"symptomatic",149,1212.88909305553,2.45181647375721,0,1
15,"symptomatic",150,1040.74054481664,2.1038236944321,0,1
15,"symptomatic",151,900.317057037807,1.81996210922217,0,1
15,"symptomatic",152,784.861631975366,1.58657266349832,0,1
15,"symptomatic",153,689.283617079232,1.39336476609609,0,1
15,"symptomatic",154,609.712506208758,1.23251431275752,0,1
15,"symptomatic",155,543.178679779259,1.09801831255771,0,1
15,"symptomatic",156,487.38313026117,0.985229395373073,0,1
16,"symptomatic",105,410.548769869216,0.751723027957346,0,1
16,"symptomatic",106,343.919695765188,0.629723857550795,0,1
16,"symptomatic",107,297.242284871258,0.544256582455629,0,1
16,"symptomatic",108,263.064146237203,0.481675725442898,0,1
16,"symptomatic",109,238.445132608862,0.436597817948705,0,1
16,"symptomatic",110,221.498828408331,0.405568795232677,0,1
16,"symptomatic",111,211.023435051021,0.386388139993812,0,1
16,"symptomatic",112,206.353551091162,0.377837488845513,0,1
16,"symptomatic",113,207.292692762607,0.379557076073029,0,1
16,"symptomatic",114,214.109195092701,0.392038228490778,0,1
16,"symptomatic",115,227.597532204199,0.416735644144452,0,1
16,"symptomatic",116,249.221250872556,0.456329106519831,0,1
16,"symptomatic",117,281.371898297781,0.515197586483804,0,1
16,"symptomatic",118,327.806294598378,0.600219896986829,0,1
16,"symptomatic",119,394.370408558817,0.722100124068204,0,1
16,"symptomatic",120,490.195123208294,0.897557097602434,0,1
16,"symptomatic",121,629.678268789431,1.15295353339901,0,1
16,"symptomatic",122,835.778569448999,1.53032731562733,0,1
16,"symptomatic",123,1145.47242785861,2.09738297885007,0,1
16,"symptomatic",124,1618.65506766098,2.96378987828469,0,1
16,"symptomatic",125,2352.0999038222,4.30674207676389,0,1
16,"symptomatic",126,3499.46114056088,6.40758350253857,0,1
16,"symptomatic",127,5294.04417327983,9.69350101169615,0,1
16,"symptomatic",128,8056.79740960223,14.7521575726909,0,1
16,"symptomatic",129,12138.457053557,22.225758206356,0,1
16,"symptomatic",130,17700.4736915153,32.4099221729588,0,1
16,"symptomatic",131,24278.7851359082,44.4549423039429,0,1
16,"symptomatic",132,30400.0803622299,55.6631565777727,0,1
16,"symptomatic",133,33981.2907738102,62.2204246343864,0,1
16,"symptomatic",134,33729.2600688459,61.7589513611032,0,1
16,"symptomatic",135,30147.1962406035,55.2001206814725,0,1
16,"symptomatic",136,24915.0967418951,45.6200416107299,0,1
16,"symptomatic",137,19595.2863540436,35.8793621436142,0,1
16,"symptomatic",138,15022.2212245096,27.5059882145813,0,1
16,"symptomatic",139,11417.2577406618,20.9052278064645,0,1
16,"symptomatic",140,8694.44548167806,15.919703975679,0,1
16,"symptomatic",141,6674.12958190291,12.2204650616442,0,1
16,"symptomatic",142,5180.3967933289,9.48541038070159,0,1
16,"symptomatic",143,4071.245346494,7.45453184623756,0,1
16,"symptomatic",144,3240.65803014449,5.93370981910514,0,1
16,"symptomatic",145,2612.08774567984,4.78278502721672,0,1
16,"symptomatic",146,2130.94210332477,3.90179771047271,0,1
16,"symptomatic",147,1758.34537212005,3.21956562613971,0,1
16,"symptomatic",148,1466.49969678698,2.68519034393507,0,1
16,"symptomatic",149,1235.38905104949,2.2620221184833,0,1
16,"symptomatic",150,1050.47956157838,1.9234491363561,0,1
16,"symptomatic",151,901.122738737579,1.64997379955814,0,1
16,"symptomatic",152,779.444423334557,1.42717836475353,0,1
16,"symptomatic",153,679.567338645115,1.24430142043771,0,1
16,"symptomatic",154,597.063181612493,1.09323465493897,0,1
16,"symptomatic",155,528.563614919362,0.96781057510375,0,1
16,"symptomatic",156,471.482175744886,0.863293315655941,0,1
17,"symptomatic",105,1665.03052131703,5.98962292403503,0,1
17,"symptomatic",106,1410.46098603113,5.07385861534041,0,1
17,"symptomatic",107,1231.57467495373,4.43034996135022,0,1
17,"symptomatic",108,1101.0340347999,3.96075543994463,0,1
17,"symptomatic",109,1007.91406539886,3.62577449138597,0,1
17,"symptomatic",110,945.214485712091,3.40022496841255,0,1
17,"symptomatic",111,908.62273043721,3.26859325751049,0,1
17,"symptomatic",112,895.973985768807,3.22309186275755,0,1
17,"symptomatic",113,907.024615393954,3.2628443499825,0,1
17,"symptomatic",114,943.493593592441,3.39403439427131,0,1
17,"symptomatic",115,1009.3886269839,3.63107893941834,0,1
17,"symptomatic",116,1111.69384532756,3.99910203160462,0,1
17,"symptomatic",117,1261.5769595962,4.53827733539369,0,1
17,"symptomatic",118,1476.39791091274,5.31105385696208,0,1
17,"symptomatic",119,1783.00209648093,6.41400268280804,0,1
17,"symptomatic",120,2223.11177184187,7.99721149903227,0,1
17,"symptomatic",121,2862.16528580698,10.296082016975,0,1
17,"symptomatic",122,3803.78294505154,13.6833681028939,0,1
17,"symptomatic",123,5213.17891689231,18.7533955371674,0,1
17,"symptomatic",124,7353.93577142364,26.4543512653204,0,1
17,"symptomatic",125,10641.9453850085,38.282325289723,0,1
17,"symptomatic",126,15712.5726534206,56.5229190429805,0,1
17,"symptomatic",127,23468.2058228921,84.4222984402595,0,1
17,"symptomatic",128,34997.5925073345,125.897020915963,0,1
17,"symptomatic",129,51125.8725338376,183.915366246707,0,1
17,"symptomatic",130,71309.4514316338,256.521859225397,0,1
17,"symptomatic",131,92148.5674016383,331.486519111531,0,1
17,"symptomatic",132,107278.110131226,385.912101587718,0,1
17,"symptomatic",133,110697.12981101,398.211358802271,0,1
17,"symptomatic",134,101503.542936386,365.139221088662,0,1
17,"symptomatic",135,84476.1058194986,303.886333296432,0,1
17,"symptomatic",136,65894.1947802818,237.041528406708,0,1
17,"symptomatic",137,49781.3734676716,179.078792787572,0,1
17,"symptomatic",138,37374.0564433247,134.445886949897,0,1
17,"symptomatic",139,28332.3262738656,101.920024148839,0,1
17,"symptomatic",140,21850.441742494,78.6027073291197,0,1
17,"symptomatic",141,17178.4038864039,61.795961334661,0,1
17,"symptomatic",142,13756.833048207,49.4875268247256,0,1
17,"symptomatic",143,11201.4917218037,40.2951842271543,0,1
17,"symptomatic",144,9255.13308120574,33.2935382015318,0,1
17,"symptomatic",145,7745.27545094269,27.8621195227322,0,1
17,"symptomatic",146,6554.62489767976,23.5789861164462,0,1
17,"symptomatic",147,5601.89173831265,20.1517141843259,0,1
17,"symptomatic",148,4829.62464067574,17.3736337514067,0,1
17,"symptomatic",149,4196.47188100979,15.0959900474874,0,1
17,"symptomatic",150,3672.18181206675,13.209958665131,0,1
17,"symptomatic",151,3234.30429873761,11.6347796169529,0,1
17,"symptomatic",152,2865.96491688946,10.3097504495611,0,1
17,"symptomatic",153,2554.3305368094,9.1887064789266,0,1
17,"symptomatic",154,2289.53155965556,8.23614374598212,0,1
17,"symptomatic",155,2063.89347225982,7.42445468473181,0,1
17,"symptomatic",156,1871.38304315394,6.73193592034527,0,1
18,"symptomatic",105,1562.8320636093,3.08739329301052,0,1
18,"symptomatic",106,1316.15877594827,2.60008728513999,0,1
18,"symptomatic",107,1142.32496787036,2.2566765338154,0,1
18,"symptomatic",108,1015.16309726229,2.00546674897433,0,1
18,"symptomatic",109,923.894417043841,1.82516438781238,0,1
18,"symptomatic",110,861.518027041244,1.70193908893319,0,1
18,"symptomatic",111,823.623335446346,1.62707767586454,0,1
18,"symptomatic",112,807.844210725984,1.59590582767587,0,1
18,"symptomatic",113,813.60480862886,1.60728595721326,0,1
18,"symptomatic",114,842.11218003921,1.66360260782665,0,1
18,"symptomatic",115,896.604846350016,1.7712535169702,0,1
18,"symptomatic",116,982.919232422723,1.94176861123808,0,1
18,"symptomatic",117,1110.50654260413,2.19381885700639,0,1
18,"symptomatic",118,1294.14081386996,2.55659053969356,0,1
18,"symptomatic",119,1556.73495767611,3.07534838786477,0,1
18,"symptomatic",120,1933.97476617559,3.82059010752087,0,1
18,"symptomatic",121,2481.96758828146,4.90315643245296,0,1
18,"symptomatic",122,3289.88802954591,6.49921285446247,0,1
18,"symptomatic",123,4500.7838162883,8.8913518549186,0,1
18,"symptomatic",124,6345.18347791646,12.5349852801189,0,1
18,"symptomatic",125,9192.99095772662,18.1608627609313,0,1
18,"symptomatic",126,13625.7204971139,26.9177725840045,0,1
18,"symptomatic",127,20512.5991511402,40.5228831146351,0,1
18,"symptomatic",128,31015.6005530121,61.2716870582467,0,1
18,"symptomatic",129,46317.3863900299,91.5005466166993,0,1
18,"symptomatic",130,66710.1208861445,131.786635682497,0,1
18,"symptomatic",131,89901.0935249481,177.600677415219,0,1
18,"symptomatic",132,109759.542425431,216.831278944694,0,1
18,"symptomatic",133,118438.851238883,233.977356532028,0,1
18,"symptomatic",134,112247.402418967,221.746075893671,0,1
18,"symptomatic",135,94985.9526646336,187.645877004683,0,1
18,"symptomatic",136,74195.8511398104,146.574784656789,0,1
18,"symptomatic",137,55543.5375454265,109.726917741751,0,1
18,"symptomatic",138,41105.5849801605,81.2045710656397,0,1
18,"symptomatic",139,30678.9781127825,60.6066854317498,0,1
18,"symptomatic",140,23316.7930828079,46.0626015133842,0,1
18,"symptomatic",141,18097.0763241482,35.7509890968314,0,1
18,"symptomatic",142,14332.6580977885,28.3143362057278,0,1
18,"symptomatic",143,11558.2987282333,22.8335563385783,0,1
18,"symptomatic",144,9468.43029321748,18.7049964377525,0,1
18,"symptomatic",145,7862.17674048529,15.5318234775518,0,1
18,"symptomatic",146,6605.39843682091,13.0490430202751,0,1
18,"symptomatic",147,5606.57784675364,11.0758610882557,0,1
18,"symptomatic",148,4801.86654114106,9.48614435181999,0,1
18,"symptomatic",149,4145.78242954281,8.19004240141517,0,1
18,"symptomatic",150,3605.32259432503,7.12235758149962,0,1
18,"symptomatic",151,3156.14981470147,6.23501142351897,0,1
18,"symptomatic",152,2780.05982973062,5.4920411938925,0,1
18,"symptomatic",153,2463.25865396684,4.866196710633,0,1
18,"symptomatic",154,2195.16614275588,4.33657677238607,0,1
18,"symptomatic",155,1967.57087394931,3.88695961722513,0,1
18,"symptomatic",156,1774.02567889447,3.50460878694672,0,1
19,"symptomatic",105,973.603586800189,1.42187528280001,0,1
19,"symptomatic",106,793.917519614458,1.15945720930603,0,1
19,"symptomatic",107,668.403271027913,0.976153028709325,0,1
19,"symptomatic",108,577.173649030329,0.842918983214611,0,1
19,"symptomatic",109,511.251246897897,0.746644241167934,0,1
19,"symptomatic",110,464.75121329552,0.678734416959205,0,1
19,"symptomatic",111,433.820315410139,0.63356215201041,0,1
19,"symptomatic",112,416.091497701473,0.607670538590962,0,1
19,"symptomatic",113,410.37503234194,0.599322068114988,0,1
19,"symptomatic",114,416.52426984891,0.608302569971974,0,1
19,"symptomatic",115,435.454525275866,0.635948793397612,0,1
19,"symptomatic",116,469.325588191882,0.685414949660172,0,1
19,"symptomatic",117,521.934306073778,0.762246050767668,0,1
19,"symptomatic",118,599.413749917238,0.87539898859545,0,1
19,"symptomatic",119,711.414318612001,1.03896744956427,0,1
19,"symptomatic",120,873.073634641877,1.27505880010323,0,1
19,"symptomatic",121,1108.30589814804,1.61859794245148,0,1
19,"symptomatic",122,1455.32151001757,2.12538831170704,0,1
19,"symptomatic",123,1975.91777319978,2.88568025082121,0,1
19,"symptomatic",124,2771.06282675544,4.04693018171687,0,1
19,"symptomatic",125,4006.60818826276,5.85135185201831,0,1
19,"symptomatic",126,5953.99415441991,8.69536353078663,0,1
19,"symptomatic",127,9048.92626454976,13.2152805986773,0,1
19,"symptomatic",128,13958.196228399,20.3849025195776,0,1
19,"symptomatic",129,21602.9560226355,31.5495029193077,0,1
19,"symptomatic",130,32993.9529034256,48.1852026340947,0,1
19,"symptomatic",131,48630.3055706811,71.0209272268776,0,1
19,"symptomatic",132,67364.476973696,98.3807845885703,0,1
19,"symptomatic",133,85463.2125647202,124.812635431876,0,1
19,"symptomatic",134,97523.988213649,142.426496986114,0,1
19,"symptomatic",135,99649.9789506458,145.531347585867,0,1
19,"symptomatic",136,92067.4954625538,134.457697077459,0,1
19,"symptomatic",137,78429.0377259137,114.539748731588,0,1
19,"symptomatic",138,63031.6754273758,92.0530517129778,0,1
19,"symptomatic",139,48821.9907296044,71.3008690771827,0,1
19,"symptomatic",140,37075.2221001145,54.1455913096307,0,1
19,"symptomatic",141,27948.0760716092,40.8160765909248,0,1
19,"symptomatic",142,21087.6249401591,30.7969003831565,0,1
19,"symptomatic",143,16009.0981621912,23.3800915335065,0,1
19,"symptomatic",144,12265.4093013514,17.9127137116804,0,1
19,"symptomatic",145,9498.70313810099,13.8721461114466,0,1
19,"symptomatic",146,7440.67884036884,10.8665554172252,0,1
19,"symptomatic",147,5896.40296594229,8.61125590370555,0,1
19,"symptomatic",148,4726.17467495774,6.90222493387027,0,1
19,"symptomatic",149,3830.25371379318,5.59379932072208,0,1
19,"symptomatic",150,3137.29198689293,4.58178050242238,0,1
19,"symptomatic",151,2595.98303211769,3.79123922506039,0,1
19,"symptomatic",152,2169.16741549511,3.16790691218012,0,1
19,"symptomatic",153,1829.70882638186,2.67215300993679,0,1
19,"symptomatic",154,1557.61364514157,2.27477833094031,0,1
19,"symptomatic",155,1338.01421963873,1.95406978028082,0,1
19,"symptomatic",156,1159.75051537457,1.69372896154306,0,1
20,"symptomatic",105,792.620769032199,1.07690929462733,0,1
20,"symptomatic",106,648.862472021792,0.881589348091817,0,1
20,"symptomatic",107,548.424963530441,0.745128015447689,0,1
20,"symptomatic",108,475.234498833008,0.645686397475706,0,1
20,"symptomatic",109,422.262589042102,0.573715103968421,0,1
20,"symptomatic",110,384.920498077882,0.522979561308733,0,1
20,"symptomatic",111,360.201806623284,0.489395040667185,0,1
20,"symptomatic",112,346.268855614576,0.470464771578746,0,1
20,"symptomatic",113,342.224162832951,0.464969372744116,0,1
20,"symptomatic",114,348.017211526474,0.472840208616737,0,1
20,"symptomatic",115,364.472968583211,0.495198136161542,0,1
20,"symptomatic",116,393.454076883123,0.534573870581023,0,1
20,"symptomatic",117,438.197797614894,0.595365778407369,0,1
20,"symptomatic",118,503.910173791754,0.684647149072579,0,1
20,"symptomatic",119,598.765651438921,0.813524349261614,0,1
20,"symptomatic",120,735.570100271666,0.999396317610662,0,1
20,"symptomatic",121,934.531024721626,1.26971836464638,0,1
20,"symptomatic",122,1227.89148704738,1.66829814062237,0,1
20,"symptomatic",123,1667.69405869741,2.26584427581793,0,1
20,"symptomatic",124,2338.71035995783,3.17753334568185,0,1
20,"symptomatic",125,3379.5236587049,4.5916541449148,0,1
20,"symptomatic",126,5015.21942903972,6.81402333719194,0,1
20,"symptomatic",127,7602.59287783304,10.3294075215853,0,1
20,"symptomatic",128,11676.0619628573,15.8639038285594,0,1
20,"symptomatic",129,17944.8794641892,24.3811520477169,0,1
20,"symptomatic",130,27117.7540972289,36.844052764832,0,1
20,"symptomatic",131,39374.0872388177,53.4963530752844,0,1
20,"symptomatic",132,53501.2821791072,72.6905353786147,0,1
20,"symptomatic",133,66415.2384097717,90.2363278162692,0,1
20,"symptomatic",134,74233.2716689592,100.858447512684,0,1
20,"symptomatic",135,74664.5846352787,101.444459084006,0,1
20,"symptomatic",136,68413.4988220013,92.9513023603294,0,1
20,"symptomatic",137,58238.1432451871,79.1263618276848,0,1
20,"symptomatic",138,47041.0941973349,63.9132780136519,0,1
20,"symptomatic",139,36735.6026703343,49.9115257952726,0,1
20,"symptomatic",140,28150.2135500614,38.2468234523056,0,1
20,"symptomatic",141,21399.4400530424,29.0747565460343,0,1
20,"symptomatic",142,16261.4140106983,22.0938796661694,0,1
20,"symptomatic",143,12415.368508617,16.868376738952,0,1
20,"symptomatic",144,9554.67652542002,12.9816431254331,0,1
20,"symptomatic",145,7426.27610325216,10.089851379779,0,1
20,"symptomatic",146,5835.47602128732,7.92848056905244,0,1
20,"symptomatic",147,4637.84296159855,6.3012936167012,0,1
20,"symptomatic",148,3728.19149230066,5.06537833358994,0,1
20,"symptomatic",149,3030.53936414763,4.11749999053076,0,1
20,"symptomatic",150,2490.09804917323,3.3832191111549,0,1
20,"symptomatic",151,2067.27320369722,2.80874008678053,0,1
20,"symptomatic",152,1733.3118306857,2.35499711070164,0,1
20,"symptomatic",153,1467.19515650424,1.99343262604745,0,1
20,"symptomatic",154,1253.4373081761,1.70300645673929,0,1
20,"symptomatic",155,1080.52942508537,1.46808187024114,0,1
20,"symptomatic",156,939.839220553059,1.27693044594921,0,1
21,"symptomatic",105,1002.23830044057,4.65365197086957,0,1
21,"symptomatic",106,822.856577294053,3.82073617719874,0,1
21,"symptomatic",107,697.373575181321,3.23808610302392,0,1
21,"symptomatic",108,605.981690565913,2.81372991570298,0,1
21,"symptomatic",109,539.954649441006,2.50714926524635,0,1
21,"symptomatic",110,493.587301226542,2.29185366009199,0,1
21,"symptomatic",111,463.160554132186,2.15057439395283,0,1
21,"symptomatic",112,446.428896906913,2.07288497658764,0,1
21,"symptomatic",113,442.338436537359,2.05389190981682,0,1
21,"symptomatic",114,450.917719072604,2.0937277403386,0,1
21,"symptomatic",115,473.325564114305,2.19777316765406,0,1
21,"symptomatic",116,512.072895201102,2.37768705998759,0,1
21,"symptomatic",117,571.473737318366,2.65350055251607,0,1
21,"symptomatic",118,658.435117281555,3.05728475940313,0,1
21,"symptomatic",119,783.782411654035,3.63930470739678,0,1
21,"symptomatic",120,964.461460978064,4.47824432246836,0,1
21,"symptomatic",121,1227.20363823986,5.69822429181043,0,1
21,"symptomatic",122,1614.65075505035,7.49724158935359,0,1
21,"symptomatic",123,2195.6020376342,10.1947488388641,0,1
21,"symptomatic",124,3082.03656589106,14.3106939066749,0,1
21,"symptomatic",125,4456.74871161988,20.6938383978972,0,1
21,"symptomatic",126,6615.84726928646,30.719092126247,0,1
21,"symptomatic",127,10026.4764438434,46.5555266080516,0,1
21,"symptomatic",128,15382.1147655956,71.4231422443036,0,1
21,"symptomatic",129,23586.1815397248,109.516748820493,0,1
21,"symptomatic",130,35496.0693128891,164.81744196309,0,1
21,"symptomatic",131,51197.1868626156,237.721796743804,0,1
21,"symptomatic",132,68883.4627920485,319.843755962653,0,1
21,"symptomatic",133,84377.3417561605,391.785848323381,0,1
21,"symptomatic",134,92790.0530073092,430.848245237423,0,1
21,"symptomatic",135,91697.4767829977,425.775130891906,0,1
21,"symptomatic",136,82607.341342985,383.567278041649,0,1
21,"symptomatic",137,69317.6279700868,321.859697316693,0,1
21,"symptomatic",138,55400.7470057692,257.240015052022,0,1
21,"symptomatic",139,42984.2348994946,199.586933934197,0,1
21,"symptomatic",140,32848.3520028867,152.523404833815,0,1
21,"symptomatic",141,24977.9942606606,115.979295710806,0,1
21,"symptomatic",142,19028.3530955863,88.3535710486732,0,1
21,"symptomatic",143,14586.2655664407,67.7278083176976,0,1
21,"symptomatic",144,11281.1662230367,52.3813761701826,0,1
21,"symptomatic",145,8816.61714242392,40.9378365636272,0,1
21,"symptomatic",146,6968.23822714229,32.3553345995405,0,1
21,"symptomatic",147,5570.89000913759,25.8670849628522,0,1
21,"symptomatic",148,4504.67233429036,20.9163601883673,0,1
21,"symptomatic",149,3682.98713068154,17.1010630025307,0,1
21,"symptomatic",150,3043.29998384454,14.1308299249189,0,1
21,"symptomatic",151,2540.31465998383,11.7953388120031,0,1
21,"symptomatic",152,2141.04849584669,9.94144261703468,0,1
21,"symptomatic",153,1821.32125242115,8.45686622851122,0,1
21,"symptomatic",154,1563.26479798652,7.25864328368121,0,1
21,"symptomatic",155,1353.55917498154,6.28492577022102,0,1
21,"symptomatic",156,1182.18194868671,5.48917692829539,0,1
22,"symptomatic",105,696.144504218492,3.0660756597397,0,1
22,"symptomatic",106,562.266860332187,2.4764294256379,0,1
22,"symptomatic",107,469.103469309606,2.0661036903025,0,1
22,"symptomatic",108,401.583237415175,1.76871983063402,0,1
22,"symptomatic",109,352.7837935717,1.55378918610458,0,1
22,"symptomatic",110,318.173917934878,1.40135460300634,0,1
22,"symptomatic",111,294.77237744204,1.29828563776894,0,1
22,"symptomatic",112,280.710183959207,1.23635058132736,0,1
22,"symptomatic",113,274.977337544103,1.21110102358775,0,1
22,"symptomatic",114,277.300446621097,1.22133284780345,0,1
22,"symptomatic",115,288.129639841759,1.26902858560974,0,1
22,"symptomatic",116,308.736472301948,1.35978863190422,0,1
22,"symptomatic",117,341.448843732969,1.50386591070083,0,1
22,"symptomatic",118,390.081268114412,1.71806094027658,0,1
22,"symptomatic",119,460.668666020082,2.02895372373093,0,1
22,"symptomatic",120,562.694289222785,2.47831197920227,0,1
22,"symptomatic",121,711.142461538363,3.13213216324668,0,1
22,"symptomatic",122,929.94523888524,4.09581982556592,0,1
22,"symptomatic",123,1257.78971642768,5.53976711909717,0,1
22,"symptomatic",124,1757.88088450267,7.74235199737165,0,1
22,"symptomatic",125,2534.12608800164,11.1612205081699,0,1
22,"symptomatic",126,3757.00816575234,16.5472415865559,0,1
22,"symptomatic",127,5701.69416251375,25.1123517962537,0,1
22,"symptomatic",128,8794.11859350945,38.7325229245233,0,1
22,"symptomatic",129,13637.1579623239,60.063044156682,0,1
22,"symptomatic",130,20934.1059521973,92.2014787583513,0,1
22,"symptomatic",131,31156.7318421978,137.225671623512,0,1
22,"symptomatic",132,43862.2757635408,193.185545938281,0,1
22,"symptomatic",133,57006.6714284476,251.078284250425,0,1
22,"symptomatic",134,67210.8085575996,296.021045833327,0,1
22,"symptomatic",135,71468.0595331154,314.771540183758,0,1
22,"symptomatic",136,68986.4174504512,303.841478479997,0,1
22,"symptomatic",137,61371.6729699502,270.303351603578,0,1
22,"symptomatic",138,51268.7959914577,225.806576854382,0,1
22,"symptomatic",139,40959.2731139299,180.399657792652,0,1
22,"symptomatic",140,31787.5601791749,140.004070932505,0,1
22,"symptomatic",141,24261.9734404753,106.858627443455,0,1
22,"symptomatic",142,18380.7690640873,80.9556468422631,0,1
22,"symptomatic",143,13913.9496542503,61.2821362622592,0,1
22,"symptomatic",144,10572.9042360294,46.5669471415866,0,1
22,"symptomatic",145,8090.02317443801,35.6314285203196,0,1
22,"symptomatic",146,6245.8437661941,27.5089861803379,0,1
22,"symptomatic",147,4871.2897146724,21.4549461141902,0,1
22,"symptomatic",148,3840.46943387024,16.9148356150322,0,1
22,"symptomatic",149,3061.35846271423,13.4833452126489,0,1
22,"symptomatic",150,2467.29056358577,10.8668523513065,0,1
22,"symptomatic",151,2010.11213550412,8.85327091526131,0,1
22,"symptomatic",152,1655.00372276032,7.28924325392845,0,1
22,"symptomatic",153,1376.69031863776,6.06344896985598,0,1
22,"symptomatic",154,1156.71814325237,5.09461084977877,0,1
22,"symptomatic",155,981.516495979994,4.32295855202605,0,1
22,"symptomatic",156,841.024265181868,3.70417925171935,0,1
23,"symptomatic",105,525.823837587139,0.351140265546643,0,1
23,"symptomatic",106,420.463228731432,0.280781431414065,0,1
23,"symptomatic",107,347.399419072331,0.231990099238497,0,1
23,"symptomatic",108,294.669924858906,0.196777833691152,0,1
23,"symptomatic",109,256.619572327857,0.171368162358628,0,1
23,"symptomatic",110,229.546027420816,0.153288701009803,0,1
23,"symptomatic",111,211.009474122939,0.140910163214325,0,1
23,"symptomatic",112,199.459529399502,0.133197217609106,0,1
23,"symptomatic",113,194.014623052793,0.129561159819803,0,1
23,"symptomatic",114,194.347262031776,0.129783293034507,0,1
23,"symptomatic",115,200.65352338767,0.133994555683375,0,1
23,"symptomatic",116,213.70325188519,0.142709042936288,0,1
23,"symptomatic",117,234.985162634398,0.156920904890109,0,1
23,"symptomatic",118,266.983284151133,0.178288952671926,0,1
23,"symptomatic",119,313.654426750073,0.209455507388725,0,1
23,"symptomatic",120,381.23070737804,0.254582318742968,0,1
23,"symptomatic",121,479.563224603087,0.320247858686373,0,1
23,"symptomatic",122,624.379980966323,0.416955140954768,0,1
23,"symptomatic",123,841.094749440746,0.561675246644874,0,1
23,"symptomatic",124,1171.22622194148,0.782133971854341,0,1
23,"symptomatic",125,1683.09410522114,1.12395458098531,0,1
23,"symptomatic",126,2489.09650847133,1.66219548540532,0,1
23,"symptomatic",127,3771.72570040404,2.51872332392974,0,1
23,"symptomatic",128,5816.8604035682,3.884445247156,0,1
23,"symptomatic",129,9039.18690578437,6.03628489911674,0,1
23,"symptomatic",130,13950.8486809906,9.31624692582002,0,1
23,"symptomatic",131,20975.3901861672,14.0071703742314,0,1
23,"symptomatic",132,30020.9626242639,20.047719472404,0,1
23,"symptomatic",133,39965.1440129259,26.6883512655187,0,1
23,"symptomatic",134,48617.9666946074,32.466625731195,0,1
23,"symptomatic",135,53634.3660594559,35.8165305455978,0,1
23,"symptomatic",136,53831.8928355344,35.9484370885248,0,1
23,"symptomatic",137,49725.3310055205,33.2061133131486,0,1
23,"symptomatic",138,42937.3061096332,28.6731334554523,0,1
23,"symptomatic",139,35225.875638345,23.5235119475003,0,1
23,"symptomatic",140,27865.8110091067,18.6085292791405,0,1
23,"symptomatic",141,21520.6289031935,14.3712757155971,0,1
23,"symptomatic",142,16387.8645855473,10.9436634685811,0,1
23,"symptomatic",143,12399.5240698856,8.2802867867893,0,1
23,"symptomatic",144,9375.77924386886,6.26105813023974,0,1
23,"symptomatic",145,7114.78924065898,4.75119004634205,0,1
23,"symptomatic",146,5434.59239973993,3.6291702314964,0,1
23,"symptomatic",147,4186.98493386373,2.7960295757285,0,1
23,"symptomatic",148,3257.78545551404,2.17551881100031,0,1
23,"symptomatic",149,2561.80639522897,1.71075047116082,0,1
23,"symptomatic",150,2036.64731533476,1.36005412461544,0,1
23,"symptomatic",151,1637.03387115833,1.09319598530397,0,1
23,"symptomatic",152,1330.2360683512,0.888319267578196,0,1
23,"symptomatic",153,1092.58012420587,0.729614839648753,0,1
23,"symptomatic",154,906.883013409957,0.605608037113266,0,1
23,"symptomatic",155,760.602966697613,0.507923583166776,0,1
23,"symptomatic",156,644.52097260026,0.430405107740538,0,1
24,"symptomatic",105,439.062732268824,0.837590741714622,0,1
24,"symptomatic",106,350.08823874491,0.667855971379459,0,1
24,"symptomatic",107,288.439892307883,0.550250717226269,0,1
24,"symptomatic",108,243.984947899647,0.465444954579624,0,1
24,"symptomatic",109,211.912749150716,0.404261495442199,0,1
24,"symptomatic",110,189.07022759212,0.36068529739863,0,1
24,"symptomatic",111,173.375324779752,0.330744461336731,0,1
24,"symptomatic",112,163.498931014212,0.311903472631548,0,1
24,"symptomatic",113,158.674981716068,0.302700925993742,0,1
24,"symptomatic",114,158.599532040712,0.302556992234626,0,1
24,"symptomatic",115,163.400170834402,0.311715069913259,0,1
24,"symptomatic",116,173.671915548738,0.33131026131,0,1
24,"symptomatic",117,190.590144656583,0.36358481122161,0,1
24,"symptomatic",118,216.129044562563,0.412304833538895,0,1
24,"symptomatic",119,253.440628936915,0.483483358459854,0,1
24,"symptomatic",120,307.492638356656,0.586597240221349,0,1
24,"symptomatic",121,386.13673477423,0.736624929224891,0,1
24,"symptomatic",122,501.902957676784,0.957469718317768,0,1
24,"symptomatic",123,675.025464687102,1.28773188451202,0,1
24,"symptomatic",124,938.53994383393,1.79043291518386,0,1
24,"symptomatic",125,1346.77613434915,2.56921651141731,0,1
24,"symptomatic",126,1989.08125631011,3.79452848615577,0,1
24,"symptomatic",127,3010.51873244685,5.74310328053996,0,1
24,"symptomatic",128,4638.49962048418,8.84876818737961,0,1
24,"symptomatic",129,7203.67982124626,13.742308515627,0,1
24,"symptomatic",130,11117.1683112098,21.2079882148852,0,1
24,"symptomatic",131,16727.6584497215,31.9110022744373,0,1
24,"symptomatic",132,23990.0641402022,45.765340895912,0,1
24,"symptomatic",133,32059.0210309892,61.1583202820094,0,1
24,"symptomatic",134,39239.0507179956,74.8555119338633,0,1
24,"symptomatic",135,43660.072418785,83.2894020669786,0,1
24,"symptomatic",136,44290.3064019144,84.4916861840007,0,1
24,"symptomatic",137,41399.3762363118,78.9767194977146,0,1
24,"symptomatic",138,36175.6154790557,69.0114609466177,0,1
24,"symptomatic",139,30002.592319532,57.2353144718554,0,1
24,"symptomatic",140,23949.6682823976,45.6882785674244,0,1
24,"symptomatic",141,18623.1139039601,35.5269227867496,0,1
24,"symptomatic",142,14245.9850442819,27.1767661036413,0,1
24,"symptomatic",143,10804.8342909397,20.6121551721924,0,1
24,"symptomatic",144,8174.52460865297,15.5943687015867,0,1
24,"symptomatic",145,6197.47476037925,11.8227922795448,0,1
24,"symptomatic",146,4724.23593031962,9.01232554278496,0,1
24,"symptomatic",147,3629.41429776745,6.92375733633303,0,1
24,"symptomatic",148,2814.54382358095,5.36924606786735,0,1
24,"symptomatic",149,2205.24610322153,4.20690161908272,0,1
24,"symptomatic",150,1746.61261545561,3.33197615864118,0,1
24,"symptomatic",151,1398.6260055665,2.66812942043678,0,1
24,"symptomatic",152,1132.29668901847,2.16005858364521,0,1
24,"symptomatic",153,926.649189436913,1.76774917306009,0,1
24,"symptomatic",154,766.472335970667,1.46218315790997,0,1
24,"symptomatic",155,640.682534416204,1.2222165985992,0,1
24,"symptomatic",156,541.150875546393,1.0323421459303,0,1
25,"symptomatic",105,213.445108963285,0.407739943956365,0,1
25,"symptomatic",106,170.219334828181,0.325166607847035,0,1
25,"symptomatic",107,140.267452475713,0.267950123051015,0,1
25,"symptomatic",108,118.666740175278,0.226686712211687,0,1
25,"symptomatic",109,103.081457700271,0.196914457256917,0,1
25,"symptomatic",110,91.9807518596034,0.175708999800741,0,1
25,"symptomatic",111,84.3537753169604,0.161139338293113,0,1
25,"symptomatic",112,79.5552930073953,0.151972893030064,0,1
25,"symptomatic",113,77.2135454687075,0.147499499309204,0,1
25,"symptomatic",114,77.1813220289137,0.147437943513433,0,1
25,"symptomatic",115,79.5211979401859,0.151907761901687,0,1
25,"symptomatic",116,84.5230792946007,0.161462756312341,0,1
25,"symptomatic",117,92.7592072213457,0.177196067586511,0,1
25,"symptomatic",118,105.190486224953,0.200943292476582,0,1
25,"symptomatic",119,123.350928889044,0.235634824693199,0,1
25,"symptomatic",120,149.658044761721,0.285888784616095,0,1
25,"symptomatic",121,187.93255601369,0.359003821773115,0,1
25,"symptomatic",122,244.271387788606,0.466626770933421,0,1
25,"symptomatic",123,328.519510469175,0.627564283097792,0,1
25,"symptomatic",124,456.749168925264,0.872518847793031,0,1
25,"symptomatic",125,655.38953666779,1.25197758921934,0,1
25,"symptomatic",126,967.897853259926,1.84895600728697,0,1
25,"symptomatic",127,1464.81567500743,2.79820823318406,0,1
25,"symptomatic",128,2256.69166604704,4.31091318002088,0,1
25,"symptomatic",129,3504.17297377297,6.69395189648206,0,1
25,"symptomatic",130,5406.77255148463,10.3284500068182,0,1
25,"symptomatic",131,8133.16841614759,15.5366297700367,0,1
25,"symptomatic",132,11659.9647136909,22.2737985516983,0,1
25,"symptomatic",133,15574.5715345314,29.7517940583336,0,1
25,"symptomatic",134,19052.4795837782,36.3955725921824,0,1
25,"symptomatic",135,21187.0135505884,40.4731303503686,0,1
25,"symptomatic",136,21480.9136465952,41.0345618549678,0,1
25,"symptomatic",137,20068.7707073069,38.3369733006063,0,1
25,"symptomatic",138,17529.1612722738,33.4856079367385,0,1
25,"symptomatic",139,14533.2815705585,27.7626385625022,0,1
25,"symptomatic",140,11598.6875591928,22.1567420229159,0,1
25,"symptomatic",141,9018.04164978141,17.2269854986957,0,1
25,"symptomatic",142,6898.40440359294,13.1778846494588,0,1
25,"symptomatic",143,5232.55078887424,9.99563764082974,0,1
25,"symptomatic",144,3959.45263496471,7.56366357289588,0,1
25,"symptomatic",145,3002.59229793244,5.73579231320486,0,1
25,"symptomatic",146,2289.53003133834,4.37364365573207,0,1
25,"symptomatic",147,1759.54776625734,3.36122908173886,0,1
25,"symptomatic",148,1364.99695763843,2.60752652385132,0,1
25,"symptomatic",149,1069.89958570078,2.04380788686805,0,1
25,"symptomatic",150,847.701321932459,1.6193469654811,0,1
25,"symptomatic",151,679.050874158608,1.29717737135208,0,1
25,"symptomatic",152,549.929210987833,1.05051882780184,0,1
25,"symptomatic",153,450.19159587198,0.859992046489303,0,1
25,"symptomatic",154,372.479774525681,0.711540700687149,0,1
25,"symptomatic",155,311.4308513326,0.5949201576246,0,1
25,"symptomatic",156,263.110457279507,0.502614670472178,0,1
1,"gp",105,14.3219347767623,0,515.589651963443,1
1,"gp",106,11.7550973286136,0,423.18350383009,1
1,"gp",107,9.98659620910759,0,359.517463527873,1
1,"gp",108,8.68971255255881,0,312.829651892117,1
1,"gp",109,7.74630016225216,0,278.866805841078,1
1,"gp",110,7.07970097479928,0,254.869235092774,1
1,"gp",111,6.63926458615352,0,239.013525101527,1
1,"gp",112,6.39403159101393,0,230.185137276502,1
1,"gp",113,6.329341059208,0,227.856278131488,1
1,"gp",114,6.44560908436277,0,232.04192703706,1
1,"gp",115,6.75917092525616,0,243.330153309222,1
1,"gp",116,7.30550251262663,0,262.998090454559,1
1,"gp",117,8.14564442340269,0,293.243199242497,1
1,"gp",118,9.3774021100425,0,337.58647596153,1
1,"gp",119,11.1541096911653,0,401.547948881952,1
1,"gp",120,13.7157764508381,0,493.767952230171,1
1,"gp",121,17.4408660710658,0,627.87117855837,1
1,"gp",122,22.9326813664523,0,825.576529192282,1
1,"gp",123,31.1634975086394,0,1121.88591031102,1
1,"gp",124,43.712927992504,0,1573.66540773014,1
1,"gp",125,63.1518505812568,0,2273.46662092525,1
1,"gp",126,93.6237933252311,0,3370.45655970832,1
1,"gp",127,141.606691062808,0,5097.84087826108,1
1,"gp",128,216.550287081925,0,7795.81033494931,1
1,"gp",129,330.29554138647,0,11890.6394899129,1
1,"gp",130,492.770824460876,0,17739.7496805915,1
1,"gp",131,700.961223184049,0,25234.6040346258,1
1,"gp",132,923.920184151928,0,33261.1266294694,1
1,"gp",133,1101.2757481916,0,39645.9269348975,1
1,"gp",134,1173.99972688457,0,42263.9901678445,1
1,"gp",135,1126.7043550387,0,40561.3567813933,1
1,"gp",136,993.414682242407,0,35762.9285607266,1
1,"gp",137,825.191582695791,0,29706.8969770485,1
1,"gp",138,660.56985569615,0,23780.5148050614,1
1,"gp",139,518.326292434968,0,18659.7465276588,1
1,"gp",140,403.242098623501,0,14516.7155504461,1
1,"gp",141,313.278188308331,0,11278.0147790999,1
1,"gp",142,244.118917407769,0,8788.28102667968,1
1,"gp",143,191.304481953394,0,6886.96135032218,1
1,"gp",144,151.001519680364,0,5436.05470849312,1
1,"gp",145,120.160424439293,0,4325.77527981455,1
1,"gp",146,96.4435345585881,0,3471.96724410917,1
1,"gp",147,78.0914497045208,0,2811.29218936275,1
1,"gp",148,63.7911647386722,0,2296.4819305922,1
1,"gp",149,52.5656787362013,0,1892.36443450325,1
1,"gp",150,43.6877226099072,0,1572.75801395666,1
1,"gp",151,36.6145561628853,0,1318.12402186387,1
1,"gp",152,30.9395278223845,0,1113.82300160584,1
1,"gp",153,26.3564005968576,0,948.830421486875,1
1,"gp",154,22.6331878323657,0,814.794761965164,1
1,"gp",155,19.5929930537815,0,705.347749936133,1
1,"gp",156,17.0999796255904,0,615.599266521256,1
2,"gp",105,16.5778040985843,0,596.800947549034,1
2,"gp",106,13.6176884217793,0,490.236783184055,1
2,"gp",107,11.5547400084067,0,415.970640302642,1
2,"gp",108,10.0399821774118,0,361.439358386826,1
2,"gp",109,8.93453960448387,0,321.643425761419,1
2,"gp",110,8.14903552836113,0,293.365279021001,1
2,"gp",111,7.62436316742452,0,274.477074027283,1
2,"gp",112,7.32398302126014,0,263.663388765365,1
2,"gp",113,7.2299118495406,0,260.276826583461,1
2,"gp",114,7.34121439480023,0,264.283718212808,1
2,"gp",115,7.67480177723915,0,276.292863980609,1
2,"gp",116,8.26885801351574,0,297.678888486567,1
2,"gp",117,9.1897775587312,0,330.831992114323,1
2,"gp",118,10.5443112442278,0,379.5952047922,1
2,"gp",119,12.4999274475658,0,449.997388112369,1
2,"gp",120,15.3185798034201,0,551.468872923122,1
2,"gp",121,19.4127470400654,0,698.858893442354,1
2,"gp",122,25.4387089129695,0,915.793520866902,1
2,"gp",123,34.4517221908755,0,1240.26199887152,1
2,"gp",124,48.1616799060485,0,1733.82047661775,1
2,"gp",125,69.3427231246221,0,2496.3380324864,1
2,"gp",126,102.44831068422,0,3688.13918463193,1
2,"gp",127,154.403306162586,0,5558.51902185311,1
2,"gp",128,235.224246366834,0,8468.07286920603,1
2,"gp",129,357.256542875241,0,12861.2355435087,1
2,"gp",130,530.310634763381,0,19091.1828514817,1
2,"gp",131,749.577930866197,0,26984.8055111831,1
2,"gp",132,979.793707175205,0,35272.5734583074,1
2,"gp",133,1155.15099220432,0,41585.4357193555,1
2,"gp",134,1214.64671145025,0,43727.2816122089,1
2,"gp",135,1147.65862648145,0,41315.7105533324,1
2,"gp",136,996.464671656401,0,35872.7281796304,1
2,"gp",137,817.574778851399,0,29432.6920386504,1
2,"gp",138,649.878810302535,0,23395.6371708912,1
2,"gp",139,509.522302548621,0,18342.8028917504,1
2,"gp",140,398.371429601842,0,14341.3714656663,1
2,"gp",141,312.447135918603,0,11248.0968930697,1
2,"gp",142,246.532211285894,0,8875.15960629219,1
2,"gp",143,195.941528108968,0,7053.89501192284,1
2,"gp",144,156.944098499682,0,5649.98754598857,1
2,"gp",145,126.702250925717,0,4561.28103332581,1
2,"gp",146,103.09287660592,0,3711.34355781311,1
2,"gp",147,84.533364384352,0,3043.20111783667,1
2,"gp",148,69.8419685060971,0,2514.31086621949,1
2,"gp",149,58.1327887819717,0,2092.78039615098,1
2,"gp",150,48.7385047071798,0,1754.58616945847,1
2,"gp",151,41.1538314746268,0,1481.53793308657,1
2,"gp",152,34.9940874408372,0,1259.78714787014,1
2,"gp",153,29.9647278969927,0,1078.73020429174,1
2,"gp",154,25.838857745247,0,930.198878828891,1
2,"gp",155,22.4405791406662,0,807.860849063984,1
2,"gp",156,19.6326285082473,0,706.774626296902,1
3,"gp",105,17.466445514044,0,628.792038505583,1
3,"gp",106,14.4179149342063,0,519.044937631426,1
3,"gp",107,12.2751135811736,0,441.904088922248,1
3,"gp",108,10.6949276990926,0,385.017397167333,1
3,"gp",109,9.53824847375907,0,343.376945055326,1
3,"gp",110,8.714581167799,0,313.724922040764,1
3,"gp",111,8.1639203433697,0,293.901132361309,1
3,"gp",112,7.84923624879689,0,282.572504956688,1
3,"gp",113,7.75258261844754,0,279.092974264111,1
3,"gp",114,7.87372972011735,0,283.454269924225,1
3,"gp",115,8.23116086630401,0,296.321791186944,1
3,"gp",116,8.86580088701433,0,319.168831932516,1
3,"gp",117,9.84842913544251,0,354.54344887593,1
3,"gp",118,11.2925822782901,0,406.532962018444,1
3,"gp",119,13.3761273400057,0,481.540584240204,1
3,"gp",120,16.3769805971531,0,589.57130149751,1
3,"gp",121,20.732303470126,0,746.362924924536,1
3,"gp",122,27.1368895448358,0,976.928023614088,1
3,"gp",123,36.7065655801886,0,1321.43636088679,1
3,"gp",124,51.2468125078592,0,1844.88525028293,1
3,"gp",125,73.6818036169715,0,2652.54493021097,1
3,"gp",126,108.695356300206,0,3913.03282680741,1
3,"gp",127,163.547482862994,0,5887.70938306779,1
3,"gp",128,248.685904956253,0,8952.6925784251,1
3,"gp",129,376.854976508658,0,13566.7791543117,1
3,"gp",130,557.824121210286,0,20081.6683635703,1
3,"gp",131,785.513840271826,0,28278.4982497857,1
3,"gp",132,1021.44978028019,0,36772.192090087,1
3,"gp",133,1195.51059841459,0,43038.3815429252,1
3,"gp",134,1244.48536019388,0,44801.4729669796,1
3,"gp",135,1160.41700215208,0,41775.0120774748,1
3,"gp",136,991.5863460232,0,35697.1084568352,1
3,"gp",137,799.575996895333,0,28784.735888232,1
3,"gp",138,625.043987740437,0,22501.5835586557,1
3,"gp",139,483.22507552633,0,17396.1027189479,1
3,"gp",140,374.061767159604,0,13466.2236177458,1
3,"gp",141,291.797614739352,0,10504.7141306167,1
3,"gp",142,229.995113630085,0,8279.82409068306,1
3,"gp",143,183.284856190279,0,6598.25482285006,1
3,"gp",144,147.62896735634,0,5314.64282482826,1
3,"gp",145,120.106448259267,0,4323.83213733359,1
3,"gp",146,98.6255616448961,0,3550.52021921626,1
3,"gp",147,81.6837116164892,0,2940.61361819361,1
3,"gp",148,68.1918674845096,0,2454.90722944234,1
3,"gp",149,57.3520619578156,0,2064.67423048136,1
3,"gp",150,48.5730068495952,0,1748.62824658543,1
3,"gp",151,41.4118088950162,0,1490.82512022058,1
3,"gp",152,35.5333235512457,0,1279.19964784485,1
3,"gp",153,30.6814652986619,0,1104.53275075183,1
3,"gp",154,26.6587132332165,0,959.713676395795,1
3,"gp",155,23.3113155946198,0,839.207361406313,1
3,"gp",156,20.5185165898623,0,738.666597235042,1
4,"gp",105,17.479187787563,0,629.250760352268,1
4,"gp",106,14.5196345993685,0,522.706845577266,1
4,"gp",107,12.4309578461418,0,447.514482461106,1
4,"gp",108,10.8855798879287,0,391.880875965433,1
4,"gp",109,9.75275382475102,0,351.099137691037,1
4,"gp",110,8.94721223745045,0,322.099640548216,1
4,"gp",111,8.41252795053146,0,302.851006219133,1
4,"gp",112,8.11434751367735,0,292.116510492385,1
4,"gp",113,8.03697324521148,0,289.331036827613,1
4,"gp",114,8.18236297346567,0,294.565067044764,1
4,"gp",115,8.57146557097524,0,308.572760555109,1
4,"gp",116,9.24832646634822,0,332.939752788536,1
4,"gp",117,10.2879913605823,0,370.367688980963,1
4,"gp",118,11.8101181225483,0,425.16425241174,1
4,"gp",119,14.001637885399,0,504.058963874364,1
4,"gp",120,17.154199601106,0,617.551185639817,1
4,"gp",121,21.7261532100803,0,782.14151556289,1
4,"gp",122,28.445476921701,0,1024.03716918124,1
4,"gp",123,38.4805647884977,0,1385.30033238592,1
4,"gp",124,53.7206832618396,0,1933.94459742623,1
4,"gp",125,77.2232259155156,0,2780.03613295856,1
4,"gp",126,113.880205868481,0,4099.68741126533,1
4,"gp",127,171.26285495197,0,6165.46277827092,1
4,"gp",128,260.239994722436,0,9368.63981000768,1
4,"gp",129,394.003594469335,0,14184.129400896,1
4,"gp",130,582.487179415642,0,20969.5384589631,1
4,"gp",131,818.841240433854,0,29478.2846556187,1
4,"gp",132,1062.20267396738,0,38239.2962628258,1
4,"gp",133,1238.85320022762,0,44598.7152081945,1
4,"gp",134,1283.0999385417,0,46191.5977875014,1
4,"gp",135,1187.96594777755,0,42766.7741199918,1
4,"gp",136,1005.57467638,0,36200.68834968,1
4,"gp",137,801.397462283648,0,28850.3086422113,1
4,"gp",138,618.133038777561,0,22252.7893959922,1
4,"gp",139,471.23556793253,0,16964.4804455711,1
4,"gp",140,359.914426067465,0,12956.9193384288,1
4,"gp",141,277.461016111103,0,9988.59657999971,1
4,"gp",142,216.623151799144,0,7798.4334647692,1
4,"gp",143,171.448247730104,0,6172.13691828376,1
4,"gp",144,137.524112587631,0,4950.86805315472,1
4,"gp",145,111.710043393946,0,4021.56156218206,1
4,"gp",146,91.7980929318272,0,3304.73134554578,1
4,"gp",147,76.2342897067927,0,2744.43442944454,1
4,"gp",148,63.9165631816249,0,2300.99627453849,1
4,"gp",149,54.0550802719102,0,1945.98288978877,1
4,"gp",150,46.0772013708605,0,1658.77924935098,1
4,"gp",151,39.5628356151648,0,1424.26208214593,1
4,"gp",152,34.2001786477495,0,1231.20643131898,1
4,"gp",153,29.7551063406751,0,1071.1838282643,1
4,"gp",154,26.049783090373,0,937.792191253429,1
4,"gp",155,22.9475578402724,0,826.112082249805,1
4,"gp",156,20.3422063394813,0,732.319428221325,1
5,"gp",105,16.4844915815882,0,593.441696937175,1
5,"gp",106,13.7730776054651,0,495.830793796744,1
5,"gp",107,11.858662363889,0,426.911845100005,1
5,"gp",108,10.4416630819118,0,375.899870948825,1
5,"gp",109,9.40467804602177,0,338.568409656784,1
5,"gp",110,8.67154482906127,0,312.175613846206,1
5,"gp",111,8.19230824226618,0,294.923096721583,1
5,"gp",112,7.9373020263554,0,285.742872948795,1
5,"gp",113,7.89429264704266,0,284.194535293536,1
5,"gp",114,8.06787814878967,0,290.443613356428,1
5,"gp",115,8.48112442000832,0,305.3204791203,1
5,"gp",116,9.17991688761366,0,330.477007954092,1
5,"gp",117,10.2410934884316,0,368.679365583537,1
5,"gp",118,11.7863087129199,0,424.307113665117,1
5,"gp",119,14.0050205988779,0,504.180741559604,1
5,"gp",120,17.1924092529735,0,618.926733107045,1
5,"gp",121,21.8120986846465,0,785.235552647275,1
5,"gp",122,28.6002742067441,0,1029.60987144279,1
5,"gp",123,38.7384040715283,0,1394.58254657502,1
5,"gp",124,54.1367972436013,0,1948.92470076964,1
5,"gp",125,77.8866178748831,0,2803.91824349579,1
5,"gp",126,114.93295761544,0,4137.58647415583,1
5,"gp",127,172.926266549261,0,6225.34559577338,1
5,"gp",128,262.840717389003,0,9462.2658260041,1
5,"gp",129,397.972801248384,0,14327.0208449418,1
5,"gp",130,588.266933335187,0,21177.6096000667,1
5,"gp",131,826.602346636607,0,29757.6844789179,1
5,"gp",132,1071.37484455509,0,38569.4944039834,1
5,"gp",133,1247.80415200927,0,44920.9494723337,1
5,"gp",134,1289.52780143556,0,46423.0008516802,1
5,"gp",135,1189.98235498995,0,42839.3647796381,1
5,"gp",136,1002.56759531948,0,36092.4334315014,1
5,"gp",137,794.010746081277,0,28584.386858926,1
5,"gp",138,607.664084742067,0,21875.9070507144,1
5,"gp",139,459.048271430093,0,16525.7377714833,1
5,"gp",140,347.126731337338,0,12496.5623281442,1
5,"gp",141,264.865024769616,0,9535.14089170617,1
5,"gp",142,204.721208298403,0,7369.96349874253,1
5,"gp",143,160.523049320823,0,5778.82977554964,1
5,"gp",144,127.705432793192,0,4597.39558055492,1
5,"gp",145,103.026964732835,0,3708.97073038206,1
5,"gp",146,84.2166138471212,0,3031.79809849636,1
5,"gp",147,69.6833094021873,0,2508.59913847874,1
5,"gp",148,58.3053986117609,0,2098.99435002339,1
5,"gp",149,49.2850231813042,0,1774.26083452695,1
5,"gp",150,42.0489436286416,0,1513.7619706311,1
5,"gp",151,36.1810596857753,0,1302.51814868791,1
5,"gp",152,31.3762253616711,0,1129.54411302016,1
5,"gp",153,27.4083572588928,0,986.700861320142,1
5,"gp",154,24.1081980561544,0,867.895130021559,1
5,"gp",155,21.3476682910224,0,768.516058476808,1
5,"gp",156,19.0287669645519,0,685.03561072387,1
6,"gp",105,15.4695492768466,0,556.903773966477,1
6,"gp",106,12.9729835897019,0,467.027409229269,1
6,"gp",107,11.2147729985201,0,403.731827946724,1
6,"gp",108,9.9169716083675,0,357.01097790123,1
6,"gp",109,8.97179248591714,0,322.984529493017,1
6,"gp",110,8.30987539496337,0,299.155514218681,1
6,"gp",111,7.88630273206026,0,283.906898354169,1
6,"gp",112,7.67519236037471,0,276.306924973489,1
6,"gp",113,7.66719914020236,0,276.019169047285,1
6,"gp",114,7.86918560941106,0,283.290681938798,1
6,"gp",115,8.30607931817665,0,299.018855454359,1
6,"gp",116,9.02542317727827,0,324.915234382018,1
6,"gp",117,10.1057149047478,0,363.805736570922,1
6,"gp",118,11.6705248440025,0,420.138894384089,1
6,"gp",119,13.9118432182085,0,500.826355855505,1
6,"gp",120,17.1285617638259,0,616.628223497733,1
6,"gp",121,21.7901248497845,0,784.444494592242,1
6,"gp",122,28.6422222164457,0,1031.11999979205,1
6,"gp",123,38.8822054179483,0,1399.75939504614,1
6,"gp",124,54.4472259943454,0,1960.10013579643,1
6,"gp",125,78.4738305428004,0,2825.05789954081,1
6,"gp",126,115.982815433491,0,4175.38135560566,1
6,"gp",127,174.746489241329,0,6290.87361268785,1
6,"gp",128,265.920658761022,0,9573.14371539679,1
6,"gp",129,403.030951628181,0,14509.1142586145,1
6,"gp",130,596.204167270152,0,21463.3500217255,1
6,"gp",131,838.209159437506,0,30175.5297397502,1
6,"gp",132,1086.70232385096,0,39121.2836586346,1
6,"gp",133,1265.52137621913,0,45558.7695438886,1
6,"gp",134,1307.04736475341,0,47053.7051311229,1
6,"gp",135,1204.61924830714,0,43366.2929390571,1
6,"gp",136,1012.76241268592,0,36459.4468566929,1
6,"gp",137,799.619045278463,0,28786.2856300247,1
6,"gp",138,609.451012585784,0,21940.2364530882,1
6,"gp",139,458.064533050006,0,16490.3231898002,1
6,"gp",140,344.332113267951,0,12395.9560776462,1
6,"gp",141,260.998903924064,0,9395.96054126631,1
6,"gp",142,200.305250582073,0,7210.98902095462,1
6,"gp",143,155.907850752217,0,5612.68262707981,1
6,"gp",144,123.119503057481,0,4432.3021100693,1
6,"gp",145,98.6151430287906,0,3550.14514903646,1
6,"gp",146,80.0670769638425,0,2882.41477069833,1
6,"gp",147,65.8457866831664,0,2370.44832059399,1
6,"gp",148,54.8033731262778,0,1972.921432546,1
6,"gp",149,46.1240029420517,0,1660.46410591386,1
6,"gp",150,39.2221850023963,0,1411.99866008627,1
6,"gp",151,33.6736175722366,0,1212.25023260052,1
6,"gp",152,29.1678784198814,0,1050.04362311573,1
6,"gp",153,25.4757553138981,0,917.12719130033,1
6,"gp",154,22.4264550468983,0,807.352381688337,1
6,"gp",155,19.8915467551747,0,716.095683186288,1
6,"gp",156,17.7735511182187,0,639.847840255874,1
7,"gp",105,7.40373206827605,0,266.534354457938,1
7,"gp",106,6.21462636513649,0,223.726549144913,1
7,"gp",107,5.38049538961268,0,193.697834026056,1
7,"gp",108,4.76753594061386,0,171.631293862099,1
7,"gp",109,4.32386790384577,0,155.659244538448,1
7,"gp",110,4.0163251152318,0,144.587704148345,1
7,"gp",111,3.8236656071037,0,137.651961855733,1
7,"gp",112,3.73394762340832,0,134.4221144427,1
7,"gp",113,3.74334589800829,0,134.760452328298,1
7,"gp",114,3.8560513957736,0,138.81785024785,1
7,"gp",115,4.08527087392117,0,147.069751461162,1
7,"gp",116,4.45558985140105,0,160.401234650438,1
7,"gp",117,5.00726399336915,0,180.261503761289,1
7,"gp",118,5.80346212959448,0,208.924636665401,1
7,"gp",119,6.94223549115205,0,249.920477681474,1
7,"gp",120,8.57625102095957,0,308.745036754545,1
7,"gp",121,10.9454560650977,0,394.036418343516,1
7,"gp",122,14.4313727361086,0,519.52941849991,1
7,"gp",123,19.6473152060007,0,707.303347416025,1
7,"gp",124,27.5867789001713,0,993.124040406167,1
7,"gp",125,39.8605065244967,0,1434.97823488188,1
7,"gp",126,59.0504991410103,0,2125.81796907637,1
7,"gp",127,89.159971055565,0,3209.75895800034,1
7,"gp",128,135.945711684367,0,4894.0456206372,1
7,"gp",129,206.40729627234,0,7430.66266580426,1
7,"gp",130,305.826817484984,0,11009.7654294594,1
7,"gp",131,430.56953903848,0,15500.5034053853,1
7,"gp",132,558.877010808235,0,20119.5723890965,1
7,"gp",133,651.432839204467,0,23451.5822113608,1
7,"gp",134,673.171514378951,0,24234.1745176423,1
7,"gp",135,620.449455432373,0,22336.1803955654,1
7,"gp",136,521.341898516013,0,18768.3083465765,1
7,"gp",137,411.108827858005,0,14799.9178028882,1
7,"gp",138,312.724345092192,0,11258.0764233189,1
7,"gp",139,234.425933844578,0,8439.3336184048,1
7,"gp",140,175.651050442831,0,6323.43781594192,1
7,"gp",141,132.640955570001,0,4775.07440052004,1
7,"gp",142,101.367120826173,0,3649.21634974223,1
7,"gp",143,78.5350088731859,0,2827.26031943469,1
7,"gp",144,61.7111059118926,0,2221.59981282813,1
7,"gp",145,49.170486283583,0,1770.13750620899,1
7,"gp",146,39.7068061727714,0,1429.44502221977,1
7,"gp",147,32.4763305891843,0,1169.14790121063,1
7,"gp",148,26.8850993167838,0,967.863575404217,1
7,"gp",149,22.5111081854609,0,810.399894676594,1
7,"gp",150,19.051476246071,0,685.853144858556,1
7,"gp",151,16.2866053979763,0,586.317794327145,1
7,"gp",152,14.0557141171794,0,506.005708218458,1
7,"gp",153,12.2399774052954,0,440.639186590636,1
7,"gp",154,10.7507858240529,0,387.028289665904,1
7,"gp",155,9.52148426526561,0,342.773433549562,1
7,"gp",156,8.50150369750274,0,306.054133110099,1
8,"gp",105,7.05443142119725,0,253.959531163101,1
8,"gp",106,5.91317982236338,0,212.874473605082,1
8,"gp",107,5.11528308927837,0,184.150191214021,1
8,"gp",108,4.53128847628532,0,163.126385146272,1
8,"gp",109,4.11064974359914,0,147.983390769569,1
8,"gp",110,3.82114425208871,0,137.561193075194,1
8,"gp",111,3.64224860956448,0,131.120949944321,1
8,"gp",112,3.5625528610304,0,128.251902997094,1
8,"gp",113,3.57859719224899,0,128.829498920964,1
8,"gp",114,3.69478390957793,0,133.012220744806,1
8,"gp",115,3.924382140627,0,141.277757062572,1
8,"gp",116,4.29188869749707,0,154.507993109895,1
8,"gp",117,4.83731036080295,0,174.143172988906,1
8,"gp",118,5.62339260084964,0,202.442133630587,1
8,"gp",119,6.74757478343227,0,242.912692203562,1
8,"gp",120,8.36172348145372,0,301.022045332334,1
8,"gp",121,10.7048431874251,0,385.374354747304,1
8,"gp",122,14.1575335366717,0,509.671207320181,1
8,"gp",123,19.3326373977432,0,695.974946318754,1
8,"gp",124,27.2246394472183,0,980.087020099857,1
8,"gp",125,39.4489277942187,0,1420.16140059187,1
8,"gp",126,58.6002787515982,0,2109.61003505754,1
8,"gp",127,88.7112027047515,0,3193.60329737105,1
8,"gp",128,135.597973894055,0,4881.52706018599,1
8,"gp",129,206.365937437845,0,7429.17374776242,1
8,"gp",130,306.450238406132,0,11032.2085826207,1
8,"gp",131,432.358035238175,0,15564.8892685743,1
8,"gp",132,562.300901207821,0,20242.8324434816,1
8,"gp",133,656.584829078161,0,23637.0538468138,1
8,"gp",134,679.509789115059,0,24462.3524081421,1
8,"gp",135,626.983670820863,0,22571.4121495511,1
8,"gp",136,527.149468225299,0,18977.3808561108,1
8,"gp",137,415.69731734509,0,14965.1034244232,1
8,"gp",138,316.033562615014,0,11377.2082541405,1
8,"gp",139,236.641406125733,0,8519.09062052639,1
8,"gp",140,177.030268047877,0,6373.08964972356,1
8,"gp",141,133.419645610919,0,4803.10724199308,1
8,"gp",142,101.728703912569,0,3662.23334085249,1
8,"gp",143,78.6113758755742,0,2830.00953152067,1
8,"gp",144,61.5936524675431,0,2217.37148883155,1
8,"gp",145,48.9218185153491,0,1761.18546655257,1
8,"gp",146,39.3700410403977,0,1417.32147745432,1
8,"gp",147,32.0816642153464,0,1154.93991175247,1
8,"gp",148,26.4541763331811,0,952.35034799452,1
8,"gp",149,22.0598341806828,0,794.154030504582,1
8,"gp",150,18.5917960770092,0,669.304658772332,1
8,"gp",151,15.8276198197952,0,569.794313512627,1
8,"gp",152,13.6043842939296,0,489.757834581466,1
8,"gp",153,11.8015792500614,0,424.856853002209,1
8,"gp",154,10.3292170825092,0,371.851814970331,1
8,"gp",155,9.1194882771981,0,328.301577979132,1
8,"gp",156,8.12084811870489,0,292.350532273376,1
9,"gp",105,6.81176100278631,0,245.223396100307,1
9,"gp",106,5.69508439435264,0,205.023038196695,1
9,"gp",107,4.91565269278232,0,176.963496940163,1
9,"gp",108,4.34638168280633,0,156.469740581028,1
9,"gp",109,3.93719053778096,0,141.738859360115,1
9,"gp",110,3.65613637602805,0,131.62090953701,1
9,"gp",111,3.48287289922189,0,125.383424371988,1
9,"gp",112,3.40606358520498,0,122.618289067379,1
9,"gp",113,3.42220531523878,0,123.199391348596,1
9,"gp",114,3.5355190651121,0,127.278686344036,1
9,"gp",115,3.75892224662798,0,135.321200878607,1
9,"gp",116,4.11634078366653,0,148.188268211995,1
9,"gp",117,4.64691849238179,0,167.289065725745,1
9,"gp",118,5.4121380101886,0,194.83696836679,1
9,"gp",119,6.50761847127155,0,234.274264965776,1
9,"gp",120,8.08262211252227,0,290.974396050802,1
9,"gp",121,10.3724467856471,0,373.408084283294,1
9,"gp",122,13.7524567050671,0,495.088441382415,1
9,"gp",123,18.8282108463412,0,677.815590468285,1
9,"gp",124,26.5843657239376,0,957.037166061755,1
9,"gp",125,38.6238541672537,0,1390.45875002113,1
9,"gp",126,57.5277318756556,0,2070.9983475236,1
9,"gp",127,87.3186849431093,0,3143.47265795193,1
9,"gp",128,133.820483568818,0,4817.53740847746,1
9,"gp",129,204.190627447475,0,7350.86258810912,1
9,"gp",130,304.000425258202,0,10944.0153092953,1
9,"gp",131,429.994045288238,0,15479.7856303766,1
9,"gp",132,560.628918006156,0,20182.6410482216,1
9,"gp",133,656.221442548857,0,23623.9719317589,1
9,"gp",134,680.669305918831,0,24504.0950130779,1
9,"gp",135,629.291384633556,0,22654.489846808,1
9,"gp",136,529.908733247395,0,19076.7143969062,1
9,"gp",137,418.301953540507,0,15058.8703274582,1
9,"gp",138,318.163465813634,0,11453.8847692908,1
9,"gp",139,238.224956765647,0,8576.0984435633,1
9,"gp",140,178.129058565863,0,6412.64610837108,1
9,"gp",141,134.137569254203,0,4828.9524931513,1
9,"gp",142,102.165482696153,0,3677.95737706151,1
9,"gp",143,78.8467142531338,0,2838.48171311282,1
9,"gp",144,61.6860905035713,0,2220.69925812857,1
9,"gp",145,48.9126620309299,0,1760.85583311348,1
9,"gp",146,39.2880229304015,0,1414.36882549445,1
9,"gp",147,31.9468420171086,0,1150.08631261591,1
9,"gp",148,26.2807919577921,0,946.108510480516,1
9,"gp",149,21.8582774331936,0,786.897987594968,1
9,"gp",150,18.3698996317618,0,661.316386743426,1
9,"gp",151,15.5914886417584,0,561.293591103304,1
9,"gp",152,13.3589135400728,0,480.92088744262,1
9,"gp",153,11.5507700017404,0,415.827720062653,1
9,"gp",154,10.0763651817533,0,362.749146543119,1
9,"gp",155,8.86729716277192,0,319.222697859789,1
9,"gp",156,7.87149940999784,0,283.373978759922,1
10,"gp",105,6.62274894461556,0,238.41896200616,1
10,"gp",106,5.52247400405612,0,198.80906414602,1
10,"gp",107,4.75455872317821,0,171.164114034416,1
10,"gp",108,4.19382427233542,0,150.977673804075,1
10,"gp",109,3.79054374983493,0,136.459574994057,1
10,"gp",110,3.51292696395908,0,126.465370702527,1
10,"gp",111,3.34065449001363,0,120.263561640491,1
10,"gp",112,3.26229044446109,0,117.442456000599,1
10,"gp",113,3.27408653249678,0,117.867115169884,1
10,"gp",114,3.3798361073732,0,121.674099865435,1
10,"gp",115,3.59178749653255,0,129.304349875172,1
10,"gp",116,3.93286429105459,0,141.583114477965,1
10,"gp",117,4.44073325964294,0,159.866397347146,1
10,"gp",118,5.17470729053981,0,186.289462459433,1
10,"gp",119,6.22720612983354,0,224.179420674007,1
10,"gp",120,7.74274048551859,0,278.738657478669,1
10,"gp",121,9.94949369492655,0,358.181773017356,1
10,"gp",122,13.2121006691132,0,475.635624088075,1
10,"gp",123,18.1198750972468,0,652.315503500886,1
10,"gp",124,25.6329317746479,0,922.785543887323,1
10,"gp",125,37.3176247036096,0,1343.43448932994,1
10,"gp",126,55.7023128798447,0,2005.28326367441,1
10,"gp",127,84.7392329034118,0,3050.61238452282,1
10,"gp",128,130.172842617691,0,4686.22233423688,1
10,"gp",129,199.109439522381,0,7167.93982280572,1
10,"gp",130,297.186000283245,0,10698.6960101968,1
10,"gp",131,421.461419857802,0,15172.6111148809,1
10,"gp",132,551.002780860871,0,19836.1001109913,1
10,"gp",133,646.751801316497,0,23283.0648473939,1
10,"gp",134,672.697962757354,0,24217.1266592647,1
10,"gp",135,623.53388289105,0,22447.2197840778,1
10,"gp",136,526.250343582892,0,18945.0123689841,1
10,"gp",137,416.165005581437,0,14981.9402009317,1
10,"gp",138,316.943949006856,0,11409.9821642468,1
10,"gp",139,237.493840969941,0,8549.77827491788,1
10,"gp",140,177.639488351695,0,6395.02158066103,1
10,"gp",141,133.765218651921,0,4815.54787146914,1
10,"gp",142,101.852792002806,0,3666.700512101,1
10,"gp",143,78.5680317299803,0,2828.44914227929,1
10,"gp",144,61.4296684062146,0,2211.46806262373,1
10,"gp",145,48.6724257417664,0,1752.20732670359,1
10,"gp",146,39.0601563410008,0,1406.16562827603,1
10,"gp",147,31.7285037680413,0,1142.22613564949,1
10,"gp",148,26.0696897941915,0,938.508832590893,1
10,"gp",149,21.6525500197138,0,779.491800709695,1
10,"gp",150,18.1680863743299,0,654.051109475878,1
10,"gp",151,15.3925089204101,0,554.130321134765,1
10,"gp",152,13.1620327730586,0,473.833179830109,1
10,"gp",153,11.3555505348686,0,408.79981925527,1
10,"gp",154,9.88260659392591,0,355.773837381333,1
10,"gp",155,8.67497196403409,0,312.298990705227,1
10,"gp",156,7.68068963742492,0,276.504826947297,1
11,"gp",105,6.58911478201685,0,237.208132152606,1
11,"gp",106,5.48320567179031,0,197.395404184451,1
11,"gp",107,4.71077099258435,0,169.587755733036,1
11,"gp",108,4.14622856438479,0,149.264228317852,1
11,"gp",109,3.73941104390568,0,134.618797580604,1
11,"gp",110,3.45816007866835,0,124.493762832061,1
11,"gp",111,3.28182636686884,0,118.145749207278,1
11,"gp",112,3.19864498190274,0,115.151219348499,1
11,"gp",113,3.2045016090938,0,115.362057927377,1
11,"gp",114,3.30274381017372,0,118.898777166254,1
11,"gp",115,3.50504018965914,0,126.181446827729,1
11,"gp",116,3.83352622296092,0,138.006944026593,1
11,"gp",117,4.3247642535356,0,155.691513127282,1
11,"gp",118,5.03648504884266,0,181.313461758336,1
11,"gp",119,6.0588027570631,0,218.116899254272,1
11,"gp",120,7.53282109508062,0,271.181559422902,1
11,"gp",121,9.68163270507127,0,348.538777382566,1
11,"gp",122,12.8622072267276,0,463.039460162195,1
11,"gp",123,17.6522849193886,0,635.48225709799,1
11,"gp",124,24.9945984399293,0,899.805543837454,1
11,"gp",125,36.4298866686908,0,1311.47592007287,1
11,"gp",126,54.4503955807454,0,1960.21424090683,1
11,"gp",127,82.9621579907397,0,2986.63768766663,1
11,"gp",128,127.663153556764,0,4595.87352804351,1
11,"gp",129,195.64584811238,0,7043.25053204567,1
11,"gp",130,292.638069979836,0,10534.9705192741,1
11,"gp",131,415.989610614044,0,14975.6259821056,1
11,"gp",132,545.259609309931,0,19629.3459351575,1
11,"gp",133,641.805646928523,0,23105.0032894268,1
11,"gp",134,669.508956810783,0,24102.3224451882,1
11,"gp",135,622.380532058622,0,22405.6991541104,1
11,"gp",136,526.6937366212,0,18960.9745183632,1
11,"gp",137,417.483647261196,0,15029.4113014031,1
11,"gp",138,318.535372896563,0,11467.2734242763,1
11,"gp",139,239.007688137818,0,8604.27677296146,1
11,"gp",140,178.931402811074,0,6441.53050119867,1
11,"gp",141,134.808801857632,0,4853.11686687474,1
11,"gp",142,102.673121904166,0,3696.23238854997,1
11,"gp",143,79.2051476756167,0,2851.3853163222,1
11,"gp",144,61.9225071852809,0,2229.21025867011,1
11,"gp",145,49.0534592552671,0,1765.92453318962,1
11,"gp",146,39.3547017058284,0,1416.76926140982,1
11,"gp",147,31.955694221881,0,1150.40499198772,1
11,"gp",148,26.243807971973,0,944.777086991027,1
11,"gp",149,21.7842465133058,0,784.232874479008,1
11,"gp",150,18.2653557047421,0,657.552805370715,1
11,"gp",151,15.4614255893182,0,556.611321215457,1
11,"gp",152,13.207288849807,0,475.462398593052,1
11,"gp",153,11.3808404773715,0,409.710257185373,1
11,"gp",154,9.89089843768615,0,356.072343756702,1
11,"gp",155,8.66869560467202,0,312.073041768193,1
11,"gp",156,7.66186554080848,0,275.827159469105,1
12,"gp",105,6.69203393227161,0,240.913221561778,1
12,"gp",106,5.56172075507947,0,200.221947182861,1
12,"gp",107,4.77147940505534,0,171.773258581992,1
12,"gp",108,4.1932146131582,0,150.955726073695,1
12,"gp",109,3.77558561005438,0,135.921081961958,1
12,"gp",110,3.48560502369825,0,125.481780853137,1
12,"gp",111,3.30200117727725,0,118.872042381981,1
12,"gp",112,3.21252052008457,0,115.650738723044,1
12,"gp",113,3.21264116056305,0,115.65508178027,1
12,"gp",114,3.30534109502694,0,118.99227942097,1
12,"gp",115,3.50191747200559,0,126.069028992201,1
12,"gp",116,3.82408975875161,0,137.667231315058,1
12,"gp",117,4.30790768177342,0,155.084676543843,1
12,"gp",118,5.01042278559506,0,180.375220281422,1
12,"gp",119,6.02080371412779,0,216.748933708601,1
12,"gp",120,7.47879683653349,0,269.236686115206,1
12,"gp",121,9.60551306960419,0,345.798470505751,1
12,"gp",122,12.7550137998372,0,459.180496794138,1
12,"gp",123,17.5008036259163,0,630.028930532988,1
12,"gp",124,24.7796047532215,0,892.065771115973,1
12,"gp",125,36.1241214365465,0,1300.46837171567,1
12,"gp",126,54.0172476844089,0,1944.62091663872,1
12,"gp",127,82.3579662053171,0,2964.88678339142,1
12,"gp",128,126.850272056856,0,4566.60979404683,1
12,"gp",129,194.630351569034,0,7006.69265648523,1
12,"gp",130,291.54873901917,0,10495.7546046901,1
12,"gp",131,415.188369560475,0,14946.7813041771,1
12,"gp",132,545.383908644456,0,19633.8207112004,1
12,"gp",133,643.559338761922,0,23168.1361954292,1
12,"gp",134,673.199917001379,0,24235.1970120496,1
12,"gp",135,627.620914112493,0,22594.3529080498,1
12,"gp",136,532.622097710492,0,19174.3955175777,1
12,"gp",137,423.256007917009,0,15237.2162850123,1
12,"gp",138,323.629317074096,0,11650.6554146675,1
12,"gp",139,243.236273925495,0,8756.50586131782,1
12,"gp",140,182.321515644631,0,6563.5745632067,1
12,"gp",141,137.481192372272,0,4949.32292540179,1
12,"gp",142,104.76880104857,0,3771.67683774851,1
12,"gp",143,80.8518916975557,0,2910.66810111201,1
12,"gp",144,63.2245166030514,0,2276.08259770985,1
12,"gp",145,50.0915022961879,0,1803.29408266277,1
12,"gp",146,40.189880388904,0,1446.83569400054,1
12,"gp",147,32.6337788036902,0,1174.81603693285,1
12,"gp",148,26.7990322725627,0,964.765161812258,1
12,"gp",149,22.2423064776306,0,800.723033194701,1
12,"gp",150,18.6456690024268,0,671.244084087365,1
12,"gp",151,15.7787963492745,0,568.036668573882,1
12,"gp",152,13.4731217784259,0,485.032384023332,1
12,"gp",153,11.6040230562764,0,417.744830025952,1
12,"gp",154,10.0784415549217,0,362.823895977183,1
12,"gp",155,8.82619907103659,0,317.743166557317,1
12,"gp",156,7.79385671126467,0,280.578841605528,1
13,"gp",105,120.109785769914,0,4323.95228771692,1
13,"gp",106,101.87092113077,0,3667.35316070772,1
13,"gp",107,89.0636048740447,0,3206.28977546561,1
13,"gp",108,79.6225191470772,0,2866.41068929478,1
13,"gp",109,72.8160760339977,0,2621.37873722392,1
13,"gp",110,68.178775293202,0,2454.43591055527,1
13,"gp",111,65.4165770724392,0,2354.99677460781,1
13,"gp",112,64.3777672102994,0,2317.59961957078,1
13,"gp",113,65.0426556647075,0,2341.53560392947,1
13,"gp",114,67.5292915243446,0,2431.0544948764,1
13,"gp",115,72.1178280037122,0,2596.24180813364,1
13,"gp",116,79.2998630850882,0,2854.79507106317,1
13,"gp",117,89.8644703387791,0,3235.12093219605,1
13,"gp",118,105.041372331432,0,3781.48940393154,1
13,"gp",119,126.736210852678,0,4562.50359069639,1
13,"gp",120,157.9170672721,0,5685.01442179561,1
13,"gp",121,203.251288897248,0,7317.04640030094,1
13,"gp",122,270.155002059568,0,9725.58007414444,1
13,"gp",123,370.509316963746,0,13338.3354106949,1
13,"gp",124,523.399966635363,0,18842.3987988731,1
13,"gp",125,759.248296458957,0,27332.9386725225,1
13,"gp",126,1125.25517981875,0,40509.186473475,1
13,"gp",127,1690.14638622948,0,60845.2699042614,1
13,"gp",128,2540.59973861313,0,91461.5905900729,1
13,"gp",129,3750.31832825735,0,135011.459817264,1
13,"gp",130,5293.26256426029,0,190557.452313371,1
13,"gp",131,6907.24566380318,0,248660.843896915,1
13,"gp",132,8050.75454958003,0,289827.163784881,1
13,"gp",133,8189.15944397461,0,294809.739983086,1
13,"gp",134,7276.80216194754,0,261964.877830111,1
13,"gp",135,5812.74237646532,0,209258.725552752,1
13,"gp",136,4368.15400766758,0,157253.544276033,1
13,"gp",137,3227.32017016466,0,116183.526125928,1
13,"gp",138,2414.29058104612,0,86914.4609176603,1
13,"gp",139,1851.43511033792,0,66651.6639721652,1
13,"gp",140,1456.62430968581,0,52438.4751486892,1
13,"gp",141,1171.01216203109,0,42156.4378331194,1
13,"gp",142,957.488353933386,0,34469.5807416019,1
13,"gp",143,793.348142137981,0,28560.5331169673,1
13,"gp",144,664.43392436523,0,23919.6212771483,1
13,"gp",145,561.539532992214,0,20215.4231877197,1
13,"gp",146,478.389917187325,0,17222.0370187437,1
13,"gp",147,410.52541849271,0,14778.9150657376,1
13,"gp",148,354.671726895235,0,12768.1821682285,1
13,"gp",149,308.367592638441,0,11101.2333349839,1
13,"gp",150,269.732230781634,0,9710.36030813883,1
13,"gp",151,237.311678812067,0,8543.22043723441,1
13,"gp",152,209.972272247839,0,7559.00180092221,1
13,"gp",153,186.823947689531,0,6725.66211682311,1
13,"gp",154,167.163528230262,0,6017.88701628943,1
13,"gp",155,150.432071460781,0,5415.55457258813,1
13,"gp",156,136.182508145984,0,4902.57029325544,1
14,"gp",105,105.873784306829,0,3811.45623504584,1
14,"gp",106,89.6037602035031,0,3225.73536732611,1
14,"gp",107,78.191185317511,0,2814.8826714304,1
14,"gp",108,69.8249625275435,0,2513.69865099157,1
14,"gp",109,63.8228417802512,0,2297.62230408904,1
14,"gp",110,59.7519243386231,0,2151.06927619043,1
14,"gp",111,57.3423331378956,0,2064.32399296424,1
14,"gp",112,56.455743238117,0,2032.40675657221,1
14,"gp",113,57.0733300121474,0,2054.63988043731,1
14,"gp",114,59.2995751312881,0,2134.78470472637,1
14,"gp",115,63.3833946309989,0,2281.80220671596,1
14,"gp",116,69.7618426081359,0,2511.42633389289,1
14,"gp",117,79.1367119953026,0,2848.92163183089,1
14,"gp",118,92.6023043958082,0,3333.6829582491,1
14,"gp",119,111.855762511285,0,4026.80745040626,1
14,"gp",120,139.543316255411,0,5023.55938519481,1
14,"gp",121,179.832257122819,0,6473.96125642147,1
14,"gp",122,239.357062891911,0,8616.85426410881,1
14,"gp",123,328.775081569009,0,11835.9029364843,1
14,"gp",124,465.271932753274,0,16749.7895791179,1
14,"gp",125,676.399124877471,0,24350.368495589,1
14,"gp",126,1005.30508431267,0,36190.983035256,1
14,"gp",127,1515.86030623596,0,54570.9710244945,1
14,"gp",128,2291.43243199482,0,82491.5675518134,1
14,"gp",129,3410.88332810744,0,122791.799811868,1
14,"gp",130,4874.99541613076,0,175499.834980707,1
14,"gp",131,6480.38259328869,0,233293.773358393,1
14,"gp",132,7752.27863771275,0,279082.030957659,1
14,"gp",133,8154.92325006116,0,293577.237002202,1
14,"gp",134,7530.26097364693,0,271089.39505129,1
14,"gp",135,6243.42609602127,0,224763.339456766,1
14,"gp",136,4827.01098041839,0,173772.395295062,1
14,"gp",137,3615.87732914151,0,130171.583849094,1
14,"gp",138,2699.60925386539,0,97185.9331391539,1
14,"gp",139,2040.38080171272,0,73453.7088616578,1
14,"gp",140,1570.32465594942,0,56531.687614179,1
14,"gp",141,1231.2402739761,0,44324.6498631397,1
14,"gp",142,981.877630416833,0,35347.594695006,1
14,"gp",143,794.767654172261,0,28611.6355502014,1
14,"gp",144,651.777304917637,0,23463.9829770349,1
14,"gp",145,540.754201221358,0,19467.1512439689,1
14,"gp",146,453.359643661919,0,16320.9471718291,1
14,"gp",147,383.731729347609,0,13814.3422565139,1
14,"gp",148,327.660540317956,0,11795.7794514464,1
14,"gp",149,282.068415963729,0,10154.4629746942,1
14,"gp",150,244.672733191127,0,8808.21839488057,1
14,"gp",151,213.760378957147,0,7695.37364245729,1
14,"gp",152,188.032710496263,0,6769.17757786547,1
14,"gp",153,166.496472999036,0,5993.87302796531,1
14,"gp",154,148.385626997795,0,5341.88257192062,1
14,"gp",155,133.104552824049,0,4791.76390166577,1
14,"gp",156,120.18639740622,0,4326.71030662392,1
15,"gp",105,98.6847281743091,0,3552.65021427513,1
15,"gp",106,83.085415085119,0,2991.07494306428,1
15,"gp",107,72.1532832200528,0,2597.5181959219,1
15,"gp",108,64.1458542237967,0,2309.25075205668,1
15,"gp",109,58.3909490005597,0,2102.07416402015,1
15,"gp",110,54.4595342754143,0,1960.54323391492,1
15,"gp",111,52.0811342843103,0,1874.92083423517,1
15,"gp",112,51.1113013363455,0,1840.00684810844,1
15,"gp",113,51.5178555215008,0,1854.64279877403,1
15,"gp",114,53.3821786814067,0,1921.75843253064,1
15,"gp",115,56.9164980922022,0,2048.99393131928,1
15,"gp",116,62.5015710556636,0,2250.05655800389,1
15,"gp",117,70.7537503315655,0,2547.13501193636,1
15,"gp",118,82.6375126131366,0,2974.95045407292,1
15,"gp",119,99.6512278551272,0,3587.44420278458,1
15,"gp",120,124.133554925998,0,4468.80797733594,1
15,"gp",121,159.770579658458,0,5751.7408677045,1
15,"gp",122,212.436944832079,0,7647.73001395484,1
15,"gp",123,291.584685607637,0,10497.0486818749,1
15,"gp",124,412.495652019411,0,14849.8434726988,1
15,"gp",125,599.776049015658,0,21591.9377645637,1
15,"gp",126,892.25128512216,0,32121.0462643978,1
15,"gp",127,1348.18590176897,0,48534.6924636831,1
15,"gp",128,2045.82270946866,0,73649.6175408718,1
15,"gp",129,3065.40016542446,0,110354.405955281,1
15,"gp",130,4428.41880496381,0,159423.076978697,1
15,"gp",131,5985.32517235346,0,215471.706204725,1
15,"gp",132,7335.36999385138,0,264073.31977865,1
15,"gp",133,7970.74990052674,0,286946.996418963,1
15,"gp",134,7653.51312444769,0,275526.472480117,1
15,"gp",135,6612.71097881602,0,238057.595237377,1
15,"gp",136,5305.25271356584,0,190989.09768837,1
15,"gp",137,4082.96396069646,0,146986.702585073,1
15,"gp",138,3091.95056864646,0,111310.220471273,1
15,"gp",139,2341.6349534874,0,84298.8583255465,1
15,"gp",140,1789.00398156552,0,64404.1433363586,1
15,"gp",141,1384.15443320217,0,49829.5595952781,1
15,"gp",142,1085.84298576428,0,39090.3474875139,1
15,"gp",143,863.645436228985,0,31091.2357042435,1
15,"gp",144,696.036858901198,0,25057.3269204431,1
15,"gp",145,567.956957808712,0,20446.4504811136,1
15,"gp",146,468.839545361349,0,16878.2236330086,1
15,"gp",147,391.206463395742,0,14083.4326822467,1
15,"gp",148,329.707102060629,0,11869.4556741826,1
15,"gp",149,280.469699897497,0,10096.9091963099,1
15,"gp",150,240.661895590577,0,8663.82824126078,1
15,"gp",151,208.190226332945,0,7494.84814798603,1
15,"gp",152,181.492197136208,0,6533.71909690349,1
15,"gp",153,159.390640358922,0,5738.06305292121,1
15,"gp",154,140.990536248719,0,5075.65930495388,1
15,"gp",155,125.605186971067,0,4521.78673095841,1
15,"gp",156,112.702967700934,0,4057.30683723364,1
16,"gp",105,94.6507774976109,0,3407.42798991399,1
16,"gp",106,79.2896459324105,0,2854.42725356678,1
16,"gp",107,68.5283099915104,0,2467.01915969437,1
16,"gp",108,60.6486434754836,0,2183.35116511741,1
16,"gp",109,54.9728043251459,0,1979.02095570525,1
16,"gp",110,51.0658851330551,0,1838.37186478998,1
16,"gp",111,48.6508148694696,0,1751.42933530091,1
16,"gp",112,47.5741872430731,0,1712.67074075063,1
16,"gp",113,47.7907035156977,0,1720.46532656512,1
16,"gp",114,49.3622275165204,0,1777.04019059473,1
16,"gp",115,52.4719228522532,0,1888.98922268112,1
16,"gp",116,57.4572058065818,0,2068.45940903695,1
16,"gp",117,64.869440355034,0,2335.29985278123,1
16,"gp",118,75.5747500162558,0,2720.69100058521,1
16,"gp",119,90.9209052167747,0,3273.15258780389,1
16,"gp",120,113.013003429489,0,4068.46812346161,1
16,"gp",121,145.170420881434,0,5226.13515173164,1
16,"gp",122,192.686222003269,0,6936.70399211768,1
16,"gp",123,264.085204623635,0,9507.06736645085,1
16,"gp",124,373.176031445339,0,13434.3371320322,1
16,"gp",125,542.269520670461,0,19521.7027441366,1
16,"gp",126,806.790184470115,0,29044.4466409241,1
16,"gp",127,1220.52587629786,0,43938.9315467229,1
16,"gp",128,1857.47028106433,0,66868.930118316,1
16,"gp",129,2798.48457007076,0,100745.444522547,1
16,"gp",130,4080.79068781922,0,146908.464761492,1
16,"gp",131,5597.40050017249,0,201506.41800621,1
16,"gp",132,7008.64660535102,0,252311.277792637,1
16,"gp",133,7834.2838370655,0,282034.218134358,1
16,"gp",134,7776.17892011316,0,279942.441124074,1
16,"gp",135,6950.34493576773,0,250212.417687638,1
16,"gp",136,5744.10021688727,0,206787.607807942,1
16,"gp",137,4517.63401773043,0,162634.824638295,1
16,"gp",138,3463.32767990974,0,124679.796476751,1
16,"gp",139,2632.21424920724,0,94759.7129714606,1
16,"gp",140,2004.47811599478,0,72161.2121758119,1
16,"gp",141,1538.70039422637,0,55393.2141921494,1
16,"gp",142,1194.32481649113,0,42995.6933936807,1
16,"gp",143,938.613304217045,0,33790.0789518136,1
16,"gp",144,747.123909918824,0,26896.4607570777,1
16,"gp",145,602.208931473204,0,21679.5215330353,1
16,"gp",146,491.282258491082,0,17686.161305679,1
16,"gp",147,405.381208750196,0,14593.723515007,1
16,"gp",148,338.097070769732,0,12171.4945477104,1
16,"gp",149,284.815210215145,0,10253.3475677452,1
16,"gp",150,242.18488653715,0,8718.65591533741,1
16,"gp",151,207.751122648495,0,7479.04041534583,1
16,"gp",152,179.698554956807,0,6469.14797844504,1
16,"gp",153,156.672195084722,0,5640.19902304998,1
16,"gp",154,137.651111152573,0,4955.44000149264,1
16,"gp",155,121.858743176852,0,4386.91475436668,1
16,"gp",156,108.698789975025,0,3913.15643910089,1
17,"gp",105,47.0678242596692,0,1694.44167334809,1
17,"gp",106,39.8715392695151,0,1435.37541370254,1
17,"gp",107,34.8147013650713,0,1253.32924914257,1
17,"gp",108,31.1245204159286,0,1120.48273497343,1
17,"gp",109,28.4921636520617,0,1025.71789147422,1
17,"gp",110,26.7197440116591,0,961.910784419728,1
17,"gp",111,25.6853519782515,0,924.672671217052,1
17,"gp",112,25.3277916311373,0,911.800498720942,1
17,"gp",113,25.6401757505249,0,923.046327018896,1
17,"gp",114,26.6710970668611,0,960.159494406999,1
17,"gp",115,28.5338472156096,0,1027.21849976195,1
17,"gp",116,31.4258566870263,0,1131.33084073295,1
17,"gp",117,35.6628193081727,0,1283.86149509422,1
17,"gp",118,41.7354736255626,0,1502.47705052025,1
17,"gp",119,50.4026972823323,0,1814.49710216396,1
17,"gp",120,62.8439135781655,0,2262.38088881396,1
17,"gp",121,80.9089628987278,0,2912.7226643542,1
17,"gp",122,107.527030218039,0,3870.9730878494,1
17,"gp",123,147.368463192141,0,5305.26467491708,1
17,"gp",124,207.884331292902,0,7483.83592654448,1
17,"gp",125,300.831251289239,0,10829.9250464126,1
17,"gp",126,444.170001000042,0,15990.1200360015,1
17,"gp",127,663.409693227666,0,23882.748956196,1
17,"gp",128,989.327530370892,0,35615.7910933521,1
17,"gp",129,1445.24893251896,0,52028.9615706825,1
17,"gp",130,2015.80732909489,0,72569.0638474161,1
17,"gp",131,2604.89673955639,0,93776.2826240299,1
17,"gp",132,3032.58539103055,0,109173.0740771,1
17,"gp",133,3129.23576192052,0,112652.487429139,1
17,"gp",134,2869.34735399599,0,103296.504743856,1
17,"gp",135,2388.00817879801,0,85968.2944367284,1
17,"gp",136,1862.72644251437,0,67058.1519305174,1
17,"gp",137,1407.24203417482,0,50660.7132302934,1
17,"gp",138,1056.50647121706,0,38034.2329638143,1
17,"gp",139,800.910816260049,0,28832.7893853618,1
17,"gp",140,617.678017768916,0,22236.408639681,1
17,"gp",141,485.606771068269,0,17481.8437584577,1
17,"gp",142,388.884282896174,0,13999.8341842623,1
17,"gp",143,316.648756318871,0,11399.3552274794,1
17,"gp",144,261.628223500354,0,9418.61604601275,1
17,"gp",145,218.94689562768,0,7882.08824259647,1
17,"gp",146,185.289055559181,0,6670.40600013052,1
17,"gp",147,158.356770332373,0,5700.84373196544,1
17,"gp",148,136.525980104968,0,4914.93528377886,1
17,"gp",149,118.6277359347,0,4270.5984936492,1
17,"gp",150,103.806870785284,0,3737.04734827024,1
17,"gp",151,91.4287542398084,0,3291.4351526331,1
17,"gp",152,81.0163725622457,0,2916.58941224084,1
17,"gp",153,72.206953126933,0,2599.45031256959,1
17,"gp",154,64.7214977186088,0,2329.97391786992,1
17,"gp",155,58.343059781369,0,2100.35015212929,1
17,"gp",156,52.9010892413087,0,1904.43921268711,1
18,"gp",105,46.3182366055108,0,1667.45651779839,1
18,"gp",106,39.0074884015381,0,1404.26958245537,1
18,"gp",107,33.8555110137727,0,1218.79839649582,1
18,"gp",108,30.08676723946,0,1083.12362062056,1
18,"gp",109,27.3818033322902,0,985.744919962448,1
18,"gp",110,25.5331310033738,0,919.192716121456,1
18,"gp",111,24.4100318987062,0,878.761148353424,1
18,"gp",112,23.942380095775,0,861.9256834479,1
18,"gp",113,24.1131090837882,0,868.071927016376,1
18,"gp",114,24.9579926798775,0,898.487736475589,1
18,"gp",115,26.5730121501205,0,956.628437404336,1
18,"gp",116,29.1311437943753,0,1048.72117659751,1
18,"gp",117,32.9124964799575,0,1184.84987327847,1
18,"gp",118,38.3549338495416,0,1380.7776185835,1
18,"gp",119,46.1375344035287,0,1660.95123852703,1
18,"gp",120,57.3179312701909,0,2063.44552572687,1
18,"gp",121,73.5589988701237,0,2648.12395932445,1
18,"gp",122,97.5036382387917,0,3510.1309765965,1
18,"gp",123,133.391408179613,0,4802.09069446608,1
18,"gp",124,188.054568676283,0,6769.9644723462,1
18,"gp",125,272.456100823096,0,9808.41962963147,1
18,"gp",126,403.830559022661,0,14537.9001248158,1
18,"gp",127,607.939549616275,0,21885.8237861859,1
18,"gp",128,919.220918438724,0,33091.9530637941,1
18,"gp",129,1372.72565089796,0,49418.1234323264,1
18,"gp",130,1977.11272703907,0,71176.0581734064,1
18,"gp",131,2664.43223039971,0,95919.5602943894,1
18,"gp",132,3252.98448512294,0,117107.441464426,1
18,"gp",133,3510.21639669847,0,126367.790281145,1
18,"gp",134,3326.71811940469,0,119761.852298569,1
18,"gp",135,2815.13409672418,0,101344.82748207,1
18,"gp",136,2198.9701057862,0,79162.923808303,1
18,"gp",137,1646.16453286391,0,59261.9231831007,1
18,"gp",138,1218.26154917883,0,43857.4157704378,1
18,"gp",139,909.244313660555,0,32732.79529178,1
18,"gp",140,691.048490774518,0,24877.7456678827,1
18,"gp",141,536.349798911878,0,19308.5927608276,1
18,"gp",142,424.782332291092,0,15292.1639624793,1
18,"gp",143,342.55760917465,0,12332.0739302874,1
18,"gp",144,280.619399112656,0,10102.2983680556,1
18,"gp",145,233.014263643352,0,8388.51349116068,1
18,"gp",146,195.766656440208,0,7047.59963184748,1
18,"gp",147,166.16423818015,0,5981.91257448539,1
18,"gp",148,142.314709161393,0,5123.32952981016,1
18,"gp",149,122.870099710559,0,4423.32358958012,1
18,"gp",150,106.852290051868,0,3846.68244186726,1
18,"gp",151,93.5399888982108,0,3367.43960033559,1
18,"gp",152,82.3936697802039,0,2966.17211208734,1
18,"gp",153,73.0045152078037,0,2628.16254748093,1
18,"gp",154,65.0589574888527,0,2342.1224695987,1
18,"gp",155,58.3136316433288,0,2099.29073915984,1
18,"gp",156,52.5774605299038,0,1892.78857907654,1
19,"gp",105,45.0070989611715,0,1620.25556260217,1
19,"gp",106,36.7006909760172,0,1321.22487513662,1
19,"gp",107,30.8985017855094,0,1112.34606427834,1
19,"gp",108,26.6811995065294,0,960.52318223506,1
19,"gp",109,23.6337825528967,0,850.816171904283,1
19,"gp",110,21.4842099317459,0,773.431557542851,1
19,"gp",111,20.0543569597981,0,721.956850552732,1
19,"gp",112,19.234800968123,0,692.452834852427,1
19,"gp",113,18.9705440101241,0,682.939584364467,1
19,"gp",114,19.2548068710709,0,693.173047358554,1
19,"gp",115,20.1299021263806,0,724.676476549701,1
19,"gp",116,21.6956710915416,0,781.044159295498,1
19,"gp",117,24.1276319060171,0,868.594748616615,1
19,"gp",118,27.7093000960242,0,997.534803456873,1
19,"gp",119,32.8867878819102,0,1183.92436374877,1
19,"gp",120,40.3598672061805,0,1452.9552194225,1
19,"gp",121,51.2340278050312,0,1844.42500098112,1
19,"gp",122,67.2756346727847,0,2421.92284822025,1
19,"gp",123,91.3414124220878,0,3288.29084719516,1
19,"gp",124,128.098849020573,0,4611.55856474063,1
19,"gp",125,185.214818096998,0,6667.73345149194,1
19,"gp",126,275.237281122721,0,9908.54212041797,1
19,"gp",127,418.307743934511,0,15059.0787816424,1
19,"gp",128,645.250210134994,0,23229.0075648598,1
19,"gp",129,998.647080543399,0,35951.2948995624,1
19,"gp",130,1525.22250696008,0,54908.0102505628,1
19,"gp",131,2248.04941662652,0,80929.7789985548,1
19,"gp",132,3114.08023011415,0,112106.888284109,1
19,"gp",133,3950.73653958241,0,142226.515424967,1
19,"gp",134,4508.27405335004,0,162297.865920601,1
19,"gp",135,4606.55293891272,0,165835.905800858,1
19,"gp",136,4256.03493615803,0,153217.257701689,1
19,"gp",137,3625.56538432729,0,130520.353835782,1
19,"gp",138,2913.78636244748,0,104896.309048109,1
19,"gp",139,2256.91051064262,0,81248.7783831343,1
19,"gp",140,1713.88870448946,0,61699.9933616206,1
19,"gp",141,1291.96506933927,0,46510.7424962137,1
19,"gp",142,974.82469806532,0,35093.6891303515,1
19,"gp",143,740.057940452841,0,26642.0858563023,1
19,"gp",144,566.997182127769,0,20411.8985565997,1
19,"gp",145,439.099730049617,0,15807.5902817862,1
19,"gp",146,343.962751829408,0,12382.6590658587,1
19,"gp",147,272.574993971929,0,9812.69978298945,1
19,"gp",148,218.478458982157,0,7865.22452335764,1
19,"gp",149,177.062420763722,0,6374.24714749401,1
19,"gp",150,145.028647016641,0,5221.03129259909,1
19,"gp",151,120.005376738635,0,4320.19356259085,1
19,"gp",152,100.274828334803,0,3609.89382005289,1
19,"gp",153,84.5825624880301,0,3044.97224956908,1
19,"gp",154,72.0043274496944,0,2592.155788189,1
19,"gp",155,61.852831286964,0,2226.7019263307,1
19,"gp",156,53.6121753487803,0,1930.03831255609,1
20,"gp",105,58.430030467774,0,2103.48109683987,1
20,"gp",106,47.8325265888766,0,1721.97095719956,1
20,"gp",107,40.4285234255195,0,1455.4268433187,1
20,"gp",108,35.0331045199018,0,1261.19176271646,1
20,"gp",109,31.1281471633112,0,1120.6132978792,1
20,"gp",110,28.3753811521027,0,1021.5137214757,1
20,"gp",111,26.5531807364118,0,955.914506510826,1
20,"gp",112,25.5260782635119,0,918.938817486429,1
20,"gp",113,25.2279135778304,0,908.204888801895,1
20,"gp",114,25.6549627101376,0,923.578657564953,1
20,"gp",115,26.8680401662954,0,967.249445986635,1
20,"gp",116,29.0044553437848,0,1044.16039237625,1
20,"gp",117,32.3028510807412,0,1162.90263890668,1
20,"gp",118,37.1470039116239,0,1337.29214081846,1
20,"gp",119,44.1395136533591,0,1589.02249152093,1
20,"gp",120,54.2243971509042,0,1952.07829743255,1
20,"gp",121,68.8913013397791,0,2480.08684823205,1
20,"gp",122,90.517104525158,0,3258.61576290569,1
20,"gp",123,122.938255553908,0,4425.77719994069,1
20,"gp",124,172.403907299183,0,6206.5406627706,1
20,"gp",125,249.130073371404,0,8968.68264137055,1
20,"gp",126,369.709494742572,0,13309.5418107326,1
20,"gp",127,560.444226093476,0,20175.9921393651,1
20,"gp",128,860.730229244921,0,30986.2882528172,1
20,"gp",129,1322.85185399994,0,47622.666743998,1
20,"gp",130,1999.05334306768,0,71965.9203504363,1
20,"gp",131,2902.55971946586,0,104492.149900771,1
20,"gp",132,3943.98137157975,0,141983.329376871,1
20,"gp",133,4895.96608545315,0,176254.779076313,1
20,"gp",134,5472.29204028545,0,197002.513450276,1
20,"gp",135,5504.08735873764,0,198147.144914555,1
20,"gp",136,5043.27286989646,0,181557.823316273,1
20,"gp",137,4293.17098056591,0,154554.155300373,1
20,"gp",138,3467.75239127761,0,124839.086085994,1
20,"gp",139,2708.05720357357,0,97490.0593286487,1
20,"gp",140,2075.16368440961,0,74705.8926387459,1
20,"gp",141,1577.51346311464,0,56790.484672127,1
20,"gp",142,1198.75097047273,0,43155.0349370183,1
20,"gp",143,915.230067858166,0,32948.282442894,1
20,"gp",144,704.346974369199,0,25356.4910772912,1
20,"gp",145,547.446592277597,0,19708.0773219935,1
20,"gp",146,430.176769319467,0,15486.3636955008,1
20,"gp",147,341.890240753893,0,12308.0486671401,1
20,"gp",148,274.832998321262,0,9893.98793956543,1
20,"gp",149,223.403819707052,0,8042.53750945388,1
20,"gp",150,183.563830983876,0,6608.29791541955,1
20,"gp",151,152.394235675566,0,5486.19248432039,1
20,"gp",152,127.775434399454,0,4599.91563838036,1
20,"gp",153,108.157975473426,0,3893.68711704335,1
20,"gp",154,92.400278881916,0,3326.41003974898,1
20,"gp",155,79.6539400628549,0,2867.54184226277,1
20,"gp",156,69.2826083257647,0,2494.17389972753,1
21,"gp",105,58.1725528073916,0,2094.2119010661,1
21,"gp",106,47.7607647547554,0,1719.38753117119,1
21,"gp",107,40.4774005452414,0,1457.18641962869,1
21,"gp",108,35.1727746577456,0,1266.21988767884,1
21,"gp",109,31.3403911468919,0,1128.25408128811,1
21,"gp",110,28.6491080345234,0,1031.36788924284,1
21,"gp",111,26.8830594297898,0,967.790139472433,1
21,"gp",112,25.9119099406269,0,932.82875786257,1
21,"gp",113,25.6744888385299,0,924.281598187078,1
21,"gp",114,26.1724530114334,0,942.208308411602,1
21,"gp",115,27.4730634036078,0,989.03028252988,1
21,"gp",116,29.7220606359041,0,1069.99418289255,1
21,"gp",117,33.1698420900264,0,1194.11431524095,1
21,"gp",118,38.2173098089197,0,1375.82315312111,1
21,"gp",119,45.4927971834707,0,1637.74069860494,1
21,"gp",120,55.9798854671364,0,2015.27587681691,1
21,"gp",121,71.2301340105939,0,2564.28482438138,1
21,"gp",122,93.7185859614141,0,3373.86909461091,1
21,"gp",123,127.438529760983,0,4587.78707139538,1
21,"gp",124,178.889526377905,0,6440.02294960457,1
21,"gp",125,258.681442988175,0,9312.53194757429,1
21,"gp",126,384.001214550497,0,13824.0437238179,1
21,"gp",127,581.963122088984,0,20950.6723952034,1
21,"gp",128,892.8184874771,0,32141.4655491756,1
21,"gp",129,1369.00414855552,0,49284.1493479986,1
21,"gp",130,2060.28542877595,0,74170.2754359341,1
21,"gp",131,2971.61967871932,0,106978.308433896,1
21,"gp",132,3998.17775379864,0,143934.399136751,1
21,"gp",133,4897.48332996245,0,176309.399878648,1
21,"gp",134,5385.77926646343,0,193888.053592684,1
21,"gp",135,5322.36326242834,0,191605.07744742,1
21,"gp",136,4794.74784034955,0,172610.922252584,1
21,"gp",137,4023.37784516959,0,144841.602426105,1
21,"gp",138,3215.60538980137,0,115761.794032849,1
21,"gp",139,2494.91829785092,0,89817.058722633,1
21,"gp",140,1906.60493685357,0,68637.7777267285,1
21,"gp",141,1449.78862762706,0,52192.3905945741,1
21,"gp",142,1104.45577145086,0,39760.407772231,1
21,"gp",143,846.625302139635,0,30478.5108770269,1
21,"gp",144,654.788624172599,0,23572.3904702136,1
21,"gp",145,511.739699106244,0,18422.6291678248,1
21,"gp",146,404.454914629315,0,14560.3769266554,1
21,"gp",147,323.349140716604,0,11640.5690657977,1
21,"gp",148,261.463056372232,0,9412.67002940035,1
21,"gp",149,213.770281233849,0,7695.73012441858,1
21,"gp",150,176.64115304824,0,6359.08150973664,1
21,"gp",151,147.446559007314,0,5308.07612426331,1
21,"gp",152,124.272098395239,0,4473.79554222862,1
21,"gp",153,105.714286401866,0,3805.71431046719,1
21,"gp",154,90.7360095626279,0,3266.49634425461,1
21,"gp",155,78.5641424299294,0,2828.30912747746,1
21,"gp",156,68.6169564740166,0,2470.2104330646,1
22,"gp",105,86.4003621313059,0,3110.41303672701,1
22,"gp",106,69.7844485631191,0,2512.24014827229,1
22,"gp",107,58.2216901516771,0,2095.98084546037,1
22,"gp",108,49.8415730186434,0,1794.29662867116,1
22,"gp",109,43.7849431173331,0,1576.25795222399,1
22,"gp",110,39.4894185958865,0,1421.61906945191,1
22,"gp",111,36.5849906204312,0,1317.05966233552,1
22,"gp",112,34.8396940592794,0,1254.22898613406,1
22,"gp",113,34.1281751098276,0,1228.61430395379,1
22,"gp",114,34.4165024101317,0,1238.99408676474,1
22,"gp",115,35.7605426348052,0,1287.37953485299,1
22,"gp",116,38.3181118982992,0,1379.45202833877,1
22,"gp",117,42.3781320818772,0,1525.61275494758,1
22,"gp",118,48.4140327496519,0,1742.90517898747,1
22,"gp",119,57.1748240853575,0,2058.29366707287,1
22,"gp",120,69.8374979094965,0,2514.14992474187,1
22,"gp",121,88.2617988528692,0,3177.42475870329,1
22,"gp",122,115.41799858374,0,4155.04794901465,1
22,"gp",123,156.107656278036,0,5619.87562600928,1
22,"gp",124,218.175312861569,0,7854.31126301648,1
22,"gp",125,314.517187685808,0,11322.6187566891,1
22,"gp",126,466.292363272604,0,16786.5250778137,1
22,"gp",127,707.652559803194,0,25475.492152915,1
22,"gp",128,1091.461652718,0,39292.619497848,1
22,"gp",129,1692.54426235735,0,60931.5934448644,1
22,"gp",130,2598.18805464173,0,93534.7699671023,1
22,"gp",131,3866.94558052416,0,139210.04089887,1
22,"gp",132,5443.86472479238,0,195979.130092526,1
22,"gp",133,7075.25093636645,0,254709.033709192,1
22,"gp",134,8341.71377253577,0,300301.695811288,1
22,"gp",135,8870.09261304871,0,319323.334069754,1
22,"gp",136,8562.08935607669,0,308235.216818761,1
22,"gp",137,7617.00298871213,0,274212.107593637,1
22,"gp",138,6363.10782151589,0,229071.881574572,1
22,"gp",139,5083.5652773722,0,183008.349985399,1
22,"gp",140,3945.23937789989,0,142028.617604396,1
22,"gp",141,3011.21861707503,0,108403.870214701,1
22,"gp",142,2281.28656301308,0,82126.3162684709,1
22,"gp",143,1726.89762185736,0,62168.314386865,1
22,"gp",144,1312.23151118327,0,47240.3344025976,1
22,"gp",145,1004.07448121248,0,36146.6813236493,1
22,"gp",146,775.188427035772,0,27906.7833732878,1
22,"gp",147,604.588835857711,0,21765.1980908776,1
22,"gp",148,476.650965180149,0,17159.4347464853,1
22,"gp",149,379.953412243316,0,13678.3228407594,1
22,"gp",150,306.222051434967,0,11023.9938516588,1
22,"gp",151,249.480410144241,0,8981.29476519268,1
22,"gp",152,205.406952304649,0,7394.65028296735,1
22,"gp",153,170.864729021308,0,6151.13024476707,1
22,"gp",154,143.563392162454,0,5168.28211784835,1
22,"gp",155,121.818645664271,0,4385.47124391375,1
22,"gp",156,104.381777967929,0,3757.74400684546,1
23,"gp",105,78.627254376601,0,2830.58115755764,1
23,"gp",106,62.872519042073,0,2263.41068551463,1
23,"gp",107,51.9471742076679,0,1870.09827147604,1
23,"gp",108,44.0624511154376,0,1586.24824015575,1
23,"gp",109,38.372722857193,0,1381.41802285895,1
23,"gp",110,34.3243736761244,0,1235.67745234048,1
23,"gp",111,31.5525740975706,0,1135.89266751254,1
23,"gp",112,29.825492940557,0,1073.71774586005,1
23,"gp",113,29.0113076454514,0,1044.40707523625,1
23,"gp",114,29.061047668148,0,1046.19771605333,1
23,"gp",115,30.0040327143766,0,1080.14517771756,1
23,"gp",116,31.9553788664043,0,1150.39363919056,1
23,"gp",117,35.1376960047383,0,1264.95705617058,1
23,"gp",118,39.9224247679199,0,1437.20729164512,1
23,"gp",119,46.9012331422461,0,1688.44439312086,1
23,"gp",120,57.0060192454042,0,2052.21669283455,1
23,"gp",121,71.7098331326244,0,2581.55399277448,1
23,"gp",122,93.3645074296592,0,3361.12226746773,1
23,"gp",123,125.770203044744,0,4527.72730961079,1
23,"gp",124,175.135274406187,0,6304.86987862272,1
23,"gp",125,251.67567327917,0,9060.32423805011,1
23,"gp",126,372.198463343822,0,13399.1446803776,1
23,"gp",127,563.991996721309,0,20303.7118819671,1
23,"gp",128,869.804162403993,0,31312.9498465438,1
23,"gp",129,1351.64364449523,0,48659.1712018283,1
23,"gp",130,2086.0920513668,0,75099.3138492046,1
23,"gp",131,3136.4826429021,0,112913.375144475,1
23,"gp",132,4489.08112595268,0,161606.920534296,1
23,"gp",133,5976.04999978928,0,215137.799992414,1
23,"gp",134,7269.92000231735,0,261717.120083425,1
23,"gp",135,8020.0299834937,0,288721.079405773,1
23,"gp",136,8049.56646883103,0,289784.392877917,1
23,"gp",137,7435.50590607035,0,267678.212618532,1
23,"gp",138,6420.48201013451,0,231137.352364842,1
23,"gp",139,5267.37984562306,0,189625.67444243,1
23,"gp",140,4166.81796070196,0,150005.446585271,1
23,"gp",141,3218.01303432808,0,115848.469235811,1
23,"gp",142,2450.50282119167,0,88218.1015629002,1
23,"gp",143,1854.12007501489,0,66748.3227005361,1
23,"gp",144,1401.974819113,0,50471.093488068,1
23,"gp",145,1063.88547546305,0,38299.8771166697,1
23,"gp",146,812.643034610771,0,29255.1492459878,1
23,"gp",147,626.086354275148,0,22539.1087539053,1
23,"gp",148,487.141714400965,0,17537.1017184348,1
23,"gp",149,383.070885537576,0,13790.5518793527,1
23,"gp",150,304.54303341033,0,10963.5492027719,1
23,"gp",151,244.788215006223,0,8812.37574022404,1
23,"gp",152,198.912263481867,0,7160.84148534722,1
23,"gp",153,163.375201373438,0,5881.50724944378,1
23,"gp",154,135.60762424238,0,4881.87447272569,1
23,"gp",155,113.734141868796,0,4094.42910727667,1
23,"gp",156,96.3762211622762,0,3469.54396184194,1
24,"gp",105,126.600731568183,0,4557.62633645458,1
24,"gp",106,100.945545775417,0,3634.03964791502,1
24,"gp",107,83.1696673296058,0,2994.10802386581,1
24,"gp",108,70.3513885956691,0,2532.64998944409,1
24,"gp",109,61.1035897591948,0,2199.72923133101,1
24,"gp",110,54.5171051235332,0,1962.6157844472,1
24,"gp",111,49.9915873970122,0,1799.69714629244,1
24,"gp",112,47.1437969013088,0,1697.17668844712,1
24,"gp",113,45.7528441619654,0,1647.10238983075,1
24,"gp",114,45.7310887648556,0,1646.3191955348,1
24,"gp",115,47.1153200799007,0,1696.15152287642,1
24,"gp",116,50.0771073138041,0,1802.77586329695,1
24,"gp",117,54.9553627986716,0,1978.39306075218,1
24,"gp",118,62.319329662441,0,2243.49586784788,1
24,"gp",119,73.077869457772,0,2630.80330047979,1
24,"gp",120,88.6633961543984,0,3191.88226155834,1
24,"gp",121,111.339882697756,0,4008.2357771192,1
24,"gp",122,144.720280151701,0,5209.93008546125,1
24,"gp",123,194.638969276527,0,7007.00289395498,1
24,"gp",124,270.621564443295,0,9742.37631995862,1
24,"gp",125,388.333673837703,0,13980.0122581573,1
24,"gp",126,573.537956401272,0,20647.3664304458,1
24,"gp",127,868.062456492285,0,31250.2484337223,1
24,"gp",128,1337.47959499439,0,48149.265419798,1
24,"gp",129,2077.13173614186,0,74776.7425011071,1
24,"gp",130,3205.55933748449,0,115400.136149442,1
24,"gp",131,4823.30574087718,0,173639.006671579,1
24,"gp",132,6917.37067918046,0,249025.344450497,1
24,"gp",133,9243.99913176412,0,332783.968743508,1
24,"gp",134,11314.3115136853,0,407315.21449267,1
24,"gp",135,12589.0828401117,0,453206.982244023,1
24,"gp",136,12770.8064924723,0,459749.033729004,1
24,"gp",137,11937.2265801291,0,429740.156884648,1
24,"gp",138,10430.9909449879,0,375515.674019563,1
24,"gp",139,8651.04199795551,0,311437.511926398,1
24,"gp",140,6905.72281026669,0,248606.021169601,1
24,"gp",141,5369.84733852428,0,193314.504186874,1
24,"gp",142,4107.73221219611,0,147878.35963906,1
24,"gp",143,3115.49996201552,0,112157.998632559,1
24,"gp",144,2357.06818096313,0,84854.4545146728,1
24,"gp",145,1786.99939866218,0,64331.9783518385,1
24,"gp",146,1362.20107269994,0,49039.2386171979,1
24,"gp",147,1046.51675373817,0,37674.6031345742,1
24,"gp",148,811.554433815835,0,29215.9596173701,1
24,"gp",149,635.867609425784,0,22891.2339393282,1
24,"gp",150,503.623784556396,0,18130.4562440303,1
24,"gp",151,403.284229066821,0,14518.2322464056,1
24,"gp",152,326.48999481514,0,11753.639813345,1
24,"gp",153,267.192946856507,0,9618.94608683426,1
24,"gp",154,221.00704826218,0,7956.25373743847,1
24,"gp",155,184.736420558663,0,6650.51114011185,1
24,"gp",156,156.03714844782,0,5617.33734412152,1
25,"gp",105,70.0555739624871,0,2522.00066264954,1
25,"gp",106,55.8682897856993,0,2011.25843228517,1
25,"gp",107,46.0376765678536,0,1657.35635644273,1
25,"gp",108,38.9480304028254,0,1402.12909450172,1
25,"gp",109,33.8327297315792,0,1217.97827033685,1
25,"gp",110,30.1893278151153,0,1086.81580134415,1
25,"gp",111,27.6860508747888,0,996.697831492396,1
25,"gp",112,26.1111240283589,0,940.000465020921,1
25,"gp",113,25.3425307881819,0,912.33110837455,1
25,"gp",114,25.331954619064,0,911.950366286303,1
25,"gp",115,26.0999335657887,0,939.597608368394,1
25,"gp",116,27.7416187319551,0,998.698274350384,1
25,"gp",117,30.4448274020392,0,1096.01378647341,1
25,"gp",118,34.5249414412667,0,1242.8978918856,1
25,"gp",119,40.485444544032,0,1457.47600358515,1
25,"gp",120,49.1197960675192,0,1768.31265843069,1
25,"gp",121,61.6820087455879,0,2220.55231484116,1
25,"gp",122,80.1731759385858,0,2886.23433378909,1
25,"gp",123,107.824550187993,0,3881.68380676775,1
25,"gp",124,149.911259814589,0,5396.80535332522,1
25,"gp",125,215.107717310909,0,7743.87782319273,1
25,"gp",126,317.677176940357,0,11436.3783698529,1
25,"gp",127,480.772332335546,0,17307.8039640797,1
25,"gp",128,740.676751456886,0,26664.3630524479,1
25,"gp",129,1150.11700260477,0,41404.2120937716,1
25,"gp",130,1774.57593766663,0,63884.7337559986,1
25,"gp",131,2669.41596504233,0,96098.9747415237,1
25,"gp",132,3826.95824873863,0,137770.496954591,1
25,"gp",133,5111.78519559841,0,184024.267041543,1
25,"gp",134,6253.28169445073,0,225118.141000226,1
25,"gp",135,6953.86463548704,0,250339.126877533,1
25,"gp",136,7050.32662523883,0,253811.758508598,1
25,"gp",137,6586.84219774635,0,237126.319118869,1
25,"gp",138,5753.30800492305,0,207119.08817723,1
25,"gp",139,4770.01973448378,0,171720.710441416,1
25,"gp",140,3806.84625718259,0,137046.465258573,1
25,"gp",141,2959.84333799713,0,106554.360167897,1
25,"gp",142,2264.14970231143,0,81509.3892832114,1
25,"gp",143,1717.3939969058,0,61826.1838886088,1
25,"gp",144,1299.5459500899,0,46783.6542032364,1
25,"gp",145,985.49143537968,0,35477.6916736685,1
25,"gp",146,751.454747446794,0,27052.3709080846,1
25,"gp",147,577.507394188044,0,20790.2661907696,1
25,"gp",148,448.010478145262,0,16128.3772132294,1
25,"gp",149,351.155526226594,0,12641.5989441574,1
25,"gp",150,278.227048374074,0,10016.1737414667,1
25,"gp",151,222.873688556118,0,8023.45278802025,1
25,"gp",152,180.494210907954,0,6497.79159268633,1
25,"gp",153,147.758975574955,0,5319.32312069837,1
25,"gp",154,122.252903899067,0,4401.10454036641,1
25,"gp",155,102.215820946659,0,3679.76955407973,1
25,"gp",156,86.3564135518273,0,3108.83088786578,1
1,"death",105,0.0203968890513693,0.515101558125126,0,1
1,"death",106,0.0167412727216722,0.422782888224424,0,1
1,"death",107,0.014222624111408,0.359177118724507,0,1
1,"death",108,0.0123756395756259,0.312533505092138,0,1
1,"death",109,0.0110320586869604,0.27860281068694,0,1
1,"death",110,0.0100827072285059,0.254627957746048,0,1
1,"death",111,0.00945545034642816,0.238787257897691,0,1
1,"death",112,0.00910619654297467,0.229967227652542,0,1
1,"death",113,0.00901406614156684,0.227640573171247,0,1
1,"death",114,0.00917965173082336,0.23182225964384,0,1
1,"death",115,0.00962621751813744,0.243099799678084,0,1
1,"death",116,0.0104042873073488,0.262749117755143,0,1
1,"death",117,0.0116007933387342,0.292965594371776,0,1
1,"death",118,0.0133550273346415,0.33726689259094,0,1
1,"death",119,0.0158853633523483,0.401167815031531,0,1
1,"death",120,0.0195336157357066,0.493300516364995,0,1
1,"death",121,0.0248387816140957,0.627276791040421,0,1
1,"death",122,0.0326600675657926,0.824794979726689,0,1
1,"death",123,0.0443821600254514,1.12082385330885,0,1
1,"death",124,0.0622546992617405,1.57217566412075,0,1
1,"death",125,0.0899390557052755,2.27131439571075,0,1
1,"death",126,0.133336323254418,3.36726584578914,0,1
1,"death",127,0.201672191052428,5.09301489947753,0,1
1,"death",128,0.308404712666253,7.78843026637214,0,1
1,"death",129,0.47039744397892,11.8793829647934,0,1
1,"death",130,0.701790085693467,17.7229559717198,0,1
1,"death",131,0.998288884948358,25.2107151635153,0,1
1,"death",132,1.3158206472944,33.229639281146,0,1
1,"death",133,1.56840535870013,39.6083952804557,0,1
1,"death",134,1.6719767649309,42.2239800685242,0,1
1,"death",135,1.6046200518038,40.5229585159445,0,1
1,"death",136,1.414792719806,35.7290728287426,0,1
1,"death",137,1.17521420260056,29.6787743153256,0,1
1,"death",138,0.940764656963429,23.7580024782446,0,1
1,"death",139,0.738185450778435,18.6420818843325,0,1
1,"death",140,0.574285840193181,14.5029729949355,0,1
1,"death",141,0.446161817431733,11.2673382081076,0,1
1,"death",142,0.347667165876612,8.77996141475151,0,1
1,"death",143,0.272450360531189,6.88044166284007,0,1
1,"death",144,0.215052036719638,5.4309085524408,0,1
1,"death",145,0.17112903276381,4.32168019324333,0,1
1,"death",146,0.137352117906944,3.4686804329557,0,1
1,"death",147,0.111215604617059,2.80863082020976,0,1
1,"death",148,0.0908495486059224,2.29430791744849,0,1
1,"death",149,0.0748625331566132,1.89057298772612,0,1
1,"death",150,0.0622188024782166,1.57126912935075,0,1
1,"death",151,0.0521454015368957,1.31687619190693,0,1
1,"death",152,0.0440631888171183,1.11276857752656,0,1
1,"death",153,0.0375360303720835,0.947932191119816,0,1
1,"death",154,0.0322335374578439,0.814023419287333,0,1
1,"death",155,0.0279037791842656,0.704680017584829,0,1
1,"death",156,0.024353300908042,0.615016496468139,0,1
2,"death",105,0.010045701829282,0.260515975404203,0,1
2,"death",106,0.00825195162614707,0.213998510348745,0,1
2,"death",107,0.00700186056905098,0.181579800673909,0,1
2,"death",108,0.00608395820856621,0.157775766587363,0,1
2,"death",109,0.00541408984656904,0.140404017685815,0,1
2,"death",110,0.00493809557811895,0.128060020896001,0,1
2,"death",111,0.00462015828891641,0.119814928176592,0,1
2,"death",112,0.00443813602795477,0.115094530571172,0,1
2,"death",113,0.00438113143698446,0.113616226031427,0,1
2,"death",114,0.00444857777522499,0.115365317224136,0,1
2,"death",115,0.00465072272506658,0.12060755810247,0,1
2,"death",116,0.00501070476997262,0.1299430007774,0,1
2,"death",117,0.00556875715766989,0.144415017225651,0,1
2,"death",118,0.0063895680106211,0.165701169613296,0,1
2,"death",119,0.00757461864545903,0.196433180903765,0,1
2,"death",120,0.00928264589435946,0.240727585846904,0,1
2,"death",121,0.0117636007333702,0.305066382757508,0,1
2,"death",122,0.015415170980541,0.399762841090142,0,1
2,"death",123,0.0208768137551069,0.541400052596654,0,1
2,"death",124,0.0291846780825937,0.756848551425501,0,1
2,"death",125,0.042019818571743,1.0897032589218,0,1
2,"death",126,0.0620809110740553,1.60994914813185,0,1
2,"death",127,0.0935642360074178,2.42640868907452,0,1
2,"death",128,0.142539544318815,3.69648921030546,0,1
2,"death",129,0.216487822207481,5.61419571513848,0,1
2,"death",130,0.321353930957908,8.33369675869211,0,1
2,"death",131,0.454223994113612,11.7794265537103,0,1
2,"death",132,0.59372854076189,15.3972089307924,0,1
2,"death",133,0.699990322389852,18.152904068817,0,1
2,"death",134,0.736043122393339,19.0878641660383,0,1
2,"death",135,0.695450150989572,18.0351634469126,0,1
2,"death",136,0.603830695268526,15.6591888979172,0,1
2,"death",137,0.495428248677622,12.8479797270941,0,1
2,"death",138,0.393809018048735,10.2126802291593,0,1
2,"death",139,0.308756762737338,8.00701340474794,0,1
2,"death",140,0.241402333824578,6.26030570386301,0,1
2,"death",141,0.189334531050434,4.91002728057546,0,1
2,"death",142,0.149391865844472,3.8741910032092,0,1
2,"death",143,0.118735277341386,3.07917128311687,0,1
2,"death",144,0.09510388758472,2.46633659448719,0,1
2,"death",145,0.0767781442179858,1.99109365085573,0,1
2,"death",146,0.0624715006250116,1.62007833766777,0,1
2,"death",147,0.0512249371618383,1.32842032309147,0,1
2,"death",148,0.042322347797696,1.09754877312547,0,1
2,"death",149,0.0352269009294293,0.913541991595571,0,1
2,"death",150,0.0295342183428984,0.765913206479357,0,1
2,"death",151,0.024938111083236,0.646721995535475,0,1
2,"death",152,0.0212054724575068,0.549923184567504,0,1
2,"death",153,0.0181578163222753,0.47088807838387,0,1
2,"death",154,0.0156576503724128,0.40605107822503,0,1
2,"death",155,0.0135983852615793,0.35264799419153,0,1
2,"death",156,0.0118968429682286,0.308521764110555,0,1
3,"death",105,0.0105747603001011,0.29009119263997,0,1
3,"death",106,0.00872907967072566,0.239459719224645,0,1
3,"death",107,0.00743175728988786,0.20387103579206,0,1
3,"death",108,0.00647506081039097,0.177626542786478,0,1
3,"death",109,0.0057747691831006,0.158415853599082,0,1
3,"death",110,0.00527609391911776,0.144735987771064,0,1
3,"death",111,0.00494270575377446,0.13559034590762,0,1
3,"death",112,0.00475218565810381,0.130363919945563,0,1
3,"death",113,0.00469366837293224,0.12875864960716,0,1
3,"death",114,0.00476701481083114,0.130770719388617,0,1
3,"death",115,0.00498341537680062,0.136707109102288,0,1
3,"death",116,0.00536764730827556,0.147247518160152,0,1
3,"death",117,0.00596256275245572,0.163567484365013,0,1
3,"death",118,0.00683690053972742,0.187552679705792,0,1
3,"death",119,0.00809834721383095,0.222157205932161,0,1
3,"death",120,0.0099151624247218,0.271996831264258,0,1
3,"death",121,0.0125520180673999,0.344332144453022,0,1
3,"death",122,0.0164295650191804,0.450702614122082,0,1
3,"death",123,0.0222233614812086,0.609640431896254,0,1
3,"death",124,0.0310265049622773,0.851131900159567,0,1
3,"death",125,0.0446093860998851,1.22374310617035,0,1
3,"death",126,0.0658077419177562,1.80526515931361,0,1
3,"death",127,0.099017022528737,2.71627586270164,0,1
3,"death",128,0.150562622075086,4.13029604125829,0,1
3,"death",129,0.228160391378715,6.25899010189584,0,1
3,"death",130,0.337725060698256,9.26461336825073,0,1
3,"death",131,0.475575901611318,13.0461945778513,0,1
3,"death",132,0.618419275769009,16.9647330216708,0,1
3,"death",133,0.723801417082806,19.8556194521066,0,1
3,"death",134,0.753452347843395,20.6690160325608,0,1
3,"death",135,0.702554600250717,19.2727679964037,0,1
3,"death",136,0.600338970949599,16.4687466314822,0,1
3,"death",137,0.484089593505671,13.2797456906249,0,1
3,"death",138,0.378422177658292,10.3810334913463,0,1
3,"death",139,0.29256034609792,8.02563626126795,0,1
3,"death",140,0.226469290615798,6.2125991272291,0,1
3,"death",141,0.176663868417236,4.84631621248727,0,1
3,"death",142,0.139246602571604,3.81987031996124,0,1
3,"death",143,0.110966677180671,3.04408372512498,0,1
3,"death",144,0.0893794299412265,2.45189344186678,0,1
3,"death",145,0.0727163921140684,1.99478610523628,0,1
3,"death",146,0.0597111572024791,1.6380211291044,0,1
3,"death",147,0.0494540042547536,1.356642672548,0,1
3,"death",148,0.0412855982910278,1.13256358604975,0,1
3,"death",149,0.0347228236811433,0.95253084208386,0,1
3,"death",150,0.0294076951190003,0.806724039861394,0,1
3,"death",151,0.0250720704625493,0.687787393380896,0,1
3,"death",152,0.0215130421881333,0.590154659638944,0,1
3,"death",153,0.0185755677037061,0.509572646207509,0,1
3,"death",154,0.0161400613607231,0.44276083017879,0,1
3,"death",155,0.0141134367891225,0.38716562779832,0,1
3,"death",156,0.0124225844621322,0.340781468328529,0,1
4,"death",105,0.00372756367176816,0.0880612033226047,0,1
4,"death",106,0.00309641747189559,0.0731507956871252,0,1
4,"death",107,0.0026509919932052,0.0626279161073335,0,1
4,"death",108,0.00232142892619099,0.0548422086567098,0,1
4,"death",109,0.00207984554538094,0.0491349625597479,0,1
4,"death",110,0.00190805795470945,0.0450765954109857,0,1
4,"death",111,0.00179403264941451,0.0423828236936708,0,1
4,"death",112,0.00173044350685491,0.04088057265113,0,1
4,"death",113,0.00171394288246844,0.0404907564153802,0,1
4,"death",114,0.00174494829735815,0.0412232386437547,0,1
4,"death",115,0.00182792725065364,0.0431835610208061,0,1
4,"death",116,0.00197227274971785,0.0465936270749606,0,1
4,"death",117,0.00219398883502229,0.0518315215784836,0,1
4,"death",118,0.00251859341566349,0.0595000880986992,0,1
4,"death",119,0.0029859509126621,0.0705410969697874,0,1
4,"death",120,0.00365825758201651,0.0864238932191344,0,1
4,"death",121,0.00463325987554114,0.10945767151791,0,1
4,"death",122,0.00606620443055698,0.143310030034274,0,1
4,"death",123,0.0082062597597805,0.193867408542844,0,1
4,"death",124,0.0114563256475727,0.270648045483907,0,1
4,"death",125,0.0164684134662275,0.389055274262362,0,1
4,"death",126,0.024285780522987,0.573735352310818,0,1
4,"death",127,0.0365230469631146,0.862832602683418,0,1
4,"death",128,0.0554980678769707,1.31110480455117,0,1
4,"death",129,0.0840241264719962,1.98501389561641,0,1
4,"death",130,0.124219619106408,2.93460557565661,0,1
4,"death",131,0.174623838240276,4.12537160417068,0,1
4,"death",132,0.226522430427407,5.35144119846415,0,1
4,"death",133,0.264194437404466,6.24141721446169,0,1
4,"death",134,0.273630375523464,6.46433495334031,0,1
4,"death",135,0.253342361444508,5.98504416446658,0,1
4,"death",136,0.214446098896608,5.06614592788856,0,1
4,"death",137,0.170903825930702,4.03748879673883,0,1
4,"death",138,0.131821357357712,3.11419156712427,0,1
4,"death",139,0.100494405416262,2.37411324055208,0,1
4,"death",140,0.0767543638674655,1.81327060718561,0,1
4,"death",141,0.0591705756902235,1.39786534997018,0,1
4,"death",142,0.0461964595222757,1.09136051667922,0,1
4,"death",143,0.0365625833187612,0.863766622692142,0,1
4,"death",144,0.0293280152547225,0.692854781785524,0,1
4,"death",145,0.0238229776227477,0.562801942747639,0,1
4,"death",146,0.0195766096519514,0.462484334200523,0,1
4,"death",147,0.0162575156413323,0.384072953939023,0,1
4,"death",148,0.0136306710492363,0.322015504062728,0,1
4,"death",149,0.0115276382372557,0.27233275780877,0,1
4,"death",150,0.0098262976526275,0.232139722266905,0,1
4,"death",151,0.00843706186943969,0.199319954306158,0,1
4,"death",152,0.00729343634525401,0.172302564751424,0,1
4,"death",153,0.00634549241035202,0.149908022111663,0,1
4,"death",154,0.00555530533141856,0.131240379879855,0,1
4,"death",155,0.0048937332787317,0.115611181783133,0,1
4,"death",156,0.00433812315973946,0.102485263632561,0,1
5,"death",105,0.0035446369573933,0.078421194080639,0,1
5,"death",106,0.00296160543719203,0.0655222629487868,0,1
5,"death",107,0.00254995142993912,0.0564148707997771,0,1
5,"death",108,0.00224525607439013,0.0496738211802561,0,1
5,"death",109,0.00202227464579787,0.0447406023208355,0,1
5,"death",110,0.00186463004495174,0.0412528889139848,0,1
5,"death",111,0.00176158047812214,0.0389730305878975,0,1
5,"death",112,0.00170674685144894,0.0377598969070235,0,1
5,"death",113,0.00169749860532184,0.0375552896332305,0,1
5,"death",114,0.00173482445075146,0.0383810829101849,0,1
5,"death",115,0.00182368421316613,0.0403470074203793,0,1
5,"death",116,0.00197394457114942,0.0436713525755174,0,1
5,"death",117,0.00220212787780241,0.0487196572656981,0,1
5,"death",118,0.00253439332649636,0.05607066487283,0,1
5,"death",119,0.00301147981168457,0.0666256786296429,0,1
5,"death",120,0.00369685949506543,0.081788950303271,0,1
5,"death",121,0.00469022479299656,0.103766064958002,0,1
5,"death",122,0.00614987659419463,0.136059255647998,0,1
5,"death",123,0.00832986434933438,0.184289087050803,0,1
5,"death",124,0.011640959098727,0.25754341664298,0,1
5,"death",125,0.0167478495068685,0.370527750062541,0,1
5,"death",126,0.0247138716514153,0.546767228507625,0,1
5,"death",127,0.0371840910155325,0.822657116452805,0,1
5,"death",128,0.0565182684678872,1.25040452771256,0,1
5,"death",129,0.0855755297250394,1.89326447412995,0,1
5,"death",130,0.126494208352857,2.79854523398388,0,1
5,"death",131,0.177743135871337,3.93237138872412,0,1
5,"death",132,0.230376220609263,5.09682049956646,0,1
5,"death",133,0.268313565566135,5.93614253099812,0,1
5,"death",134,0.277285343010515,6.13463323926274,0,1
5,"death",135,0.255880226166909,5.66106857171337,0,1
5,"death",136,0.215580694925624,4.7694857668115,0,1
5,"death",137,0.170735010006051,3.77732431190661,0,1
5,"death",138,0.130665150441345,2.89082274024252,0,1
5,"death",139,0.0987085018719062,2.18381703845869,0,1
5,"death",140,0.0746421710798628,1.65137593926088,0,1
5,"death",141,0.0569535524266876,1.26003470654993,0,1
5,"death",142,0.0440209124621859,0.973914271418813,0,1
5,"death",143,0.0345170447216935,0.763651650577109,0,1
5,"death",144,0.0274603189608984,0.607529354524506,0,1
5,"death",145,0.0221537428068424,0.490127193602799,0,1
5,"death",146,0.0181089796061679,0.400641256458031,0,1
5,"death",147,0.0149839036647236,0.331502388397207,0,1
5,"death",148,0.0125373275670589,0.277374583125687,0,1
5,"death",149,0.0105976889702537,0.234462212500792,0,1
5,"death",150,0.00904172499756712,0.200038220946445,0,1
5,"death",151,0.00777996219568551,0.172123106716283,0,1
5,"death",152,0.00674678545286171,0.149265207630287,0,1
5,"death",153,0.00589358037525537,0.13038898369373,0,1
5,"death",154,0.0051839517999723,0.114689231957133,0,1
5,"death",155,0.00459035898098599,0.101556643705604,0,1
5,"death",156,0.00409172890181895,0.0905250016269297,0,1
6,"death",105,0.00325733367499126,0.0711897316492534,0,1
6,"death",106,0.00273164625262172,0.0597007193883355,0,1
6,"death",107,0.0023614299997827,0.0516095631478337,0,1
6,"death",108,0.00208815945414878,0.0456371762963775,0,1
6,"death",109,0.00188913854349664,0.0412875312690058,0,1
6,"death",110,0.00174976248335227,0.0382414373437237,0,1
6,"death",111,0.00166057323329797,0.0362921870025284,0,1
6,"death",112,0.00161612094121597,0.035320672549217,0,1
6,"death",113,0.00161443785499458,0.0352838883359927,0,1
6,"death",114,0.00165696897961053,0.0362134152590085,0,1
6,"death",115,0.00174896316538063,0.0382239680766539,0,1
6,"death",116,0.00190043124853008,0.0415343357788099,0,1
6,"death",117,0.00212790204032411,0.046505759108937,0,1
6,"death",118,0.00245739503452039,0.0537068997280986,0,1
6,"death",119,0.00292933650392086,0.0640212825678805,0,1
6,"death",120,0.00360666235576652,0.0788243854867499,0,1
6,"death",121,0.00458822078040114,0.100276557054033,0,1
6,"death",122,0.00603102736107834,0.131809406785942,0,1
6,"death",123,0.00818720150142785,0.178933058752901,0,1
6,"death",124,0.0114646380167447,0.250562142323375,0,1
6,"death",125,0.0165237814145757,0.361130814987115,0,1
6,"death",126,0.0244218317981154,0.533744413548822,0,1
6,"death",127,0.036795359309157,0.804170532257114,0,1
6,"death",128,0.055993377774398,1.22374737611287,0,1
6,"death",129,0.0848639005124174,1.85471889188759,0,1
6,"death",130,0.125539269209727,2.74368786811743,0,1
6,"death",131,0.176496863150914,3.85737709990127,0,1
6,"death",132,0.228820634061328,5.00092442469274,0,1
6,"death",133,0.266473529474425,5.82383659388675,0,1
6,"death",134,0.275217417122301,6.01493614871674,0,1
6,"death",135,0.253649720029424,5.54356946616818,0,1
6,"death",136,0.213251533872724,4.66065837428572,0,1
6,"death",137,0.168371165619432,3.67978822370769,0,1
6,"death",138,0.128328580944788,2.8046488790908,0,1
6,"death",139,0.0964520040060975,2.10797939890061,0,1
6,"death",140,0.0725040250272397,1.5845911411559,0,1
6,"death",141,0.0549570322750195,1.20109782118299,0,1
6,"death",142,0.0421771201165565,0.921790078151586,0,1
6,"death",143,0.0328286159707834,0.717476499051863,0,1
6,"death",144,0.0259245629061451,0.566586926780723,0,1
6,"death",145,0.0207648212952484,0.453819658422745,0,1
6,"death",146,0.0168592621145589,0.368462818210692,0,1
6,"death",147,0.0138647671293426,0.303017482947902,0,1
6,"death",148,0.011539629862036,0.252201105314228,0,1
6,"death",149,0.00971206499425348,0.212259280039177,0,1
6,"death",150,0.00825878903959159,0.180497619875525,0,1
6,"death",151,0.00709045923147819,0.154963519345392,0,1
6,"death",152,0.00614171175286485,0.134228438096594,0,1
6,"death",153,0.00536428270757695,0.117237558244369,0,1
6,"death",154,0.00472220915604016,0.103204901969722,0,1
6,"death",155,0.00418844815280238,0.0915394398535523,0,1
6,"death",156,0.00374247404015858,0.0817925792094055,0,1
7,"death",105,0.000589800453089453,0.0131858495038248,0,1
7,"death",106,0.000495073216066913,0.0110680839362509,0,1
7,"death",107,0.000428624184313331,0.00958251889846899,0,1
7,"death",108,0.00037979424862535,0.00849085445519751,0,1
7,"death",109,0.00034445050486288,0.00770069350548561,0,1
7,"death",110,0.000319950850580935,0.00715296799499253,0,1
7,"death",111,0.000304603095673267,0.00680984654540048,0,1
7,"death",112,0.000297455928954398,0.0066500612074271,0,1
7,"death",113,0.000298204619826272,0.00666679928402523,0,1
7,"death",114,0.0003071830313942,0.00686752477193893,0,1
7,"death",115,0.00032544324810945,0.00727575855381091,0,1
7,"death",116,0.000354943816024533,0.00793528678368605,0,1
7,"death",117,0.000398891605583898,0.00891780372839187,0,1
7,"death",118,0.00046231880921095,0.0103358113902949,0,1
7,"death",119,0.000553036441672391,0.0123639363988704,0,1
7,"death",120,0.000683206346653851,0.0152740745108742,0,1
7,"death",121,0.000871943350587576,0.0194935655550688,0,1
7,"death",122,0.00114964049211489,0.0257018902463117,0,1
7,"death",123,0.00156515596507651,0.0349913447801006,0,1
7,"death",124,0.002197634185645,0.049131318032373,0,1
7,"death",125,0.00317539108543099,0.0709904998359329,0,1
7,"death",126,0.00470411554974543,0.105167365271823,0,1
7,"death",127,0.00710271398817103,0.158791532332937,0,1
7,"death",128,0.0108297871408085,0.242115689550853,0,1
7,"death",129,0.0164429392824776,0.367605893897806,0,1
7,"death",130,0.0243629555818799,0.544669411643051,0,1
7,"death",131,0.0343002835420737,0.766832874330988,0,1
7,"death",132,0.0445215887279845,0.995345062153337,0,1
7,"death",133,0.0518948254984068,1.16018452591026,0,1
7,"death",134,0.0536265846097897,1.1989005270594,0,1
7,"death",135,0.0494266089802365,1.10500394512066,0,1
7,"death",136,0.0415314445638574,0.92849602747323,0,1
7,"death",137,0.0327499929364927,0.732173866347343,0,1
7,"death",138,0.0249124304778394,0.556953724492084,0,1
7,"death",139,0.0186749764473372,0.417506340716076,0,1
7,"death",140,0.0139928171605139,0.31282983973071,0,1
7,"death",141,0.0105665217179612,0.23623000698306,0,1
7,"death",142,0.00807516712386534,0.180532140753329,0,1
7,"death",143,0.00625630200953164,0.139868757841814,0,1
7,"death",144,0.00491606636920892,0.109905835025481,0,1
7,"death",145,0.00391704816182507,0.0875713256755087,0,1
7,"death",146,0.00316314691772589,0.0707167636056311,0,1
7,"death",147,0.00258714852449325,0.0578394792837444,0,1
7,"death",148,0.00214173657449577,0.0478816453941506,0,1
7,"death",149,0.00179329312364245,0.0400916837563145,0,1
7,"death",150,0.00151768989184559,0.0339301714715994,0,1
7,"death",151,0.00129743312621688,0.0290060101750685,0,1
7,"death",152,0.00111971455454608,0.0250328522573169,0,1
7,"death",153,0.00097506827001222,0.0217990735629123,0,1
7,"death",154,0.000856435415493165,0.0191468630437383,0,1
7,"death",155,0.00075850607260635,0.016957509728477,0,1
7,"death",156,0.000677251781464902,0.0151409515198169,0,1
8,"death",105,0.000555991067248165,0.0138343522863408,0,1
8,"death",106,0.000466043960734706,0.011596258849331,0,1
8,"death",107,0.000403158175942929,0.0100315141045667,0,1
8,"death",108,0.000357130967120751,0.00888624998233075,0,1
8,"death",109,0.000323978560647656,0.00806134091938703,0,1
8,"death",110,0.00030116134724114,0.0074935955237268,0,1
8,"death",111,0.000287061787223557,0.00714276564199674,0,1
8,"death",112,0.000280780611372947,0.00698647536215488,0,1
8,"death",113,0.000282045136365097,0.00701793968819679,0,1
8,"death",114,0.000291202327513581,0.00724579192497552,0,1
8,"death",115,0.000309297983690163,0.00769605398339021,0,1
8,"death",116,0.000338262807440652,0.00841676623810199,0,1
8,"death",117,0.000381249910805283,0.00948638545817158,0,1
8,"death",118,0.000443204542935538,0.0110279609566823,0,1
8,"death",119,0.000531806332953281,0.0132325797869319,0,1
8,"death",120,0.000659024559869983,0.0163980654792114,0,1
8,"death",121,0.000843696229098874,0.0209931265870525,0,1
8,"death",122,0.00111581808804654,0.0277641520283941,0,1
8,"death",123,0.00152369100466339,0.0379129798584213,0,1
8,"death",124,0.0021456947325652,0.0533898808413828,0,1
8,"death",125,0.0031091451821614,0.0773627712622968,0,1
8,"death",126,0.00461854819741256,0.114920232676922,0,1
8,"death",127,0.00699172382914911,0.173970367941324,0,1
8,"death",128,0.0106870784788563,0.265919395647911,0,1
8,"death",129,0.0162646159483485,0.404701514262022,0,1
8,"death",130,0.0241527041566963,0.600975514993954,0,1
8,"death",131,0.0340760567496728,0.847891632391816,0,1
8,"death",132,0.0443174310601041,1.1027208705809,0,1
8,"death",133,0.0517483661066146,1.28761983624083,0,1
8,"death",134,0.053555184011065,1.33257767258009,0,1
8,"death",135,0.0494153673731087,1.22956939574966,0,1
8,"death",136,0.0415469905281388,1.03378585963322,0,1
8,"death",137,0.0327629515864895,0.815218518583708,0,1
8,"death",138,0.0249080084947144,0.619769245525025,0,1
8,"death",139,0.018650760081331,0.464074336032432,0,1
8,"death",140,0.0139525415714457,0.347171720482048,0,1
8,"death",141,0.010515394753458,0.261647504822853,0,1
8,"death",142,0.00801769090676379,0.199498817626962,0,1
8,"death",143,0.00619571162596819,0.154163730943474,0,1
8,"death",144,0.00485446927278086,0.120790498335275,0,1
8,"death",145,0.00385574576660265,0.0959399321391242,0,1
8,"death",146,0.00310292776677667,0.0772080674913018,0,1
8,"death",147,0.00252849842335847,0.0629149279633751,0,1
8,"death",148,0.00208497111311634,0.0518789358045946,0,1
8,"death",149,0.00173863349391719,0.0432612494490781,0,1
8,"death",150,0.00146530201028764,0.0364601257292402,0,1
8,"death",151,0.00124744500444979,0.0310393361800028,0,1
8,"death",152,0.00107222193983032,0.0266793783543567,0,1
8,"death",153,0.000930134868522376,0.023143921193979,0,1
8,"death",154,0.000814091467710035,0.0202564911939096,0,1
8,"death",155,0.000718747368464173,0.017884108011713,0,1
8,"death",156,0.000640040102865256,0.0159256879867668,0,1
9,"death",105,0.000543706949771566,0.0117792793231515,0,1
9,"death",106,0.000454575103776913,0.00984825947689015,0,1
9,"death",107,0.000392361759409324,0.00850042244585505,0,1
9,"death",108,0.000346923200378727,0.0075160070745088,0,1
9,"death",109,0.000314262032547931,0.00680841078746315,0,1
9,"death",110,0.000291828611741655,0.00632239616145563,0,1
9,"death",111,0.000277998919765886,0.00602277923582285,0,1
9,"death",112,0.000271868088425636,0.00588995626037572,0,1
9,"death",113,0.000273156502801466,0.00591786944563709,0,1
9,"death",114,0.000282201076339146,0.00611381793977329,0,1
9,"death",115,0.0003000328620318,0.00650013925604962,0,1
9,"death",116,0.000328561599679165,0.00711820744448535,0,1
9,"death",117,0.000370911703786512,0.00803571218827163,0,1
9,"death",118,0.000431990647948267,0.00935897271371971,0,1
9,"death",119,0.000519430641774551,0.0112533389926999,0,1
9,"death",120,0.000645145625801921,0.0139769236601133,0,1
9,"death",121,0.000827916804653776,0.0179366169633205,0,1
9,"death",122,0.00109770531936147,0.0237815197629909,0,1
9,"death",123,0.00150284619274409,0.032558798616617,0,1
9,"death",124,0.00212193357833041,0.0459711768165364,0,1
9,"death",125,0.00308291173590931,0.0667905357493682,0,1
9,"death",126,0.00459179757078896,0.0994801817494085,0,1
9,"death",127,0.0069696772727438,0.150996369316896,0,1
9,"death",128,0.0106813974988841,0.231409888642826,0,1
9,"death",129,0.0162982616647879,0.353097889795244,0,1
9,"death",130,0.0242649652386198,0.525694592339405,0,1
9,"death",131,0.0343216314676886,0.743569829398038,0,1
9,"death",132,0.0447487571625277,0.969470981017902,0,1
9,"death",133,0.0523788428215541,1.13477493800246,0,1
9,"death",134,0.0543302432326788,1.17705155507276,0,1
9,"death",135,0.0502293164890373,1.08820597085238,0,1
9,"death",136,0.0422967072528534,0.916347913872086,0,1
9,"death",137,0.0333883821158678,0.72335120832309,0,1
9,"death",138,0.0253954428899548,0.550186116733658,0,1
9,"death",139,0.0190148427916851,0.411951961664602,0,1
9,"death",140,0.0142180571307346,0.308030762611761,0,1
9,"death",141,0.0107067069145765,0.231958211001168,0,1
9,"death",142,0.00815473163928439,0.176670285021793,0,1
9,"death",143,0.00629345429009416,0.136346162250918,0,1
9,"death",144,0.00492371298659928,0.106671048807724,0,1
9,"death",145,0.00390415257774989,0.0845825195959692,0,1
9,"death",146,0.00313592492474505,0.0679390536400619,0,1
9,"death",147,0.0025499602849911,0.0552442717027489,0,1
9,"death",148,0.00209770266853276,0.0454462200270738,0,1
9,"death",149,0.00174470263205081,0.0377985597708446,0,1
9,"death",150,0.00146626431730496,0.0317662611492491,0,1
9,"death",151,0.00124449473907569,0.0269616769730901,0,1
9,"death",152,0.00106629315534764,0.0231009828409983,0,1
9,"death",153,0.000921969212159713,0.0199742395824405,0,1
9,"death",154,0.000804283910653134,0.017424616041197,0,1
9,"death",155,0.000707777488246679,0.0153338277838806,0,1
9,"death",156,0.000628294053855968,0.0136118384371472,0,1
10,"death",105,0.000398202163379197,0.00783721961201784,0,1
10,"death",106,0.000332046573712931,0.00653517775373859,0,1
10,"death",107,0.000285874579470851,0.00562644321616299,0,1
10,"death",108,0.000252159626167604,0.00496288204661992,0,1
10,"death",109,0.000227911813386032,0.00448564849201639,0,1
10,"death",110,0.000211219710808896,0.00415712271864241,0,1
10,"death",111,0.000200861584237975,0.00395325915342093,0,1
10,"death",112,0.000196149834973262,0.003860524816091,0,1
10,"death",113,0.000196859091479058,0.00387448405465968,0,1
10,"death",114,0.000203217434494077,0.00399962584232444,0,1
10,"death",115,0.000215961312059163,0.00425044458810591,0,1
10,"death",116,0.000236469037566037,0.00465406757994612,0,1
10,"death",117,0.000267005378849133,0.00525506886721248,0,1
10,"death",118,0.000311136607348276,0.00612363805468463,0,1
10,"death",119,0.000374419591236952,0.00736914269541922,0,1
10,"death",120,0.000465543241575522,0.00916259367391636,0,1
10,"death",121,0.000598227404810287,0.0117740182766437,0,1
10,"death",122,0.000794396271581756,0.0156349176672495,0,1
10,"death",123,0.00108948316238845,0.0214426730753418,0,1
10,"death",124,0.0015412163395858,0.0303334638377186,0,1
10,"death",125,0.00224377505676578,0.0441608798169576,0,1
10,"death",126,0.00334918048071452,0.0659169270324823,0,1
10,"death",127,0.00509506643652351,0.100278597840842,0,1
10,"death",128,0.00782682659075088,0.154043760928749,0,1
10,"death",129,0.0119717371487398,0.235621856937726,0,1
10,"death",130,0.0178687293189654,0.351683563625133,0,1
10,"death",131,0.0253409649938024,0.498748440117745,0,1
10,"death",132,0.0331298228577935,0.652044919194782,0,1
10,"death",133,0.0388868683695168,0.765352264410763,0,1
10,"death",134,0.040446918086566,0.796056397543606,0,1
10,"death",135,0.037490858129133,0.737876675775913,0,1
10,"death",136,0.031641547497301,0.622753413733454,0,1
10,"death",137,0.0250225105814974,0.492480776616194,0,1
10,"death",138,0.0190567039789551,0.375064698033952,0,1
10,"death",139,0.0142796536686407,0.281045137562755,0,1
10,"death",140,0.0106808259160615,0.210214775408421,0,1
10,"death",141,0.00804282328947291,0.158294901979791,0,1
10,"death",142,0.00612404342379658,0.120530418063356,0,1
10,"death",143,0.00472401422263783,0.092975730214334,0,1
10,"death",144,0.00369354584623188,0.0726945572026186,0,1
10,"death",145,0.00292649855662161,0.0575979087804598,0,1
10,"death",146,0.00234854724027578,0.0462229545290342,0,1
10,"death",147,0.00190772124187058,0.0375468335083189,0,1
10,"death",148,0.00156747703430788,0.0308503139471066,0,1
10,"death",149,0.00130189024718146,0.0256231651061851,0,1
10,"death",150,0.00109238193372862,0.0214997252706517,0,1
10,"death",151,0.000925496406884665,0.0182151662093844,0,1
10,"death",152,0.000791385868395478,0.0155756683887138,0,1
10,"death",153,0.000682768564407504,0.0134379159018986,0,1
10,"death",154,0.000594205723097247,0.0116948655103019,0,1
10,"death",155,0.000521594980003093,0.0102657764893094,0,1
10,"death",156,0.000461812346420498,0.00908916402594256,0,1
11,"death",105,0.000402812424455498,0.00961729675334874,0,1
11,"death",106,0.000335204870989656,0.00800314121847962,0,1
11,"death",107,0.000287983613482708,0.00687571609716041,0,1
11,"death",108,0.000253471435180442,0.00605172497825182,0,1
11,"death",109,0.000228601455349099,0.0054579449412752,0,1
11,"death",110,0.000211407737082589,0.00504743850993555,0,1
11,"death",111,0.000200627926392835,0.00479006651231551,0,1
11,"death",112,0.000195542797895877,0.00466865717433329,0,1
11,"death",113,0.000195900831148599,0.00467720535167327,0,1
11,"death",114,0.000201906672678155,0.00482059705643858,0,1
11,"death",115,0.000214273659409284,0.00511586347355263,0,1
11,"death",116,0.000234354999597072,0.00559531295441698,0,1
11,"death",117,0.000264385859375168,0.00631231092347062,0,1
11,"death",118,0.000307895494368244,0.00735111967402971,0,1
11,"death",119,0.000370392853761036,0.00884326742094601,0,1
11,"death",120,0.00046050403258724,0.010994705397908,0,1
11,"death",121,0.000591867355727517,0.0141310536941499,0,1
11,"death",122,0.000786305451983845,0.0187733357051406,0,1
11,"death",123,0.00107913732281071,0.0257648057532334,0,1
11,"death",124,0.00152799505380566,0.0364814513603009,0,1
11,"death",125,0.00222706865142251,0.0531720940330049,0,1
11,"death",126,0.00332871661551592,0.0794743497360915,0,1
11,"death",127,0.00507172649192811,0.121089360117495,0,1
11,"death",128,0.00780443293205076,0.186333744795977,0,1
11,"death",129,0.011960419725558,0.285559478337304,0,1
11,"death",130,0.0178898462625467,0.427126746676868,0,1
11,"death",131,0.0254306973156798,0.607167375882423,0,1
11,"death",132,0.0333333615288096,0.795846429122836,0,1
11,"death",133,0.0392355114793396,0.936762458795302,0,1
11,"death",134,0.0409290982187254,0.977197473361269,0,1
11,"death",135,0.0380479957241995,0.90841007757991,0,1
11,"death",136,0.0321983738351227,0.768748174950709,0,1
11,"death",137,0.0255220322740124,0.609348032051178,0,1
11,"death",138,0.0194730263587891,0.464925761491616,0,1
11,"death",139,0.0146112595556925,0.348849267192406,0,1
11,"death",140,0.010938615362152,0.261163518356612,0,1
11,"death",141,0.00824126792606763,0.196763343077079,0,1
11,"death",142,0.00627671705970386,0.149858958997049,0,1
11,"death",143,0.00484204914014342,0.115605727747856,0,1
11,"death",144,0.00378550929416823,0.0903804451756618,0,1
11,"death",145,0.00299878564939721,0.0715971249618761,0,1
11,"death",146,0.00240587140037579,0.0574410763001797,0,1
11,"death",147,0.00195354779670942,0.0466416816914263,0,1
11,"death",148,0.0016043629934914,0.0383047643809763,0,1
11,"death",149,0.00133173657513294,0.0317957070407017,0,1
11,"death",150,0.00111661618569,0.0266596275720375,0,1
11,"death",151,0.000945203495949001,0.0225670857226711,0,1
11,"death",152,0.000807401330539035,0.0192770076676232,0,1
11,"death",153,0.000695745042648667,0.0166111721823584,0,1
11,"death",154,0.000604660399998064,0.0144364923938,0,1
11,"death",155,0.000529943461133006,0.0126525976330105,0,1
11,"death",156,0.000468392908068362,0.0111830552400329,0,1
12,"death",105,0.000416462005868956,0.00860523418748053,0,1
12,"death",106,0.000346119790363518,0.00715177329750686,0,1
12,"death",107,0.000296941095054673,0.00613560811508075,0,1
12,"death",108,0.000260954231031834,0.00539202193380739,0,1
12,"death",109,0.000234964133835386,0.00485499605922811,0,1
12,"death",110,0.000216917916813899,0.00448211228716834,0,1
12,"death",111,0.000205491790326852,0.00424601753448699,0,1
12,"death",112,0.000199923185272232,0.00413095505599604,0,1
12,"death",113,0.000199930693030884,0.00413111018664545,0,1
12,"death",114,0.000205699641760296,0.00425031230864592,0,1
12,"death",115,0.000217933081263372,0.00450308833709226,0,1
12,"death",116,0.000237982668299476,0.00491736716535644,0,1
12,"death",117,0.000268091867496052,0.00553950485530832,0,1
12,"death",118,0.00031181113913332,0.00644286354263873,0,1
12,"death",119,0.000374689670899169,0.00774210449039597,0,1
12,"death",120,0.00046542422879973,0.00961692646365787,0,1
12,"death",121,0.000597775098102338,0.0123516542640708,0,1
12,"death",122,0.000793776404263278,0.0164015726643046,0,1
12,"death",123,0.00108911877257827,0.0225041467503435,0,1
12,"death",124,0.00154209676827856,0.0318639002929105,0,1
12,"death",125,0.00224809440985771,0.046451725727121,0,1
12,"death",126,0.00336162840025123,0.0694603570740849,0,1
12,"death",127,0.00512534218330111,0.105903465758547,0,1
12,"death",128,0.0078942096349904,0.163115774492843,0,1
12,"death",129,0.0121123334755575,0.250273649565116,0,1
12,"death",130,0.0181438070830691,0.374900247326298,0,1
12,"death",131,0.025838210467938,0.533887482960403,0,1
12,"death",132,0.0339406044352829,0.701304910206267,0,1
12,"death",133,0.0400503069513741,0.827547929319389,0,1
12,"death",134,0.0418949142551703,0.865662517467671,0,1
12,"death",135,0.0390584189294257,0.80705283349711,0,1
12,"death",136,0.0331464050283658,0.684894597160255,0,1
12,"death",137,0.0263402797769989,0.544261596137428,0,1
12,"death",138,0.0201402616769051,0.416152412187733,0,1
12,"death",139,0.0151372015689581,0.312775625647275,0,1
12,"death",140,0.0113463238362058,0.234445813547433,0,1
12,"death",141,0.008555798390158,0.176785991928746,0,1
12,"death",142,0.00652002447667835,0.134721383317682,0,1
12,"death",143,0.00503161540055637,0.103966816307237,0,1
12,"death",144,0.00393461976898016,0.0812999122936047,0,1
12,"death",145,0.00311731944792732,0.0644122717284394,0,1
12,"death",146,0.00250111675639917,0.0516798534217762,0,1
12,"death",147,0.00203088165977893,0.0419635213853239,0,1
12,"death",148,0.00166777079263701,0.0344606663739629,0,1
12,"death",149,0.00138419435175843,0.0286012082495158,0,1
12,"death",150,0.00116036660783688,0.0239763201998087,0,1
12,"death",151,0.000981953953659349,0.0202898310373599,0,1
12,"death",152,0.000838466059489225,0.0173249821075613,0,1
12,"death",153,0.000722147372095895,0.0149215226531714,0,1
12,"death",154,0.000627206620360184,0.0129597893110948,0,1
12,"death",155,0.000549276439199834,0.0113495404775707,0,1
12,"death",156,0.000485031192650679,0.0100220594968402,0,1
13,"death",105,0.00724315991100361,0.166497892728782,0,1
13,"death",106,0.00614327439934731,0.141214919249833,0,1
13,"death",107,0.00537093566704816,0.123461235363153,0,1
13,"death",108,0.00480159576509449,0.11037386809715,0,1
13,"death",109,0.00439113665406398,0.100938679881287,0,1
13,"death",110,0.00411148657721394,0.0945103876622739,0,1
13,"death",111,0.00394491360990218,0.0906813892163256,0,1
13,"death",112,0.00388226870632188,0.0892413762158571,0,1
13,"death",113,0.00392236446843974,0.0901630540445954,0,1
13,"death",114,0.00407231978687058,0.0936100640276663,0,1
13,"death",115,0.0043490291595873,0.0999707585341685,0,1
13,"death",116,0.00478213815439058,0.109926597676568,0,1
13,"death",117,0.00541923145403244,0.124571406456897,0,1
13,"death",118,0.00633446685622518,0.145609843780968,0,1
13,"death",119,0.00764276312572154,0.175683537391563,0,1
13,"death",120,0.00952310890904149,0.218906883882728,0,1
13,"death",121,0.0122569662260535,0.281749826451504,0,1
13,"death",122,0.0162915608260547,0.374492704859396,0,1
13,"death",123,0.0223433770536068,0.513605282995153,0,1
13,"death",124,0.0315633703902875,0.725544475335591,0,1
13,"death",125,0.0457860846904184,1.05248078337676,0,1
13,"death",126,0.0678579447616821,1.5598447288955,0,1
13,"death",127,0.101923423391297,2.34290495072103,0,1
13,"death",128,0.153209582871792,3.52181547935403,0,1
13,"death",129,0.226161050863683,5.19874458783178,0,1
13,"death",130,0.319207523001593,7.33759582502098,0,1
13,"death",131,0.416537957892558,9.57492214486419,0,1
13,"death",132,0.485496683164133,11.160070420486,0,1
13,"death",133,0.493843120351906,11.3519292529061,0,1
13,"death",134,0.438823875688946,10.0872066168649,0,1
13,"death",135,0.350534490460739,8.05770612654935,0,1
13,"death",136,0.263419319172183,6.0551971908821,0,1
13,"death",137,0.194621911334433,4.47375710521088,0,1
13,"death",138,0.145592572978572,3.34672392929881,0,1
13,"death",139,0.11164985836136,2.56648567324777,0,1
13,"death",140,0.0878409926192069,2.01919332805065,0,1
13,"death",141,0.0706172964421842,1.62327370820096,0,1
13,"death",142,0.0577408511388779,1.32728396958136,0,1
13,"death",143,0.0478424586453837,1.09975047428113,0,1
13,"death",144,0.0400683519134086,0.921047752730536,0,1
13,"death",145,0.0338633576585039,0.778414084479427,0,1
13,"death",146,0.0288490621125353,0.663150904847734,0,1
13,"death",147,0.0247565278267209,0.569076171874736,0,1
13,"death",148,0.0213882991910012,0.49165099046681,0,1
13,"death",149,0.0185959517830638,0.427463541218042,0,1
13,"death",150,0.0162660658178651,0.373906653303055,0,1
13,"death",151,0.0143109608211047,0.328964823214561,0,1
13,"death",152,0.0126622717293101,0.291066549129557,0,1
13,"death",153,0.0112663237191386,0.258978012509041,0,1
13,"death",154,0.0100807120627022,0.231724459527081,0,1
13,"death",155,0.00907173002057665,0.208531076269053,0,1
13,"death",156,0.00821241730854867,0.188778129004923,0,1
14,"death",105,0.00655160185568967,0.162496264716899,0,1
14,"death",106,0.00554479246651598,0.137524850301576,0,1
14,"death",107,0.00483856809481909,0.120008703108791,0,1
14,"death",108,0.00432085579129912,0.107168131081826,0,1
14,"death",109,0.00394943707151414,0.0979560092312628,0,1
14,"death",110,0.00369752362155531,0.0917079197484279,0,1
14,"death",111,0.00354841511197008,0.0880096523050144,0,1
14,"death",112,0.00349355182290702,0.0866489042407699,0,1
14,"death",113,0.00353176886295407,0.0875967833080531,0,1
14,"death",114,0.00366953168827741,0.0910136491410169,0,1
14,"death",115,0.00392224353368635,0.0972815408464638,0,1
14,"death",116,0.00431694985194096,0.107071253925691,0,1
14,"death",117,0.00489707846523213,0.121459907997114,0,1
14,"death",118,0.00573034612196803,0.142127049363678,0,1
14,"death",119,0.00692177412979513,0.171677471568115,0,1
14,"death",120,0.00863511449707456,0.214172637789152,0,1
14,"death",121,0.0111282444203964,0.276008553480809,0,1
14,"death",122,0.0148117136615275,0.367367889116199,0,1
14,"death",123,0.0203450122106678,0.504607661251906,0,1
14,"death",124,0.0287916076485239,0.714104550479761,0,1
14,"death",125,0.0418564216887851,1.03814491915993,0,1
14,"death",126,0.0622095327850892,1.54295345322023,0,1
14,"death",127,0.093803326860597,2.32655930085679,0,1
14,"death",128,0.141796697567147,3.51691604761407,0,1
14,"death",129,0.211069715588964,5.23506176558624,0,1
14,"death",130,0.3016707981481,7.48219732410337,0,1
14,"death",131,0.401014159470549,9.94616346473508,0,1
14,"death",132,0.479720673452741,11.8982836962,0,1
14,"death",133,0.504636824383932,12.5162671369862,0,1
14,"death",134,0.46598194342233,11.5575285097478,0,1
14,"death",135,0.38635099580469,9.58247999050724,0,1
14,"death",136,0.298701461403262,7.40855027711381,0,1
14,"death",137,0.223755000113109,5.54968884419214,0,1
14,"death",138,0.167055188525274,4.14339038526278,0,1
14,"death",139,0.126261309485963,3.13159920606524,0,1
14,"death",140,0.0971736487678363,2.41015179211055,0,1
14,"death",141,0.0761906841867879,1.8897213016426,0,1
14,"death",142,0.0607598127111074,1.50699673574929,0,1
14,"death",143,0.0491812139521422,1.21981825780903,0,1
14,"death",144,0.0403327927527322,1.00035507533598,0,1
14,"death",145,0.0334625445891927,0.829955577801835,0,1
14,"death",146,0.028054460338381,0.69582143635244,0,1
14,"death",147,0.0237457981363441,0.588955737065502,0,1
14,"death",148,0.0202760430076073,0.502897050911917,0,1
14,"death",149,0.0174547454741373,0.432921750070683,0,1
14,"death",150,0.0151406539712046,0.375526439164677,0,1
14,"death",151,0.0132277589265149,0.328081813193153,0,1
14,"death",152,0.0116356987056164,0.288594700758854,0,1
14,"death",153,0.0103030094617664,0.255540643304807,0,1
14,"death",154,0.00918228771703331,0.227743914914181,0,1
14,"death",155,0.00823667578326599,0.204290351878223,0,1
14,"death",156,0.00743728420997282,0.184463422896955,0,1
15,"death",105,0.00611158459717913,0.162589860694716,0,1
15,"death",106,0.00514551291246948,0.136888922068987,0,1
15,"death",107,0.0044684816234654,0.118877484737996,0,1
15,"death",108,0.00397257835026507,0.105684696055187,0,1
15,"death",109,0.0036161747732249,0.0962030948402084,0,1
15,"death",110,0.00337270069041766,0.0897258193354769,0,1
15,"death",111,0.00322540542983907,0.0858072421616424,0,1
15,"death",112,0.00316534328834794,0.0842093758369946,0,1
15,"death",113,0.00319052135127502,0.0848792017518261,0,1
15,"death",114,0.00330597962854888,0.0879508020740525,0,1
15,"death",115,0.0035248614400727,0.0937738358026032,0,1
15,"death",116,0.00387074723749134,0.102975626716949,0,1
15,"death",117,0.00438180799318072,0.116571658278456,0,1
15,"death",118,0.00511777413363867,0.136150972014589,0,1
15,"death",119,0.00617144030810568,0.164182235233035,0,1
15,"death",120,0.0076876405935759,0.204518548881327,0,1
15,"death",121,0.00989465575664644,0.263232992281225,0,1
15,"death",122,0.013156304769004,0.350004442487289,0,1
15,"death",123,0.0180579559401054,0.480405775956732,0,1
15,"death",124,0.0255460203409822,0.679614889150314,0,1
15,"death",125,0.0371443700634859,0.988172193018917,0,1
15,"death",126,0.0552574781513711,1.47004521202562,0,1
15,"death",127,0.083493690906577,2.22122877586506,0,1
15,"death",128,0.126698616807894,3.37063328330867,0,1
15,"death",129,0.189841455530054,5.05045709797752,0,1
15,"death",130,0.274253743805934,7.29612382703374,0,1
15,"death",131,0.370673576440847,9.86123389088757,0,1
15,"death",132,0.454282390988062,12.0855253645516,0,1
15,"death",133,0.493631722164567,13.1323573559424,0,1
15,"death",134,0.473985122024787,12.6096880008743,0,1
15,"death",135,0.40952782980103,10.8948950536808,0,1
15,"death",136,0.328556417676922,8.74076785341432,0,1
15,"death",137,0.252859587442489,6.72696326850707,0,1
15,"death",138,0.191485732596854,5.09420070898112,0,1
15,"death",139,0.145018387127458,3.85800425181198,0,1
15,"death",140,0.110793730502207,2.94750680805698,0,1
15,"death",141,0.0857212364119157,2.2804893993,0,1
15,"death",142,0.0672466894272662,1.7890008216865,0,1
15,"death",143,0.0534859065139039,1.42291511324904,0,1
15,"death",144,0.0431058404337475,1.14676848202126,0,1
15,"death",145,0.0351738010472434,0.935748057061105,0,1
15,"death",146,0.0290354201403661,0.772445319338888,0,1
15,"death",147,0.024227572393808,0.644539490183698,0,1
15,"death",148,0.0204188924042544,0.543215072745691,0,1
15,"death",149,0.0173696004395059,0.462093074369883,0,1
15,"death",150,0.0149042872329886,0.396506985452535,0,1
15,"death",151,0.0128933037976479,0.343007682381062,0,1
15,"death",152,0.0112398841953198,0.299020847455058,0,1
15,"death",153,0.00987112596420677,0.262607016216571,0,1
15,"death",154,0.00873160017387593,0.232291582213835,0,1
15,"death",155,0.00777877935339971,0.206943163648254,0,1
15,"death",156,0.00697973976521247,0.185685872144363,0,1
16,"death",105,0.0058699972998633,0.1304004740605,0,1
16,"death",106,0.00491733950671578,0.109237427214335,0,1
16,"death",107,0.00424994918424748,0.0944115235575683,0,1
16,"death",108,0.00376127257328073,0.0835556988481044,0,1
16,"death",109,0.00340927165614318,0.0757360893798793,0,1
16,"death",110,0.00316697459620687,0.0703535227678136,0,1
16,"death",111,0.00301719816223532,0.0670262779676437,0,1
16,"death",112,0.00295042849137799,0.0655430069731473,0,1
16,"death",113,0.00296385627263119,0.0658413016658958,0,1
16,"death",114,0.0030613181412538,0.0680063919073353,0,1
16,"death",115,0.00325417343211086,0.072290622387888,0,1
16,"death",116,0.00356334783357525,0.0791588518705945,0,1
16,"death",117,0.0040230355185123,0.0893706950748427,0,1
16,"death",118,0.00468695123549791,0.104119411268146,0,1
16,"death",119,0.00563868023310285,0.125261825161198,0,1
16,"death",120,0.00700877523163808,0.155698131719819,0,1
16,"death",121,0.00900309539047947,0.200001439005392,0,1
16,"death",122,0.0119499029250827,0.265464007358917,0,1
16,"death",123,0.016377883827882,0.36383045956654,0,1
16,"death",124,0.0231434157739817,0.51412500451691,0,1
16,"death",125,0.0336301582120033,0.747085279524229,0,1
16,"death",126,0.0500350480957785,1.11151567164799,0,1
16,"death",127,0.0756938694820817,1.68151976222662,0,1
16,"death",128,0.115195520023057,2.55903872749691,0,1
16,"death",129,0.173554801178882,3.85547508679929,0,1
16,"death",130,0.253080122024468,5.62210955157481,0,1
16,"death",131,0.347136354195246,7.71154445875943,0,1
16,"death",132,0.434658200775424,9.65581967758644,0,1
16,"death",133,0.485862094171365,10.7933009457174,0,1
16,"death",134,0.482258576961719,10.7132497415314,0,1
16,"death",135,0.431042481474649,9.5754974070972,0,1
16,"death",136,0.356234292572225,7.91365281021625,0,1
16,"death",137,0.280172019574985,6.22394905904243,0,1
16,"death",138,0.214786657511875,4.77143012690499,0,1
16,"death",139,0.163243144367179,3.62640429376389,0,1
16,"death",140,0.124312567097734,2.76157157373815,0,1
16,"death",141,0.0954262331298375,2.11986912468058,0,1
16,"death",142,0.0740689472745179,1.64542253502983,0,1
16,"death",143,0.0582103782666644,1.29312852007459,0,1
16,"death",144,0.0463346995115545,1.02931338348286,0,1
16,"death",145,0.0373474460026543,0.829663867785503,0,1
16,"death",146,0.0304680596087675,0.676840075681019,0,1
16,"death",147,0.0251406978758208,0.55849411060124,0,1
16,"death",148,0.020967909033395,0.4657966841102,0,1
16,"death",149,0.0176635053522418,0.392390209712047,0,1
16,"death",150,0.0150196825385471,0.333658368686194,0,1
16,"death",151,0.0128841892399776,0.286218936560227,0,1
16,"death",152,0.0111444412848317,0.247570885035212,0,1
16,"death",153,0.00971640578582871,0.215847445222122,0,1
16,"death",154,0.00853676717879241,0.189642078214341,0,1
16,"death",155,0.00755736521478561,0.167884916519353,0,1
16,"death",156,0.00674121883117029,0.149754435381196,0,1
17,"death",105,0,0,0,1
17,"death",106,0,0,0,1
17,"death",107,0,0,0,1
17,"death",108,0,0,0,1
17,"death",109,0,0,0,1
17,"death",110,0,0,0,1
17,"death",111,0,0,0,1
17,"death",112,0,0,0,1
17,"death",113,0,0,0,1
17,"death",114,0,0,0,1
17,"death",115,0,0,0,1
17,"death",116,0,0,0,1
17,"death",117,0,0,0,1
17,"death",118,0,0,0,1
17,"death",119,0,0,0,1
17,"death",120,0,0,0,1
17,"death",121,0,0,0,1
17,"death",122,0,0,0,1
17,"death",123,0,0,0,1
17,"death",124,0,0,0,1
17,"death",125,0,0,0,1
17,"death",126,0,0,0,1
17,"death",127,0,0,0,1
17,"death",128,0,0,0,1
17,"death",129,0,0,0,1
17,"death",130,0,0,0,1
17,"death",131,0,0,0,1
17,"death",132,0,0,0,1
17,"death",133,0,0,0,1
17,"death",134,0,0,0,1
17,"death",135,0,0,0,1
17,"death",136,0,0,0,1
17,"death",137,0,0,0,1
17,"death",138,0,0,0,1
17,"death",139,0,0,0,1
17,"death",140,0,0,0,1
17,"death",141,0,0,0,1
17,"death",142,0,0,0,1
17,"death",143,0,0,0,1
17,"death",144,0,0,0,1
17,"death",145,0,0,0,1
17,"death",146,0,0,0,1
17,"death",147,0,0,0,1
17,"death",148,0,0,0,1
17,"death",149,0,0,0,1
17,"death",150,0,0,0,1
17,"death",151,0,0,0,1
17,"death",152,0,0,0,1
17,"death",153,0,0,0,1
17,"death",154,0,0,0,1
17,"death",155,0,0,0,1
17,"death",156,0,0,0,1
18,"death",105,0,0,0,1
18,"death",106,0,0,0,1
18,"death",107,0,0,0,1
18,"death",108,0,0,0,1
18,"death",109,0,0,0,1
18,"death",110,0,0,0,1
18,"death",111,0,0,0,1
18,"death",112,0,0,0,1
18,"death",113,0,0,0,1
18,"death",114,0,0,0,1
18,"death",115,0,0,0,1
18,"death",116,0,0,0,1
18,"death",117,0,0,0,1
18,"death",118,0,0,0,1
18,"death",119,0,0,0,1
18,"death",120,0,0,0,1
18,"death",121,0,0,0,1
18,"death",122,0,0,0,1
18,"death",123,0,0,0,1
18,"death",124,0,0,0,1
18,"death",125,0,0,0,1
18,"death",126,0,0,0,1
18,"death",127,0,0,0,1
18,"death",128,0,0,0,1
18,"death",129,0,0,0,1
18,"death",130,0,0,0,1
18,"death",131,0,0,0,1
18,"death",132,0,0,0,1
18,"death",133,0,0,0,1
18,"death",134,0,0,0,1
18,"death",135,0,0,0,1
18,"death",136,0,0,0,1
18,"death",137,0,0,0,1
18,"death",138,0,0,0,1
18,"death",139,0,0,0,1
18,"death",140,0,0,0,1
18,"death",141,0,0,0,1
18,"death",142,0,0,0,1
18,"death",143,0,0,0,1
18,"death",144,0,0,0,1
18,"death",145,0,0,0,1
18,"death",146,0,0,0,1
18,"death",147,0,0,0,1
18,"death",148,0,0,0,1
18,"death",149,0,0,0,1
18,"death",150,0,0,0,1
18,"death",151,0,0,0,1
18,"death",152,0,0,0,1
18,"death",153,0,0,0,1
18,"death",154,0,0,0,1
18,"death",155,0,0,0,1
18,"death",156,0,0,0,1
19,"death",105,0,0,0,1
19,"death",106,0,0,0,1
19,"death",107,0,0,0,1
19,"death",108,0,0,0,1
19,"death",109,0,0,0,1
19,"death",110,0,0,0,1
19,"death",111,0,0,0,1
19,"death",112,0,0,0,1
19,"death",113,0,0,0,1
19,"death",114,0,0,0,1
19,"death",115,0,0,0,1
19,"death",116,0,0,0,1
19,"death",117,0,0,0,1
19,"death",118,0,0,0,1
19,"death",119,0,0,0,1
19,"death",120,0,0,0,1
19,"death",121,0,0,0,1
19,"death",122,0,0,0,1
19,"death",123,0,0,0,1
19,"death",124,0,0,0,1
19,"death",125,0,0,0,1
19,"death",126,0,0,0,1
19,"death",127,0,0,0,1
19,"death",128,0,0,0,1
19,"death",129,0,0,0,1
19,"death",130,0,0,0,1
19,"death",131,0,0,0,1
19,"death",132,0,0,0,1
19,"death",133,0,0,0,1
19,"death",134,0,0,0,1
19,"death",135,0,0,0,1
19,"death",136,0,0,0,1
19,"death",137,0,0,0,1
19,"death",138,0,0,0,1
19,"death",139,0,0,0,1
19,"death",140,0,0,0,1
19,"death",141,0,0,0,1
19,"death",142,0,0,0,1
19,"death",143,0,0,0,1
19,"death",144,0,0,0,1
19,"death",145,0,0,0,1
19,"death",146,0,0,0,1
19,"death",147,0,0,0,1
19,"death",148,0,0,0,1
19,"death",149,0,0,0,1
19,"death",150,0,0,0,1
19,"death",151,0,0,0,1
19,"death",152,0,0,0,1
19,"death",153,0,0,0,1
19,"death",154,0,0,0,1
19,"death",155,0,0,0,1
19,"death",156,0,0,0,1
20,"death",105,0,0,0,1
20,"death",106,0,0,0,1
20,"death",107,0,0,0,1
20,"death",108,0,0,0,1
20,"death",109,0,0,0,1
20,"death",110,0,0,0,1
20,"death",111,0,0,0,1
20,"death",112,0,0,0,1
20,"death",113,0,0,0,1
20,"death",114,0,0,0,1
20,"death",115,0,0,0,1
20,"death",116,0,0,0,1
20,"death",117,0,0,0,1
20,"death",118,0,0,0,1
20,"death",119,0,0,0,1
20,"death",120,0,0,0,1
20,"death",121,0,0,0,1
20,"death",122,0,0,0,1
20,"death",123,0,0,0,1
20,"death",124,0,0,0,1
20,"death",125,0,0,0,1
20,"death",126,0,0,0,1
20,"death",127,0,0,0,1
20,"death",128,0,0,0,1
20,"death",129,0,0,0,1
20,"death",130,0,0,0,1
20,"death",131,0,0,0,1
20,"death",132,0,0,0,1
20,"death",133,0,0,0,1
20,"death",134,0,0,0,1
20,"death",135,0,0,0,1
20,"death",136,0,0,0,1
20,"death",137,0,0,0,1
20,"death",138,0,0,0,1
20,"death",139,0,0,0,1
20,"death",140,0,0,0,1
20,"death",141,0,0,0,1
20,"death",142,0,0,0,1
20,"death",143,0,0,0,1
20,"death",144,0,0,0,1
20,"death",145,0,0,0,1
20,"death",146,0,0,0,1
20,"death",147,0,0,0,1
20,"death",148,0,0,0,1
20,"death",149,0,0,0,1
20,"death",150,0,0,0,1
20,"death",151,0,0,0,1
20,"death",152,0,0,0,1
20,"death",153,0,0,0,1
20,"death",154,0,0,0,1
20,"death",155,0,0,0,1
20,"death",156,0,0,0,1
21,"death",105,0,0,0,1
21,"death",106,0,0,0,1
21,"death",107,0,0,0,1
21,"death",108,0,0,0,1
21,"death",109,0,0,0,1
21,"death",110,0,0,0,1
21,"death",111,0,0,0,1
21,"death",112,0,0,0,1
21,"death",113,0,0,0,1
21,"death",114,0,0,0,1
21,"death",115,0,0,0,1
21,"death",116,0,0,0,1
21,"death",117,0,0,0,1
21,"death",118,0,0,0,1
21,"death",119,0,0,0,1
21,"death",120,0,0,0,1
21,"death",121,0,0,0,1
21,"death",122,0,0,0,1
21,"death",123,0,0,0,1
21,"death",124,0,0,0,1
21,"death",125,0,0,0,1
21,"death",126,0,0,0,1
21,"death",127,0,0,0,1
21,"death",128,0,0,0,1
21,"death",129,0,0,0,1
21,"death",130,0,0,0,1
21,"death",131,0,0,0,1
21,"death",132,0,0,0,1
21,"death",133,0,0,0,1
21,"death",134,0,0,0,1
21,"death",135,0,0,0,1
21,"death",136,0,0,0,1
21,"death",137,0,0,0,1
21,"death",138,0,0,0,1
21,"death",139,0,0,0,1
21,"death",140,0,0,0,1
21,"death",141,0,0,0,1
21,"death",142,0,0,0,1
21,"death",143,0,0,0,1
21,"death",144,0,0,0,1
21,"death",145,0,0,0,1
21,"death",146,0,0,0,1
21,"death",147,0,0,0,1
21,"death",148,0,0,0,1
21,"death",149,0,0,0,1
21,"death",150,0,0,0,1
21,"death",151,0,0,0,1
21,"death",152,0,0,0,1
21,"death",153,0,0,0,1
21,"death",154,0,0,0,1
21,"death",155,0,0,0,1
21,"death",156,0,0,0,1
22,"death",105,0.127871295282498,1.93067597592608,0,1
22,"death",106,0.103279981798914,1.55938187075312,0,1
22,"death",107,0.0861672653861904,1.30100401990012,0,1
22,"death",108,0.0737648123641585,1.11374449430222,0,1
22,"death",109,0.0648010870808054,0.978404901306486,0,1
22,"death",110,0.0584437724709388,0.882418428646165,0,1
22,"death",111,0.0541452607735947,0.817516972475217,0,1
22,"death",112,0.0515622469247938,0.778517111151008,0,1
22,"death",113,0.0505092090967096,0.762617727071634,0,1
22,"death",114,0.0509359293609043,0.769060600436618,0,1
22,"death",115,0.0529250895935847,0.799094110811399,0,1
22,"death",116,0.0567102553779672,0.856244768655755,0,1
22,"death",117,0.0627190269495287,0.946968733658315,0,1
22,"death",118,0.0716520732649119,1.08184511756326,0,1
22,"death",119,0.0846179186405814,1.2776110720652,0,1
22,"death",120,0.103358494069787,1.56056729516644,0,1
22,"death",121,0.130626194900985,1.97227106963144,0,1
22,"death",122,0.17081698055139,2.57909517458327,0,1
22,"death",123,0.23103708965306,3.48833377776925,0,1
22,"death",124,0.322896330131983,4.87527858322902,0,1
22,"death",125,0.465480921444199,7.02810455074241,0,1
22,"death",126,0.690106001886773,10.419626044623,0,1
22,"death",127,1.047315626924,15.8129869228821,0,1
22,"death",128,1.61534757310533,24.3894671221948,0,1
22,"death",129,2.50494120408523,37.8210746450197,0,1
22,"death",130,3.84528101201293,58.0583128854426,0,1
22,"death",131,5.72302393150955,86.4095791772891,0,1
22,"death",132,8.05684162114957,121.646930418823,0,1
22,"death",133,10.4712697882787,158.101386030438,0,1
22,"death",134,12.3456165999507,186.401375890195,0,1
22,"death",135,13.1276096966182,198.208367300899,0,1
22,"death",136,12.6717692990932,191.325821046762,0,1
22,"death",137,11.2730550464251,170.207211128519,0,1
22,"death",138,9.41730820436704,142.188054542618,0,1
22,"death",139,7.52360361271194,113.595789542626,0,1
22,"death",140,5.83889762736055,88.1591083450907,0,1
22,"death",141,4.45656031347396,67.2877670745504,0,1
22,"death",142,3.37627135497089,50.976929410536,0,1
22,"death",143,2.55578368284587,38.5887242733654,0,1
22,"death",144,1.94208379347423,29.3227226252184,0,1
22,"death",145,1.48601581411915,22.4367402068443,0,1
22,"death",146,1.14726774064237,17.3221226853123,0,1
22,"death",147,0.894782795435193,13.50995657784,0,1
22,"death",148,0.705436583964895,10.6510961837954,0,1
22,"death",149,0.562325594153425,8.49032234233554,0,1
22,"death",150,0.453204238907523,6.84274398185737,0,1
22,"death",151,0.369227424582679,5.57481267957726,0,1
22,"death",152,0.303999339855877,4.5899607168323,0,1
22,"death",153,0.25287734540792,3.81809079634667,0,1
22,"death",154,0.212471758892207,3.20802350167552,0,1
22,"death",155,0.180289846320052,2.72212206988703,0,1
22,"death",156,0.154483532515345,2.33248317571705,0,1
23,"death",105,0.116388812368026,1.33139198762146,0,1
23,"death",106,0.0930677012686162,1.06461771758248,0,1
23,"death",107,0.0768953457658151,0.879619313532172,0,1
23,"death",108,0.0652239022716807,0.746107629411439,0,1
23,"death",109,0.056801622746288,0.649763700390504,0,1
23,"death",110,0.0508090116984849,0.581213174170265,0,1
23,"death",111,0.0467060264978967,0.534278408618062,0,1
23,"death",112,0.0441494966238505,0.505033816108111,0,1
23,"death",113,0.0429442903592266,0.491247250788778,0,1
23,"death",114,0.0430179185459759,0.492089496498711,0,1
23,"death",115,0.0444137819839343,0.508057022580471,0,1
23,"death",116,0.047302282453067,0.541099084807927,0,1
23,"death",117,0.0520129405479697,0.594985126914329,0,1
23,"death",118,0.0590955851432205,0.676004737591944,0,1
23,"death",119,0.0694260389390685,0.794176605939525,0,1
23,"death",120,0.0843837538320038,0.965280523544678,0,1
23,"death",121,0.106149227511361,1.21425958496728,0,1
23,"death",122,0.138203784720958,1.58093727303118,0,1
23,"death",123,0.186172653232307,2.12966155238315,0,1
23,"death",124,0.259245814361675,2.96555822714413,0,1
23,"death",125,0.372545537131246,4.26161357839351,0,1
23,"death",126,0.55095065263634,6.30242090773623,0,1
23,"death",127,0.834855028372957,9.55005273261636,0,1
23,"death",128,1.28753667233602,14.7283572573673,0,1
23,"death",129,2.00078458512736,22.8873249189274,0,1
23,"death",130,3.08795949030641,35.3237088672539,0,1
23,"death",131,4.64281110557182,53.1099285251954,0,1
23,"death",132,6.64500910041749,76.0134216851754,0,1
23,"death",133,8.84611026598951,101.192203014436,0,1
23,"death",134,10.7613748157545,123.101249286593,0,1
23,"death",135,11.8717329294482,135.802830013165,0,1
23,"death",136,11.9154546195567,136.302970075696,0,1
23,"death",137,11.0064850747289,125.905108422559,0,1
23,"death",138,9.50398537904711,108.717751532027,0,1
23,"death",139,7.79709388791515,89.1923211337305,0,1
23,"death",140,6.16797569297024,70.556553077437,0,1
23,"death",141,4.7634973167998,54.4904792102324,0,1
23,"death",142,3.62738232848525,41.4942610885483,0,1
23,"death",143,2.74458055580941,31.3957371592713,0,1
23,"death",144,2.07528783066601,23.7395805794483,0,1
23,"death",145,1.57482755777857,18.0147279592644,0,1
23,"death",146,1.20292331746031,13.7604502873135,0,1
23,"death",147,0.926770847992339,10.6014938744844,0,1
23,"death",148,0.721096597402307,8.24875013800101,0,1
23,"death",149,0.56704466884901,6.48652317494078,0,1
23,"death",150,0.450802997696086,5.15681436142214,0,1
23,"death",151,0.36235030527458,4.14498853746614,0,1
23,"death",152,0.294441950130973,3.36817298199108,0,1
23,"death",153,0.241837843747733,2.76642540565896,0,1
23,"death",154,0.200734598438645,2.29623819130096,0,1
23,"death",155,0.168356148294365,1.92585543529015,0,1
23,"death",156,0.142661905347336,1.63193449485213,0,1
24,"death",105,0.303027767681734,2.70675708997158,0,1
24,"death",106,0.241620273554774,2.15824243939306,0,1
24,"death",107,0.199072456513804,1.77818946167579,0,1
24,"death",108,0.168391003554149,1.50413127564051,0,1
24,"death",109,0.146255745703153,1.30641089316566,0,1
24,"death",110,0.130490530832023,1.16559011144715,0,1
24,"death",111,0.119658385414813,1.06883334677194,0,1
24,"death",112,0.112841998289328,1.00794683356212,0,1
24,"death",113,0.10951265494089,0.978207896492821,0,1
24,"death",114,0.109460581865643,0.977742760354644,0,1
24,"death",115,0.112773837011624,1.00733799159658,0,1
24,"death",116,0.119863083358946,1.07066178518807,0,1
24,"death",117,0.131539531444591,1.1749601763332,0,1
24,"death",118,0.149165704787898,1.3324037335064,0,1
24,"death",119,0.174917027527597,1.56242415683286,0,1
24,"death",120,0.21222208338724,1.89564683544207,0,1
24,"death",121,0.266499851066628,2.38047610906929,0,1
24,"death",122,0.346398183402492,3.09415782603374,0,1
24,"death",123,0.465882081668496,4.16143258848597,0,1
24,"death",124,0.647751774764623,5.78596054843163,0,1
24,"death",125,0.929503999234864,8.30267654787455,0,1
24,"death",126,1.37280349375721,12.262393041709,0,1
24,"death",127,2.0777686285131,18.5594046696579,0,1
24,"death",128,3.20135161124832,28.5956671150327,0,1
24,"death",129,4.97176110585873,44.4096253154666,0,1
24,"death",130,7.6727320464662,68.5357055728211,0,1
24,"death",131,11.544922003214,103.123551100403,0,1
24,"death",132,16.5572139210761,147.895212751984,0,1
24,"death",133,22.1261629901541,197.639143784236,0,1
24,"death",134,27.0816014913886,241.90296950473,0,1
24,"death",135,30.1328564451852,269.157917269696,0,1
24,"death",136,30.5678248061709,273.043216970177,0,1
24,"death",137,28.5725925757342,255.221058205022,0,1
24,"death",138,24.9673114966615,223.017342364797,0,1
24,"death",139,20.7068783275516,184.961563598839,0,1
24,"death",140,16.5293339264546,147.646178237137,0,1
24,"death",141,12.8531078109004,114.808754859269,0,1
24,"death",142,9.83214636343354,87.8243999962853,0,1
24,"death",143,7.45716858826868,66.6102123308033,0,1
24,"death",144,5.64180870286857,50.3947404674539,0,1
24,"death",145,4.27730892165944,38.2065192845964,0,1
24,"death",146,3.26052420930612,29.1242188400126,0,1
24,"death",147,2.50491155776632,22.3748046939939,0,1
24,"death",148,1.94251269629496,17.3512482149112,0,1
24,"death",149,1.52199390823932,13.595017491424,0,1
24,"death",150,1.2054589992899,10.767609575717,0,1
24,"death",151,0.965289206165064,8.62232336874328,0,1
24,"death",152,0.781476797754278,6.98044235071988,0,1
24,"death",153,0.639545137088133,5.71265579855472,0,1
24,"death",154,0.528995935862732,4.72518908388115,0,1
24,"death",155,0.442179633861407,3.94971348055622,0,1
24,"death",156,0.373485904732714,3.33611546022243,0,1
25,"death",105,0.542896641923258,3.04619426478009,0,1
25,"death",106,0.432952086452006,2.42929511960603,0,1
25,"death",107,0.356769612993539,2.00183509166438,0,1
25,"death",108,0.30182830172145,1.6935592719731,0,1
25,"death",109,0.262187208232809,1.47113300827965,0,1
25,"death",110,0.23395261455602,1.31270864038904,0,1
25,"death",111,0.214553435192578,1.20385980185319,0,1
25,"death",112,0.202348517755753,1.13537798298162,0,1
25,"death",113,0.196392293782476,1.1019575970259,0,1
25,"death",114,0.196310333613231,1.10149771833406,0,1
25,"death",115,0.20226179711088,1.13489139325045,0,1
25,"death",116,0.21498405907228,1.20627603339955,0,1
25,"death",117,0.235932612148047,1.32381841127976,0,1
25,"death",118,0.26755151247633,1.50123213131579,0,1
25,"death",119,0.313742513928937,1.76040994315657,0,1
25,"death",120,0.380654540797723,2.13585347467379,0,1
25,"death",121,0.47800558215385,2.68209038415042,0,1
25,"death",122,0.621303138743645,3.48613329274984,0,1
25,"death",123,0.835587846946949,4.68848526686879,0,1
25,"death",124,1.16173938683888,6.51852228229104,0,1
25,"death",125,1.66698023832341,9.3534298232044,0,1
25,"death",126,2.46184368811155,13.8134104070781,0,1
25,"death",127,3.72575185658095,20.905201950236,0,1
25,"death",128,5.73988475680595,32.2065061311477,0,1
25,"death",129,8.91284766102006,50.0100080407125,0,1
25,"death",130,13.7521008380134,77.1630683752793,0,1
25,"death",131,20.6866760394231,116.072985247092,0,1
25,"death",132,29.6570660192327,166.405863366459,0,1
25,"death",133,39.6138502613573,222.273401884592,0,1
25,"death",134,48.4598932090023,271.908568530039,0,1
25,"death",135,53.88907042595,302.371693964288,0,1
25,"death",136,54.6366039532254,306.566106247721,0,1
25,"death",137,51.0448249549672,286.412626303377,0,1
25,"death",138,44.5853401685846,250.168442806486,0,1
25,"death",139,36.9653340809911,207.412571708469,0,1
25,"death",140,29.5012078617646,165.531342898407,0,1
25,"death",141,22.9373469936599,128.701504974927,0,1
25,"death",142,17.5460595163295,98.450978953906,0,1
25,"death",143,13.3089685951125,74.6766523752063,0,1
25,"death",144,10.0708493617733,56.5075581580676,0,1
25,"death",145,7.63707954485176,42.8516703046494,0,1
25,"death",146,5.82340898619441,32.6751607679345,0,1
25,"death",147,4.47540155988766,25.1114881020848,0,1
25,"death",148,3.47186341320586,19.4806333300225,0,1
25,"death",149,2.72128462016878,15.2691340536311,0,1
25,"death",150,2.1561243697095,12.0980186318598,0,1
25,"death",151,1.72716274018335,9.69111397493614,0,1
25,"death",152,1.39874239044829,7.84834666244017,0,1
25,"death",153,1.14506023027687,6.42493549774108,0,1
25,"death",154,0.947400574117201,5.31586672759919,0,1
25,"death",155,0.792122921911755,4.44460347586663,0,1
25,"death",156,0.669220224373975,3.7549961667492,0,1
1,"hosp",105,2.53838832710864,0.0141062249299084,2932.57054775981,1
1,"hosp",106,2.08344768413506,0.0115780479086831,2406.98290763585,1
1,"hosp",107,1.77000242215018,0.00983618307202545,2044.86323752267,1
1,"hosp",108,1.54014560554585,0.00855883243104349,1779.31232737352,1
1,"hosp",109,1.37293726138486,0.00762962924818019,1586.13846969796,1
1,"hosp",110,1.25479068254162,0.00697307004560922,1449.64509958035,1
1,"hosp",111,1.1767287024252,0.00653926729043719,1359.46100073918,1
1,"hosp",112,1.13326414390101,0.00629772787250275,1309.24690117128,1
1,"hosp",113,1.12179853584105,0.00623401167726002,1296.00081736696,1
1,"hosp",114,1.14240562576774,0.00634852853134111,1319.80794898219,1
1,"hosp",115,1.19798063914107,0.00665736765999397,1384.01311635925,1
1,"hosp",116,1.29481125216425,0.00719547067316129,1495.8803987765,1
1,"hosp",117,1.44371616289523,0.00802295878501047,1667.9085124276,1
1,"hosp",118,1.66203019534467,0.00923616435099845,1920.12417812645,1
1,"hosp",119,1.97692995259849,0.0109861120476363,2283.92420972806,1
1,"hosp",120,2.43095415408041,0.0135091962587195,2808.45309564231,1
1,"hosp",121,3.09118087322186,0.0171781804348141,3571.20535490901,1
1,"hosp",122,4.06453817848373,0.0225872807440773,4695.71374291801,1
1,"hosp",123,5.5233499901256,0.0306941284338739,6381.0620829878,1
1,"hosp",124,7.7475835415721,0.0430545456475363,8950.69326772499,1
1,"hosp",125,11.1928955723823,0.0622006888681391,12931.0222353204,1
1,"hosp",126,16.5936759118606,0.0922136783907016,19170.4810247148,1
1,"hosp",127,25.0980595315608,0.13947388162618,28995.4966315237,1
1,"hosp",128,38.3808982186309,0.213288714536685,44341.005869945,1
1,"hosp",129,58.5408577695661,0.325320794485331,67631.5729560468,1
1,"hosp",130,87.3376208067023,0.48534895578633,100900.138782504,1
1,"hosp",131,124.236830736945,0.690403694438079,143529.367384533,1
1,"hosp",132,163.753588267737,0.910004558607254,189182.618323394,1
1,"hosp",133,195.187699686574,1.08468888149452,225498.082099137,1
1,"hosp",134,208.077138264012,1.1563175278493,240389.100760733,1
1,"hosp",135,199.694610226347,1.10973449533306,230704.863492345,1
1,"hosp",136,176.070640781994,0.978452365187546,203412.366015176,1
1,"hosp",137,146.255147352153,0.812762958162654,168966.872799853,1
1,"hosp",138,117.07795329857,0.650620681605528,135258.799439276,1
1,"hosp",139,91.867015934551,0.510519520032755,106132.89635913,1
1,"hosp",140,71.469745680275,0.397168667017022,82568.1669741181,1
1,"hosp",141,55.5247394108985,0.308559748301726,64147.0864522575,1
1,"hosp",142,43.2671018289866,0.240442119886416,49985.980141635,1
1,"hosp",143,33.9063870547691,0.188423149148304,39171.6550993676,1
1,"hosp",144,26.7631783628995,0.148727210015318,30919.1890749357,1
1,"hosp",145,21.2969702439934,0.118350627986669,24604.1423319936,1
1,"hosp",146,17.0934406673762,0.0949909500863114,19747.8534413706,1
1,"hosp",147,13.8407573743859,0.0769152751918639,15990.0662169553,1
1,"hosp",148,11.3062062123087,0.0628303739942024,13061.9287013828,1
1,"hosp",149,9.3166256787465,0.051773960669704,10763.3894224197,1
1,"hosp",150,7.74311619480916,0.0430297198958556,8945.53219390357,1
1,"hosp",151,6.48948367764755,0.0360630859582216,7497.22510933321,1
1,"hosp",152,5.48365409386037,0.0304735320674584,6335.20187514997,1
1,"hosp",153,4.67135067031684,0.0259594336210274,5396.75716584829,1
1,"hosp",154,4.01145660097205,0.0222922980324025,4634.38921302755,1
1,"hosp",155,3.47261914231974,0.0192978931530405,4011.87655631618,1
1,"hosp",156,3.03076290682613,0.0168424282511612,3501.40518016211,1
2,"hosp",105,5.90944048874541,0.0655508238225342,6451.63767346125,1
2,"hosp",106,4.8542568632268,0.0538461360321208,5299.63987539889,1
2,"hosp",107,4.11888378198633,0.045688965927094,4496.7955648392,1
2,"hosp",108,3.57892256614051,0.0396994136846574,3907.29235738776,1
2,"hosp",109,3.18486874214814,0.0353283479564698,3477.08369362637,1
2,"hosp",110,2.90486244192224,0.0322223612407623,3171.38653011581,1
2,"hosp",111,2.71783404693058,0.030147737527526,2967.19808936017,1
2,"hosp",112,2.61075843020818,0.0289599948129954,2850.29817572689,1
2,"hosp",113,2.57722515959662,0.0285880249931389,2813.6881933768,1
2,"hosp",114,2.61690084665061,0.0290281299365878,2857.00416513511,1
2,"hosp",115,2.73581374805759,0.0303471784429905,2986.82744638127,1
2,"hosp",116,2.94757520659385,0.0326961551502354,3218.018234457,1
2,"hosp",117,3.27585265606847,0.036337592490438,3576.41547433307,1
2,"hosp",118,3.75869924762197,0.0416935973299002,4103.56373253142,1
2,"hosp",119,4.45581193538978,0.0494263617205984,4864.63721954193,1
2,"hosp",120,5.46056855190724,0.06057168488263,5961.58127915793,1
2,"hosp",121,6.9200041618378,0.0767605621086703,7554.92159300851,1
2,"hosp",122,9.06806085641636,0.100588010107394,9900.06467751326,1
2,"hosp",123,12.2809028753787,0.136226653318326,13407.6882245975,1
2,"hosp",124,17.1680506990129,0.190437634305757,18743.2368395269,1
2,"hosp",125,24.7183941368627,0.274190272721648,26986.3319792403,1
2,"hosp",126,36.5194444065485,0.405094132168631,39870.1406327527,1
2,"hosp",127,55.0396870180932,0.610531036540892,60089.6343702472,1
2,"hosp",128,83.8496870362645,0.930107693436762,91542.9812384741,1
2,"hosp",129,127.350176584392,1.41263948845085,139034.685016049,1
2,"hosp",130,189.038253682261,2.09691819156913,206382.706028524,1
2,"hosp",131,267.199814148425,2.96392999912853,291715.669289667,1
2,"hosp",132,349.264146769208,3.87423354139855,381309.488026321,1
2,"hosp",133,411.773236271359,4.56761937396024,449553.850167525,1
2,"hosp",134,432.981498241889,4.80287329464191,472707.991778444,1
2,"hosp",135,409.102454960644,4.5379935717374,446638.021950861,1
2,"hosp",136,355.206795862283,3.94015273366068,387797.381227388,1
2,"hosp",137,291.438448179885,3.23279850404386,318178.222685108,1
2,"hosp",138,231.660365362109,2.56970652728232,252915.439873612,1
2,"hosp",139,181.627898767168,2.01471838425627,198292.443501135,1
2,"hosp",140,142.006277891145,1.57521317313621,155035.498547684,1
2,"hosp",141,111.377100646738,1.23545718351231,121596.063089542,1
2,"hosp",142,87.8806036365948,0.974820878113858,95943.7385431292,1
2,"hosp",143,69.846693370726,0.774778644518181,76255.1986394471,1
2,"hosp",144,55.9453957006812,0.620577664542297,61078.4427470967,1
2,"hosp",145,45.1651743007118,0.500997410692015,49309.1250520029,1
2,"hosp",146,36.7492109023223,0.407642830833669,40120.988438574,1
2,"hosp",147,30.1333568168669,0.334256071728943,32898.1230012899,1
2,"hosp",148,24.8963586521606,0.276164354804574,27180.6249201069,1
2,"hosp",149,20.7224222043501,0.229864713872753,22623.7255512727,1
2,"hosp",150,17.3736697191466,0.192718475645815,18967.7216142193,1
2,"hosp",151,14.6699838251758,0.162727677355405,16015.9697852656,1
2,"hosp",152,12.4742382018642,0.138371237048251,13618.7622642364,1
2,"hosp",153,10.6814373734728,0.118484486098716,11661.4701335361,1
2,"hosp",154,9.21070071974944,0.102170251365128,10055.7918936126,1
2,"hosp",155,7.99932645941168,0.0887330095697698,8733.27281087698,1
2,"hosp",156,6.99838465439712,0.0776300024336325,7640.49357560538,1
3,"hosp",105,4.88584277626116,0.0192129461572259,5305.4865467815,1
3,"hosp",106,4.03308535061694,0.015859587636628,4379.48600673022,1
3,"hosp",107,3.43368517481932,0.0135025238030996,3728.60350509019,1
3,"hosp",108,2.99166394211301,0.011764332352159,3248.61718319924,1
3,"hosp",109,2.66810911047866,0.0104919947343165,2897.2723108831,1
3,"hosp",110,2.43770682550134,0.00958596748405805,2647.08083332796,1
3,"hosp",111,2.283671924179,0.00898024511414902,2479.81591422922,1
3,"hosp",112,2.19564617165616,0.00863409520284042,2384.22965262265,1
3,"hosp",113,2.1686095063391,0.00852777700579745,2354.87081512456,1
3,"hosp",114,2.20249766584371,0.00866103781948817,2391.6696198713,1
3,"hosp",115,2.30248093846793,0.00905420913537371,2500.24042988351,1
3,"hosp",116,2.48000711906493,0.0097523079292768,2693.01428814909,1
3,"hosp",117,2.75487512958675,0.0108331909065511,2991.49064089822,1
3,"hosp",118,3.15884428261925,0.0124217474651257,3430.15659984845,1
3,"hosp",119,3.74166885219824,0.0147136298664252,4063.03982074515,1
3,"hosp",120,4.58108962600506,0.0180145437248832,4974.55822738717,1
3,"hosp",121,5.79939261616354,0.0228053630011053,6297.50094580508,1
3,"hosp",122,7.59093060154833,0.0298503549151028,8242.91366470977,1
3,"hosp",123,10.267830861014,0.0403769197082368,11149.7321940893,1
3,"hosp",124,14.3351358177949,0.056371071529767,15566.3769200933,1
3,"hosp",125,20.6108167603086,0.0810493769051015,22381.0744732304,1
3,"hosp",126,30.4050655850663,0.119563996375633,33016.5487926367,1
3,"hosp",127,45.7487064027631,0.17990088366119,49678.0509458502,1
3,"hosp",128,69.5642528590903,0.273552446497699,75539.1085186,1
3,"hosp",129,105.416649494737,0.414537369204383,114470.858214782,1
3,"hosp",130,156.038671454252,0.613601937348826,169440.792528266,1
3,"hosp",131,219.729716561929,0.864058752352534,238602.245002964,1
3,"hosp",132,285.727455324713,1.12358634245611,310268.512453326,1
3,"hosp",133,334.417029298322,1.31505180829516,363140.021323936,1
3,"hosp",134,348.116610353096,1.36892364274321,378016.255847035,1
3,"hosp",135,324.600390094063,1.27644914154692,352480.233521133,1
3,"hosp",136,277.373835555793,1.09073681082198,301197.402446211,1
3,"hosp",137,223.663286577785,0.879527008778531,242873.668328607,1
3,"hosp",138,174.841907581689,0.68754323669913,189859.033736267,1
3,"hosp",139,135.171276987652,0.531543601727313,146781.102956009,1
3,"hosp",140,104.63531240416,0.411464861934024,113622.412283878,1
3,"hosp",141,81.6237778292199,0.320974972056356,88634.4229647516,1
3,"hosp",142,64.3359270551861,0.252992730034675,69861.7231656413,1
3,"hosp",143,51.2697898318986,0.201611831702524,55673.3388006412,1
3,"hosp",144,41.2958620083813,0.162390647758505,44842.7528998123,1
3,"hosp",145,33.5970602683921,0.13211610351319,36482.7030725218,1
3,"hosp",146,27.588268461947,0.108487305221086,29957.8176942205,1
3,"hosp",147,22.849169398475,0.0898514097758532,24811.67863971,1
3,"hosp",148,19.0751313929934,0.0750104923916617,20713.4894874903,1
3,"hosp",149,16.0429411579459,0.0630867956228076,17420.8652185536,1
3,"hosp",150,13.5871992069915,0.0534299073354948,14754.2002275188,1
3,"hosp",151,11.5840161742661,0.0455526485874608,12578.9643229778,1
3,"hosp",152,9.93964295997217,0.039086363142887,10793.3563192343,1
3,"hosp",153,8.58244543653963,0.0337493590401099,9319.58945205594,1
3,"hosp",154,7.45717160198396,0.0293243649120758,8097.66613931911,1
3,"hosp",155,6.52081288156421,0.025642255089246,7080.88381093849,1
3,"hosp",156,5.73959057551617,0.0225701991942319,6232.56252337646,1
4,"hosp",105,3.47858949958089,0.044692171802534,4124.4938567869,1
4,"hosp",106,2.88959928052564,0.0371249517947691,3426.1399577443,1
4,"hosp",107,2.47392498775543,0.0317844576351043,2933.28327915043,1
4,"hosp",108,2.16637433931231,0.0278331128673884,2568.62663877728,1
4,"hosp",109,1.94092697321529,0.0249366134617382,2301.31821488651,1
4,"hosp",110,1.78061354554828,0.0228769409271059,2111.23779647189,1
4,"hosp",111,1.6742043022429,0.0215098177917791,1985.07048918505,1
4,"hosp",112,1.61486245242541,0.0207474064329676,1914.7100471001,1
4,"hosp",113,1.59946394986944,0.0205495697748001,1896.45235121403,1
4,"hosp",114,1.62839842830166,0.0209213137478286,1930.75938242809,1
4,"hosp",115,1.7058349903666,0.0219162020886406,2022.57436219677,1
4,"hosp",116,1.84053925877641,0.0236468536377904,2182.2905137019,1
4,"hosp",117,2.04744632036991,0.0263051511877049,2427.61607010085,1
4,"hosp",118,2.35036967330588,0.0301970454552076,2786.78621892474,1
4,"hosp",119,2.78651108489942,0.0358004967677257,3303.91035013501,1
4,"hosp",120,3.41391255310964,0.0438612162661867,4047.80769751788,1
4,"hosp",121,4.32379177690658,0.0555511493825801,5126.63325868877,1
4,"hosp",122,5.66102604611902,0.0727316484633364,6712.16513277627,1
4,"hosp",123,7.65814122704571,0.0983901559665007,9080.1045795033,1
4,"hosp",124,10.6911263255557,0.137357297997334,12676.2542281002,1
4,"hosp",125,15.3684430911951,0.197450460611093,18222.0549810923,1
4,"hosp",126,22.6636668224411,0.291177930430124,26871.8555588941,1
4,"hosp",127,34.0835727692144,0.437898432692167,40412.2091787236,1
4,"hosp",128,51.7912001412661,0.665402231235322,61407.7880830749,1
4,"hosp",129,78.4119252665368,1.0074195980301,92971.4483699873,1
4,"hosp",130,115.922651016855,1.48934935716752,137447.164156356,1
4,"hosp",131,162.960234503787,2.09367814118393,193218.684237505,1
4,"hosp",132,211.392377780778,2.71592393027777,250643.705913975,1
4,"hosp",133,246.548168382304,3.16759798771013,292327.222288629,1
4,"hosp",134,255.353854387896,3.28073155286592,302767.94771462,1
4,"hosp",135,236.420932255159,3.03748543003877,280319.561368112,1
4,"hosp",136,200.122657460597,2.57113298073436,237281.424381793,1
4,"hosp",137,159.488691990267,2.04907650754687,189102.545850865,1
4,"hosp",138,123.016648380287,1.58049151377192,145858.374662529,1
4,"hosp",139,93.7821092353904,1.20489242506397,111195.567474831,1
4,"hosp",140,71.6277299885067,0.920257712172576,84927.5639878694,1
4,"hosp",141,55.2184111136947,0.709434302740673,65471.3634498716,1
4,"hosp",142,43.1108716476397,0.553879232506578,51115.6965467876,1
4,"hosp",143,34.120468383539,0.438372459631635,40455.9555692195,1
4,"hosp",144,27.3691169063875,0.351632543883457,32451.0134235955,1
4,"hosp",145,22.2317757936328,0.28562908712401,26359.7710213723,1
4,"hosp",146,18.2690343530388,0.234716635024276,21661.2279108,1
4,"hosp",147,15.1716317088112,0.194921870182341,17988.6996692091,1
4,"hosp",148,12.7202412512039,0.163426931357373,15082.1351308509,1
4,"hosp",149,10.7576757523403,0.138212310759137,12755.1605497512,1
4,"hosp",150,9.16997235837219,0.117813838084153,10872.6524539813,1
4,"hosp",151,7.87352743257785,0.101157391739131,9335.48368694353,1
4,"hosp",152,6.80628778486502,0.0874457256469397,8070.07902472589,1
4,"hosp",153,5.92165961791615,0.0760802126930822,7021.19313561456,1
4,"hosp",154,5.18425129507493,0.0666061487205987,6146.86286529419,1
4,"hosp",155,4.56686744912682,0.0586741334843812,5414.84321186879,1
4,"hosp",156,4.04836804952555,0.0520125644060859,4800.06886477759,1
5,"hosp",105,2.94402757446099,0.0326058095653581,3261.85855642609,1
5,"hosp",106,2.45978591787263,0.0272427173934974,2725.33919613786,1
5,"hosp",107,2.1178832736647,0.0234560638296369,2346.52546655568,1
5,"hosp",108,1.8648160232442,0.0206532835003968,2066.13761173525,1
5,"hosp",109,1.6796169514467,0.0186021594827097,1860.94484036814,1
5,"hosp",110,1.54868392292093,0.0171520448740826,1715.87655937768,1
5,"hosp",111,1.46309525194298,0.0162041298711567,1621.0479167439,1
5,"hosp",112,1.41755272928861,0.0156997355395016,1570.58871979545,1
5,"hosp",113,1.40987152189253,0.0156146643303318,1562.07826551644,1
5,"hosp",114,1.44087281187108,0.0159580110320033,1596.42638910537,1
5,"hosp",115,1.51467602330101,0.0167753992514858,1678.19723893802,1
5,"hosp",116,1.63947600777573,0.0181575889302925,1816.47036543047,1
5,"hosp",117,1.82899554246797,0.020256563107945,2026.45002771639,1
5,"hosp",118,2.10496136202964,0.0233129505675031,2332.20853270703,1
5,"hosp",119,2.50120949256588,0.0277014933912771,2771.23477222657,1
5,"hosp",120,3.07045726352306,0.0340060486122766,3401.93732696169,1
5,"hosp",121,3.89550503675752,0.0431436500429734,4316.05551047694,1
5,"hosp",122,5.10783092611996,0.0565704492423464,5659.261535345,1
5,"hosp",123,6.91843780639084,0.076623353518098,7665.33769983772,1
5,"hosp",124,9.66849496627366,0.107080894346467,10712.2852065257,1
5,"hosp",125,13.9100650796699,0.154057297888078,15411.7662464055,1
5,"hosp",126,20.5263107302707,0.227333800999846,22742.2877653082,1
5,"hosp",127,30.8835546762168,0.342042755037175,34217.6778326929,1
5,"hosp",128,46.9417158457356,0.519890730920695,52009.4440734877,1
5,"hosp",129,71.0754647761994,0.787177772846223,78748.6214271118,1
5,"hosp",130,105.060812116084,1.16357362354735,116402.954890347,1
5,"hosp",131,147.626033206289,1.63499362824235,163563.427103205,1
5,"hosp",132,191.340877535889,2.11914598529055,211997.633445666,1
5,"hosp",133,222.850053510008,2.46811764584356,246908.473326618,1
5,"hosp",134,230.301637552512,2.55064572144917,255164.514601102,1
5,"hosp",135,212.523440524267,2.35374793701708,235467.021073031,1
5,"hosp",136,179.052331172791,1.9830473950375,198382.44164236,1
5,"hosp",137,141.805376241784,1.57052846012493,157114.38434002,1
5,"hosp",138,108.525022602965,1.20194058328965,120241.154204755,1
5,"hosp",139,81.9831635334332,0.907983145581148,90833.8922414367,1
5,"hosp",140,61.9946732255346,0.686605834399655,68687.4868522834,1
5,"hosp",141,47.3032445418566,0.523894747703823,52410.0026419827,1
5,"hosp",142,36.5619333374312,0.404932156914277,40509.0822282854,1
5,"hosp",143,28.6684172937978,0.317509578690997,31763.3989097702,1
5,"hosp",144,22.8073952836713,0.252597358038463,25269.6333761261,1
5,"hosp",145,18.3999745206132,0.203784118882241,20386.3968016919,1
5,"hosp",146,15.0405629537633,0.166577832246008,16664.3102767746,1
5,"hosp",147,12.4450052550527,0.137831409904651,13788.5416658821,1
5,"hosp",148,10.4129812195534,0.115326257674257,11537.1446190082,1
5,"hosp",149,8.80199832282177,0.0974842367640094,9752.24342054635,1
5,"hosp",150,7.50967956196742,0.0831714973794704,8320.40866319204,1
5,"hosp",151,6.46171201950283,0.0715650061846546,7159.30476426855,1
5,"hosp",152,5.60359852107508,0.0620611939384934,6208.55114989599,1
5,"hosp",153,4.8949619793542,0.0542128747410637,5423.41170790838,1
5,"hosp",154,4.30557409044747,0.0476852628964838,4770.3947507434,1
5,"hosp",155,3.81256065970593,0.0422250212277672,4224.15663414162,1
5,"hosp",156,3.3984193188102,0.0376383068194076,3765.30547116709,1
6,"hosp",105,2.19518119441496,0.0213927736359809,2379.05039118085,1
6,"hosp",106,1.84091010681163,0.0179402836082087,1995.10542495615,1
6,"hosp",107,1.59141409651997,0.0155088616896766,1724.71153565325,1
6,"hosp",108,1.40725170401817,0.0137141376891817,1525.12363236904,1
6,"hosp",109,1.27312760008826,0.012407053516904,1379.76524339729,1
6,"hosp",110,1.17919933338056,0.011491691198381,1277.96950998702,1
6,"hosp",111,1.11909294453671,0.0109059343716169,1212.82858756329,1
6,"hosp",112,1.08913567108443,0.0106139907401088,1180.36208169731,1
6,"hosp",113,1.08800140619466,0.0106029369500655,1179.13281035672,1
6,"hosp",114,1.11666396712634,0.0108822631757999,1210.19615809779,1
6,"hosp",115,1.17866065728692,0.0114864416200028,1277.38571418258,1
6,"hosp",116,1.28073797599595,0.0124812191709704,1388.01306723356,1
6,"hosp",117,1.43403501407919,0.0139751499877634,1554.1503224846,1
6,"hosp",118,1.65608681985653,0.0161391189706161,1794.80127045238,1
6,"hosp",119,1.9741374532462,0.0192386285792973,2139.49194368979,1
6,"hosp",120,2.43060065929668,0.0236870149198128,2634.18867837254,1
6,"hosp",121,3.0920921765829,0.0301334706053068,3351.08697222023,1
6,"hosp",122,4.06442789318376,0.0396092067934373,4404.86589162049,1
6,"hosp",123,5.51751603122715,0.0537700358354225,5979.66523484906,1
6,"hosp",124,7.72624492490787,0.0752948363238647,8373.39808564638,1
6,"hosp",125,11.1357011105095,0.108521125154117,12068.4315948193,1
6,"hosp",126,16.4583525194213,0.160392140186401,17836.910273804,1
6,"hosp",127,24.7971159409757,0.241656173759198,26874.1316341577,1
6,"hosp",128,37.7350379685805,0.367740543450733,40895.7388432354,1
6,"hosp",129,57.1914507622743,0.557349781960369,61981.8280396899,1
6,"hosp",130,84.6033813009746,0.824488196972135,91689.7921189366,1
6,"hosp",131,118.94470555374,1.15915586721656,128907.558517934,1
6,"hosp",132,154.206723321608,1.50279600315394,167123.136064749,1
6,"hosp",133,179.581749699993,1.75008410707034,194623.584130408,1
6,"hosp",134,185.474427468335,1.80751021928772,201009.8347896,1
6,"hosp",135,170.939532431753,1.66586281444867,185257.491515828,1
6,"hosp",136,143.714400655869,1.40054481574631,155751.972533542,1
6,"hosp",137,113.46863825687,1.10578976313577,122972.813778914,1
6,"hosp",138,86.4831533099575,0.842807202791671,93727.0145335051,1
6,"hosp",139,65.0009014991041,0.633455486701006,70445.4012871429,1
6,"hosp",140,48.8618877093134,0.476175409051206,52954.5776742395,1
6,"hosp",141,37.0366243646508,0.360934269703868,40138.8258549762,1
6,"hosp",142,28.4239903407176,0.277001275674802,30804.7943882951,1
6,"hosp",143,22.1238496292302,0.215604301038456,23976.9515376492,1
6,"hosp",144,17.4710725529677,0.170261435026117,18934.4561156212,1
6,"hosp",145,13.993821254078,0.136374460182387,15165.948949149,1
6,"hosp",146,11.3617881489195,0.110724418826203,12313.4557680123,1
6,"hosp",147,9.34373911427951,0.0910578572256376,10126.3741924697,1
6,"hosp",148,7.7767834035973,0.0757873506717739,8428.16968618745,1
6,"hosp",149,6.54515151395359,0.0637846867071597,7093.3758494406,1
6,"hosp",150,5.56576028042337,0.0542401921509551,6031.95044037765,1
6,"hosp",151,4.7783998563637,0.0465671019456031,5178.64041311191,1
6,"hosp",152,4.13902028058038,0.0403361345124808,4485.70616524645,1
6,"hosp",153,3.61509556469675,0.0352303132355356,3917.89731946939,1
6,"hosp",154,3.18238957679437,0.0310134489176011,3448.94771640037,1
6,"hosp",155,2.82267754433802,0.0275079350656896,3059.10606974951,1
6,"hosp",156,2.5221268231184,0.0245789679437315,2733.38110786189,1
7,"hosp",105,1.59984363804596,0.00994398352918828,1783.83609347608,1
7,"hosp",106,1.34289441614158,0.00834689068230504,1497.33603476818,1
7,"hosp",107,1.16265030112196,0.00722656587782763,1296.36267064532,1
7,"hosp",108,1.03019828019283,0.00640329747633836,1148.67780321927,1
7,"hosp",109,0.934327781438679,0.0058074050791846,1041.78157166873,1
7,"hosp",110,0.867872057588376,0.00539434307257823,967.683006032007,1
7,"hosp",111,0.826241014548812,0.00513558128083589,921.264121450427,1
7,"hosp",112,0.806854204746714,0.00501508068142042,899.64770204548,1
7,"hosp",113,0.808885041315179,0.00502770354337207,901.912098068083,1
7,"hosp",114,0.833239133536485,0.00517907876914901,929.067069775988,1
7,"hosp",115,0.882770278160414,0.00548694440964609,984.294619162794,1
7,"hosp",116,0.962791064259285,0.0059843213782677,1073.51831770238,1
7,"hosp",117,1.08200018179123,0.00672527722737465,1206.43726144656,1
7,"hosp",118,1.25404753724891,0.00779465427662255,1398.27118518387,1
7,"hosp",119,1.50012063941727,0.00932414554486122,1672.64429943251,1
7,"hosp",120,1.85320869362067,0.0115187986421102,2066.33978334402,1
7,"hosp",121,2.36516098769839,0.014700887853189,2637.16993111343,1
7,"hosp",122,3.11841914958833,0.0193828371243121,3477.05769572391,1
7,"hosp",123,4.24551185093369,0.0263883912869275,4733.77341064777,1
7,"hosp",124,5.96111965028147,0.037051918205157,6646.68729919725,1
7,"hosp",125,8.61330166791872,0.0535368131490193,9603.88755115938,1
7,"hosp",126,12.7599924609618,0.0793109725518851,14227.4748375706,1
7,"hosp",127,19.2662310232441,0.11975113030338,21481.9732798938,1
7,"hosp",128,29.375979567087,0.182589254363427,32754.408860224,1
7,"hosp",129,44.6017490560624,0.277226503540175,49731.2411702582,1
7,"hosp",130,66.0849263297449,0.410757278600828,73685.1239822977,1
7,"hosp",131,93.0400953755054,0.578299750029419,103740.313318367,1
7,"hosp",132,120.76555741703,0.750630052393714,134654.384369947,1
7,"hosp",133,140.765586032093,0.87494217290469,156954.546751866,1
7,"hosp",134,145.463011716427,0.904139478518665,162192.207034949,1
7,"hosp",135,134.070507258874,0.833328260479579,149489.490242393,1
7,"hosp",136,112.65474113542,0.70021648597099,125610.771302635,1
7,"hosp",137,88.8349060619512,0.552161987390205,99051.4997999531,1
7,"hosp",138,67.5753862165797,0.420021376799639,75346.9964795759,1
7,"hosp",139,50.6561873654564,0.314858452935326,56481.9793831578,1
7,"hosp",140,37.9557516365508,0.235917661036435,42320.9106903659,1
7,"hosp",141,28.661867684579,0.178150622594182,31958.1694525068,1
7,"hosp",142,21.9040264916759,0.136146604253254,24423.1324356369,1
7,"hosp",143,16.9703243108992,0.105480699125496,18922.0223176004,1
7,"hosp",144,13.3349126196716,0.0828844446418146,14868.5145651943,1
7,"hosp",145,10.625058947971,0.0660410859303259,11847.0100427134,1
7,"hosp",146,8.58008915730846,0.053330377563305,9566.85538515727,1
7,"hosp",147,7.01768383850793,0.0436190955438666,7824.76326187984,1
7,"hosp",148,5.80949644092206,0.0361094894198326,6477.62643160249,1
7,"hosp",149,4.86433772640017,0.030234763624033,5423.76829888717,1
7,"hosp",150,4.11675932983315,0.0255881174859647,4590.21350966538,1
7,"hosp",151,3.51930915260475,0.0218746078775343,3924.05266441215,1
7,"hosp",152,3.03724454115723,0.0188782884609108,3386.54747775658,1
7,"hosp",153,2.64488906420513,0.0164395648834218,2949.06856130758,1
7,"hosp",154,2.32309545321115,0.0144394254376503,2590.26658573315,1
7,"hosp",155,2.05746046535242,0.0127883453688071,2294.08184132198,1
7,"hosp",156,1.83705683550498,0.0114184051991208,2048.33035617359,1
8,"hosp",105,1.24680498155847,0.00707781886204412,1376.32336529699,1
8,"hosp",106,1.04509940194761,0.00593278369049326,1153.66456441364,1
8,"hosp",107,0.904078593581628,0.00513224170344903,997.994482550026,1
8,"hosp",108,0.800862990621033,0.00454631098268899,884.056819387728,1
8,"hosp",109,0.726519016452728,0.0041242777133079,801.989976352681,1
8,"hosp",110,0.675351620038734,0.00383381242898735,745.507299215821,1
8,"hosp",111,0.643733483159822,0.00365432369667211,710.604663120151,1
8,"hosp",112,0.629648002651393,0.00357436373412937,695.055979707806,1
8,"hosp",113,0.632483688604623,0.00359046125685624,698.186237359807,1
8,"hosp",114,0.653018607623236,0.00370703316610448,720.85432841481,1
8,"hosp",115,0.693597954297274,0.00393739258040513,765.649066807782,1
8,"hosp",116,0.758551311769029,0.00430611752573863,837.349793757975,1
8,"hosp",117,0.854949505508116,0.00485334741654372,943.761853685495,1
8,"hosp",118,0.993882212382246,0.00564203574215453,1097.12692160158,1
8,"hosp",119,1.19257093181776,0.00676994490749828,1316.4554701916,1
8,"hosp",120,1.47785666464407,0.00838944496623742,1631.37674952748,1
8,"hosp",121,1.89198122654918,0.0107403327785591,2088.52066467364,1
8,"hosp",122,2.5022120545482,0.0142044697755203,2762.14240923048,1
8,"hosp",123,3.41686341180405,0.0193967305735865,3771.8079565387,1
8,"hosp",124,4.81170119280344,0.027314896848082,5311.5418019945,1
8,"hosp",125,6.97223018472899,0.0395797121778456,7696.5070347062,1
8,"hosp",126,10.3570529084267,0.0587945552951046,11432.9459092046,1
8,"hosp",127,15.6788779773205,0.0890053055008291,17307.6033710206,1
8,"hosp",128,23.9656776352431,0.136047519634038,26455.2376533907,1
8,"hosp",129,36.4732553850273,0.20705009904726,40262.1054113132,1
8,"hosp",130,54.1622224431093,0.307466207857858,59788.6063718528,1
8,"hosp",131,76.4152516292092,0.433791424744722,84353.2852674905,1
8,"hosp",132,99.3814416643295,0.564165088167754,109705.208322592,1
8,"hosp",133,116.045246857249,0.658761593998559,128100.053371337,1
8,"hosp",134,120.097019802429,0.681762556779657,132572.725407311,1
8,"hosp",135,110.813518122286,0.629062299506544,122324.851471017,1
8,"hosp",136,93.1687536197856,0.528897118215705,102847.14483754,1
8,"hosp",137,73.4706250781565,0.417075471846727,81102.7702437039,1
8,"hosp",138,55.8559856467066,0.31708130350439,61658.3180804774,1
8,"hosp",139,41.8241622016492,0.237425939500181,46168.8656393949,1
8,"hosp",140,31.2884493320744,0.177617173593465,34538.7005318326,1
8,"hosp",141,23.5806784208878,0.133861969574854,26030.2446334913,1
8,"hosp",142,17.9795999468589,0.102065963417004,19847.3248595968,1
8,"hosp",143,13.893827751209,0.0788719948813322,15337.1217233174,1
8,"hosp",144,10.8861038039378,0.0617978528938593,12016.954731509,1
8,"hosp",145,8.64647529899506,0.049084008218294,9544.67311046121,1
8,"hosp",146,6.95828768649343,0.0395005638920629,7681.1161865976,1
8,"hosp",147,5.6701350359986,0.0321880240308024,6259.14994715476,1
8,"hosp",148,4.67552902082626,0.0265418794303132,5161.22403396539,1
8,"hosp",149,3.89887001611268,0.0221329687873135,4303.88551602054,1
8,"hosp",150,3.28592661561379,0.0186534331537666,3627.26941631846,1
8,"hosp",151,2.79738423400607,0.0158800928683204,3087.97714151211,1
8,"hosp",152,2.40444808319201,0.0136494866861616,2654.22269439781,1
8,"hosp",153,2.08581910017864,0.0118407048322849,2302.49446049714,1
8,"hosp",154,1.8255928146631,0.0103634613665752,2015.23580953169,1
8,"hosp",155,1.61178452725605,0.00914972196718703,1779.21706882645,1
8,"hosp",156,1.43528419008467,0.00814777103334715,1584.3818366732,1
9,"hosp",105,1.08165351688994,0.00334843677441892,1270.21915422877,1
9,"hosp",106,0.904334145255062,0.00279951542804708,1061.98753592456,1
9,"hosp",107,0.780566584879089,0.00241637254155731,916.643464642146,1
9,"hosp",108,0.690170872264959,0.0021365377112345,810.488985569425,1
9,"hosp",109,0.625194570114037,0.00193539285644452,734.185305810342,1
9,"hosp",110,0.580565402653194,0.00179723591135616,681.775895161872,1
9,"hosp",111,0.553052539392241,0.00171206530757777,649.466689528053,1
9,"hosp",112,0.540855830699392,0.00167430838516565,635.143717561254,1
9,"hosp",113,0.543419009156856,0.00168224312662616,638.153737240882,1
9,"hosp",114,0.561412332177487,0.00173794442427415,659.28385256168,1
9,"hosp",115,0.596886982106074,0.00184776205119969,700.942830344522,1
9,"hosp",116,0.653642205524992,0.00202345720151242,767.592243269769,1
9,"hosp",117,0.737893729379178,0.00228427168264621,866.531411590745,1
9,"hosp",118,0.85940450791207,0.00266042832890543,1009.22527420723,1
9,"hosp",119,1.03335809978499,0.00319893034916819,1213.50435331493,1
9,"hosp",120,1.28345616208877,0.00397315013022781,1507.20223735378,1
9,"hosp",121,1.64706212385602,0.00509875232609559,1934.19595578268,1
9,"hosp",122,2.18378083946687,0.00676025358949243,2564.48133123469,1
9,"hosp",123,2.989770262104,0.0092553267163387,3510.97961996872,1
9,"hosp",124,4.22138602159167,0.013067996334314,4957.30407037999,1
9,"hosp",125,6.13316111336922,0.0189862112911073,7202.36064555349,1
9,"hosp",126,9.13494667187403,0.0282787333382019,10727.4501994278,1
9,"hosp",127,13.8655132821432,0.0429229821242716,16282.7007717146,1
9,"hosp",128,21.2496293726272,0.0657817307696301,24954.0965086325,1
9,"hosp",129,32.4238490170429,0.100373369772828,38076.3279850366,1
9,"hosp",130,48.2728517606631,0.149436570507564,56688.3017326513,1
9,"hosp",131,68.2796374002999,0.211370873616286,80182.8884345791,1
9,"hosp",132,89.0234170845852,0.275586663285255,104542.950020513,1
9,"hosp",133,104.202750346234,0.32257679174211,122368.510198792,1
9,"hosp",134,108.08487677195,0.334594554069723,126927.411240653,1
9,"hosp",135,99.9264711517325,0.309338864541796,117346.743378947,1
9,"hosp",136,84.1452958659707,0.260485634884361,98814.4215113559,1
9,"hosp",137,66.423026143158,0.205623427403483,78002.6124552995,1
9,"hosp",138,50.5218300528217,0.156398653559803,59329.3464475599,1
9,"hosp",139,37.8282300555046,0.117103522201111,44422.8596651099,1
9,"hosp",140,28.2854789795542,0.0875623631026664,33216.5121504623,1
9,"hosp",141,21.2999800597125,0.0659375996219208,25013.224876604,1
9,"hosp",142,16.2230667837362,0.0502211776361689,19051.2487106636,1
9,"hosp",143,12.5202316599529,0.0387584410902409,14702.8949857997,1
9,"hosp",144,9.79526097716671,0.0303228451244551,11502.8776956612,1
9,"hosp",145,7.76694204106149,0.0240438494850445,9120.96008221537,1
9,"hosp",146,6.23862583507237,0.0193126947232234,7326.21112771892,1
9,"hosp",147,5.07290464348324,0.0157040126030379,5957.26870491388,1
9,"hosp",148,4.17318091990761,0.0129187694953373,4900.69532965616,1
9,"hosp",149,3.47092075736343,0.0107448073930982,4076.0095168829,1
9,"hosp",150,2.91699408324553,0.00903003605737421,3425.51630393069,1
9,"hosp",151,2.47580449695888,0.00766426096198088,2907.41373744628,1
9,"hosp",152,2.12128931219661,0.00656680076496598,2491.09559941188,1
9,"hosp",153,1.8341704869062,0.0056779771091296,2153.92308924229,1
9,"hosp",154,1.60004671800031,0.00495320838667944,1878.98431163856,1
9,"hosp",155,1.40805632456821,0.0043588704737851,1653.52405901852,1
9,"hosp",156,1.24993155463595,0.00386936918125465,1467.83325471781,1
10,"hosp",105,0.851771039950069,0.00425935589055603,929.496667007597,1
10,"hosp",106,0.710261473727834,0.00355172487683427,775.07410039748,1
10,"hosp",107,0.611497651807827,0.00305784771156522,667.297903520723,1
10,"hosp",108,0.539379960147702,0.00269721686081,588.599343829968,1
10,"hosp",109,0.487512877020367,0.00243785095649688,531.999296830142,1
10,"hosp",110,0.451807773234828,0.00225930444927968,493.036038621969,1
10,"hosp",111,0.429651308371912,0.00214850910088031,468.857756810511,1
10,"hosp",112,0.419572680126574,0.00209811003520179,457.8594357563,1
10,"hosp",113,0.421089809381741,0.00210569657328145,459.515005762743,1
10,"hosp",114,0.434690570352758,0.00217370837297981,474.356860437759,1
10,"hosp",115,0.461950256122652,0.00231002282570587,504.104041168718,1
10,"hosp",116,0.505817136537782,0.00252938301375295,551.973852685524,1
10,"hosp",117,0.571135644479196,0.00285601394919647,623.252791012674,1
10,"hosp",118,0.66553418333694,0.00332806213313941,726.265364959546,1
10,"hosp",119,0.800899125959493,0.00400496641691025,873.982600103762,1
10,"hosp",120,0.995816415595156,0.00497966744199975,1086.68644017459,1
10,"hosp",121,1.27963337616691,0.00639891907906159,1396.40220476214,1
10,"hosp",122,1.69924676610383,0.00849723268724529,1854.30606517162,1
10,"hosp",123,2.3304499361848,0.0116536195735377,2543.10765066493,1
10,"hosp",124,3.29672604793694,0.0164855681318454,3597.55818156736,1
10,"hosp",125,4.79952845383074,0.0240004635434819,5237.4939881794,1
10,"hosp",126,7.16403677174926,0.0358243950459962,7817.7679086755,1
10,"hosp",127,10.8985596673407,0.054499204763272,11893.0726813281,1
10,"hosp",128,16.7419086027522,0.0837193842965871,18269.637632334,1
10,"hosp",129,25.6080452066266,0.128055279037034,27944.825019567,1
10,"hosp",130,38.2219574736658,0.191132255122907,41709.7792857117,1
10,"hosp",131,54.2053813142016,0.271058769753448,59151.7190680488,1
10,"hosp",132,70.8660732264081,0.354372022856249,77332.7288419245,1
10,"hosp",133,83.1806337525166,0.415952064271561,90771.0149866989,1
10,"hosp",134,86.5176451805519,0.432639082984581,94412.5346611726,1
10,"hosp",135,80.1945096085842,0.401019688238754,87512.4016870278,1
10,"hosp",136,67.6825901413814,0.338452736105799,73858.7472456719,1
10,"hosp",137,53.5241940407728,0.267652432968599,58408.3722405996,1
10,"hosp",138,40.7630848321583,0.203839385649067,44482.7890493438,1
10,"hosp",139,30.5447749260025,0.152741829558333,33332.0401335562,1
10,"hosp",140,22.8467322247718,0.114247090963838,24931.5373016031,1
10,"hosp",141,17.203934552423,0.0860297856345281,18773.8242742221,1
10,"hosp",142,13.0995843707139,0.065505622093593,14294.9448157772,1
10,"hosp",143,10.1048635020182,0.0505302573836144,11026.9503248704,1
10,"hosp",144,7.90064865507092,0.0395078874601825,8621.59694055455,1
10,"hosp",145,6.25990250236843,0.0313031922279636,6831.12977412928,1
10,"hosp",146,5.02364052531932,0.025121155639207,5482.05668603423,1
10,"hosp",147,4.08069532403708,0.0204058753476999,4453.06605280722,1
10,"hosp",148,3.35289876950985,0.0167664647593407,3658.8567642027,1
10,"hosp",149,2.78479755190736,0.0139256247282344,3038.91529693302,1
10,"hosp",150,2.33665052901443,0.0116846261825383,2549.87405865286,1
10,"hosp",151,1.97967542484573,0.00989954082343536,2160.32433934221,1
10,"hosp",152,1.69280738809823,0.00846503201200132,1847.27908243438,1
10,"hosp",153,1.46047044349377,0.00730321071592529,1593.74097711768,1
10,"hosp",154,1.27103083120333,0.0063559012974679,1387.01466222266,1
10,"hosp",155,1.11571342249815,0.00557922295476081,1217.52426286817,1
10,"hosp",156,0.987835875210412,0.00493976004892898,1077.97766124149,1
11,"hosp",105,0.655222161873963,0.00144818663975874,688.860413611399,1
11,"hosp",106,0.54525046127218,0.00120512473369078,573.242909243979,1
11,"hosp",107,0.468439487847182,0.00103535540662345,492.488560563056,1
11,"hosp",108,0.412301338412598,0.000911277616337135,433.468351710101,1
11,"hosp",109,0.371847367875612,0.000821865348154232,390.937527055711,1
11,"hosp",110,0.34387974679624,0.00076005068810497,361.534084764684,1
11,"hosp",111,0.326345106760546,0.00072129523551154,343.099239165187,1
11,"hosp",112,0.318073542417198,0.000703013239466593,334.40302349007,1
11,"hosp",113,0.318655925947667,0.000704300436538237,335.015305831882,1
11,"hosp",114,0.328425139189257,0.000725892569589664,345.286057747558,1
11,"hosp",115,0.3485415092163,0.000770354219406708,366.435175990989,1
11,"hosp",116,0.381206189678812,0.000842550424892959,400.776818571477,1
11,"hosp",117,0.430054943272589,0.000950517029870191,452.133403502563,1
11,"hosp",118,0.500828522665148,0.00110694237395665,526.540406210898,1
11,"hosp",119,0.602487886792539,0.00133163216850602,633.418829584095,1
11,"hosp",120,0.74906440185244,0.00165559885211917,787.520391871152,1
11,"hosp",121,0.96274242008951,0.00212787477504586,1012.16836104465,1
11,"hosp",122,1.27901903432737,0.00282691640376217,1344.68220440487,1
11,"hosp",123,1.75534478750675,0.00387970220996036,1845.46190088288,1
11,"hosp",124,2.48546509914785,0.00549343041126394,2613.06563764402,1
11,"hosp",125,3.62259118099273,0.00800673184590883,3808.57029033715,1
11,"hosp",126,5.41455219518701,0.0119673640569784,5692.52824725806,1
11,"hosp",127,8.24976439335653,0.0182338133091328,8673.29654410762,1
11,"hosp",128,12.6948353811356,0.0280584083729961,13346.5716824453,1
11,"hosp",129,19.4550405938779,0.0429999647500284,20453.8370191807,1
11,"hosp",130,29.0999557910451,0.0643173714906606,30593.9095908492,1
11,"hosp",131,41.3660439984342,0.0914281532951685,43489.7227785009,1
11,"hosp",132,54.2206642035838,0.119839721650897,57004.2824295527,1
11,"hosp",133,63.8212107992307,0.141059063918614,67097.7085735313,1
11,"hosp",134,66.5760304059037,0.147147827671536,69993.9570280252,1
11,"hosp",135,61.8895756432545,0.136789720803338,65066.9057864485,1
11,"hosp",136,52.3744721667737,0.115759226823783,55063.3093000027,1
11,"hosp",137,41.5146111359407,0.0917565196969226,43645.9171591963,1
11,"hosp",138,31.6751859039146,0.0700092025378517,33301.3486610145,1
11,"hosp",139,23.7669458352075,0.052530233910247,24987.109855222,1
11,"hosp",140,17.7929546616772,0.0393263853426107,18706.4217616765,1
11,"hosp",141,13.4053992857838,0.0296289125672733,14093.6150117696,1
11,"hosp",142,10.2098244037274,0.0225659816717324,10733.9834805592,1
11,"hosp",143,7.87616695238068,0.0174080799103694,8280.51909747985,1
11,"hosp",144,6.1575796398825,0.0136096198917087,6473.70175246074,1
11,"hosp",145,4.87788036540996,0.0107812000060019,5128.30438526831,1
11,"hosp",146,3.91343504926849,0.0086495614521115,4114.34570370804,1
11,"hosp",147,3.1776770848474,0.00702337278486117,3340.81488442161,1
11,"hosp",148,2.6096866064819,0.00576798755807558,2743.66451524735,1
11,"hosp",149,2.166227417103,0.00478784416442112,2277.43870911523,1
11,"hosp",150,1.81630860110693,0.00401444579084293,1909.55551720965,1
11,"hosp",151,1.53748554023301,0.00339818484133629,1616.41804382402,1
11,"hosp",152,1.3133339817182,0.00290276006602978,1380.75883646672,1
11,"hosp",153,1.13171179258825,0.00250133465174058,1189.81240088335,1
11,"hosp",154,0.983551823213627,0.00217386818207518,1034.04609180102,1
11,"hosp",155,0.862015864440894,0.00190524669460663,906.27063532165,1
11,"hosp",156,0.761896593050322,0.00168396084738266,801.011371038939,1
12,"hosp",105,0.58266139777278,0.0038740870729963,644.908185915705,1
12,"hosp",106,0.484247393538913,0.00321973718288583,535.980432709864,1
12,"hosp",107,0.415442732020017,0.00276225836110161,459.825242727638,1
12,"hosp",108,0.365094426058096,0.00242749494272529,404.098134692082,1
12,"hosp",109,0.328732342248947,0.00218572522986855,363.85142263065,1
12,"hosp",110,0.303484339103231,0.00201785249455491,335.906128899269,1
12,"hosp",111,0.287498336211611,0.00191156234492763,318.21231193407,1
12,"hosp",112,0.279707442542932,0.00185976107481725,309.589102773938,1
12,"hosp",113,0.279717946457068,0.00185983091482746,309.600728840529,1
12,"hosp",114,0.287789135864478,0.00191349585756517,318.534178248387,1
12,"hosp",115,0.304904629859083,0.002027295938171,337.478151927275,1
12,"hosp",116,0.332955497027261,0.00221380477897969,368.525744796722,1
12,"hosp",117,0.375080511656366,0.00249389193637198,415.151052170736,1
12,"hosp",118,0.436247032402064,0.00290058513456027,482.852104760918,1
12,"hosp",119,0.524218786589211,0.00348550501596648,580.222043153128,1
12,"hosp",120,0.651163198294493,0.00432955218685584,720.728159703715,1
12,"hosp",121,0.8363319325789,0.00556073002454409,925.678810239574,1
12,"hosp",122,1.11055237382837,0.00738400829672198,1229.19472528594,1
12,"hosp",123,1.52375836793792,0.0101313946970969,1686.54427528068,1
12,"hosp",124,2.15750835813052,0.0143451673168409,2387.99894185289,1
12,"hosp",125,3.14525169814658,0.0209126243675767,3481.26471850297,1
12,"hosp",126,4.70316877621575,0.0312711386539506,5205.61694170704,1
12,"hosp",127,7.17073586185842,0.0476778712516151,7936.79875486655,1
12,"hosp",128,11.0445878745592,0.073434923396259,12224.5014988039,1
12,"hosp",129,16.9460576323955,0.112673506538896,18756.4361186546,1
12,"hosp",130,25.3845389182206,0.168780554972341,28096.415871436,1
12,"hosp",131,36.1495829512314,0.240356805068776,40011.5093462556,1
12,"hosp",132,47.4854362290558,0.315728337854149,52558.392666745,1
12,"hosp",133,56.0333655907603,0.372563101179209,62019.5130345339,1
12,"hosp",134,58.6141087433779,0.389722335898546,64875.9617219379,1
12,"hosp",135,54.6456402925145,0.36333618369445,60483.5344918297,1
12,"hosp",136,46.3742920429755,0.308340394626774,51328.5429048164,1
12,"hosp",137,36.8520153490821,0.245027243650377,40788.9838883446,1
12,"hosp",138,28.1777277513945,0.187352330608071,31188.0062019571,1
12,"hosp",139,21.1780736303534,0.140811973465095,23440.5661647533,1
12,"hosp",140,15.8743530329787,0.105547795190003,17570.2393469287,1
12,"hosp",141,11.9701998713424,0.0795892721913829,13248.9983266169,1
12,"hosp",142,9.1220003783239,0.0606517333748498,10096.5204463423,1
12,"hosp",143,7.03960510449475,0.0468059892736486,7791.65905765575,1
12,"hosp",144,5.50482642351718,0.0366013210553428,6092.91714903642,1
12,"hosp",145,4.36136233614822,0.0289984843885501,4827.2946913557,1
12,"hosp",146,3.49924882639839,0.0232663339211534,3873.08001066562,1
12,"hosp",147,2.8413548653229,0.0188920292224941,3144.90202842087,1
12,"hosp",148,2.33333568851,0.0155142346178606,2582.61022913376,1
12,"hosp",149,1.93659110415593,0.0128762993240473,2143.48069155721,1
12,"hosp",150,1.62343940172981,0.0107941690046317,1796.87441714121,1
12,"hosp",151,1.37382679602157,0.0091345070247448,1520.59523793983,1
12,"hosp",152,1.17307653356679,0.00779972837002437,1298.39845593798,1
12,"hosp",153,1.01033801713891,0.00671768795138365,1118.27428466236,1
12,"hosp",154,0.877508826642877,0.00583451317477365,971.2547075857,1
12,"hosp",155,0.768478692696244,0.00510957715858261,850.576684015843,1
12,"hosp",156,0.678594802624489,0.00451194357940838,751.090332747679,1
13,"hosp",105,3.90924604372468,0.0351631169168913,4592.0964549236,1
13,"hosp",106,3.3156207285552,0.0298235409145984,3894.77920375733,1
13,"hosp",107,2.89877750394697,0.0260740948886972,3405.12358408737,1
13,"hosp",108,2.59149590494958,0.0233101402357791,3044.16734709525,1
13,"hosp",109,2.36996473959879,0.0213174986417639,2783.94006344922,1
13,"hosp",110,2.21903324423134,0.019959891123924,2606.64449876463,1
13,"hosp",111,2.12913122336532,0.0191512351234015,2501.03877666585,1
13,"hosp",112,2.09532079470023,0.018847115085199,2461.3224866509,1
13,"hosp",113,2.11696110105206,0.019041766589314,2486.74282933851,1
13,"hosp",114,2.19789431839283,0.0197697494668261,2581.81311559812,1
13,"hosp",115,2.34723867000808,0.0211130808504197,2757.24430103504,1
13,"hosp",116,2.58099432986368,0.0232156800487183,3031.83140170228,1
13,"hosp",117,2.92484349123934,0.0263085547688031,3435.74266676996,1
13,"hosp",118,3.41881027080241,0.0307517162962589,4015.99345475063,1
13,"hosp",119,4.12491811301347,0.0371030567680253,4845.44120061871,1
13,"hosp",120,5.1397699738858,0.0462315061513694,6037.56305236693,1
13,"hosp",121,6.61527528261178,0.0595034683409868,7770.80332981075,1
13,"hosp",122,8.79280873097965,0.0790900746530436,10328.6990255241,1
13,"hosp",123,12.0590680619336,0.108469616756715,14165.4945934602,1
13,"hosp",124,17.0352418476084,0.153229598263977,20010.8851738159,1
13,"hosp",125,24.7114619355215,0.222276115523838,29027.954618576,1
13,"hosp",126,36.6239880596724,0.329427608214212,43021.3099541171,1
13,"hosp",127,55.0096566348067,0.494804104467358,64618.5086315459,1
13,"hosp",128,82.6895944672406,0.743781242096382,97133.4598449306,1
13,"hosp",129,122.062636224604,1.09793620067471,143384.016461541,1
13,"hosp",130,172.281264220802,1.54964567812518,202374.620023742,1
13,"hosp",131,224.812013535542,2.02215236080156,264081.216386467,1
13,"hosp",132,262.030109954851,2.35692388993493,307800.411012363,1
13,"hosp",133,266.534811902122,2.39744304873844,313091.975066194,1
13,"hosp",134,236.840069942795,2.1303430320974,278210.282341789,1
13,"hosp",135,189.188915730126,1.70172761928792,222235.627923638,1
13,"hosp",136,142.171503041111,1.27881262211922,167005.414293188,1
13,"hosp",137,105.040472149516,0.944824235130451,123388.493429724,1
13,"hosp",138,78.5785757743013,0.706803208651953,92304.3459557511,1
13,"hosp",139,60.2591648457875,0.542022690587107,70784.9785278151,1
13,"hosp",140,47.4091497485527,0.426438616780032,55690.3776473076,1
13,"hosp",141,38.1132530728416,0.342823337005028,44770.7134224392,1
13,"hosp",142,31.1636352985997,0.280312505097773,36607.1660817955,1
13,"hosp",143,25.8213189380784,0.232259122759871,30331.676704602,1
13,"hosp",144,21.6255126382205,0.194518436747189,25402.9648712671,1
13,"hosp",145,18.2765807438038,0.164395266592905,21469.0558493937,1
13,"hosp",146,15.5702874593818,0.140052540116456,18290.0388066247,1
13,"hosp",147,13.3614830615495,0.120184656023512,15695.4098854833,1
13,"hosp",148,11.543597686888,0.103833033420136,13559.9840537323,1
13,"hosp",149,10.0365243664991,0.090277121417045,11789.6615991052,1
13,"hosp",150,8.77904867858202,0.0789663049220446,10312.5354259123,1
13,"hosp",151,7.72384810762115,0.0694749245810633,9073.0169236371,1
13,"hosp",152,6.83402496570228,0.06147109089429,8027.7632737488,1
13,"hosp",153,6.08061011595997,0.054694230560585,7142.7451342172,1
13,"hosp",154,5.44071706730909,0.0489384828198829,6391.07829939188,1
13,"hosp",155,4.89615376830247,0.0440402127346945,5751.39300793676,1
13,"hosp",156,4.43236933428571,0.0398685371493871,5206.59668878057,1
14,"hosp",105,3.71500489688239,0.0308020759502862,4451.97935245142,1
14,"hosp",106,3.14410607039782,0.026068604662519,3767.82687933329,1
14,"hosp",107,2.74365026478851,0.0227483209801308,3287.92953663043,1
14,"hosp",108,2.45008789865011,0.0203143187247021,2936.13091752183,1
14,"hosp",109,2.239479501927,0.0185681094970702,2683.74249282526,1
14,"hosp",110,2.0966350921473,0.0173837491849747,2512.5609249393,1
14,"hosp",111,2.0120849538029,0.016682721903671,2411.23791713598,1
14,"hosp",112,1.98097540349478,0.0164247844963276,2373.9569230377,1
14,"hosp",113,2.00264590393825,0.0166044602757864,2399.926369434,1
14,"hosp",114,2.08076261218115,0.0172521463077222,2493.53969750006,1
14,"hosp",115,2.22405974223784,0.0184402602418837,2665.26379531034,1
14,"hosp",116,2.44787308398919,0.0202959551178442,2933.47673282662,1
14,"hosp",117,2.77682784752182,0.0230234049844765,3327.68881485289,1
14,"hosp",118,3.24932197847992,0.0269409772385668,3893.91528657174,1
14,"hosp",119,3.92490651198094,0.032542425066859,4703.52078574782,1
14,"hosp",120,4.8964350014513,0.0405976215339339,5867.77894838714,1
14,"hosp",121,6.31013352552464,0.0523189652516386,7561.92385921814,1
14,"hosp",122,8.39879925487356,0.0696366383680737,10064.9344767917,1
14,"hosp",123,11.5363878414139,0.0956512048695793,13824.9509482335,1
14,"hosp",124,16.3259254392106,0.135362512108471,19564.6264224367,1
14,"hosp",125,23.7341668442156,0.196786176611986,28442.4983737592,1
14,"hosp",126,35.2751470586797,0.292475458046042,42272.9527198525,1
14,"hosp",127,53.1900176944275,0.44101232980762,63741.7357729027,1
14,"hosp",128,80.4040656662049,0.666651109784699,96354.4463964201,1
14,"hosp",129,119.68447476942,0.992335241606677,143427.216187413,1
14,"hosp",130,171.058699391714,1.41829235677251,204992.945874228,1
14,"hosp",131,227.390125188773,1.88535092168719,272499.275341819,1
14,"hosp",132,272.019681639377,2.25538623135064,325982.344501134,1
14,"hosp",133,286.148077222581,2.37252844943351,342913.49995465,1
14,"hosp",134,264.229304497396,2.19079417963894,316646.529570442,1
14,"hosp",135,219.075559373826,1.81641268477112,262535.284348481,1
14,"hosp",136,169.374973672333,1.40433214704806,202975.20637026,1
14,"hosp",137,126.877508650839,1.05197456432046,152047.188222561,1
14,"hosp",138,94.7265809325762,0.7854028248643,113518.230566547,1
14,"hosp",139,71.5949157715963,0.593612147079994,85797.7568274888,1
14,"hosp",140,55.1011170965669,0.456857754125269,66031.9548479696,1
14,"hosp",141,43.2029862444902,0.35820724346789,51773.4991106263,1
14,"hosp",142,34.4531011998836,0.285659661114386,41287.8312215739,1
14,"hosp",143,27.8875998101377,0.231223374199025,33419.8801859861,1
14,"hosp",144,22.8702118782171,0.189622900325959,27407.1539322751,1
14,"hosp",145,18.974522528874,0.157322722385982,22738.6463452744,1
14,"hosp",146,15.9079351633627,0.131896845553374,19063.7161600675,1
14,"hosp",147,13.46476148887,0.11163985446714,16135.8710952003,1
14,"hosp",148,11.4972797068313,0.0953269491108055,13778.0846284015,1
14,"hosp",149,9.89749779345068,0.082062739407826,11860.9415170229,1
14,"hosp",150,8.58532079390316,0.07118313716714,10288.4577462345,1
14,"hosp",151,7.50063728981128,0.0621897429180238,8988.59712741965,1
14,"hosp",152,6.59787920910871,0.0547047398727061,7906.75189515111,1
14,"hosp",153,5.84219423679533,0.0484391583841809,7001.15580925623,1
14,"hosp",154,5.20670281631009,0.043170133028126,6239.59700618856,1
14,"hosp",155,4.67050525090931,0.0387243789598895,5597.02975358486,1
14,"hosp",156,4.21722013457832,0.0349660736634204,5053.82293833338,1
15,"hosp",105,3.76714973049582,0.0152010558487374,3972.75984295765,1
15,"hosp",106,3.17166804668285,0.0127981913543257,3344.77691424152,1
15,"hosp",107,2.75434939595418,0.0111142433909376,2904.68111345317,1
15,"hosp",108,2.44867713497445,0.00988080659044414,2582.32533510547,1
15,"hosp",109,2.22899177877169,0.00899434079861365,2350.64960580194,1
15,"hosp",110,2.07891558971699,0.00838875920653666,2192.38229499289,1
15,"hosp",111,1.98812353859361,0.00802239865851399,2096.63483588798,1
15,"hosp",112,1.95110153938317,0.00787300892943737,2057.59218500034,1
15,"hosp",113,1.96662116959723,0.00793563313673283,2073.95887284203,1
15,"hosp",114,2.0377890657786,0.00822280705916353,2149.01109541985,1
15,"hosp",115,2.17270670361561,0.00876722145584589,2291.29250498703,1
15,"hosp",116,2.38590895383552,0.00962752687095421,2516.13128196614,1
15,"hosp",117,2.70092421009996,0.010898664162078,2848.33999399991,1
15,"hosp",118,3.15457000418091,0.0127291979992509,3326.74566475466,1
15,"hosp",119,3.80404448695385,0.0153499321328161,4011.66830621453,1
15,"hosp",120,4.73862264847077,0.0191211055250558,4997.25551559018,1
15,"hosp",121,6.09901559477783,0.0246105101498941,6431.8983767382,1
15,"hosp",122,8.10947949370611,0.0327230557601948,8552.09290437306,1
15,"hosp",123,11.1308324005647,0.044914701317606,11738.3505151613,1
15,"hosp",124,15.7464372966694,0.0635394104002894,16605.8739994986,1
15,"hosp",125,22.8956012060577,0.0923874381223214,24145.2375294429,1
15,"hosp",126,34.0604291106264,0.13743931677344,35919.4390149161,1
15,"hosp",127,51.465087359175,0.207669915765202,54274.0392609581,1
15,"hosp",128,78.0963844274281,0.315131488312134,82358.8660206066,1
15,"hosp",129,117.017309777086,0.472183690175853,123404.085972488,1
15,"hosp",130,169.048615892981,0.682138389811957,178275.248071654,1
15,"hosp",131,228.481311415631,0.921958887671992,240951.765604191,1
15,"hosp",132,280.017360402663,1.12991514503372,295300.639561328,1
15,"hosp",133,304.272088449,1.22778687883915,320879.184742133,1
15,"hosp",134,292.162023825843,1.17892081780149,308108.15574877,1
15,"hosp",135,252.430876008418,1.01859923779686,266208.491584664,1
15,"hosp",136,202.520508490641,0.817202866973846,213574.02839443,1
15,"hosp",137,155.861366482094,0.628925714678989,164368.241807864,1
15,"hosp",138,118.030833816648,0.47627342289996,124472.927906656,1
15,"hosp",139,89.3885978828296,0.360697388175857,94267.4057291731,1
15,"hosp",140,68.2926932230734,0.275572015452647,72020.0917440951,1
15,"hosp",141,52.8381351042684,0.213210384541154,55722.0276167202,1
15,"hosp",142,41.4505180979722,0.167259515985165,43712.877254746,1
15,"hosp",143,32.9684413437028,0.133032970273122,34767.8508223055,1
15,"hosp",144,26.5702212888845,0.107215121941141,28020.4174791549,1
15,"hosp",145,21.6809524647332,0.0874861348361786,22864.293556399,1
15,"hosp",146,17.897285624926,0.0722184297913473,18874.1151043367,1
15,"hosp",147,14.9337526729202,0.060260097063467,15748.8332474192,1
15,"hosp",148,12.5861016557332,0.0507869471281956,13273.0480109424,1
15,"hosp",149,10.7065335632769,0.0432025871773176,11290.8935509358,1
15,"hosp",150,9.18692701380593,0.0370707300229232,9688.34724703851,1
15,"hosp",151,7.94736702964536,0.0320689058600687,8381.13238160703,1
15,"hosp",152,6.9282075775809,0.0279564333389509,7306.34745549805,1
15,"hosp",153,6.08451195012753,0.0245519856079693,6416.60312670426,1
15,"hosp",154,5.38211403585842,0.021717696905185,5675.86850577953,1
15,"hosp",155,4.79480011751316,0.0193477906598253,5056.499137176,1
15,"hosp",156,4.30227617033842,0.0173603772137294,4537.09335322451,1
16,"hosp",105,3.31785438783167,0.0224392728231075,3708.47658002783,1
16,"hosp",106,2.7793907944719,0.0187975423357708,3106.61785093594,1
16,"hosp",107,2.40216678623438,0.0162463054679588,2684.98198737795,1
16,"hosp",108,2.12595578389465,0.0143782385446555,2376.25173174056,1
16,"hosp",109,1.92699695516184,0.0130326425911757,2153.86880877341,1
16,"hosp",110,1.79004521184722,0.0121064122107504,2000.79327461527,1
16,"hosp",111,1.7053882055045,0.0115338609653796,1906.16931326583,1
16,"hosp",112,1.66764848704956,0.0112786201562038,1863.9863704157,1
16,"hosp",113,1.67523817077068,0.0113299506137079,1872.46961321044,1
16,"hosp",114,1.73032580913523,0.011702518665813,1934.04290511657,1
16,"hosp",115,1.83933195348245,0.0124397477079835,2055.88271064672,1
16,"hosp",116,2.01408427313475,0.0136216304908839,2251.20921054163,1
16,"hosp",117,2.2739100830267,0.0153788812780291,2541.62518973738,1
16,"hosp",118,2.64917016616208,0.0179168357512512,2961.06590866427,1
16,"hosp",119,3.18710878340876,0.0215550157264647,3562.3378544339,1
16,"hosp",120,3.96151726614217,0.0267924858470085,4427.92006085153,1
16,"hosp",121,5.08875183742675,0.0344161851188816,5687.86776173256,1
16,"hosp",122,6.75435367833497,0.0456809634225599,7549.56652745091,1
16,"hosp",123,9.25714799272587,0.0626078317766116,10347.023261413,1
16,"hosp",124,13.081178687579,0.0884704701010816,14621.2699930299,1
16,"hosp",125,19.0085211776446,0.128558201418761,21246.4585145123,1
16,"hosp",126,28.2809336000569,0.191269269402326,31610.543338424,1
16,"hosp",127,42.7838760673589,0.289355395169378,47820.9661582844,1
16,"hosp",128,65.1110966568846,0.440358584467717,72776.8457644066,1
16,"hosp",129,98.0970738494237,0.663448948009536,109646.373353231,1
16,"hosp",130,143.04657233001,0.967450854593176,159887.927958703,1
16,"hosp",131,196.209268438574,1.32700016042382,219309.647661898,1
16,"hosp",132,245.678582966869,1.66157043244772,274603.151509156,1
16,"hosp",133,274.62017419754,1.85730785357798,306952.13393024,1
16,"hosp",134,272.583385290341,1.84353266737953,304675.546992455,1
16,"hosp",135,243.634897163551,1.64774860124453,272318.855680401,1
16,"hosp",136,201.351627663337,1.36177890237889,225057.43418956,1
16,"hosp",137,158.359521650235,1.07101520894916,177003.72247141,1
16,"hosp",138,121.402245634775,0.821066205053375,135695.341649271,1
16,"hosp",139,92.2686936899776,0.624030517534029,103131.798331472,1
16,"hosp",140,70.2642565470072,0.475210373352619,78536.7045562048,1
16,"hosp",141,53.9370514380735,0.364786416465942,60287.2424984795,1
16,"hosp",142,41.8654335194592,0.283143795594588,46794.3922702082,1
16,"hosp",143,32.9018139333542,0.222521151601278,36775.4555051522,1
16,"hosp",144,26.189413423896,0.177123925345024,29272.7814347084,1
16,"hosp",145,21.1096157739457,0.142768299079005,23594.9220671572,1
16,"hosp",146,17.2212319866008,0.116470428694705,19248.745736329,1
16,"hosp",147,14.2100874156083,0.0961054920096811,15883.0889547782,1
16,"hosp",148,11.8515333885631,0.0801541478292348,13246.8544038871,1
16,"hosp",149,9.9838101695189,0.0675223846560551,11159.2378281861,1
16,"hosp",150,8.48946210171471,0.0574158278074116,9488.9551201245,1
16,"hosp",151,7.282433299332,0.0492524651531165,8139.81874407616,1
16,"hosp",152,6.29908865846877,0.0426019205251193,7040.70162063892,1
16,"hosp",153,5.49193090279881,0.037142960916406,6138.5144588792,1
16,"hosp",154,4.82517265258596,0.0326335495515022,5393.25651009059,1
16,"hosp",155,4.27159265284616,0.0288895839666547,4774.50166908972,1
16,"hosp",156,3.81028837591675,0.0257696964386036,4258.88648310278,1
17,"hosp",105,0,0,0,1
17,"hosp",106,0,0,0,1
17,"hosp",107,0,0,0,1
17,"hosp",108,0,0,0,1
17,"hosp",109,0,0,0,1
17,"hosp",110,0,0,0,1
17,"hosp",111,0,0,0,1
17,"hosp",112,0,0,0,1
17,"hosp",113,0,0,0,1
17,"hosp",114,0,0,0,1
17,"hosp",115,0,0,0,1
17,"hosp",116,0,0,0,1
17,"hosp",117,0,0,0,1
17,"hosp",118,0,0,0,1
17,"hosp",119,0,0,0,1
17,"hosp",120,0,0,0,1
17,"hosp",121,0,0,0,1
17,"hosp",122,0,0,0,1
17,"hosp",123,0,0,0,1
17,"hosp",124,0,0,0,1
17,"hosp",125,0,0,0,1
17,"hosp",126,0,0,0,1
17,"hosp",127,0,0,0,1
17,"hosp",128,0,0,0,1
17,"hosp",129,0,0,0,1
17,"hosp",130,0,0,0,1
17,"hosp",131,0,0,0,1
17,"hosp",132,0,0,0,1
17,"hosp",133,0,0,0,1
17,"hosp",134,0,0,0,1
17,"hosp",135,0,0,0,1
17,"hosp",136,0,0,0,1
17,"hosp",137,0,0,0,1
17,"hosp",138,0,0,0,1
17,"hosp",139,0,0,0,1
17,"hosp",140,0,0,0,1
17,"hosp",141,0,0,0,1
17,"hosp",142,0,0,0,1
17,"hosp",143,0,0,0,1
17,"hosp",144,0,0,0,1
17,"hosp",145,0,0,0,1
17,"hosp",146,0,0,0,1
17,"hosp",147,0,0,0,1
17,"hosp",148,0,0,0,1
17,"hosp",149,0,0,0,1
17,"hosp",150,0,0,0,1
17,"hosp",151,0,0,0,1
17,"hosp",152,0,0,0,1
17,"hosp",153,0,0,0,1
17,"hosp",154,0,0,0,1
17,"hosp",155,0,0,0,1
17,"hosp",156,0,0,0,1
18,"hosp",105,0,0,0,1
18,"hosp",106,0,0,0,1
18,"hosp",107,0,0,0,1
18,"hosp",108,0,0,0,1
18,"hosp",109,0,0,0,1
18,"hosp",110,0,0,0,1
18,"hosp",111,0,0,0,1
18,"hosp",112,0,0,0,1
18,"hosp",113,0,0,0,1
18,"hosp",114,0,0,0,1
18,"hosp",115,0,0,0,1
18,"hosp",116,0,0,0,1
18,"hosp",117,0,0,0,1
18,"hosp",118,0,0,0,1
18,"hosp",119,0,0,0,1
18,"hosp",120,0,0,0,1
18,"hosp",121,0,0,0,1
18,"hosp",122,0,0,0,1
18,"hosp",123,0,0,0,1
18,"hosp",124,0,0,0,1
18,"hosp",125,0,0,0,1
18,"hosp",126,0,0,0,1
18,"hosp",127,0,0,0,1
18,"hosp",128,0,0,0,1
18,"hosp",129,0,0,0,1
18,"hosp",130,0,0,0,1
18,"hosp",131,0,0,0,1
18,"hosp",132,0,0,0,1
18,"hosp",133,0,0,0,1
18,"hosp",134,0,0,0,1
18,"hosp",135,0,0,0,1
18,"hosp",136,0,0,0,1
18,"hosp",137,0,0,0,1
18,"hosp",138,0,0,0,1
18,"hosp",139,0,0,0,1
18,"hosp",140,0,0,0,1
18,"hosp",141,0,0,0,1
18,"hosp",142,0,0,0,1
18,"hosp",143,0,0,0,1
18,"hosp",144,0,0,0,1
18,"hosp",145,0,0,0,1
18,"hosp",146,0,0,0,1
18,"hosp",147,0,0,0,1
18,"hosp",148,0,0,0,1
18,"hosp",149,0,0,0,1
18,"hosp",150,0,0,0,1
18,"hosp",151,0,0,0,1
18,"hosp",152,0,0,0,1
18,"hosp",153,0,0,0,1
18,"hosp",154,0,0,0,1
18,"hosp",155,0,0,0,1
18,"hosp",156,0,0,0,1
19,"hosp",105,0.289098723787818,0.00102424035406221,197.652734678135,1
19,"hosp",106,0.235743319791645,0.000835208880093193,161.17439478259,1
19,"hosp",107,0.19847352171827,0.000703166681240326,135.693557601479,1
19,"hosp",108,0.171384090610248,0.000607192239894166,117.172894247374,1
19,"hosp",109,0.151809304132572,0.000537841237683232,103.789887821884,1
19,"hosp",110,0.138001733420226,0.000488922754301989,94.3498457670463,1
19,"hosp",111,0.128817211890612,0.000456383151704894,88.0705174695938,1
19,"hosp",112,0.123552873669872,0.000437732264656801,84.4713634091157,1
19,"hosp",113,0.121855444795919,0.000431718488019971,83.3108551423805,1
19,"hosp",114,0.123681379642129,0.000438187545125698,84.5592211364217,1
19,"hosp",115,0.129302468922312,0.000458102356229381,88.4022808827305,1
19,"hosp",116,0.139360033618165,0.00049373504076743,95.2784965238502,1
19,"hosp",117,0.154981497431538,0.000549079918868388,105.958671800774,1
19,"hosp",118,0.177987994776675,0.000630589040312344,121.687890719668,1
19,"hosp",119,0.211245084122024,0.00074841471771367,144.425295335012,1
19,"hosp",120,0.259247682496017,0.000918481875777535,177.243997250969,1
19,"hosp",121,0.329096795723769,0.00116594848346769,224.998854357985,1
19,"hosp",122,0.432138497588944,0.0015310122506776,295.44701785278,1
19,"hosp",123,0.586722680859389,0.0020786845355319,401.134051545168,1
19,"hosp",124,0.82283050063914,0.00291518479315863,562.557649847218,1
19,"hosp",125,1.18970937417295,0.00421499041804269,813.387579843076,1
19,"hosp",126,1.76795991183646,0.0062636592176595,1208.72934614634,1
19,"hosp",127,2.68695911785737,0.00951955761743446,1837.03618838056,1
19,"hosp",128,4.14470198212022,0.0146841569206125,2833.67449865743,1
19,"hosp",129,6.41471241567027,0.0227265178820212,4385.64873105967,1
19,"hosp",130,9.79711846424545,0.0347099563537782,6698.15221268493,1
19,"hosp",131,14.4401268324218,0.0511595500172392,9872.51178466654,1
19,"hosp",132,20.0029915519674,0.0708680788384503,13675.7642171113,1
19,"hosp",133,25.3771720012555,0.0899081230629724,17350.0158656076,1
19,"hosp",134,28.9584600072456,0.102596175252183,19798.4921465803,1
19,"hosp",135,29.5897448722393,0.104832737991595,20230.0927371747,1
19,"hosp",136,27.3382265651282,0.0968558923042871,18690.7613117444,1
19,"hosp",137,23.2884667043874,0.0825081033577109,15921.997407229,1
19,"hosp",138,18.7164233691367,0.0663099298648321,12796.1556309696,1
19,"hosp",139,14.4970452082013,0.0513612046513283,9911.42607829903,1
19,"hosp",140,11.0089974385979,0.03900349087205,7526.6968366159,1
19,"hosp",141,8.29881199511777,0.0294016453092806,5673.78113581232,1
19,"hosp",142,6.26169165825733,0.0221843846179998,4281.03058965485,1
19,"hosp",143,4.75369021892605,0.016841725515566,3250.03119789983,1
19,"hosp",144,3.64205126586459,0.012903328763221,2490.01926782782,1
19,"hosp",145,2.8205144189017,0.00999272722204649,1928.34607081902,1
19,"hosp",146,2.20941129021038,0.00782766583160361,1510.5434497156,1
19,"hosp",147,1.75085896919818,0.00620307273248535,1197.03767198831,1
19,"hosp",148,1.40337513691699,0.00497198129512644,959.467859133572,1
19,"hosp",149,1.13734324262346,0.00402946381171123,777.585591616844,1
19,"hosp",150,0.931577411851335,0.00330046139827052,636.906384795858,1
19,"hosp",151,0.770842868427186,0.00273099916229189,527.014436298909,1
19,"hosp",152,0.644105609309404,0.00228198502120235,440.365953310011,1
19,"hosp",153,0.543307865523364,0.00192487131474456,371.451952419025,1
19,"hosp",154,0.462512795833953,0.00163862456242095,316.213498705396,1
19,"hosp",155,0.397305647341352,0.00140760385093394,271.632287653128,1
19,"hosp",156,0.344372595225313,0.001220068716463,235.442703802616,1
20,"hosp",105,0.297532354995831,0.000481774294317199,212.343726902485,1
20,"hosp",106,0.243568660968582,0.000394394484450499,173.830766161352,1
20,"hosp",107,0.205866635486921,0.000333346109657745,146.92347870799,1
20,"hosp",108,0.178392549296553,0.000288859154662346,127.315695699031,1
20,"hosp",109,0.158508062686444,0.0002566615319716,113.124479438224,1
20,"hosp",110,0.144490665339389,0.000233964095536036,103.120503923734,1
20,"hosp",111,0.135211813752038,0.000218939470144849,96.4983470579348,1
20,"hosp",112,0.129981691242475,0.000210470681662089,92.7656985335323,1
20,"hosp",113,0.128463402780237,0.000208012218438906,91.6821221588249,1
20,"hosp",114,0.130637985490824,0.000211533375157616,93.2340844562703,1
20,"hosp",115,0.136815113748904,0.000221535586875011,97.6425947034797,1
20,"hosp",116,0.147693982609975,0.000239151013501756,105.406656391747,1
20,"hosp",117,0.164489788524642,0.000266347341585608,117.393534337513,1
20,"hosp",118,0.189156765217854,0.000306288931432122,134.997931555176,1
20,"hosp",119,0.224763419435452,0.000363944411317394,160.409788558758,1
20,"hosp",120,0.276116792227857,0.000447097502140796,197.059807908434,1
20,"hosp",121,0.35080233507078,0.000568030819458,250.36159592145,1
20,"hosp",122,0.460923382397135,0.000746342485313193,328.953094314997,1
20,"hosp",123,0.626015567700371,0.00101366524781701,446.776548877632,1
20,"hosp",124,0.877900287549912,0.00142152537165631,626.542343301533,1
20,"hosp",125,1.26859864417425,0.00205415715738669,905.377043956022,1
20,"hosp",126,1.88260276016363,0.0030483730627217,1343.58122623555,1
20,"hosp",127,2.85384568685748,0.00462104194313659,2036.74060644729,1
20,"hosp",128,4.38293613871359,0.00709699610751804,3128.02617544929,1
20,"hosp",129,6.73611196640198,0.0109073367469579,4807.44731038836,1
20,"hosp",130,10.1794067907128,0.0164828343567276,7264.86763305694,1
20,"hosp",131,14.7801639317135,0.0239325334825974,10548.3489132928,1
20,"hosp",132,20.0832013290325,0.0325193881790115,14333.035539612,1
20,"hosp",133,24.9308156734235,0.0403688067066994,17792.6945622025,1
20,"hosp",134,27.8655329277821,0.0451207985842178,19887.1518161179,1
20,"hosp",135,28.0274383024873,0.0453829611569097,20002.700898741,1
20,"hosp",136,25.6809185594122,0.0415833982712623,18328.0300969661,1
20,"hosp",137,21.861314499092,0.0353985682188882,15602.0443416635,1
20,"hosp",138,17.6581892437709,0.0285927278798182,12602.346102575,1
20,"hosp",139,13.7897350179726,0.0223287980132379,9841.49682395059,1
20,"hosp",140,10.5669692978296,0.0171103884705402,7541.46433182607,1
20,"hosp",141,8.03287781917203,0.0130071031862135,5732.92680689868,1
20,"hosp",142,6.10417616494317,0.00988408525954955,4356.44559245166,1
20,"hosp",143,4.66045551016822,0.00754636471263589,3326.08698004023,1
20,"hosp",144,3.58661483385394,0.00580756614046828,2559.70534967518,1
20,"hosp",145,2.78766025844589,0.00451387229408272,1989.50520397904,1
20,"hosp",146,2.19050899367082,0.00354694508647984,1563.32861189497,1
20,"hosp",147,1.7409439575374,0.00281899441356596,1242.48177404785,1
20,"hosp",148,1.39948085884004,0.00226608599655502,998.785430575943,1
20,"hosp",149,1.13759763704322,0.00184203596550396,811.883877195821,1
20,"hosp",150,0.934727887140362,0.00151354251275282,667.099224209922,1
20,"hosp",151,0.776008765789513,0.00125653922756549,553.824115831207,1
20,"hosp",152,0.650647032067743,0.00105354933492329,464.355601558833,1
20,"hosp",153,0.550752701933613,0.000891797110001952,393.062735418592,1
20,"hosp",154,0.470512720221338,0.000761869860355446,335.796839870491,1
20,"hosp",155,0.405606914490128,0.000656772218945384,289.474682111322,1
20,"hosp",156,0.352794914710642,0.000571257270745554,251.783665756122,1
21,"hosp",105,0.286831764921113,0.00116694926667676,208.900080176376,1
21,"hosp",106,0.235494297352684,0.00095808739202178,171.510912020448,1
21,"hosp",107,0.199582168522871,0.000811982122215705,145.356045268101,1
21,"hosp",108,0.173426616941794,0.000705570610417287,126.306910930253,1
21,"hosp",109,0.154530259927647,0.000628692479549931,112.54466079599,1
21,"hosp",110,0.141260333686333,0.000574704976804497,102.880150114938,1
21,"hosp",111,0.132552466938429,0.000539277803253546,96.5381954074361,1
21,"hosp",112,0.127764014162407,0.000519796413327881,93.050756806949,1
21,"hosp",113,0.126593360469944,0.000515033713951372,92.1981676584576,1
21,"hosp",114,0.129048675488597,0.000525022942519783,93.9863779161184,1
21,"hosp",115,0.13546160317113,0.000551113362660108,98.6569244555327,1
21,"hosp",116,0.146550747695664,0.000596228550911787,106.733167966776,1
21,"hosp",117,0.163550744976555,0.000665391512572953,119.114295963367,1
21,"hosp",118,0.188438325189617,0.000766644396774878,137.239964518014,1
21,"hosp",119,0.224311615660696,0.000912591656207672,163.366545225209,1
21,"hosp",120,0.276020366542695,0.0011229640636679,201.026119673112,1
21,"hosp",121,0.351214861095627,0.0014288861092991,255.790402650103,1
21,"hosp",122,0.462098809832664,0.00188000749294535,336.547378042319,1
21,"hosp",123,0.628361944701349,0.0025564341201139,457.637112347012,1
21,"hosp",124,0.882051691057242,0.00358854806172996,642.399801961413,1
21,"hosp",125,1.27548218642402,0.00518918468641762,928.935925492064,1
21,"hosp",126,1.89339715700726,0.00770311623088596,1378.96448816721,1
21,"hosp",127,2.86948915548665,0.0116742588348017,2089.85401184999,1
21,"hosp",128,4.40222562288371,0.0179100594516882,3206.14868380365,1
21,"hosp",129,6.75015719895672,0.0274624081312676,4916.15139087897,1
21,"hosp",130,10.1586620709891,0.041329603983778,7398.57149956168,1
21,"hosp",131,14.6521834780658,0.0596110921314618,10671.2110639794,1
21,"hosp",132,19.713839710412,0.0802039857746423,14357.6242234604,1
21,"hosp",133,24.148051261494,0.0982441771015962,17587.0683151732,1
21,"hosp",134,26.5556950472862,0.108039459541886,19340.5595298805,1
21,"hosp",135,26.2430093650564,0.106767325935349,19112.8299961387,1
21,"hosp",136,23.641492749213,0.09618328930349,17218.1408574398,1
21,"hosp",137,19.8380939563626,0.0807095030113171,14448.1188098898,1
21,"hosp",138,15.8552053285407,0.0645054784508915,11547.3739990269,1
21,"hosp",139,12.3017090392435,0.050048398043237,8959.35638547978,1
21,"hosp",140,9.40090872160468,0.0382467525582075,6846.69839902189,1
21,"hosp",141,7.14848172817317,0.0290829556929937,5206.25184789222,1
21,"hosp",142,5.44574688429879,0.0221555319540272,3966.14705858378,1
21,"hosp",143,4.1744605990323,0.0169834179145101,3040.26701530358,1
21,"hosp",144,3.22857030777975,0.0131351482431318,2351.37344825023,1
21,"hosp",145,2.5232380906652,0.0102655674846977,1837.67875077927,1
21,"hosp",146,1.99424834213918,0.00811342021714613,1452.41458413456,1
21,"hosp",147,1.59433960246771,0.00648642743750892,1161.1603438534,1
21,"hosp",148,1.28919750469308,0.00524498422661403,938.924815972308,1
21,"hosp",149,1.05403844416119,0.00428826071548004,767.658057519582,1
21,"hosp",150,0.870965622813261,0.00354344538904935,634.325798910722,1
21,"hosp",151,0.727015657910739,0.00295779788927768,529.486785638277,1
21,"hosp",152,0.612749202036524,0.00249291507922754,446.266324333516,1
21,"hosp",153,0.521246083980872,0.0021206428640388,379.624442101709,1
21,"hosp",154,0.447392601987386,0.00182017660752942,325.836820936435,1
21,"hosp",155,0.387376701643168,0.0015760073087947,282.1271348868,1
21,"hosp",156,0.338330050498602,0.00137646541495375,246.40637237188,1
22,"hosp",105,1.81847395881514,0.00768874129582859,1195.20704522312,1
22,"hosp",106,1.46875776110117,0.00621009632643041,965.353182697242,1
22,"hosp",107,1.22539564380676,0.00518113005940673,805.40141890063,1
22,"hosp",108,1.04901878146117,0.0044353860477472,689.47626777713,1
22,"hosp",109,0.921544503784237,0.0038964084406281,605.692744771129,1
22,"hosp",110,0.831136323899162,0.00351415105234194,546.271221014558,1
22,"hosp",111,0.770006642167125,0.00325568691209095,506.093232254145,1
22,"hosp",112,0.73327327359581,0.0031003735151077,481.949922036043,1
22,"hosp",113,0.718297888668428,0.00303705566557022,472.107226470693,1
22,"hosp",114,0.724366331835618,0.00306271382215518,476.095760918383,1
22,"hosp",115,0.752654432578234,0.00318231954282331,494.688349027583,1
22,"hosp",116,0.8064837567709,0.00340991683440969,530.068117433281,1
22,"hosp",117,0.891935261764365,0.00377121676507356,586.231825633785,1
22,"hosp",118,1.01897324993463,0.00430834968416144,669.728593754127,1
22,"hosp",119,1.20336218661967,0.00508796977446394,790.919746983924,1
22,"hosp",120,1.46987429409408,0.00621481717122952,966.08703323873,1
22,"hosp",121,1.85765173678557,0.00785438996948698,1220.95696373004,1
22,"hosp",122,2.42921001284839,0.0102710117191875,1596.61836652019,1
22,"hosp",123,3.28560784597006,0.0138919716747929,2159.49292334242,1
22,"hosp",124,4.59194979173999,0.0194153530882164,3018.09696850126,1
22,"hosp",125,6.61966340531323,0.0279887864999067,4350.82850688231,1
22,"hosp",126,9.81408525252421,0.0414952120683824,6450.38867858194,1
22,"hosp",127,14.8940087766682,0.0629737807277798,9789.21041744678,1
22,"hosp",128,22.9720633519643,0.0971288322763348,15098.5785792991,1
22,"hosp",129,35.623087557912,0.150618986355954,23413.5688418427,1
22,"hosp",130,54.6842304930412,0.231211945150102,35941.6626402908,1
22,"hosp",131,81.3878514496477,0.344118281917768,53492.8383090914,1
22,"hosp",132,114.577369737208,0.484447825054308,75306.923626376,1
22,"hosp",133,148.913259880921,0.629624375533487,97874.4713247286,1
22,"hosp",134,175.568584356079,0.742326508578818,115393.903731764,1
22,"hosp",135,186.689407673943,0.789346776905007,122703.156808368,1
22,"hosp",136,180.206843385813,0.761937663068985,118442.437829839,1
22,"hosp",137,160.315550045262,0.677834721812358,105368.720813447,1
22,"hosp",138,133.92473810439,0.566250981711709,88023.1414566548,1
22,"hosp",139,106.994124177272,0.452384889530568,70322.7727811266,1
22,"hosp",140,83.0357060205364,0.351085622542743,54575.9043508578,1
22,"hosp",141,63.3773112099748,0.267967406163031,41655.2618189901,1
22,"hosp",142,48.0143844898429,0.203010980185488,31557.8512060209,1
22,"hosp",143,36.3461249168719,0.153676081110219,23888.7911243501,1
22,"hosp",144,27.6186207112989,0.116775073169127,18152.5668231168,1
22,"hosp",145,21.1328199530096,0.0893522751218749,13889.7206478152,1
22,"hosp",146,16.3154405024033,0.0689837765024685,10723.4581720911,1
22,"hosp",147,12.724819973865,0.0538021720579315,8363.49314117694,1
22,"hosp",148,10.0321034107117,0.0424170208234493,6593.68291570265,1
22,"hosp",149,7.99690381710882,0.0338119357273811,5256.03115505035,1
22,"hosp",150,6.44507514104122,0.0272506049104657,4236.07892663143,1
22,"hosp",151,5.25083018046103,0.0222011839378767,3451.15155184644,1
22,"hosp",152,4.3232132888277,0.0182791006620423,2841.46767995282,1
22,"hosp",153,3.59620090171672,0.0152051989785663,2363.63277732618,1
22,"hosp",154,3.02158791522004,0.0127756615210846,1985.96364084593,1
22,"hosp",155,2.56392484214299,0.0108406033078583,1685.16080194437,1
22,"hosp",156,2.19692997028223,0.00928890188647984,1443.95038796927,1
23,"hosp",105,1.73192204482942,0.0146467906680662,1122.75785854238,1
23,"hosp",106,1.38489258726207,0.0117119773860156,897.788119406221,1
23,"hosp",107,1.14424008430884,0.00967678945996246,741.779660667971,1
23,"hosp",108,0.970563337625018,0.0082080126404843,629.189759310986,1
23,"hosp",109,0.845235728545038,0.00714812241008742,547.943286118404,1
23,"hosp",110,0.75606276622491,0.00639399048119745,490.134885033996,1
23,"hosp",111,0.695008354087445,0.00587765592872204,450.554973668657,1
23,"hosp",112,0.656965948146184,0.00555593292854733,425.8931187336,1
23,"hosp",113,0.639031893697133,0.00540426539701543,414.266960022639,1
23,"hosp",114,0.640127516868789,0.00541353103532417,414.977222663876,1
23,"hosp",115,0.660898642637537,0.00558919155768036,428.442577387698,1
23,"hosp",116,0.703880932234001,0.00595269094267468,456.306824261077,1
23,"hosp",117,0.773977812116396,0.00654549725817091,501.748721015161,1
23,"hosp",118,0.879371002927721,0.00743680296575839,570.072254151969,1
23,"hosp",119,1.03309317173504,0.00873682477348569,669.726146528859,1
23,"hosp",120,1.25567123260083,0.0106191579157528,814.017437076413,1
23,"hosp",121,1.57955204996184,0.013358204137522,1023.98054367745,1
23,"hosp",122,2.05653942648909,0.0173920659826103,1333.19845970336,1
23,"hosp",123,2.77033948295526,0.0234286425347285,1795.9355818608,1
23,"hosp",124,3.85770360387392,0.0326244344045814,2500.84410560367,1
23,"hosp",125,5.54365849545926,0.0468824828234321,3593.80271152167,1
23,"hosp",126,8.198413245225,0.0693336302125185,5314.80786108992,1
23,"hosp",127,12.4230482162135,0.105061187497093,8053.52357136744,1
23,"hosp",128,19.1591708943123,0.162028288917783,12420.3683121687,1
23,"hosp",129,29.7726461799424,0.251785995526702,19300.7950721157,1
23,"hosp",130,45.9503366860636,0.388600032303546,29788.3509081539,1
23,"hosp",131,69.0872837355944,0.58426820405777,44787.4030884143,1
23,"hosp",132,98.8809621384775,0.836232068194446,64101.8327774342,1
23,"hosp",133,131.63441630639,1.11322662940217,85335.0044269431,1
23,"hosp",134,160.134482832797,1.35425047322036,103810.820793526,1
23,"hosp",135,176.657150739061,1.49398196911737,114522.0160758,1
23,"hosp",136,177.307750718522,1.49948406532099,114943.782310538,1
23,"hosp",137,163.781842508479,1.38509603801951,106175.304663356,1
23,"hosp",138,141.423917443718,1.19601602187588,91681.2712037643,1
23,"hosp",139,116.024543212838,0.981214600200911,75215.5491437461,1
23,"hosp",140,91.7824733948553,0.776200452454085,59500.0759925545,1
23,"hosp",141,70.8831531622172,0.599455794998975,45951.6162917027,1
23,"hosp",142,53.9772104544142,0.456482960495965,34991.9544016535,1
23,"hosp",143,40.8406914006996,0.345387980637463,26475.9071318109,1
23,"hosp",144,30.8812906513004,0.261161754410174,20019.4990670575,1
23,"hosp",145,23.4341987741673,0.198182016877606,15191.7523718176,1
23,"hosp",146,17.9000830866901,0.151380237173183,11604.1360026238,1
23,"hosp",147,13.7908002451972,0.116628207914759,8940.19993400361,1
23,"hosp",148,10.7302675238538,0.0907454135729963,6956.13998484297,1
23,"hosp",149,8.43790002150061,0.0713589596379109,5470.06061099467,1
23,"hosp",150,6.70816750940164,0.0567306857545115,4348.72216684625,1
23,"hosp",151,5.39194849476886,0.0455994778354199,3495.45325289382,1
23,"hosp",152,4.3814391948765,0.0370536439003161,2840.36761496255,1
23,"hosp",153,3.59866454806934,0.030433752187359,2332.91614577299,1
23,"hosp",154,2.98702829870423,0.0252611705828941,1936.40903530908,1
23,"hosp",155,2.50522123803098,0.0211865488750953,1624.06664941065,1
23,"hosp",156,2.12287842621114,0.017953092066295,1376.20422516962,1
24,"hosp",105,4.84028520463161,0.0103349501127818,3069.32532605358,1
24,"hosp",106,3.85941870665311,0.00824060940860046,2447.33751821902,1
24,"hosp",107,3.17979924178255,0.00678948969805288,2016.37670756055,1
24,"hosp",108,2.68972209818166,0.00574307970021159,1705.6086174623,1
24,"hosp",109,2.33615396844705,0.00498814299136225,1481.40372679978,1
24,"hosp",110,2.08433501181364,0.00445046055236697,1321.72009897642,1
24,"hosp",111,1.91131234264225,0.00408102350916224,1212.00283273744,1
24,"hosp",112,1.80243368110924,0.00384854639516628,1142.9606132851,1
24,"hosp",113,1.74925383071509,0.00373499707367118,1109.23816620816,1
24,"hosp",114,1.74842206358826,0.00373322108911699,1108.71072540667,1
24,"hosp",115,1.80134493592089,0.00384622171248098,1142.27021736029,1
24,"hosp",116,1.91458199821865,0.00408800485960742,1214.07618921209,1
24,"hosp",117,2.10109077708065,0.00448623736939634,1332.34527755933,1
24,"hosp",118,2.3826349626204,0.00508738895222307,1510.87829008789,1
24,"hosp",119,2.79396276736326,0.00596565379867256,1771.70978968614,1
24,"hosp",120,3.38983921563989,0.00723796588483387,2149.56741513024,1
24,"hosp",121,4.25682205965076,0.0090891428429429,2699.33923391278,1
24,"hosp",122,5.53304409975832,0.0118141250619087,3508.61812219433,1
24,"hosp",123,7.44156934611814,0.0158891975785528,4718.85359932272,1
24,"hosp",124,10.346587560781,0.0220919763521124,6560.98595350295,1
24,"hosp",125,14.8470369219356,0.031701310857469,9414.8143166737,1
24,"hosp",126,21.9278929140201,0.0468203152838942,13904.9320902807,1
24,"hosp",127,33.1883537544402,0.0708635887920989,21045.4240611802,1
24,"hosp",128,51.1354288001207,0.109184083850939,32426.0369047335,1
24,"hosp",129,79.4143121132245,0.169564998596715,50358.2638450734,1
24,"hosp",130,122.557123024511,0.261683289078166,77716.0158305229,1
24,"hosp",131,184.407902907015,0.393746731106471,116936.879292841,1
24,"hosp",132,264.469616712739,0.564694058204927,167705.673990315,1
24,"hosp",133,353.422856841928,0.754626522974932,224112.7701056,1
24,"hosp",134,432.576446770291,0.923634829009138,274305.704601011,1
24,"hosp",135,481.314370431241,1.02769977318939,305211.433728021,1
24,"hosp",136,488.262152604039,1.04253463913523,309617.166630386,1
24,"hosp",137,456.392158911151,0.974486005431684,289407.742051613,1
24,"hosp",138,398.804734500917,0.851525656352696,252890.360795775,1
24,"hosp",139,330.752516740388,0.706220938575686,209737.036841509,1
24,"hosp",140,264.02428747277,0.563743193682638,167423.281474816,1
24,"hosp",141,205.303652686962,0.438363220097301,130187.307995905,1
24,"hosp",142,157.049609469068,0.33533145475427,99588.4175025432,1
24,"hosp",143,119.113911779037,0.254331363531363,75532.6041033433,1
24,"hosp",144,90.117032510822,0.192417387806008,57145.0810232393,1
24,"hosp",145,68.3217754185864,0.145880275792863,43324.2560608931,1
24,"hosp",146,52.0805971359796,0.111202202037432,33025.3877669223,1
24,"hosp",147,40.0111397207045,0.0854315635312851,25371.8942742287,1
24,"hosp",148,31.0279006297558,0.066250601267469,19675.435886723,1
24,"hosp",149,24.3109225664348,0.051908546975576,15416.0606613603,1
24,"hosp",150,19.2548867837786,0.0411129274256803,12209.9234150901,1
24,"hosp",151,15.4186367095526,0.0329217875524879,9777.27760764276,1
24,"hosp",152,12.4825873578216,0.0266527512672358,7915.4677652831,1
24,"hosp",153,10.2155023231833,0.0218120838801153,6477.86208318936,1
24,"hosp",154,8.44969166111499,0.0180417347520038,5358.12488652265,1
24,"hosp",155,7.06296837396333,0.0150808108834617,4478.77486363349,1
24,"hosp",156,5.96571829917215,0.0127379686118199,3782.98581377582,1
25,"hosp",105,6.6256449572356,0.0268549926811039,4629.80424952291,1
25,"hosp",106,5.28385439659959,0.0214164616523467,3692.20078907516,1
25,"hosp",107,4.35410463923938,0.0176480099634436,3042.51922518176,1
25,"hosp",108,3.683587281305,0.0149302762399944,2573.98157591438,1
25,"hosp",109,3.19979756722265,0.0129693849886926,2235.92366780267,1
25,"hosp",110,2.85521559937056,0.0115727290730142,1995.14000532641,1
25,"hosp",111,2.61846321411253,0.0106131268585316,1829.70445808127,1
25,"hosp",112,2.46951138161951,0.010009396897561,1725.62133387201,1
25,"hosp",113,2.39682015038828,0.00971476558313126,1674.82685674116,1
25,"hosp",114,2.39581988820185,0.00971071133122534,1674.12790318248,1
25,"hosp",115,2.46845302141056,0.0100051071633768,1724.88178313776,1
25,"hosp",116,2.62371865449785,0.0106344281528199,1833.37680400171,1
25,"hosp",117,2.87937997993197,0.0116706718796856,2012.02535800263,1
25,"hosp",118,3.26526486360204,0.0132347363282932,2281.6702734446,1
25,"hosp",119,3.82899127524447,0.0155196261400042,2675.58557573381,1
25,"hosp",120,4.64560220846195,0.0188295047671281,3246.20908381786,1
25,"hosp",121,5.83369840658511,0.0236450834633878,4076.4154806918,1
25,"hosp",122,7.58253724603693,0.0307334581857038,5298.45220962679,1
25,"hosp",123,10.1977208494761,0.0413332921616259,7125.86497300813,1
25,"hosp",124,14.1781549481735,0.0574667447202931,9907.27430357747,1
25,"hosp",125,20.344239321009,0.0824590513972051,14215.9512424308,1
25,"hosp",126,30.0449495503497,0.121777865473706,20994.5199301696,1
25,"hosp",127,45.4699975910999,0.184298503828716,31773.0861571708,1
25,"hosp",128,70.0509739005175,0.283929851892863,48949.5435902667,1
25,"hosp",129,108.774598329886,0.440884028784104,76008.4642081356,1
25,"hosp",130,167.834041570032,0.680263127151295,117277.452065548,1
25,"hosp",131,252.46531328139,1.02328968487818,176415.275468518,1
25,"hosp",132,361.94217230857,1.46702010914647,252914.458630293,1
25,"hosp",133,483.457230995268,1.95954363443912,337825.578788387,1
25,"hosp",134,591.416528072369,2.3971230929787,413264.334654293,1
25,"hosp",135,657.675550272202,2.66568344713568,459564.174825326,1
25,"hosp",136,666.798634415458,2.70266103338994,465939.115530393,1
25,"hosp",137,622.963674738771,2.52498964760155,435308.545389873,1
25,"hosp",138,544.130524013029,2.20546397131909,380222.277020672,1
25,"hosp",139,451.13408415753,1.82853180429121,315239.12214104,1
25,"hosp",140,360.040040787892,1.45931041018191,251585.305520758,1
25,"hosp",141,279.933058533061,1.1346216536844,195608.921447408,1
25,"hosp",142,214.136452091294,0.86793555809072,149632.203697747,1
25,"hosp",143,162.425946025061,0.658343092616347,113498.43524567,1
25,"hosp",144,122.907137632185,0.498165884660514,85883.8636508533,1
25,"hosp",145,93.2048085526874,0.377776724784003,65128.7567472139,1
25,"hosp",146,71.0703242639573,0.288061471791958,49661.8354010816,1
25,"hosp",147,54.6189080702871,0.221380769109221,38166.0735400502,1
25,"hosp",148,42.3714802037214,0.171739626572631,29607.9340761437,1
25,"hosp",149,33.2112308835624,0.134611402824192,23207.0234473834,1
25,"hosp",150,26.3138753386467,0.106655115719584,18387.3558952535,1
25,"hosp",151,21.0787214658046,0.085436046504881,14729.1855882374,1
25,"hosp",152,17.0705982503672,0.0691903647168781,11928.4279238565,1
25,"hosp",153,13.9745983942509,0.0566416914913525,9765.03501903208,1
25,"hosp",154,11.5623110398039,0.0468642344035487,8079.40013868844,1
25,"hosp",155,9.66726414899657,0.0391832507843763,6755.19755845156,1
25,"hosp",156,8.16732921610202,0.0331037306916152,5707.08749955996,1
1,"a_e",105,7.48603561416651,0,2250.60330320006,1
1,"a_e",106,6.14435679408175,0,1847.24070382876,1
1,"a_e",107,5.2199661603668,0,1569.33171155132,1
1,"a_e",108,4.54208866743847,0,1365.5344811638,1
1,"a_e",109,4.0489696257193,0,1217.2830699544,1
1,"a_e",110,3.70054007793617,0,1112.53113827921,1
1,"a_e",111,3.47032519827294,0,1043.31928900142,1
1,"a_e",112,3.34214259138366,0,1004.78244342031,1
1,"a_e",113,3.30832902970033,0,994.616727206851,1
1,"a_e",114,3.36910200420861,0,1012.88752689618,1
1,"a_e",115,3.53299990939808,0,1062.16182718256,1
1,"a_e",116,3.81856591594318,0,1148.01445075222,1
1,"a_e",117,4.25770576422877,0,1280.03754602684,1
1,"a_e",118,4.90154209318415,0,1473.60063380124,1
1,"a_e",119,5.83022222164176,0,1752.79922066979,1
1,"a_e",120,7.16919833719086,0,2155.34927838766,1
1,"a_e",121,9.11629235749271,0,2740.7240294027,1
1,"a_e",122,11.9868489916698,0,3603.72877261768,1
1,"a_e",123,16.2890737772514,0,4897.1505264784,1
1,"a_e",124,22.8486263100661,0,6869.21576350849,1
1,"a_e",125,33.0092972716836,0,9923.92199355513,1
1,"a_e",126,48.9368972901082,0,14712.3989740386,1
1,"a_e",127,74.0174249515819,0,22252.61402379,1
1,"a_e",128,113.190234882479,0,34029.5357444492,1
1,"a_e",129,172.644564059277,0,51903.8976272095,1
1,"a_e",130,257.569944217428,0,77435.88157179,1
1,"a_e",131,366.390488624455,0,110151.712663351,1
1,"a_e",132,482.930519585302,0,145188.331797138,1
1,"a_e",133,575.633781362877,0,173058.659688607,1
1,"a_e",134,613.646403469131,0,184486.782300491,1
1,"a_e",135,588.925243685756,0,177054.607684315,1
1,"a_e",136,519.255101131228,0,156108.961544066,1
1,"a_e",137,431.325353233289,0,129673.743857663,1
1,"a_e",138,345.278032784347,0,103804.459550837,1
1,"a_e",139,270.927716499784,0,81451.7650074997,1
1,"a_e",140,210.773527353627,0,63366.997078068,1
1,"a_e",141,163.749640769409,0,49229.7260403146,1
1,"a_e",142,127.600281546559,0,38361.7751690217,1
1,"a_e",143,99.9943225112587,0,30062.3139060697,1
1,"a_e",144,78.9280758319456,0,23728.9531252624,1
1,"a_e",145,62.807520826405,0,18882.4661173419,1
1,"a_e",146,50.4107682177913,0,15155.5038361176,1
1,"a_e",147,40.8181843278924,0,12271.5874214034,1
1,"a_e",148,33.3434650098874,0,10024.3862518337,1
1,"a_e",149,27.4759345881477,0,8260.37068613103,1
1,"a_e",150,22.8354515264401,0,6865.25489382049,1
1,"a_e",151,19.1383270280626,0,5753.75061608979,1
1,"a_e",152,16.1720054429843,0,4861.95507812879,1
1,"a_e",153,13.7764175444681,0,4141.74503433688,1
1,"a_e",154,11.8303045514576,0,3556.66521957064,1
1,"a_e",155,10.2412031666774,0,3078.91744891643,1
1,"a_e",156,8.93811195721914,0,2687.15583682527,1
2,"a_e",105,8.70334175984642,0,2332.22999844353,1
2,"a_e",106,7.14928199229778,0,1915.78940478872,1
2,"a_e",107,6.06623474624861,0,1625.56579336845,1
2,"a_e",108,5.2709873776494,0,1412.46376653697,1
2,"a_e",109,4.69063038640605,0,1256.94580319227,1
2,"a_e",110,4.27824100192584,0,1146.43803272166,1
2,"a_e",111,4.00278818308316,0,1072.62508305391,1
2,"a_e",112,3.84508870404513,0,1030.36643506559,1
2,"a_e",113,3.79570136948891,0,1017.13213651987,1
2,"a_e",114,3.8541351695492,0,1032.79061175664,1
2,"a_e",115,4.02926843683075,0,1079.7209829807,1
2,"a_e",116,4.3411477676599,0,1163.29512626093,1
2,"a_e",117,4.82463022937007,0,1292.85367193634,1
2,"a_e",118,5.53575997369537,0,1483.41474241535,1
2,"a_e",119,6.56245784438607,0,1758.53844081016,1
2,"a_e",120,8.04224941444636,0,2155.07742392362,1
2,"a_e",121,10.1916858820623,0,2731.06080454303,1
2,"a_e",122,13.3553139054003,0,3578.81657279126,1
2,"a_e",123,18.0871429448295,0,4846.80235776608,1
2,"a_e",124,25.2848662861485,0,6775.57256584506,1
2,"a_e",125,36.4049070867915,0,9755.40415867374,1
2,"a_e",126,53.7853297880291,0,14412.827057596,1
2,"a_e",127,81.061685515873,0,21722.0580210619,1
2,"a_e",128,123.492652836192,0,33092.2624296696,1
2,"a_e",129,187.559568812252,0,50260.2408303895,1
2,"a_e",130,278.412910767896,0,74606.1639728516,1
2,"a_e",131,393.528169905457,0,105453.540537777,1
2,"a_e",132,514.391377590288,0,137841.19190764,1
2,"a_e",133,606.453895195834,0,162511.137224791,1
2,"a_e",134,637.689128449036,0,170881.226555028,1
2,"a_e",135,602.520405628212,0,161457.082055948,1
2,"a_e",136,523.143628520706,0,140186.528071273,1
2,"a_e",137,429.226492981797,0,115019.601743931,1
2,"a_e",138,341.18616403655,0,91427.4802456979,1
2,"a_e",139,267.499043116526,0,71681.5804924005,1
2,"a_e",140,209.144870971151,0,56044.4431068886,1
2,"a_e",141,164.034644734221,0,43956.2790695155,1
2,"a_e",142,129.429330740797,0,34683.1109430641,1
2,"a_e",143,102.869238527468,0,27565.8167438247,1
2,"a_e",144,82.395600666459,0,22079.5065753548,1
2,"a_e",145,66.5186405262507,0,17824.9657627763,1
2,"a_e",146,54.123726687277,0,14503.5070999962,1
2,"a_e",147,44.3799888074124,0,11892.4826903571,1
2,"a_e",148,36.6670107496869,0,9825.63994191356,1
2,"a_e",149,30.5196952029174,0,8178.34696828601,1
2,"a_e",150,25.5876991191309,0,6856.72252376738,1
2,"a_e",151,21.6057481389462,0,5789.68117521734,1
2,"a_e",152,18.3718845246558,0,4923.10441191945,1
2,"a_e",153,15.7314723999304,0,4215.55453792171,1
2,"a_e",154,13.5653919121981,0,3635.11106782389,1
2,"a_e",155,11.7812967500791,0,3157.02800823768,1
2,"a_e",156,10.3071235813416,0,2761.99458522629,1
3,"a_e",105,9.13440344896051,0,2072.54131906243,1
3,"a_e",106,7.54011752396558,0,1710.80741137876,1
3,"a_e",107,6.41949959092126,0,1456.54592817474,1
3,"a_e",108,5.59311191177535,0,1269.04352364837,1
3,"a_e",109,4.98820493761555,0,1131.79376178484,1
3,"a_e",110,4.55745275771105,0,1034.05867748332,1
3,"a_e",111,4.26947440917814,0,968.718118609961,1
3,"a_e",112,4.10490449273534,0,931.378192296418,1
3,"a_e",113,4.05435767405333,0,919.90942251293,1
3,"a_e",114,4.11771381039112,0,934.284549592648,1
3,"a_e",115,4.30463909475238,0,976.696774712868,1
3,"a_e",116,4.63653593027989,0,1052.00217469223,1
3,"a_e",117,5.15041969983514,0,1168.59931774047,1
3,"a_e",118,5.90566652084675,0,1339.96028853438,1
3,"a_e",119,6.99529527115525,0,1587.19051216871,1
3,"a_e",120,8.56464745101758,0,1943.26710273091,1
3,"a_e",121,10.8423447787442,0,2460.06295594765,1
3,"a_e",122,14.1917425187111,0,3220.02120049461,1
3,"a_e",123,19.1963830858188,0,4355.5441079667,1
3,"a_e",124,26.8004764073856,0,6080.86724384673,1
3,"a_e",125,38.5332734438347,0,8742.96847268846,1
3,"a_e",126,56.8442638587383,0,12897.6222976367,1
3,"a_e",127,85.5302064940093,0,19406.2905122665,1
3,"a_e",128,130.054932247879,0,29508.6835541809,1
3,"a_e",129,197.083338702816,0,44717.02668299,1
3,"a_e",130,291.724528187468,0,66190.5445528931,1
3,"a_e",131,410.799113420983,0,93207.8532721359,1
3,"a_e",132,534.186213699248,0,121203.645771875,1
3,"a_e",133,625.214564958083,0,141857.432332128,1
3,"a_e",134,650.826830060851,0,147668.701562447,1
3,"a_e",135,606.861714260501,0,137693.28066028,1
3,"a_e",136,518.568573770416,0,117660.097007076,1
3,"a_e",137,418.153180501106,0,94876.4469544574,1
3,"a_e",138,326.878411109897,0,74166.7495989388,1
3,"a_e",139,252.711565897184,0,57338.7375599757,1
3,"a_e",140,195.622577777467,0,44385.5887963261,1
3,"a_e",141,152.601004957217,0,34624.2521333207,1
3,"a_e",142,120.280234321145,0,27290.8632610761,1
3,"a_e",143,95.8522339980721,0,21748.2966014658,1
3,"a_e",144,77.2053219129195,0,17517.4241656965,1
3,"a_e",145,62.8119072274729,0,14251.6447609798,1
3,"a_e",146,51.5780769315912,0,11702.756090839,1
3,"a_e",147,42.7180204760965,0,9692.46245799887,1
3,"a_e",148,35.6622089503398,0,8091.54117087181,1
3,"a_e",149,29.993330476498,0,6805.30666903166,1
3,"a_e",150,25.4021598691375,0,5763.59761383303,1
3,"a_e",151,21.6570778349939,0,4913.86097778327,1
3,"a_e",152,18.582814284598,0,4216.32902953019,1
3,"a_e",153,16.0454445192021,0,3640.61505872665,1
3,"a_e",154,13.9416712980638,0,3163.28154142482,1
3,"a_e",155,12.1910872705091,0,2766.08453235131,1
3,"a_e",156,10.7305409423624,0,2434.69533650477,1
4,"a_e",105,9.10217960804091,0,2616.27134776827,1
4,"a_e",106,7.56101047559049,0,2173.28770902169,1
4,"a_e",107,6.47334489398171,0,1860.65618342501,1
4,"a_e",108,5.66859882059881,0,1629.34520246384,1
4,"a_e",109,5.07868661088791,0,1459.7846709839,1
4,"a_e",110,4.65920578040142,0,1339.21182744538,1
4,"a_e",111,4.38077222431842,0,1259.1806957378,1
4,"a_e",112,4.22549659453307,0,1214.54927791176,1
4,"a_e",113,4.18520441979493,0,1202.96795708026,1
4,"a_e",114,4.26091522717441,0,1224.72977947809,1
4,"a_e",115,4.46353801328621,0,1282.97035619018,1
4,"a_e",116,4.81600916436155,0,1384.28237300191,1
4,"a_e",117,5.35740826794157,0,1539.898612562,1
4,"a_e",118,6.1500464237876,0,1767.72937240066,1
4,"a_e",119,7.29126687055409,0,2095.75436036341,1
4,"a_e",120,8.93294400741834,0,2567.62736665631,1
4,"a_e",121,11.3137607486931,0,3251.95385687207,1
4,"a_e",122,14.81280727254,0,4257.69704796025,1
4,"a_e",123,20.0385176005134,0,5759.74126061629,1
4,"a_e",124,27.9747156251655,0,8040.87044024377,1
4,"a_e",125,40.2135202583885,0,11558.7128990487,1
4,"a_e",126,59.3024172640982,0,17045.5013878651,1
4,"a_e",127,89.1840790833469,0,25634.4920481173,1
4,"a_e",128,135.518377738619,0,38952.5217081383,1
4,"a_e",129,205.174950155599,0,58974.1541572824,1
4,"a_e",130,303.326618539724,0,87186.2317900054,1
4,"a_e",131,426.406543111984,0,122563.525362571,1
4,"a_e",132,553.135513852182,0,158989.677049014,1
4,"a_e",133,645.125189655067,0,185430.591583481,1
4,"a_e",134,668.166406678395,0,192053.409250426,1
4,"a_e",135,618.625965710011,0,177813.826881947,1
4,"a_e",136,523.646832161216,0,150513.642042697,1
4,"a_e",137,417.322802854959,0,119952.554102014,1
4,"a_e",138,321.888980712296,0,92521.6765285488,1
4,"a_e",139,245.393025645677,0,70534.1763825216,1
4,"a_e",140,187.423225232583,0,53871.7137210902,1
4,"a_e",141,144.486118781204,0,41530.1509084226,1
4,"a_e",142,112.805174868519,0,32423.9862974992,1
4,"a_e",143,89.2806212330807,0,25662.2414961701,1
4,"a_e",144,71.6148363655507,0,20584.5031109675,1
4,"a_e",145,58.1723184939537,0,16720.6731423462,1
4,"a_e",146,47.8032926756271,0,13740.2677536422,1
4,"a_e",147,39.6985378059947,0,11410.689690013,1
4,"a_e",148,33.2841574264566,0,9566.98188338533,1
4,"a_e",149,28.1488508128554,0,8090.92272681796,1
4,"a_e",150,23.9944194095712,0,6896.79996559718,1
4,"a_e",151,20.6021034815391,0,5921.73472328447,1
4,"a_e",152,17.8095328262563,0,5119.05636418237,1
4,"a_e",153,15.4947887430954,0,4453.72136938177,1
4,"a_e",154,13.565264434529,0,3899.11144289064,1
4,"a_e",155,11.9497997027463,0,3434.77275994929,1
4,"a_e",156,10.5930789219813,0,3044.80575660633,1
5,"a_e",105,8.65384608196701,0,2260.54823581286,1
5,"a_e",106,7.23043795938526,0,1888.72711837366,1
5,"a_e",107,6.22542941814064,0,1626.19988327278,1
5,"a_e",108,5.4815488062457,0,1431.88420109551,1
5,"a_e",109,4.93716387053324,0,1289.68056188447,1
5,"a_e",110,4.55229170230455,0,1189.14467383398,1
5,"a_e",111,4.30070737903649,0,1123.42609128293,1
5,"a_e",112,4.16683703602261,0,1088.45662627727,1
5,"a_e",113,4.1442584477288,0,1082.55867206694,1
5,"a_e",114,4.23538544468498,0,1106.36276683048,1
5,"a_e",115,4.45232690189482,0,1163.03197769064,1
5,"a_e",116,4.81917124331502,0,1258.85865648302,1
5,"a_e",117,5.3762559992392,0,1404.37972887959,1
5,"a_e",118,6.18744599864261,0,1616.27789585549,1
5,"a_e",119,7.35220082691746,0,1920.53388183817,1
5,"a_e",120,9.02548087194835,0,2357.62627035402,1
5,"a_e",121,11.4506743388091,0,2991.13266289789,1
5,"a_e",122,15.0142556512725,0,3922.00748696616,1
5,"a_e",123,20.3364589460849,0,5312.26762734421,1
5,"a_e",124,28.420137096618,0,7423.87721792212,1
5,"a_e",125,40.8880552729355,0,10680.7332066674,1
5,"a_e",126,60.336232999758,0,15760.9649826583,1
5,"a_e",127,90.780918952814,0,23713.692644925,1
5,"a_e",128,137.983212955063,0,36043.8244062759,1
5,"a_e",129,208.923359860211,0,54574.7322148751,1
5,"a_e",130,308.821868784806,0,80670.1117687599,1
5,"a_e",131,433.940558213853,0,113353.479369373,1
5,"a_e",132,562.438517134895,0,146919.576061318,1
5,"a_e",133,655.058423760451,0,171113.647060552,1
5,"a_e",134,676.962043797866,0,176835.286799058,1
5,"a_e",135,624.703776235451,0,163184.439138268,1
5,"a_e",136,526.316848397864,0,137483.91314743,1
5,"a_e",137,416.830980197762,0,108884.134059387,1
5,"a_e",138,319.004770809593,0,83330.0783303973,1
5,"a_e",139,240.986084738338,0,62950.1222405468,1
5,"a_e",140,182.230752405178,0,47602.1184059171,1
5,"a_e",141,139.045911456118,0,36321.421349763,1
5,"a_e",142,107.472275839399,0,28073.790687565,1
5,"a_e",143,84.2696151443312,0,22012.8169651762,1
5,"a_e",144,67.041385762702,0,17512.4776748836,1
5,"a_e",145,54.0859565293489,0,14128.2745794897,1
5,"a_e",146,44.2111065525033,0,11548.7770378601,1
5,"a_e",147,36.581573114584,0,9555.79863382963,1
5,"a_e",148,30.6085233406573,0,7995.52508597802,1
5,"a_e",149,25.8731064070883,0,6758.544638946,1
5,"a_e",150,22.0743893902073,0,5766.24792260426,1
5,"a_e",151,18.9939325731389,0,4961.57435233677,1
5,"a_e",152,16.4715437882405,0,4302.67870481444,1
5,"a_e",153,14.3885362738721,0,3758.55775359919,1
5,"a_e",154,12.656055193389,0,3306.00093516602,1
5,"a_e",155,11.2068628070844,0,2927.44448047694,1
5,"a_e",156,9.98951163436403,0,2609.44933475878,1
6,"a_e",105,8.08345797678965,0,2338.4166650523,1
6,"a_e",106,6.77890259142144,0,1961.02940549234,1
6,"a_e",107,5.86016726346742,0,1695.25379215598,1
6,"a_e",108,5.18201415042105,0,1499.07481212564,1
6,"a_e",109,4.68812027024823,0,1356.19911666465,1
6,"a_e",110,4.34224212647762,0,1256.14203493145,1
6,"a_e",111,4.12090847548245,0,1192.11370701658,1
6,"a_e",112,4.01059486598778,0,1160.20172286758,1
6,"a_e",113,4.00641808887513,0,1158.99344724662,1
6,"a_e",114,4.11196409454787,0,1189.52623894338,1
6,"a_e",115,4.34025852458767,0,1255.5682102478,1
6,"a_e",116,4.71614445066393,0,1364.30606924567,1
6,"a_e",117,5.28064006882286,0,1527.60573192,1
6,"a_e",118,6.09831582389865,0,1764.14640767642,1
6,"a_e",119,7.26949428335238,0,2102.9498300732,1
6,"a_e",120,8.95035832931241,0,2589.1972390467,1
6,"a_e",121,11.3862114131446,0,3293.85104700951,1
6,"a_e",122,14.9667062372037,0,4329.63162380649,1
6,"a_e",123,20.3175068591886,0,5877.53369514146,1
6,"a_e",124,28.4508524069795,0,8230.38204620527,1
6,"a_e",125,41.0057138781581,0,11862.3050890324,1
6,"a_e",126,60.6056581098713,0,17532.2592543334,1
6,"a_e",127,91.3120270729538,0,26415.1266005472,1
6,"a_e",128,138.954175831884,0,40197.2474375296,1
6,"a_e",129,210.599785587033,0,60923.1902593183,1
6,"a_e",130,311.540513913251,0,90123.747988238,1
6,"a_e",131,437.997797790683,0,126705.842048147,1
6,"a_e",132,567.845411066789,0,164268.704832114,1
6,"a_e",133,661.285515196446,0,191299.450499179,1
6,"a_e",134,682.984504433577,0,197576.6252173,1
6,"a_e",135,629.461718467577,0,182093.328956925,1
6,"a_e",136,529.208851331672,0,153091.758601391,1
6,"a_e",137,417.832920292214,0,120872.461615347,1
6,"a_e",138,318.462520205587,0,92126.1750332073,1
6,"a_e",139,239.357032147628,0,69242.2072927959,1
6,"a_e",140,179.927295737477,0,52050.12360532,1
6,"a_e",141,136.38236215557,0,39453.2623784904,1
6,"a_e",142,104.667501724431,0,30278.6543858553,1
6,"a_e",143,81.4680852850316,0,23567.4297865379,1
6,"a_e",144,64.334862721433,0,18611.0592228747,1
6,"a_e",145,51.5303549109496,0,14906.9174387767,1
6,"a_e",146,41.8382488318714,0,12103.1442961627,1
6,"a_e",147,34.4070560865449,0,9953.41765605612,1
6,"a_e",148,28.6369535223391,0,8284.21815827402,1
6,"a_e",149,24.1016355959014,0,6972.22234522668,1
6,"a_e",150,20.4951597846016,0,5928.92587934948,1
6,"a_e",151,17.5958114680861,0,5090.19022431192,1
6,"a_e",152,15.2413826194737,0,4409.09116100464,1
6,"a_e",153,13.3121006838312,0,3850.98038182516,1
6,"a_e",154,11.7187193819081,0,3390.0403483768,1
6,"a_e",155,10.3941284526926,0,3006.85712256571,1
6,"a_e",156,9.28739105395128,0,2686.69548079256,1
7,"a_e",105,7.21979624010059,0,1697.66688606113,1
7,"a_e",106,6.0602322789201,0,1425.00637408821,1
7,"a_e",107,5.24682417267017,0,1233.74114153714,1
7,"a_e",108,4.64909288196367,0,1093.19027483001,1
7,"a_e",109,4.21644718460838,0,991.457725964245,1
7,"a_e",110,3.9165448855477,0,920.938533283841,1
7,"a_e",111,3.72867174541032,0,876.761939071936,1
7,"a_e",112,3.6411826851121,0,856.189712983901,1
7,"a_e",113,3.65034747214039,0,858.34472608099,1
7,"a_e",114,3.76025295244421,0,884.18796158286,1
7,"a_e",115,3.9837777790082,0,936.747713084234,1
7,"a_e",116,4.34489667642254,0,1021.66141060192,1
7,"a_e",117,4.88286521164392,0,1148.15962988898,1
7,"a_e",118,5.65928286929063,0,1330.726907871,1
7,"a_e",119,6.76976492864674,0,1591.84627426846,1
7,"a_e",120,8.36318552647198,0,1966.52407604226,1
7,"a_e",121,10.6735308377223,0,2509.77995194794,1
7,"a_e",122,14.0728445679569,0,3309.09646494025,1
7,"a_e",123,19.1592039182726,0,4505.10581928707,1
7,"a_e",124,26.9014222480257,0,6325.61532481494,1
7,"a_e",125,38.8702255133169,0,9139.96635267471,1
7,"a_e",126,57.5834684106282,0,13540.2086505296,1
7,"a_e",127,86.9449107366649,0,20444.2744587928,1
7,"a_e",128,132.568322168515,0,31172.1886881169,1
7,"a_e",129,201.279382859051,0,47328.9455495591,1
7,"a_e",130,298.228958940993,0,70125.7225580033,1
7,"a_e",131,419.872614295685,0,98729.0790416782,1
7,"a_e",132,544.992458411787,0,128149.828475748,1
7,"a_e",133,635.248860952041,0,149372.768951068,1
7,"a_e",134,656.447467795475,0,154357.421103554,1
7,"a_e",135,605.035217940586,0,142268.316201705,1
7,"a_e",136,508.389855818925,0,119543.072232349,1
7,"a_e",137,400.895378475319,0,94266.7613017028,1
7,"a_e",138,304.95512669332,0,71707.3173680889,1
7,"a_e",139,228.601934827613,0,53753.5855500732,1
7,"a_e",140,171.287234851566,0,40276.5752580891,1
7,"a_e",141,129.345668303017,0,30414.412073549,1
7,"a_e",142,98.8487901860334,0,23243.3592646232,1
7,"a_e",143,76.583911539484,0,18007.9833698749,1
7,"a_e",144,60.1779759621792,0,14150.2825929823,1
7,"a_e",145,47.9489112680426,0,11274.7335486168,1
7,"a_e",146,38.7203436414103,0,9104.72304631331,1
7,"a_e",147,31.6694995601931,0,7446.78366445401,1
7,"a_e",148,26.2171749560953,0,6164.72103766936,1
7,"a_e",149,21.951849788607,0,5161.77011574318,1
7,"a_e",150,18.5781677809657,0,4368.48066019575,1
7,"a_e",151,15.8819864538521,0,3734.49908985251,1
7,"a_e",152,13.7065186853486,0,3222.95839404054,1
7,"a_e",153,11.9358915253459,0,2806.61214310325,1
7,"a_e",154,10.4836969186403,0,2465.14229908914,1
7,"a_e",155,9.28493571412401,0,2183.26492561168,1
7,"a_e",156,8.29029520036691,0,1949.38460439686,1
8,"a_e",105,6.84107682292551,0,2099.89820358949,1
8,"a_e",106,5.73434129801144,0,1760.18093381296,1
8,"a_e",107,4.96057619606514,0,1522.67037960719,1
8,"a_e",108,4.39424394713925,0,1348.83223936457,1
8,"a_e",109,3.98632703460716,0,1223.62037374579,1
8,"a_e",110,3.70557736254563,0,1137.44304417032,1
8,"a_e",111,3.53209224932765,0,1084.19103618598,1
8,"a_e",112,3.45480682324158,0,1060.46793942759,1
8,"a_e",113,3.47036590885535,0,1065.24386824341,1
8,"a_e",114,3.58303866893952,0,1099.82926066312,1
8,"a_e",115,3.80569291890427,0,1168.1739484403,1
8,"a_e",116,4.16208458796529,0,1277.56991708774,1
8,"a_e",117,4.69101048954136,0,1439.92601676337,1
8,"a_e",118,5.45331841660377,0,1673.91974144366,1
8,"a_e",119,6.54350077359756,0,2008.55594452861,1
8,"a_e",120,8.10883107273539,0,2489.0408693826,1
8,"a_e",121,10.3810853419732,0,3186.51917310241,1
8,"a_e",122,13.7293523410676,0,4214.28425139743,1
8,"a_e",123,18.7479400863291,0,5754.76152765235,1
8,"a_e",124,26.4012560070021,0,8103.9800453376,1
8,"a_e",125,38.2558323285095,0,11742.7936657937,1
8,"a_e",126,56.8279688111981,0,17443.5915147702,1
8,"a_e",127,86.0282163823665,0,26406.7341611998,1
8,"a_e",128,131.496941575604,0,40363.5565773458,1
8,"a_e",129,200.124595074416,0,61429.112487459,1
8,"a_e",130,297.181941132881,0,91221.2858409773,1
8,"a_e",131,419.28177587578,0,128700.359716593,1
8,"a_e",132,545.294642911151,0,167380.555826944,1
8,"a_e",133,636.72704266346,0,195446.127513894,1
8,"a_e",134,658.958658992407,0,202270.218574471,1
8,"a_e",135,608.021143407389,0,186634.727226992,1
8,"a_e",136,511.20633173319,0,156917.000854704,1
8,"a_e",137,403.124945618816,0,123740.95058986,1
8,"a_e",138,306.475426775816,0,94073.9615690564,1
8,"a_e",139,229.48441088063,0,70441.2352957542,1
8,"a_e",140,171.676155226282,0,52696.7404825392,1
8,"a_e",141,129.384494768664,0,39715.1318673342,1
8,"a_e",142,98.652015592834,0,30281.6640838839,1
8,"a_e",143,76.2338492517949,0,23400.3106879449,1
8,"a_e",144,59.7308107736236,0,18334.6314460532,1
8,"a_e",145,47.4422244399568,0,14562.5965698703,1
8,"a_e",146,38.1793314298576,0,11719.3113831341,1
8,"a_e",147,31.1113846602873,0,9549.77446538612,1
8,"a_e",148,25.6540948202734,0,7874.63567830087,1
8,"a_e",149,21.392655385037,0,6566.56835989711,1
8,"a_e",150,18.0295048098149,0,5534.23470335302,1
8,"a_e",151,15.3489284460151,0,4711.42016163289,1
8,"a_e",152,13.1929325733779,0,4049.62787701399,1
8,"a_e",153,11.4446516609288,0,3512.98546786594,1
8,"a_e",154,10.0168196929083,0,3074.70625213984,1
8,"a_e",155,8.84367798978372,0,2714.60531792846,1
8,"a_e",156,7.87524075724045,0,2417.33930885635,1
9,"a_e",105,6.60856219053898,0,1706.69904443613,1
9,"a_e",106,5.52519669804218,0,1426.91369968044,1
9,"a_e",107,4.76901589971438,0,1231.62567654968,1
9,"a_e",108,4.21672657670989,0,1088.99379496227,1
9,"a_e",109,3.81974184271645,0,986.470213186444,1
9,"a_e",110,3.54707169088726,0,916.051584420361,1
9,"a_e",111,3.37897676486826,0,872.640106803958,1
9,"a_e",112,3.30445871758419,0,853.395394198388,1
9,"a_e",113,3.3201189303761,0,857.439733865172,1
9,"a_e",114,3.43005246485782,0,885.830698925628,1
9,"a_e",115,3.64679139888795,0,941.804770279741,1
9,"a_e",116,3.99354793205236,0,1031.3566314472,1
9,"a_e",117,4.50829819758931,0,1164.29383639216,1
9,"a_e",118,5.25069076990241,0,1356.02097116546,1
9,"a_e",119,6.31349240851328,0,1630.49558285016,1
9,"a_e",120,7.84151277054202,0,2025.11559497426,1
9,"a_e",121,10.0630306352448,0,2598.83531003029,1
9,"a_e",122,13.342212883123,0,3445.7029111248,1
9,"a_e",123,18.26655431154,0,4717.44229528139,1
9,"a_e",124,25.791338555597,0,6660.76093383575,1
9,"a_e",125,37.471682021462,0,9677.27654753715,1
9,"a_e",126,55.8116460083395,0,14413.6773120193,1
9,"a_e",127,84.713917532717,0,21877.8545067663,1
9,"a_e",128,129.828540324711,0,33528.9642927079,1
9,"a_e",129,198.0995016795,0,51160.3311691163,1
9,"a_e",130,294.931914881827,0,76167.856606261,1
9,"a_e",131,417.167071581989,0,107735.786077414,1
9,"a_e",132,543.905029689499,0,140466.589807391,1
9,"a_e",133,636.64597335042,0,164417.469796505,1
9,"a_e",134,660.364542666076,0,170542.926199772,1
9,"a_e",135,610.519254803588,0,157670.095058628,1
9,"a_e",136,514.10124599831,0,132769.591931037,1
9,"a_e",137,405.823761765222,0,104806.311334371,1
9,"a_e",138,308.672463659069,0,79716.4320440046,1
9,"a_e",139,231.118567060746,0,59687.693961438,1
9,"a_e",140,172.815364630842,0,44630.5579300728,1
9,"a_e",141,130.136167158761,0,33608.4106849152,1
9,"a_e",142,99.1178266307037,0,25597.7465475604,1
9,"a_e",143,76.4946706803648,0,19755.1869212246,1
9,"a_e",144,59.8459583677873,0,15455.5615903702,1
9,"a_e",145,47.4535687326661,0,12255.1559743315,1
9,"a_e",146,38.1160382421926,0,9843.68523288958,1
9,"a_e",147,30.9938490465281,0,8004.33907194463,1
9,"a_e",148,25.4968205723371,0,6584.69997744216,1
9,"a_e",149,21.206232241006,0,5476.63096121423,1
9,"a_e",150,17.8219147883785,0,4602.61159120103,1
9,"a_e",151,15.1263854222125,0,3906.47569040387,1
9,"a_e",152,12.9604093407699,0,3347.09995905919,1
9,"a_e",153,11.2062037810618,0,2894.06632387836,1
9,"a_e",154,9.77578131865751,0,2524.65152844519,1
9,"a_e",155,8.60278050539324,0,2221.71734860392,1
9,"a_e",156,7.63668798163697,0,1972.21841985173,1
10,"a_e",105,6.50685345475103,0,2008.391513293,1
10,"a_e",106,5.42583289092974,0,1674.72601103881,1
10,"a_e",107,4.67135582406176,0,1441.85072829129,1
10,"a_e",108,4.120434004561,0,1271.80437417133,1
10,"a_e",109,3.72421073186703,0,1149.50694365725,1
10,"a_e",110,3.45145213005686,0,1065.31785520417,1
10,"a_e",111,3.28219435634013,0,1013.07511166377,1
10,"a_e",112,3.2052016506229,0,989.310707282568,1
10,"a_e",113,3.21679131177864,0,992.887947383177,1
10,"a_e",114,3.32069031087667,0,1024.95719090913,1
10,"a_e",115,3.5289326344683,0,1089.23282249024,1
10,"a_e",116,3.86404071984658,0,1192.66656959856,1
10,"a_e",117,4.36302218214505,0,1346.68112381279,1
10,"a_e",118,5.08415195749639,0,1569.26350266458,1
10,"a_e",119,6.11823248294764,0,1888.44059276202,1
10,"a_e",120,7.60724558619998,0,2348.03620230668,1
10,"a_e",121,9.77538148633754,0,3017.24840629795,1
10,"a_e",122,12.9808941275409,0,4006.65510326997,1
10,"a_e",123,17.8027844422573,0,5494.9694864739,1
10,"a_e",124,25.1843655962331,0,7773.35258629673,1
10,"a_e",125,36.6645810155921,0,11316.8113992781,1
10,"a_e",126,54.7275444125838,0,16892.0871671613,1
10,"a_e",127,83.256329808305,0,25697.7212377255,1
10,"a_e",128,127.894869303528,0,39475.7576590838,1
10,"a_e",129,195.625102999424,0,60381.2271758234,1
10,"a_e",130,291.985362697291,0,90123.5794727846,1
10,"a_e",131,414.086011530851,0,127810.905396168,1
10,"a_e",132,541.360449898513,0,167095.162165483,1
10,"a_e",133,635.433900326866,0,196131.672789299,1
10,"a_e",134,660.926014193907,0,204000.014300676,1
10,"a_e",135,612.622286300401,0,189090.688643296,1
10,"a_e",136,517.041170493143,0,159588.825238303,1
10,"a_e",137,408.882282411695,0,126204.73346175,1
10,"a_e",138,311.397555124658,0,96115.3053963288,1
10,"a_e",139,233.337792587434,0,72021.5455322647,1
10,"a_e",140,174.530867491389,0,53870.3254214879,1
10,"a_e",141,131.424380176516,0,40565.1689594426,1
10,"a_e",142,100.070408385074,0,30887.5188798972,1
10,"a_e",143,77.1931222171501,0,23826.264510739,1
10,"a_e",144,60.354673480136,0,18628.9448268685,1
10,"a_e",145,47.8206775218942,0,14760.2283596486,1
10,"a_e",146,38.376619037808,0,11845.2454047717,1
10,"a_e",147,31.1732674881193,0,9621.87427458315,1
10,"a_e",148,25.6134805229989,0,7905.80228462437,1
10,"a_e",149,21.2736389493506,0,6566.27603800399,1
10,"a_e",150,17.8501520410398,0,5509.58986851593,1
10,"a_e",151,15.1231460959254,0,4667.87802807661,1
10,"a_e",152,12.9317023998852,0,3991.47168949943,1
10,"a_e",153,11.1568328871175,0,3443.64425010282,1
10,"a_e",154,9.70966488317713,0,2996.96445968879,1
10,"a_e",155,8.52316338216867,0,2630.74143627109,1
10,"a_e",156,7.54628060343149,0,2329.21888071618,1
11,"a_e",105,6.49917559563222,0,2135.77423702378,1
11,"a_e",106,5.40836177041432,0,1777.30845455509,1
11,"a_e",107,4.64647056311336,0,1526.93398966727,1
11,"a_e",108,4.08963394796329,0,1343.94504293559,1
11,"a_e",109,3.68836934893256,0,1212.08053485621,1
11,"a_e",110,3.41095736416836,0,1120.9167616387,1
11,"a_e",111,3.23703054784663,0,1063.76052574977,1
11,"a_e",112,3.15498456062874,0,1036.79838214052,1
11,"a_e",113,3.16076124684109,0,1038.69673023193,1
11,"a_e",114,3.25766247513087,0,1070.54063779713,1
11,"a_e",115,3.45719757751286,0,1136.11232835673,1
11,"a_e",116,3.78119988765132,0,1242.58672292379,1
11,"a_e",117,4.26573268539084,0,1401.81502060213,1
11,"a_e",118,4.9677387327567,0,1632.50988461019,1
11,"a_e",119,5.97610215031052,0,1963.88062187971,1
11,"a_e",120,7.43000063696362,0,2441.66413231885,1
11,"a_e",121,9.54948169584233,0,3138.17293944436,1
11,"a_e",122,12.6866424518903,0,4169.11402136745,1
11,"a_e",123,17.4113372054692,0,5721.75422688474,1
11,"a_e",124,24.6534306317993,0,8101.66785354071,1
11,"a_e",125,35.9326310470391,0,11808.2649913818,1
11,"a_e",126,53.7071661123168,0,17649.3741457504,1
11,"a_e",127,81.8297526165362,0,26891.0840904009,1
11,"a_e",128,125.920594724199,0,41380.3194213427,1
11,"a_e",129,192.97534851101,0,63416.0089485022,1
11,"a_e",130,288.643659381468,0,94854.7523168186,1
11,"a_e",131,410.311493240039,0,134837.519547213,1
11,"a_e",132,537.817000211122,0,176738.67652634,1
11,"a_e",133,633.045217096681,0,208032.795183263,1
11,"a_e",134,660.370386176512,0,217012.455954737,1
11,"a_e",135,613.885248469429,0,201736.401621629,1
11,"a_e",136,519.504545400117,0,170720.794930974,1
11,"a_e",137,411.785136792683,0,135321.791727274,1
11,"a_e",138,314.187472879519,0,103249.019863789,1
11,"a_e",139,235.745314097917,0,77471.174757578,1
11,"a_e",140,176.489049730292,0,57998.2430054806,1
11,"a_e",141,132.968707344534,0,43696.4866232676,1
11,"a_e",142,101.271668544629,0,33280.1318313958,1
11,"a_e",143,78.1240242204811,0,25673.2989850068,1
11,"a_e",144,61.0772859227313,0,20071.3601012369,1
11,"a_e",145,48.3838961408392,0,15900.0287565529,1
11,"a_e",146,38.8175233489584,0,12756.3050257468,1
11,"a_e",147,31.5195098126314,0,10358.0148021663,1
11,"a_e",148,25.8855888765832,0,8506.58256871081,1
11,"a_e",149,21.4868989222825,0,7061.07482041048,1
11,"a_e",150,18.0160397821247,0,5920.47299748553,1
11,"a_e",151,15.2503823636569,0,5011.61620851572,1
11,"a_e",152,13.0270138276234,0,4280.9676564346,1
11,"a_e",153,11.2254958572259,0,3688.94862077473,1
11,"a_e",154,9.75589102204266,0,3206.00365346236,1
11,"a_e",155,8.55037084398823,0,2809.84280188738,1
11,"a_e",156,7.55728366968834,0,2483.49217929244,1
12,"a_e",105,6.55135204898196,0,1899.18941437553,1
12,"a_e",106,5.44480064408264,0,1578.40819258579,1
12,"a_e",107,4.67117197751169,0,1354.13885654281,1
12,"a_e",108,4.10506363622247,0,1190.02815677768,1
12,"a_e",109,3.69621415146354,0,1071.50565825805,1
12,"a_e",110,3.41232962131676,0,989.209593181904,1
12,"a_e",111,3.23258554834509,0,937.103090870278,1
12,"a_e",112,3.14498597954784,0,911.708611605582,1
12,"a_e",113,3.1451040838871,0,911.742849196424,1
12,"a_e",114,3.23585525337264,0,938.050954628785,1
12,"a_e",115,3.42829914459232,0,993.839042085092,1
12,"a_e",116,3.74369863184242,0,1085.27106451441,1
12,"a_e",117,4.21734559379785,0,1222.57788142355,1
12,"a_e",118,4.90509222082376,0,1421.95063746755,1
12,"a_e",119,5.89423262766988,0,1708.6952629995,1
12,"a_e",120,7.32157539468897,0,2122.47157261323,1
12,"a_e",121,9.40358318068377,0,2726.03052017784,1
12,"a_e",122,12.4868741907277,0,3619.8542078584,1
12,"a_e",123,17.1328966430627,0,4966.70239956821,1
12,"a_e",124,24.2586806964791,0,7032.41548324801,1
12,"a_e",125,35.3647096512341,0,10251.9726783,1
12,"a_e",126,52.8816813960014,0,15330.0156625337,1
12,"a_e",127,80.6266130910126,0,23373.0700097544,1
12,"a_e",128,124.183588751097,0,35999.9211509169,1
12,"a_e",129,190.538775722113,0,55235.8082994095,1
12,"a_e",130,285.419716648536,0,82741.10450181,1
12,"a_e",131,406.460158923637,0,117829.850299852,1
12,"a_e",132,533.91868952565,0,154779.153326365,1
12,"a_e",133,630.030247202917,0,182641.196393975,1
12,"a_e",134,659.047712587489,0,191053.149022738,1
12,"a_e",135,614.426884751176,0,178117.894856299,1
12,"a_e",136,521.425161092126,0,151157.370101811,1
12,"a_e",137,414.358197040666,0,120119.434232152,1
12,"a_e",138,316.825887462933,0,91845.5254993111,1
12,"a_e",139,238.122890244761,0,69030.0977709834,1
12,"a_e",140,178.488699725778,0,51742.5787181636,1
12,"a_e",141,134.591022768294,0,39016.9607434303,1
12,"a_e",142,102.566320847381,0,29733.2320669686,1
12,"a_e",143,79.1521997195023,0,22945.6482735005,1
12,"a_e",144,61.8953924300698,0,17943.0250767969,1
12,"a_e",145,49.0384641688926,0,14215.8948794802,1
12,"a_e",146,39.3449970366198,0,11405.8291054893,1
12,"a_e",147,31.9477420161567,0,9261.41855858804,1
12,"a_e",148,26.2356552232828,0,7605.52605122291,1
12,"a_e",149,21.7747222430545,0,6312.3339542412,1
12,"a_e",150,18.2536943267146,0,5291.61351417991,1
12,"a_e",151,15.4470899041301,0,4477.99926022748,1
12,"a_e",152,13.1898858945731,0,3823.65219889031,1
12,"a_e",153,11.3600799092728,0,3293.20472306227,1
12,"a_e",154,9.86656962586088,0,2860.24693063869,1
12,"a_e",155,8.64065214760948,0,2504.86235045042,1
12,"a_e",156,7.63001198911781,0,2211.88510294493,1
13,"a_e",105,52.085477668539,0,14125.3052131062,1
13,"a_e",106,44.1762138997944,0,11980.3548402701,1
13,"a_e",107,38.6223351662044,0,10474.1723928751,1
13,"a_e",108,34.5282186323465,0,9363.8697095285,1
13,"a_e",109,31.5766119960013,0,8563.40964899632,1
13,"a_e",110,29.5656515848346,0,8018.04785429475,1
13,"a_e",111,28.367827337448,0,7693.20427325535,1
13,"a_e",112,27.9173485731282,0,7571.03682230994,1
13,"a_e",113,28.2056767265934,0,7649.22988785395,1
13,"a_e",114,29.2840036564659,0,7941.66643035611,1
13,"a_e",115,31.2738174988218,0,8481.29338778571,1
13,"a_e",116,34.3882991827894,0,9325.92429712734,1
13,"a_e",117,38.9696296019703,0,10568.3568013435,1
13,"a_e",118,45.5510766068813,0,12353.2103123329,1
13,"a_e",119,54.9590196822736,0,14904.5945621449,1
13,"a_e",120,68.4805640785884,0,18571.5656661822,1
13,"a_e",121,88.1396998679115,0,23903.018994061,1
13,"a_e",122,117.152422149622,0,31771.1153548205,1
13,"a_e",123,160.670961412494,0,43573.1123227376,1
13,"a_e",124,226.971824977885,0,61553.5547737692,1
13,"a_e",125,329.247196109769,0,89290.092820231,1
13,"a_e",126,487.96568209797,0,132333.704166425,1
13,"a_e",127,732.930137975222,0,198766.764983274,1
13,"a_e",128,1101.72830716493,0,298782.871871856,1
13,"a_e",129,1626.32145486092,0,441049.750387703,1
13,"a_e",130,2295.41754085413,0,622505.05913411,1
13,"a_e",131,2995.31955258261,0,812314.77150435,1
13,"a_e",132,3491.20093437111,0,946795.171431454,1
13,"a_e",133,3551.22006595141,0,963072.041494783,1
13,"a_e",134,3155.57732515274,0,855775.82920514,1
13,"a_e",135,2520.68939513662,0,683597.590874194,1
13,"a_e",136,1894.24522374012,0,513709.255083968,1
13,"a_e",137,1399.52387371956,0,379543.449617979,1
13,"a_e",138,1046.95447867446,0,283928.500178427,1
13,"a_e",139,802.872817365476,0,217734.848564977,1
13,"a_e",140,631.663544042348,0,171303.801961289,1
13,"a_e",141,507.808147555083,0,137714.875527584,1
13,"a_e",142,415.213780933872,0,112603.774543502,1
13,"a_e",143,344.034557016546,0,93300.3466463325,1
13,"a_e",144,288.131047007608,0,78139.6113184283,1
13,"a_e",145,243.511006352939,0,66038.8930168833,1
13,"a_e",146,207.453266099789,0,56260.2251584084,1
13,"a_e",147,178.023900219341,0,48279.1372641029,1
13,"a_e",148,153.803007743697,0,41710.5597245145,1
13,"a_e",149,133.723270398954,0,36265.0414862354,1
13,"a_e",150,116.969087845806,0,31721.3960642742,1
13,"a_e",151,102.909950825551,0,27908.6326927304,1
13,"a_e",152,91.0542469714124,0,24693.4287058988,1
13,"a_e",153,81.01600126048,0,21971.1097252912,1
13,"a_e",154,72.4902817936123,0,19658.9798376245,1
13,"a_e",155,65.2347038043358,0,17691.3055801619,1
13,"a_e",156,59.0553962061934,0,16015.5101428063,1
14,"a_e",105,36.2288067701512,0,11008.9367292861,1
14,"a_e",106,30.6613892716244,0,9317.15186384306,1
14,"a_e",107,26.7561357378861,0,8130.45285557853,1
14,"a_e",108,23.8933092994227,0,7260.5187358068,1
14,"a_e",109,21.8394517350743,0,6636.40797995641,1
14,"a_e",110,20.4464300126943,0,6213.10703876071,1
14,"a_e",111,19.621895265233,0,5962.55363457355,1
14,"a_e",112,19.3185142689482,0,5870.36450413498,1
14,"a_e",113,19.5298454501904,0,5934.58223059728,1
14,"a_e",114,20.2916412504671,0,6166.07099640426,1
14,"a_e",115,21.6890779106173,0,6590.7135156123,1
14,"a_e",116,23.8717103797417,0,7253.95541889444,1
14,"a_e",117,27.0796842303671,0,8228.77033275015,1
14,"a_e",118,31.6874570451155,0,9628.94560493942,1
14,"a_e",119,38.275771785064,0,11630.9530291661,1
14,"a_e",120,47.7501382781622,0,14509.9521067322,1
14,"a_e",121,61.5365563533798,0,18699.2649172938,1
14,"a_e",122,81.9052689705611,0,24888.7557796953,1
14,"a_e",123,112.503099600985,0,34186.593922719,1
14,"a_e",124,159.210772125068,0,48379.7693936125,1
14,"a_e",125,231.456099875186,0,70333.1350463523,1
14,"a_e",126,344.003984395834,0,104533.337872895,1
14,"a_e",127,518.710183873371,0,157621.740934706,1
14,"a_e",128,784.102158519363,0,238267.053817193,1
14,"a_e",129,1167.16554356284,0,354669.467951469,1
14,"a_e",130,1668.16807477602,0,506910.340865955,1
14,"a_e",131,2217.51333728197,0,673841.238585826,1
14,"a_e",132,2652.7417210301,0,806095.159336542,1
14,"a_e",133,2790.52213525934,0,847962.833102555,1
14,"a_e",134,2576.76979744521,0,783009.383830482,1
14,"a_e",135,2136.42951460917,0,649202.097715502,1
14,"a_e",136,1651.74834574886,0,501920.83737171,1
14,"a_e",137,1237.31216296562,0,375985.093930484,1
14,"a_e",138,923.775632027662,0,280709.976168126,1
14,"a_e",139,698.195141382212,0,212162.276967524,1
14,"a_e",140,537.347265890884,0,163285.036942521,1
14,"a_e",141,421.316440755875,0,128026.464374501,1
14,"a_e",142,335.987375696469,0,102097.311245944,1
14,"a_e",143,271.960466499694,0,82641.2966774553,1
14,"a_e",144,223.030792671004,0,67772.9161982931,1
14,"a_e",145,185.039947277415,0,56228.5444533562,1
14,"a_e",146,155.134522064617,0,47141.1092496845,1
14,"a_e",147,131.308640426238,0,39901.0799232845,1
14,"a_e",148,112.12171624073,0,34070.7020218546,1
14,"a_e",149,96.5206089951149,0,29329.9551442816,1
14,"a_e",150,83.7242309863704,0,25441.488246764,1
14,"a_e",151,73.1463743839491,0,22227.1689122542,1
14,"a_e",152,64.3426583798565,0,19551.9620503072,1
14,"a_e",153,56.9732024569252,0,17312.5873311913,1
14,"a_e",154,50.7758766078612,0,15429.3906640759,1
14,"a_e",155,45.5468665454969,0,13840.4384996122,1
14,"a_e",156,41.1264204499555,0,12497.1866588939,1
15,"a_e",105,12.3605201210779,0,3574.40434963444,1
15,"a_e",106,10.4066653871078,0,3009.39035416775,1
15,"a_e",107,9.03738729936002,0,2613.42371969266,1
15,"a_e",108,8.03443588978119,0,2323.39111218473,1
15,"a_e",109,7.31361896985137,0,2114.94590853236,1
15,"a_e",110,6.82119900058695,0,1972.54833442185,1
15,"a_e",111,6.52329818563931,0,1886.40163846748,1
15,"a_e",112,6.40182407420203,0,1851.27386163962,1
15,"a_e",113,6.4527460484415,0,1865.99943341416,1
15,"a_e",114,6.68625739671724,0,1933.52603996387,1
15,"a_e",115,7.12894014003179,0,2061.5406467694,1
15,"a_e",116,7.82848512556001,0,2263.83445111936,1
15,"a_e",117,8.862092147331,0,2562.73202162942,1
15,"a_e",118,10.3505644318775,0,2993.16712922014,1
15,"a_e",119,12.4815767320934,0,3609.4113940571,1
15,"a_e",120,15.54805218345,0,4496.17207111672,1
15,"a_e",121,20.0116826702551,0,5786.96081389705,1
15,"a_e",122,26.6082825543094,0,7694.55977311507,1
15,"a_e",123,36.521743942845,0,10561.3258282659,1
15,"a_e",124,51.6661584924995,0,14940.7743230458,1
15,"a_e",125,75.1235176825329,0,21724.1528458325,1
15,"a_e",126,111.756805402857,0,32317.7348056762,1
15,"a_e",127,168.863807744746,0,48831.8875731918,1
15,"a_e",128,256.244641216215,0,74100.6002305572,1
15,"a_e",129,383.949382289009,0,111030.145062666,1
15,"a_e",130,554.671029205561,0,160399.28093541,1
15,"a_e",131,749.677620770192,0,216791.115766647,1
15,"a_e",132,918.774263069363,0,265690.334231737,1
15,"a_e",133,998.357256976155,0,288704.074494356,1
15,"a_e",134,958.622521658802,0,277213.618643092,1
15,"a_e",135,828.259332732367,0,239515.306196169,1
15,"a_e",136,664.496767905222,0,192158.591568339,1
15,"a_e",137,511.401907098357,0,147886.75421729,1
15,"a_e",138,387.274889683309,0,111991.812369422,1
15,"a_e",139,293.295897898977,0,84815.050087764,1
15,"a_e",140,224.077424338347,0,64798.5127133971,1
15,"a_e",141,173.368960312226,0,50134.6836347838,1
15,"a_e",142,136.004671869429,0,39329.7115282148,1
15,"a_e",143,108.173848066236,0,31281.6183507761,1
15,"a_e",144,87.1804357029165,0,25210.761806709,1
15,"a_e",145,71.1380933481499,0,20571.6513380954,1
15,"a_e",146,58.7233783910309,0,16981.5749733859,1
15,"a_e",147,48.9996319770747,0,14169.6705279153,1
15,"a_e",148,41.2966762383366,0,11942.1365545969,1
15,"a_e",149,35.1295629331045,0,10158.7361469296,1
15,"a_e",150,30.1435314040668,0,8716.87992969689,1
15,"a_e",151,26.0763699632915,0,7540.741757341,1
15,"a_e",152,22.732372029827,0,6573.72737271477,1
15,"a_e",153,19.9640942799988,0,5773.19924501013,1
15,"a_e",154,17.6594331506457,0,5106.73936431746,1
15,"a_e",155,15.7323779432754,0,4549.47523240894,1
15,"a_e",156,14.1163412591256,0,4082.15116380899,1
16,"a_e",105,9.78180067173855,0,2671.43969243914,1
16,"a_e",106,8.19428569261507,0,2237.88449438393,1
16,"a_e",107,7.08214223306284,0,1934.15471279901,1
16,"a_e",108,6.26780843404579,0,1711.75766070265,1
16,"a_e",109,5.68123187671265,0,1551.56180816995,1
16,"a_e",110,5.27746652170977,0,1441.29225433383,1
16,"a_e",111,5.02787812369336,0,1373.12889917983,1
16,"a_e",112,4.91661272136359,0,1342.74197736923,1
16,"a_e",113,4.93898886107417,0,1348.85296958758,1
16,"a_e",114,5.10139993611567,0,1393.20793110413,1
16,"a_e",115,5.4227752140392,0,1480.97650280424,1
16,"a_e",116,5.93798539445942,0,1621.68197944514,1
16,"a_e",117,6.70401186357072,0,1830.88615194023,1
16,"a_e",118,7.81036521854397,0,2133.03463824888,1
16,"a_e",119,9.39633244689377,0,2566.1671408322,1
16,"a_e",120,11.6794674284601,0,3189.69828991546,1
16,"a_e",121,15.002815170012,0,4097.31472644848,1
16,"a_e",122,19.9133939060766,0,5438.40880397063,1
16,"a_e",123,27.2922093223047,0,7453.58587081124,1
16,"a_e",124,38.5663345994266,0,10532.5839789869,1
16,"a_e",125,56.0415086045284,0,15305.1074678767,1
16,"a_e",126,83.3787209893869,0,22770.9838127655,1
16,"a_e",127,126.136743429773,0,34448.3305662594,1
16,"a_e",128,191.962544032014,0,52425.5581153213,1
16,"a_e",129,289.212819705143,0,78984.9059544621,1
16,"a_e",130,421.734317949391,0,115176.932595736,1
16,"a_e",131,578.470218841668,0,157981.986688033,1
16,"a_e",132,724.317178207344,0,197813.237532953,1
16,"a_e",133,809.643670406533,0,221116.163622633,1
16,"a_e",134,803.63874650942,0,219476.200533304,1
16,"a_e",135,718.291920668306,0,196167.7212638,1
16,"a_e",136,593.631080964969,0,162122.464520994,1
16,"a_e",137,466.880427584653,0,127506.473268886,1
16,"a_e",138,357.921846195579,0,97749.5513152819,1
16,"a_e",139,272.029409496452,0,74292.0640510703,1
16,"a_e",140,207.155249010161,0,56574.7323293698,1
16,"a_e",141,159.018879165866,0,43428.5424439523,1
16,"a_e",142,123.42896277341,0,33708.8273841177,1
16,"a_e",143,97.0021429557171,0,26491.5820348138,1
16,"a_e",144,77.2124366765012,0,21086.952700181,1
16,"a_e",145,62.2360205182702,0,16996.8476246219,1
16,"a_e",146,50.7721674683824,0,13866.0342812012,1
16,"a_e",147,41.8946181415461,0,11441.5483977569,1
16,"a_e",148,34.9410563907061,0,9542.50940806551,1
16,"a_e",149,29.4345771715841,0,8038.67308536733,1
16,"a_e",150,25.0288940930656,0,6835.46755673025,1
16,"a_e",151,21.4702945375043,0,5863.60313000061,1
16,"a_e",152,18.5711675282468,0,5071.84267342851,1
16,"a_e",153,16.1914801297978,0,4421.94276387702,1
16,"a_e",154,14.2257228850739,0,3885.08844579347,1
16,"a_e",155,12.5936412502754,0,3439.36195771458,1
16,"a_e",156,11.2336097484429,0,3067.93319332973,1
17,"a_e",105,0,0,0,1
17,"a_e",106,0,0,0,1
17,"a_e",107,0,0,0,1
17,"a_e",108,0,0,0,1
17,"a_e",109,0,0,0,1
17,"a_e",110,0,0,0,1
17,"a_e",111,0,0,0,1
17,"a_e",112,0,0,0,1
17,"a_e",113,0,0,0,1
17,"a_e",114,0,0,0,1
17,"a_e",115,0,0,0,1
17,"a_e",116,0,0,0,1
17,"a_e",117,0,0,0,1
17,"a_e",118,0,0,0,1
17,"a_e",119,0,0,0,1
17,"a_e",120,0,0,0,1
17,"a_e",121,0,0,0,1
17,"a_e",122,0,0,0,1
17,"a_e",123,0,0,0,1
17,"a_e",124,0,0,0,1
17,"a_e",125,0,0,0,1
17,"a_e",126,0,0,0,1
17,"a_e",127,0,0,0,1
17,"a_e",128,0,0,0,1
17,"a_e",129,0,0,0,1
17,"a_e",130,0,0,0,1
17,"a_e",131,0,0,0,1
17,"a_e",132,0,0,0,1
17,"a_e",133,0,0,0,1
17,"a_e",134,0,0,0,1
17,"a_e",135,0,0,0,1
17,"a_e",136,0,0,0,1
17,"a_e",137,0,0,0,1
17,"a_e",138,0,0,0,1
17,"a_e",139,0,0,0,1
17,"a_e",140,0,0,0,1
17,"a_e",141,0,0,0,1
17,"a_e",142,0,0,0,1
17,"a_e",143,0,0,0,1
17,"a_e",144,0,0,0,1
17,"a_e",145,0,0,0,1
17,"a_e",146,0,0,0,1
17,"a_e",147,0,0,0,1
17,"a_e",148,0,0,0,1
17,"a_e",149,0,0,0,1
17,"a_e",150,0,0,0,1
17,"a_e",151,0,0,0,1
17,"a_e",152,0,0,0,1
17,"a_e",153,0,0,0,1
17,"a_e",154,0,0,0,1
17,"a_e",155,0,0,0,1
17,"a_e",156,0,0,0,1
18,"a_e",105,0,0,0,1
18,"a_e",106,0,0,0,1
18,"a_e",107,0,0,0,1
18,"a_e",108,0,0,0,1
18,"a_e",109,0,0,0,1
18,"a_e",110,0,0,0,1
18,"a_e",111,0,0,0,1
18,"a_e",112,0,0,0,1
18,"a_e",113,0,0,0,1
18,"a_e",114,0,0,0,1
18,"a_e",115,0,0,0,1
18,"a_e",116,0,0,0,1
18,"a_e",117,0,0,0,1
18,"a_e",118,0,0,0,1
18,"a_e",119,0,0,0,1
18,"a_e",120,0,0,0,1
18,"a_e",121,0,0,0,1
18,"a_e",122,0,0,0,1
18,"a_e",123,0,0,0,1
18,"a_e",124,0,0,0,1
18,"a_e",125,0,0,0,1
18,"a_e",126,0,0,0,1
18,"a_e",127,0,0,0,1
18,"a_e",128,0,0,0,1
18,"a_e",129,0,0,0,1
18,"a_e",130,0,0,0,1
18,"a_e",131,0,0,0,1
18,"a_e",132,0,0,0,1
18,"a_e",133,0,0,0,1
18,"a_e",134,0,0,0,1
18,"a_e",135,0,0,0,1
18,"a_e",136,0,0,0,1
18,"a_e",137,0,0,0,1
18,"a_e",138,0,0,0,1
18,"a_e",139,0,0,0,1
18,"a_e",140,0,0,0,1
18,"a_e",141,0,0,0,1
18,"a_e",142,0,0,0,1
18,"a_e",143,0,0,0,1
18,"a_e",144,0,0,0,1
18,"a_e",145,0,0,0,1
18,"a_e",146,0,0,0,1
18,"a_e",147,0,0,0,1
18,"a_e",148,0,0,0,1
18,"a_e",149,0,0,0,1
18,"a_e",150,0,0,0,1
18,"a_e",151,0,0,0,1
18,"a_e",152,0,0,0,1
18,"a_e",153,0,0,0,1
18,"a_e",154,0,0,0,1
18,"a_e",155,0,0,0,1
18,"a_e",156,0,0,0,1
19,"a_e",105,0,0,0,1
19,"a_e",106,0,0,0,1
19,"a_e",107,0,0,0,1
19,"a_e",108,0,0,0,1
19,"a_e",109,0,0,0,1
19,"a_e",110,0,0,0,1
19,"a_e",111,0,0,0,1
19,"a_e",112,0,0,0,1
19,"a_e",113,0,0,0,1
19,"a_e",114,0,0,0,1
19,"a_e",115,0,0,0,1
19,"a_e",116,0,0,0,1
19,"a_e",117,0,0,0,1
19,"a_e",118,0,0,0,1
19,"a_e",119,0,0,0,1
19,"a_e",120,0,0,0,1
19,"a_e",121,0,0,0,1
19,"a_e",122,0,0,0,1
19,"a_e",123,0,0,0,1
19,"a_e",124,0,0,0,1
19,"a_e",125,0,0,0,1
19,"a_e",126,0,0,0,1
19,"a_e",127,0,0,0,1
19,"a_e",128,0,0,0,1
19,"a_e",129,0,0,0,1
19,"a_e",130,0,0,0,1
19,"a_e",131,0,0,0,1
19,"a_e",132,0,0,0,1
19,"a_e",133,0,0,0,1
19,"a_e",134,0,0,0,1
19,"a_e",135,0,0,0,1
19,"a_e",136,0,0,0,1
19,"a_e",137,0,0,0,1
19,"a_e",138,0,0,0,1
19,"a_e",139,0,0,0,1
19,"a_e",140,0,0,0,1
19,"a_e",141,0,0,0,1
19,"a_e",142,0,0,0,1
19,"a_e",143,0,0,0,1
19,"a_e",144,0,0,0,1
19,"a_e",145,0,0,0,1
19,"a_e",146,0,0,0,1
19,"a_e",147,0,0,0,1
19,"a_e",148,0,0,0,1
19,"a_e",149,0,0,0,1
19,"a_e",150,0,0,0,1
19,"a_e",151,0,0,0,1
19,"a_e",152,0,0,0,1
19,"a_e",153,0,0,0,1
19,"a_e",154,0,0,0,1
19,"a_e",155,0,0,0,1
19,"a_e",156,0,0,0,1
20,"a_e",105,0,0,0,1
20,"a_e",106,0,0,0,1
20,"a_e",107,0,0,0,1
20,"a_e",108,0,0,0,1
20,"a_e",109,0,0,0,1
20,"a_e",110,0,0,0,1
20,"a_e",111,0,0,0,1
20,"a_e",112,0,0,0,1
20,"a_e",113,0,0,0,1
20,"a_e",114,0,0,0,1
20,"a_e",115,0,0,0,1
20,"a_e",116,0,0,0,1
20,"a_e",117,0,0,0,1
20,"a_e",118,0,0,0,1
20,"a_e",119,0,0,0,1
20,"a_e",120,0,0,0,1
20,"a_e",121,0,0,0,1
20,"a_e",122,0,0,0,1
20,"a_e",123,0,0,0,1
20,"a_e",124,0,0,0,1
20,"a_e",125,0,0,0,1
20,"a_e",126,0,0,0,1
20,"a_e",127,0,0,0,1
20,"a_e",128,0,0,0,1
20,"a_e",129,0,0,0,1
20,"a_e",130,0,0,0,1
20,"a_e",131,0,0,0,1
20,"a_e",132,0,0,0,1
20,"a_e",133,0,0,0,1
20,"a_e",134,0,0,0,1
20,"a_e",135,0,0,0,1
20,"a_e",136,0,0,0,1
20,"a_e",137,0,0,0,1
20,"a_e",138,0,0,0,1
20,"a_e",139,0,0,0,1
20,"a_e",140,0,0,0,1
20,"a_e",141,0,0,0,1
20,"a_e",142,0,0,0,1
20,"a_e",143,0,0,0,1
20,"a_e",144,0,0,0,1
20,"a_e",145,0,0,0,1
20,"a_e",146,0,0,0,1
20,"a_e",147,0,0,0,1
20,"a_e",148,0,0,0,1
20,"a_e",149,0,0,0,1
20,"a_e",150,0,0,0,1
20,"a_e",151,0,0,0,1
20,"a_e",152,0,0,0,1
20,"a_e",153,0,0,0,1
20,"a_e",154,0,0,0,1
20,"a_e",155,0,0,0,1
20,"a_e",156,0,0,0,1
21,"a_e",105,0,0,0,1
21,"a_e",106,0,0,0,1
21,"a_e",107,0,0,0,1
21,"a_e",108,0,0,0,1
21,"a_e",109,0,0,0,1
21,"a_e",110,0,0,0,1
21,"a_e",111,0,0,0,1
21,"a_e",112,0,0,0,1
21,"a_e",113,0,0,0,1
21,"a_e",114,0,0,0,1
21,"a_e",115,0,0,0,1
21,"a_e",116,0,0,0,1
21,"a_e",117,0,0,0,1
21,"a_e",118,0,0,0,1
21,"a_e",119,0,0,0,1
21,"a_e",120,0,0,0,1
21,"a_e",121,0,0,0,1
21,"a_e",122,0,0,0,1
21,"a_e",123,0,0,0,1
21,"a_e",124,0,0,0,1
21,"a_e",125,0,0,0,1
21,"a_e",126,0,0,0,1
21,"a_e",127,0,0,0,1
21,"a_e",128,0,0,0,1
21,"a_e",129,0,0,0,1
21,"a_e",130,0,0,0,1
21,"a_e",131,0,0,0,1
21,"a_e",132,0,0,0,1
21,"a_e",133,0,0,0,1
21,"a_e",134,0,0,0,1
21,"a_e",135,0,0,0,1
21,"a_e",136,0,0,0,1
21,"a_e",137,0,0,0,1
21,"a_e",138,0,0,0,1
21,"a_e",139,0,0,0,1
21,"a_e",140,0,0,0,1
21,"a_e",141,0,0,0,1
21,"a_e",142,0,0,0,1
21,"a_e",143,0,0,0,1
21,"a_e",144,0,0,0,1
21,"a_e",145,0,0,0,1
21,"a_e",146,0,0,0,1
21,"a_e",147,0,0,0,1
21,"a_e",148,0,0,0,1
21,"a_e",149,0,0,0,1
21,"a_e",150,0,0,0,1
21,"a_e",151,0,0,0,1
21,"a_e",152,0,0,0,1
21,"a_e",153,0,0,0,1
21,"a_e",154,0,0,0,1
21,"a_e",155,0,0,0,1
21,"a_e",156,0,0,0,1
22,"a_e",105,0,0,0,1
22,"a_e",106,0,0,0,1
22,"a_e",107,0,0,0,1
22,"a_e",108,0,0,0,1
22,"a_e",109,0,0,0,1
22,"a_e",110,0,0,0,1
22,"a_e",111,0,0,0,1
22,"a_e",112,0,0,0,1
22,"a_e",113,0,0,0,1
22,"a_e",114,0,0,0,1
22,"a_e",115,0,0,0,1
22,"a_e",116,0,0,0,1
22,"a_e",117,0,0,0,1
22,"a_e",118,0,0,0,1
22,"a_e",119,0,0,0,1
22,"a_e",120,0,0,0,1
22,"a_e",121,0,0,0,1
22,"a_e",122,0,0,0,1
22,"a_e",123,0,0,0,1
22,"a_e",124,0,0,0,1
22,"a_e",125,0,0,0,1
22,"a_e",126,0,0,0,1
22,"a_e",127,0,0,0,1
22,"a_e",128,0,0,0,1
22,"a_e",129,0,0,0,1
22,"a_e",130,0,0,0,1
22,"a_e",131,0,0,0,1
22,"a_e",132,0,0,0,1
22,"a_e",133,0,0,0,1
22,"a_e",134,0,0,0,1
22,"a_e",135,0,0,0,1
22,"a_e",136,0,0,0,1
22,"a_e",137,0,0,0,1
22,"a_e",138,0,0,0,1
22,"a_e",139,0,0,0,1
22,"a_e",140,0,0,0,1
22,"a_e",141,0,0,0,1
22,"a_e",142,0,0,0,1
22,"a_e",143,0,0,0,1
22,"a_e",144,0,0,0,1
22,"a_e",145,0,0,0,1
22,"a_e",146,0,0,0,1
22,"a_e",147,0,0,0,1
22,"a_e",148,0,0,0,1
22,"a_e",149,0,0,0,1
22,"a_e",150,0,0,0,1
22,"a_e",151,0,0,0,1
22,"a_e",152,0,0,0,1
22,"a_e",153,0,0,0,1
22,"a_e",154,0,0,0,1
22,"a_e",155,0,0,0,1
22,"a_e",156,0,0,0,1
23,"a_e",105,0,0,0,1
23,"a_e",106,0,0,0,1
23,"a_e",107,0,0,0,1
23,"a_e",108,0,0,0,1
23,"a_e",109,0,0,0,1
23,"a_e",110,0,0,0,1
23,"a_e",111,0,0,0,1
23,"a_e",112,0,0,0,1
23,"a_e",113,0,0,0,1
23,"a_e",114,0,0,0,1
23,"a_e",115,0,0,0,1
23,"a_e",116,0,0,0,1
23,"a_e",117,0,0,0,1
23,"a_e",118,0,0,0,1
23,"a_e",119,0,0,0,1
23,"a_e",120,0,0,0,1
23,"a_e",121,0,0,0,1
23,"a_e",122,0,0,0,1
23,"a_e",123,0,0,0,1
23,"a_e",124,0,0,0,1
23,"a_e",125,0,0,0,1
23,"a_e",126,0,0,0,1
23,"a_e",127,0,0,0,1
23,"a_e",128,0,0,0,1
23,"a_e",129,0,0,0,1
23,"a_e",130,0,0,0,1
23,"a_e",131,0,0,0,1
23,"a_e",132,0,0,0,1
23,"a_e",133,0,0,0,1
23,"a_e",134,0,0,0,1
23,"a_e",135,0,0,0,1
23,"a_e",136,0,0,0,1
23,"a_e",137,0,0,0,1
23,"a_e",138,0,0,0,1
23,"a_e",139,0,0,0,1
23,"a_e",140,0,0,0,1
23,"a_e",141,0,0,0,1
23,"a_e",142,0,0,0,1
23,"a_e",143,0,0,0,1
23,"a_e",144,0,0,0,1
23,"a_e",145,0,0,0,1
23,"a_e",146,0,0,0,1
23,"a_e",147,0,0,0,1
23,"a_e",148,0,0,0,1
23,"a_e",149,0,0,0,1
23,"a_e",150,0,0,0,1
23,"a_e",151,0,0,0,1
23,"a_e",152,0,0,0,1
23,"a_e",153,0,0,0,1
23,"a_e",154,0,0,0,1
23,"a_e",155,0,0,0,1
23,"a_e",156,0,0,0,1
24,"a_e",105,0,0,0,1
24,"a_e",106,0,0,0,1
24,"a_e",107,0,0,0,1
24,"a_e",108,0,0,0,1
24,"a_e",109,0,0,0,1
24,"a_e",110,0,0,0,1
24,"a_e",111,0,0,0,1
24,"a_e",112,0,0,0,1
24,"a_e",113,0,0,0,1
24,"a_e",114,0,0,0,1
24,"a_e",115,0,0,0,1
24,"a_e",116,0,0,0,1
24,"a_e",117,0,0,0,1
24,"a_e",118,0,0,0,1
24,"a_e",119,0,0,0,1
24,"a_e",120,0,0,0,1
24,"a_e",121,0,0,0,1
24,"a_e",122,0,0,0,1
24,"a_e",123,0,0,0,1
24,"a_e",124,0,0,0,1
24,"a_e",125,0,0,0,1
24,"a_e",126,0,0,0,1
24,"a_e",127,0,0,0,1
24,"a_e",128,0,0,0,1
24,"a_e",129,0,0,0,1
24,"a_e",130,0,0,0,1
24,"a_e",131,0,0,0,1
24,"a_e",132,0,0,0,1
24,"a_e",133,0,0,0,1
24,"a_e",134,0,0,0,1
24,"a_e",135,0,0,0,1
24,"a_e",136,0,0,0,1
24,"a_e",137,0,0,0,1
24,"a_e",138,0,0,0,1
24,"a_e",139,0,0,0,1
24,"a_e",140,0,0,0,1
24,"a_e",141,0,0,0,1
24,"a_e",142,0,0,0,1
24,"a_e",143,0,0,0,1
24,"a_e",144,0,0,0,1
24,"a_e",145,0,0,0,1
24,"a_e",146,0,0,0,1
24,"a_e",147,0,0,0,1
24,"a_e",148,0,0,0,1
24,"a_e",149,0,0,0,1
24,"a_e",150,0,0,0,1
24,"a_e",151,0,0,0,1
24,"a_e",152,0,0,0,1
24,"a_e",153,0,0,0,1
24,"a_e",154,0,0,0,1
24,"a_e",155,0,0,0,1
24,"a_e",156,0,0,0,1
25,"a_e",105,0,0,0,1
25,"a_e",106,0,0,0,1
25,"a_e",107,0,0,0,1
25,"a_e",108,0,0,0,1
25,"a_e",109,0,0,0,1
25,"a_e",110,0,0,0,1
25,"a_e",111,0,0,0,1
25,"a_e",112,0,0,0,1
25,"a_e",113,0,0,0,1
25,"a_e",114,0,0,0,1
25,"a_e",115,0,0,0,1
25,"a_e",116,0,0,0,1
25,"a_e",117,0,0,0,1
25,"a_e",118,0,0,0,1
25,"a_e",119,0,0,0,1
25,"a_e",120,0,0,0,1
25,"a_e",121,0,0,0,1
25,"a_e",122,0,0,0,1
25,"a_e",123,0,0,0,1
25,"a_e",124,0,0,0,1
25,"a_e",125,0,0,0,1
25,"a_e",126,0,0,0,1
25,"a_e",127,0,0,0,1
25,"a_e",128,0,0,0,1
25,"a_e",129,0,0,0,1
25,"a_e",130,0,0,0,1
25,"a_e",131,0,0,0,1
25,"a_e",132,0,0,0,1
25,"a_e",133,0,0,0,1
25,"a_e",134,0,0,0,1
25,"a_e",135,0,0,0,1
25,"a_e",136,0,0,0,1
25,"a_e",137,0,0,0,1
25,"a_e",138,0,0,0,1
25,"a_e",139,0,0,0,1
25,"a_e",140,0,0,0,1
25,"a_e",141,0,0,0,1
25,"a_e",142,0,0,0,1
25,"a_e",143,0,0,0,1
25,"a_e",144,0,0,0,1
25,"a_e",145,0,0,0,1
25,"a_e",146,0,0,0,1
25,"a_e",147,0,0,0,1
25,"a_e",148,0,0,0,1
25,"a_e",149,0,0,0,1
25,"a_e",150,0,0,0,1
25,"a_e",151,0,0,0,1
25,"a_e",152,0,0,0,1
25,"a_e",153,0,0,0,1
25,"a_e",154,0,0,0,1
25,"a_e",155,0,0,0,1
25,"a_e",156,0,0,0,1
1,"icu",105,0.191843047871934,0,450.025310525182,1
1,"icu",106,0.157460129144805,0,369.36987969994,1
1,"icu",107,0.133770966317347,0,313.799855267128,1
1,"icu",108,0.116399143495524,0,273.049043358645,1
1,"icu",109,0.103762086339655,0,243.405042005565,1
1,"icu",110,0.0948329561751041,0,222.459093639982,1
1,"icu",111,0.0889332882525406,0,208.619656046083,1
1,"icu",112,0.0856483797566107,0,200.913919599931,1
1,"icu",113,0.0847818467788008,0,198.881207042739,1
1,"icu",114,0.0863392629144986,0,202.534592911338,1
1,"icu",115,0.0905394397894084,0,212.387365390504,1
1,"icu",116,0.0978575793078147,0,229.554252831929,1
1,"icu",117,0.109111323115512,0,255.953278534495,1
1,"icu",118,0.125610780243893,0,294.657695504838,1
1,"icu",119,0.149409869043879,0,350.485584220304,1
1,"icu",120,0.183723526134764,0,430.978541139381,1
1,"icu",121,0.233621291868212,0,548.028691081211,1
1,"icu",122,0.307184438261399,0,720.5930772606,1
1,"icu",123,0.417436640900438,0,979.222630320247,1
1,"icu",124,0.585536903232858,0,1373.55212828575,1
1,"icu",125,0.845922264212416,0,1984.36395717861,1
1,"icu",126,1.25409549371686,0,2941.85648241427,1
1,"icu",127,1.89682885978691,0,4449.58004007822,1
1,"icu",128,2.9007021564394,0,6804.46543762236,1
1,"icu",129,4.42432564774015,0,10378.5805405778,1
1,"icu",130,6.60069036345043,0,15483.8956294904,1
1,"icu",131,9.38941138831713,0,22025.6757935624,1
1,"icu",132,12.3759580588018,0,29031.5152424853,1
1,"icu",133,14.7516448980982,0,34604.4000533994,1
1,"icu",134,15.7257863072932,0,36889.5404065752,1
1,"icu",135,15.0922623856601,0,35403.4203583346,1
1,"icu",136,13.3068404103706,0,31215.1785233503,1
1,"icu",137,11.0534833994275,0,25929.2549528976,1
1,"icu",138,8.84836695770245,0,20756.4940817611,1
1,"icu",139,6.9430071622881,0,16286.9021778316,1
1,"icu",140,5.40144850790166,0,12670.7147797032,1
1,"icu",141,4.19637733404444,0,9843.85951840613,1
1,"icu",142,3.26998536780731,0,7670.72978085004,1
1,"icu",143,2.56253330723499,0,6011.18914712706,1
1,"icu",144,2.02267306898906,0,4744.78531309808,1
1,"icu",145,1.60955502293039,0,3775.69324005504,1
1,"icu",146,1.2918660715647,0,3030.45868204173,1
1,"icu",147,1.04603895755486,0,2453.79758045395,1
1,"icu",148,0.854485910005946,0,2004.45255251845,1
1,"icu",149,0.704119951626362,0,1651.72417448851,1
1,"icu",150,0.58519927584553,0,1372.76012215621,1
1,"icu",151,0.490453850003775,0,1150.50635712148,1
1,"icu",152,0.414436555513108,0,972.185031757193,1
1,"icu",153,0.353045332229749,0,828.173535755225,1
1,"icu",154,0.303172707074748,0,711.182360567748,1
1,"icu",155,0.262449142728243,0,615.653046922969,1
1,"icu",156,0.229055100519237,0,537.317322060889,1
2,"icu",105,0.293686830453189,0,852.214077876565,1
2,"icu",106,0.241246411581917,0,700.043607233125,1
2,"icu",107,0.204699907756144,0,593.993754710175,1
2,"icu",108,0.177864964862409,0,516.124699166331,1
2,"icu",109,0.158281314123107,0,459.297285998036,1
2,"icu",110,0.144365586741322,0,418.916929955682,1
2,"icu",111,0.135070666751103,0,391.945132629335,1
2,"icu",112,0.129749232589288,0,376.503510340061,1
2,"icu",113,0.128082699187455,0,371.667599842809,1
2,"icu",114,0.130054497837281,0,377.389322418952,1
2,"icu",115,0.135964220285747,0,394.538026905134,1
2,"icu",116,0.146488321795543,0,425.076636518003,1
2,"icu",117,0.162803024317563,0,472.418286615758,1
2,"icu",118,0.186799489860882,0,542.050710118506,1
2,"icu",119,0.221444532167196,0,642.5829428254,1
2,"icu",120,0.271378834178338,0,787.481217893332,1
2,"icu",121,0.343909731028442,0,997.94980200141,1
2,"icu",122,0.450663655273216,0,1307.72602509449,1
2,"icu",123,0.610335182737264,0,1771.05740202732,1
2,"icu",124,0.853216206247505,0,2475.84429071789,1
2,"icu",125,1.22845248069993,0,3564.69677731,1
2,"icu",126,1.81493999272809,0,5266.55352545882,1
2,"icu",127,2.73535730840587,0,7937.4005386925,1
2,"icu",128,4.16715404226034,0,12092.1572615785,1
2,"icu",129,6.32903737501961,0,18365.4634498783,1
2,"icu",130,9.39480576275941,0,27261.6436957176,1
2,"icu",131,13.2792718133611,0,38533.5030713937,1
2,"icu",132,17.3576974759184,0,50368.1902442608,1
2,"icu",133,20.4642684626919,0,59382.7705874311,1
2,"icu",134,21.5182747174987,0,62441.263088202,1
2,"icu",135,20.3315362185021,0,58997.6110386962,1
2,"icu",136,17.6530347045383,0,51225.1934117592,1
2,"icu",137,14.4838812204229,0,42029.0125345059,1
2,"icu",138,11.5130355529258,0,33408.2769804712,1
2,"icu",139,9.02652662504887,0,26192.9792777018,1
2,"icu",140,7.05741495116725,0,20479.0537101048,1
2,"icu",141,5.53520891466846,0,16061.9492327567,1
2,"icu",142,4.36748216510492,0,12673.4650656067,1
2,"icu",143,3.47123454965857,0,10072.7531645382,1
2,"icu",144,2.78036913529706,0,8068.01488216994,1
2,"icu",145,2.24461468264281,0,6513.37422588836,1
2,"icu",146,1.82635890692422,0,5299.68868312657,1
2,"icu",147,1.49756479844667,0,4345.60106695714,1
2,"icu",148,1.23729694482991,0,3590.36145158638,1
2,"icu",149,1.02986103474585,0,2988.42842463388,1
2,"icu",150,0.863435041417931,0,2505.49708508493,1
2,"icu",151,0.729067508272702,0,2115.59229031014,1
2,"icu",152,0.619943544029386,0,1798.93873652855,1
2,"icu",153,0.530845093181645,0,1540.39478339225,1
2,"icu",154,0.457752558095464,0,1328.29644962628,1
2,"icu",155,0.397549791405668,0,1153.60136636022,1
2,"icu",156,0.347805077546094,0,1009.2532340805,1
3,"icu",105,0.251995301034006,0,847.677358176985,1
3,"icu",106,0.208012947523105,0,699.726800854904,1
3,"icu",107,0.177097906934029,0,595.73287784542,1
3,"icu",108,0.154299941731292,0,519.043674373886,1
3,"icu",109,0.137612074165259,0,462.907994724552,1
3,"icu",110,0.125728700954013,0,422.933969936762,1
3,"icu",111,0.117784099969907,0,396.209430445973,1
3,"icu",112,0.11324402837499,0,380.937257196222,1
3,"icu",113,0.11184956831405,0,376.246486314026,1
3,"icu",114,0.113597405349933,0,382.125968490963,1
3,"icu",115,0.118754205524864,0,399.47273143057,1
3,"icu",116,0.12791040750875,0,430.272929199289,1
3,"icu",117,0.142087172956996,0,477.961608445901,1
3,"icu",118,0.162922540157407,0,548.048903536808,1
3,"icu",119,0.192982666851346,0,649.167014381836,1
3,"icu",120,0.236277160816114,0,794.803707276804,1
3,"icu",121,0.299113122351198,0,1006.1751957689,1
3,"icu",122,0.391514612659974,0,1317.00103607292,1
3,"icu",123,0.52958010465648,0,1781.43426570369,1
3,"icu",124,0.739357984116902,0,2487.09805362085,1
3,"icu",125,1.0630364528523,0,3575.90767884226,1
3,"icu",126,1.56819079244517,0,5275.17704736091,1
3,"icu",127,2.35956406495395,0,7937.24734081289,1
3,"icu",128,3.58788967291467,0,12069.1648887388,1
3,"icu",129,5.4370354388994,0,18289.435629353,1
3,"icu",130,8.04794869313226,0,27072.1868977138,1
3,"icu",131,11.3329181078381,0,38122.3699119371,1
3,"icu",132,14.7368590057927,0,49572.7565498188,1
3,"icu",133,17.2481031068741,0,58020.2345647161,1
3,"icu",134,17.9546813186641,0,60397.0659955321,1
3,"icu",135,16.7417939469808,0,56317.0805403432,1
3,"icu",136,14.3060074567784,0,48123.4314975804,1
3,"icu",137,11.5357983898439,0,38804.8311355044,1
3,"icu",138,9.0177562299955,0,30334.4853906426,1
3,"icu",139,6.97167882707032,0,23451.7638461516,1
3,"icu",140,5.39673670552518,0,18153.8762609665,1
3,"icu",141,4.20987932021569,0,14161.4520816909,1
3,"icu",142,3.31823025176832,0,11162.0678722987,1
3,"icu",143,2.64432293757234,0,8895.13682473641,1
3,"icu",144,2.12990136089156,0,7164.693751708,1
3,"icu",145,1.73282311852652,0,5828.97743439407,1
3,"icu",146,1.42290989179053,0,4786.47218042422,1
3,"icu",147,1.17848313681347,0,3964.25436494692,1
3,"icu",148,0.983830978146822,0,3309.47141088014,1
3,"icu",149,0.82744082683338,0,2783.39656041145,1
3,"icu",150,0.700781934901913,0,2357.33355661122,1
3,"icu",151,0.597464506471656,0,2009.78800942826,1
3,"icu",152,0.512653278987715,0,1724.49476402908,1
3,"icu",153,0.442653605616787,0,1489.02553919495,1
3,"icu",154,0.384615774341843,0,1293.79429762975,1
3,"icu",155,0.336321547852518,0,1131.33919565883,1
3,"icu",156,0.296028734677366,0,995.799742003611,1
4,"icu",105,0.153793365643334,0,386.155525592632,1
4,"icu",106,0.127753274356212,0,320.772177647839,1
4,"icu",107,0.10937572549503,0,274.628496417454,1
4,"icu",108,0.0957784759961866,0,240.487537183771,1
4,"icu",109,0.0858111288252531,0,215.460799720452,1
4,"icu",110,0.0787234452679669,0,197.664530304998,1
4,"icu",111,0.0740189420014943,0,185.852122637622,1
4,"icu",112,0.0713953548239813,0,179.264629859681,1
4,"icu",113,0.0707145652297402,0,177.555254019687,1
4,"icu",114,0.0719937994773459,0,180.767248055801,1
4,"icu",115,0.0754173794959861,0,189.363420822917,1
4,"icu",116,0.0813728458733106,0,204.316837307854,1
4,"icu",117,0.0905204999387501,0,227.285429930838,1
4,"icu",118,0.103913170153387,0,260.912716674895,1
4,"icu",119,0.123195599308505,0,309.328436910614,1
4,"icu",120,0.150933906291046,0,378.975787868091,1
4,"icu",121,0.191160954689121,0,479.980775646458,1
4,"icu",122,0.250281974556675,0,628.426115957645,1
4,"icu",123,0.338577263578021,0,850.124325088871,1
4,"icu",124,0.472669827906788,0,1186.81365131458,1
4,"icu",125,0.67946062275463,0,1706.03896209539,1
4,"icu",126,1.00199279014162,0,2515.8760971165,1
4,"icu",127,1.50688299667395,0,3783.5910096194,1
4,"icu",128,2.28976226754911,0,5749.30100663887,1
4,"icu",129,3.46670220638774,0,8704.44708054164,1
4,"icu",130,5.1251044874159,0,12868.4836876838,1
4,"icu",131,7.20470263403714,0,18090.089392005,1
4,"icu",132,9.34595624294561,0,23466.5040982983,1
4,"icu",133,10.9002435076868,0,27369.1211788686,1
4,"icu",134,11.2895553502487,0,28346.6335608564,1
4,"icu",135,10.4525040636259,0,26244.9045416513,1
4,"icu",136,8.84770595554937,0,22215.4611758593,1
4,"icu",137,7.05122082562242,0,17704.7161468759,1
4,"icu",138,5.43874015225034,0,13655.9828394978,1
4,"icu",139,4.14623979580782,0,10410.6792961173,1
4,"icu",140,3.16676333026695,0,7951.33881823406,1
4,"icu",141,2.44128411578186,0,6129.75304173368,1
4,"icu",142,1.90599265803198,0,4785.70446494378,1
4,"icu",143,1.50851420400817,0,3787.68676318367,1
4,"icu",144,1.2100273988139,0,3038.22446576856,1
4,"icu",145,0.98289827642576,0,2467.93220858114,1
4,"icu",146,0.807699868163819,0,2028.03135107419,1
4,"icu",147,0.670759312957257,0,1684.19108300065,1
4,"icu",148,0.562379870937208,0,1412.06412731814,1
4,"icu",149,0.475612072264184,0,1194.20125162816,1
4,"icu",150,0.405417457857651,0,1017.95152780854,1
4,"icu",151,0.348099792599029,0,874.034180911953,1
4,"icu",152,0.300915617119416,0,755.560734376943,1
4,"icu",153,0.26180495368691,0,657.358846858067,1
4,"icu",154,0.229203087948851,0,575.499720186914,1
4,"icu",155,0.201907674226241,0,506.964417716411,1
4,"icu",156,0.178984081845383,0,449.406201032144,1
5,"icu",105,0.126543800408565,0,323.843836926747,1
5,"icu",106,0.105729532202518,0,270.577122501339,1
5,"icu",107,0.0910334538290904,0,232.967738297127,1
5,"icu",108,0.0801558071980057,0,205.130271662093,1
5,"icu",109,0.0721953537767486,0,184.758323203984,1
5,"icu",110,0.0665674299174796,0,170.355654320698,1
5,"icu",111,0.0628885527930184,0,160.940877146936,1
5,"icu",112,0.0609309882827972,0,155.931187221591,1
5,"icu",113,0.0606008252150125,0,155.086252311009,1
5,"icu",114,0.0619333606455518,0,158.496402672176,1
5,"icu",115,0.0651056607074527,0,166.61477607816,1
5,"icu",116,0.0704699665527374,0,180.342808441474,1
5,"icu",117,0.0786161274038327,0,201.190008997516,1
5,"icu",118,0.0904780283904742,0,231.546324489517,1
5,"icu",119,0.107510051044686,0,275.133727026464,1
5,"icu",120,0.131978156213238,0,337.751137239588,1
5,"icu",121,0.167441370501517,0,428.506617538047,1
5,"icu",122,0.2195510472941,0,561.862796339681,1
5,"icu",123,0.297376770688461,0,761.03004747531,1
5,"icu",124,0.415583097073183,0,1063.53708584345,1
5,"icu",125,0.597899460718934,0,1530.11095628946,1
5,"icu",126,0.882287037902873,0,2257.89978412772,1
5,"icu",127,1.32747478751781,0,3397.19944576747,1
5,"icu",128,2.01770634634966,0,5163.60155838258,1
5,"icu",129,3.05505271302769,0,7818.32052938239,1
5,"icu",130,4.5158525533218,0,11556.7180149601,1
5,"icu",131,6.34544303973958,0,16238.9039554267,1
5,"icu",132,8.22444804082186,0,21047.5487660803,1
5,"icu",133,9.57881404951569,0,24513.5667254152,1
5,"icu",134,9.89910716496819,0,25333.2430044148,1
5,"icu",135,9.1349429173632,0,23377.6364777604,1
5,"icu",136,7.69624668436277,0,19695.8053112975,1
5,"icu",137,6.09525243026541,0,15598.6301002591,1
5,"icu",138,4.66475549303202,0,11937.7821142659,1
5,"icu",139,3.52390078579238,0,9018.17037054104,1
5,"icu",140,2.66473100425446,0,6819.43097970225,1
5,"icu",141,2.03324601573346,0,5203.36981365525,1
5,"icu",142,1.57154981663181,0,4021.82264873026,1
5,"icu",143,1.23226103842455,0,3153.53372895644,1
5,"icu",144,0.980335409101783,0,2508.81970775065,1
5,"icu",145,0.790890249621885,0,2024.00222056368,1
5,"icu",146,0.646491905498523,0,1654.46603107199,1
5,"icu",147,0.534926464256116,0,1368.95397561202,1
5,"icu",148,0.447583517401855,0,1145.43077695314,1
5,"icu",149,0.378338276659522,0,968.222218505296,1
5,"icu",150,0.322790248252302,0,826.066802001048,1
5,"icu",151,0.277745223308005,0,710.790086228928,1
5,"icu",152,0.240860737505314,0,616.397367132078,1
5,"icu",153,0.21040125340413,0,538.447154081032,1
5,"icu",154,0.185067461008964,0,473.614325395093,1
5,"icu",155,0.163876153658549,0,419.382713418092,1
5,"icu",156,0.146075023112807,0,373.827052856653,1
6,"icu",105,0.0990613409689756,0,241.333446253408,1
6,"icu",106,0.0830742465579031,0,202.385653380192,1
6,"icu",107,0.0718153083851532,0,174.956604633166,1
6,"icu",108,0.0635046625014791,0,154.710191733032,1
6,"icu",109,0.0574520807713863,0,139.964879451108,1
6,"icu",110,0.0532134055865634,0,129.638610092182,1
6,"icu",111,0.0505010010275125,0,123.030644427007,1
6,"icu",112,0.0491491273473316,0,119.737206937204,1
6,"icu",113,0.0490979416860843,0,119.612508322116,1
6,"icu",114,0.0503913892286931,0,122.763607933251,1
6,"icu",115,0.0531890968979142,0,129.579389214004,1
6,"icu",116,0.057795512122116,0,140.801547626729,1
6,"icu",117,0.0647133056043732,0,157.654690590596,1
6,"icu",118,0.0747337766711128,0,182.06658318123,1
6,"icu",119,0.0890863605579338,0,217.032378093419,1
6,"icu",120,0.109685050729571,0,267.214950212893,1
6,"icu",121,0.139535997388869,0,339.937888957194,1
6,"icu",122,0.183414325156788,0,446.83436292462,1
6,"icu",123,0.248987435871711,0,606.58371252554,1
6,"icu",124,0.348660140157631,0,849.406563371575,1
6,"icu",125,0.502517736323252,0,1224.23476125094,1
6,"icu",126,0.74271156971555,0,1809.39548100674,1
6,"icu",127,1.11901266443333,0,2726.14099574404,1
6,"icu",128,1.70285873083886,0,4148.50800500219,1
6,"icu",129,2.58086294602298,0,6287.50371213443,1
6,"icu",130,3.81787363316845,0,9301.11173783852,1
6,"icu",131,5.36758517396723,0,13076.5222378516,1
6,"icu",132,6.95884459904072,0,16953.1517805152,1
6,"icu",133,8.10393646961673,0,19742.8269928608,1
6,"icu",134,8.36985372652257,0,20390.6551708323,1
6,"icu",135,7.71394149621081,0,18792.7204221954,1
6,"icu",136,6.48536042571066,0,15799.64864621,1
6,"icu",137,5.12046818378689,0,12474.4953090352,1
6,"icu",138,3.90270159014966,0,9507.76978422335,1
6,"icu",139,2.9332778920829,0,7146.05774150586,1
6,"icu",140,2.20497703382071,0,5371.76966591058,1
6,"icu",141,1.67134161128068,0,4071.72593235349,1
6,"icu",142,1.28268163284403,0,3124.87167922698,1
6,"icu",143,0.998376907220001,0,2432.24791147014,1
6,"icu",144,0.788412309501631,0,1920.73171894803,1
6,"icu",145,0.631495341813261,0,1538.45027376015,1
6,"icu",146,0.51272030422862,0,1249.09027854106,1
6,"icu",147,0.421652357755133,0,1027.23035669172,1
6,"icu",148,0.350940776253751,0,854.962653803451,1
6,"icu",149,0.295361261050782,0,719.559722510334,1
6,"icu",150,0.251164540901391,0,611.887580356611,1
6,"icu",151,0.215633542534744,0,525.326887751687,1
6,"icu",152,0.186780435407908,0,455.034887765347,1
6,"icu",153,0.163137428145333,0,397.435743975655,1
6,"icu",154,0.143610823455036,0,349.864988750232,1
6,"icu",155,0.127378197014694,0,310.319030233288,1
6,"icu",156,0.113815326874881,0,277.277137604826,1
7,"icu",105,0.0696942749891066,0,169.993928233549,1
7,"icu",106,0.058500750007182,0,142.691380316161,1
7,"icu",107,0.0506487433368995,0,123.539255430638,1
7,"icu",108,0.0448787122226264,0,109.465355453941,1
7,"icu",109,0.0407022885118218,0,99.2784832513335,1
7,"icu",110,0.0378072659093129,0,92.2171247021223,1
7,"icu",111,0.0359936853238836,0,87.7935520638617,1
7,"icu",112,0.035149134255656,0,85.7335757788039,1
7,"icu",113,0.035237603952878,0,85.9493655457934,1
7,"icu",114,0.0362985456349382,0,88.5371483183139,1
7,"icu",115,0.0384562797608567,0,93.80015880527,1
7,"icu",116,0.0419422396000513,0,102.302894601312,1
7,"icu",117,0.0471353677413911,0,114.969648831907,1
7,"icu",118,0.0546302975065659,0,133.250814003878,1
7,"icu",119,0.0653500241361579,0,159.397702534378,1
7,"icu",120,0.0807316622911693,0,196.915634861618,1
7,"icu",121,0.103033931785666,0,251.313939463902,1
7,"icu",122,0.135848252025528,0,331.352582534078,1
7,"icu",123,0.184947993273818,0,451.113608692284,1
7,"icu",124,0.259685323158906,0,633.40824185747,1
7,"icu",125,0.375222803486758,0,915.220056991609,1
7,"icu",126,0.555865837313567,0,1355.83327713121,1
7,"icu",127,0.839298273284791,0,2047.1639952868,1
7,"icu",128,1.27971106009056,0,3121.39139323448,1
7,"icu",129,1.94299398377771,0,4739.2297270924,1
7,"icu",130,2.87886948369875,0,7021.95886939254,1
7,"icu",131,4.05312234140154,0,9886.12319352918,1
7,"icu",132,5.26093161086374,0,12832.136224081,1
7,"icu",133,6.13219644008838,0,14957.2710486384,1
7,"icu",134,6.33683123663932,0,15456.4034798805,1
7,"icu",135,5.84053752418056,0,14245.8748137646,1
7,"icu",136,4.9075986682725,0,11970.3085503619,1
7,"icu",137,3.86993092604669,0,9439.29412012677,1
7,"icu",138,2.9437986547396,0,7180.33005330839,1
7,"icu",139,2.20674456439999,0,5382.55369137596,1
7,"icu",140,1.65347320767357,0,4033.048709457,1
7,"icu",141,1.24860207623181,0,3045.51230029134,1
7,"icu",142,0.954209029792499,0,2327.447144772,1
7,"icu",143,0.739281277902082,0,1803.20877890954,1
7,"icu",144,0.580911187174658,0,1416.92233225856,1
7,"icu",145,0.462861346249943,0,1128.98252387008,1
7,"icu",146,0.373775960937584,0,911.691008895363,1
7,"icu",147,0.305712618156207,0,745.675148770248,1
7,"icu",148,0.25308013412885,0,617.297276787242,1
7,"icu",149,0.211906015738946,0,516.867935528623,1
7,"icu",150,0.17933912413328,0,437.432804949122,1
7,"icu",151,0.153312295039592,0,373.949786899349,1
7,"icu",152,0.132312028017387,0,322.72724551247,1
7,"icu",153,0.11521977609108,0,281.036890777241,1
7,"icu",154,0.10120142337147,0,246.844199246374,1
7,"icu",155,0.0896295188113675,0,218.618731464078,1
7,"icu",156,0.0800280360027435,0,195.199393508988,1
8,"icu",105,0.0545619017980711,0,164.312942172013,1
8,"icu",106,0.0457349880548375,0,137.730727849334,1
8,"icu",107,0.0395637234133283,0,119.145989840727,1
8,"icu",108,0.0350468665864288,0,105.543494140626,1
8,"icu",109,0.0317934719675052,0,95.745909667483,1
8,"icu",110,0.0295543162858254,0,89.0027015696487,1
8,"icu",111,0.02817066310434,0,84.8358357218098,1
8,"icu",112,0.0275542630933945,0,82.9795496317803,1
8,"icu",113,0.0276783566130699,0,83.3532567543399,1
8,"icu",114,0.0285769929286903,0,86.0594963115437,1
8,"icu",115,0.0303528009828827,0,91.4073349407212,1
8,"icu",116,0.0331952492921596,0,99.9673562977052,1
8,"icu",117,0.0374137669096695,0,112.671404699516,1
8,"icu",118,0.0434936533563303,0,130.980957651313,1
8,"icu",119,0.0521885451466038,0,157.165588407304,1
8,"icu",120,0.0646730414143389,0,194.762597413314,1
8,"icu",121,0.0827957021456043,0,249.338915441229,1
8,"icu",122,0.109500242955042,0,329.759529920367,1
8,"icu",123,0.149526645056585,0,450.298874721891,1
8,"icu",124,0.210566665875237,0,634.120645599171,1
8,"icu",125,0.30511438779882,0,918.850720119308,1
8,"icu",126,0.453238888250707,0,1364.92704214864,1
8,"icu",127,0.686129276956521,0,2066.2754869565,1
8,"icu",128,1.04877103396226,0,3158.36964211563,1
8,"icu",129,1.59611984874036,0,4806.70833975491,1
8,"icu",130,2.3702133900783,0,7137.88784600311,1
8,"icu",131,3.34403657102511,0,10070.552337957,1
8,"icu",132,4.34906865214959,0,13097.2023040449,1
8,"icu",133,5.07829969947967,0,15293.2785946668,1
8,"icu",134,5.25561085945487,0,15827.2504214422,1
8,"icu",135,4.8493520503338,0,14603.8036937781,1
8,"icu",136,4.07719287365796,0,12278.4495187297,1
8,"icu",137,3.21517566086921,0,9682.48823863289,1
8,"icu",138,2.44433479875951,0,7361.10416246175,1
8,"icu",139,1.83028289474794,0,5511.88938677673,1
8,"icu",140,1.36922560073242,0,4123.41724792187,1
8,"icu",141,1.03192293852095,0,3107.63167220028,1
8,"icu",142,0.786812036508628,0,2369.48120198509,1
8,"icu",143,0.608013022544401,0,1831.02870905979,1
8,"icu",144,0.476390883497773,0,1434.64918032258,1
8,"icu",145,0.37838165803085,0,1139.49480216196,1
8,"icu",146,0.304504244888902,0,917.013277263209,1
8,"icu",147,0.248132912197103,0,747.251241419468,1
8,"icu",148,0.204607584234609,0,616.174895822364,1
8,"icu",149,0.170619917380085,0,513.821177304685,1
8,"icu",150,0.143796670665115,0,433.043080480753,1
8,"icu",151,0.122417383732721,0,368.659446083216,1
8,"icu",152,0.105221957029477,0,316.87548950542,1
8,"icu",153,0.0912783142478575,0,274.884266792498,1
8,"icu",154,0.0798904538802897,0,240.589772275716,1
8,"icu",155,0.0705339089886137,0,212.412575934474,1
8,"icu",156,0.0628100113410171,0,189.152090033359,1
9,"icu",105,0.0448684580555539,0,135.039888986018,1
9,"icu",106,0.037513009509043,0,112.902311761203,1
9,"icu",107,0.0323789628807523,0,97.450452776546,1
9,"icu",108,0.028629225856376,0,86.1649285253765,1
9,"icu",109,0.0259339205278765,0,78.0529106821661,1
9,"icu",110,0.0240826420019871,0,72.4811469654639,1
9,"icu",111,0.0229413710386552,0,69.0462817868905,1
9,"icu",112,0.0224354349844052,0,67.523574041611,1
9,"icu",113,0.0225417591106729,0,67.8435760838016,1
9,"icu",114,0.0232881466059519,0,70.0899667303942,1
9,"icu",115,0.0247596833018551,0,74.5188274638649,1
9,"icu",116,0.0271139671105254,0,81.604478229282,1
9,"icu",117,0.0306088348340061,0,92.1229263741974,1
9,"icu",118,0.0356492670840457,0,107.29303564437,1
9,"icu",119,0.0428650985112894,0,129.010409432217,1
9,"icu",120,0.0532395060669709,0,160.234099867051,1
9,"icu",121,0.0683223755714421,0,205.628773803751,1
9,"icu",122,0.0905861973988403,0,272.635846439362,1
9,"icu",123,0.124019734144317,0,373.260233507201,1
9,"icu",124,0.175108829850327,0,527.022277301831,1
9,"icu",125,0.254411859126939,0,765.699350993761,1
9,"icu",126,0.378930004097059,0,1140.45964368513,1
9,"icu",127,0.575160336839981,0,1731.05097438083,1
9,"icu",128,0.881463508705816,0,2652.92678909266,1
9,"icu",129,1.3449853274677,0,4047.98108025422,1
9,"icu",130,2.00242350311304,0,6026.66236554361,1
9,"icu",131,2.83233216451098,0,8524.42534560753,1
9,"icu",132,3.69281234059745,0,11114.1989301937,1
9,"icu",133,4.32247171592114,0,13009.2747992471,1
9,"icu",134,4.48350759661556,0,13493.9419439218,1
9,"icu",135,4.14508584264812,0,12475.3993403487,1
9,"icu",136,3.4904612421453,0,10505.1860276923,1
9,"icu",137,2.7553174060733,0,8292.63524448945,1
9,"icu",138,2.0957141794654,0,6307.43783954039,1
9,"icu",139,1.56916639853533,0,4722.69530627588,1
9,"icu",140,1.17332011347264,0,3531.32299915965,1
9,"icu",141,0.883552123642373,0,2659.21286045304,1
9,"icu",142,0.67295486045425,0,2025.38160629067,1
9,"icu",143,0.519356226655323,0,1563.09822603879,1
9,"icu",144,0.406320738974614,0,1222.89710548805,1
9,"icu",145,0.322183312629812,0,969.670023356016,1
9,"icu",146,0.258786679130007,0,778.866177605378,1
9,"icu",147,0.210430979663808,0,633.330793267637,1
9,"icu",148,0.173109216712477,0,521.004073248196,1
9,"icu",149,0.14397851066365,0,433.329847714365,1
9,"icu",150,0.121000879328458,0,364.174433886143,1
9,"icu",151,0.102699735627869,0,309.093770971793,1
9,"icu",152,0.0879939639096773,0,264.834042281773,1
9,"icu",153,0.07608388478698,0,228.988465405644,1
9,"icu",154,0.0663721126335771,0,199.759098266946,1
9,"icu",155,0.0584080901621798,0,175.789905719967,1
9,"icu",156,0.0518488597834448,0,156.048693729098,1
10,"icu",105,0.0343188280094366,0,102.518935101622,1
10,"icu",106,0.028617245967911,0,85.4868814682341,1
10,"icu",107,0.0246379387843444,0,73.5996942137827,1
10,"icu",108,0.0217322346215608,0,64.9196280877772,1
10,"icu",109,0.0196424506048343,0,58.6769198015769,1
10,"icu",110,0.018203851194426,0,54.3794630366686,1
10,"icu",111,0.0173111419201449,0,51.7127168374837,1
10,"icu",112,0.0169050624773135,0,50.4996558310216,1
10,"icu",113,0.0169661893477214,0,50.682257103378,1
10,"icu",114,0.017514179540707,0,52.3192410649389,1
10,"icu",115,0.0186125034137317,0,55.600209570863,1
10,"icu",116,0.0203799501261318,0,60.8800155932101,1
10,"icu",117,0.0230117074115237,0,68.7417337809677,1
10,"icu",118,0.026815132354911,0,80.1035167307758,1
10,"icu",119,0.0322691404938153,0,96.3960051071941,1
10,"icu",120,0.0401225807087631,0,119.856198080548,1
10,"icu",121,0.051557890198264,0,154.016331727849,1
10,"icu",122,0.0684645929203312,0,204.520887380782,1
10,"icu",123,0.0938964895416226,0,280.492332516158,1
10,"icu",124,0.132828857670495,0,396.793067508007,1
10,"icu",125,0.193378482958366,0,577.669964108553,1
10,"icu",126,0.288647223598204,0,862.261554362835,1
10,"icu",127,0.439115416269579,0,1311.74773364301,1
10,"icu",128,0.674550618580835,0,2015.05165240585,1
10,"icu",129,1.03177738838786,0,3082.17748841455,1
10,"icu",130,1.54000632000782,0,4600.38460327249,1
10,"icu",131,2.18399672125159,0,6524.1452320744,1
10,"icu",132,2.85527502661256,0,8529.42166527615,1
10,"icu",133,3.35144273470003,0,10011.5988844677,1
10,"icu",134,3.48589473634473,0,10413.2406895756,1
10,"icu",135,3.2311283824811,0,9652.18977925192,1
10,"icu",136,2.72700885725279,0,8146.2584905689,1
10,"icu",137,2.15655090801945,0,6442.15771359668,1
10,"icu",138,1.64239124350943,0,4906.23401412534,1
10,"icu",139,1.23068386703295,0,3676.36096023653,1
10,"icu",140,0.920520934646425,0,2749.82659468302,1
10,"icu",141,0.693166171774071,0,2070.66097243198,1
10,"icu",142,0.527797215364339,0,1576.66247967078,1
10,"icu",143,0.407136491286349,0,1216.21867495622,1
10,"icu",144,0.318326157663519,0,950.919964099052,1
10,"icu",145,0.252218621270826,0,753.440194938313,1
10,"icu",146,0.202408214277602,0,604.644033236067,1
10,"icu",147,0.164415875177853,0,491.151400403297,1
10,"icu",148,0.135092120777674,0,403.5540012887,1
10,"icu",149,0.11220267389064,0,335.177490316978,1
10,"icu",150,0.0941463185084409,0,281.23863421471,1
10,"icu",151,0.0797633838593194,0,238.273205923898,1
10,"icu",152,0.0682051430260559,0,203.745845562162,1
10,"icu",153,0.058844022175333,0,175.781832900954,1
10,"icu",154,0.0512112838366931,0,152.980931711335,1
10,"icu",155,0.0449533680515579,0,134.286969840863,1
10,"icu",156,0.0398010356220666,0,118.895662369182,1
11,"icu",105,0.0274255598540519,0,84.1744063854599,1
11,"icu",106,0.022822486831491,0,70.0466751272867,1
11,"icu",107,0.0196074186123539,0,60.1790020414941,1
11,"icu",108,0.0172576504466824,0,52.9671040331613,1
11,"icu",109,0.0155643731815743,0,47.7701049784487,1
11,"icu",110,0.0143937356321757,0,44.1771894158301,1
11,"icu",111,0.0136597901892396,0,41.9245673250785,1
11,"icu",112,0.0133135682569161,0,40.8619445094992,1
11,"icu",113,0.0133379450184213,0,40.9367615575455,1
11,"icu",114,0.0137468538711346,0,42.1917827905148,1
11,"icu",115,0.0145888624940497,0,44.7760719128695,1
11,"icu",116,0.01595610432631,0,48.9724044664554,1
11,"icu",117,0.0180007610754809,0,55.2478558716182,1
11,"icu",118,0.0209631227760753,0,64.3399232340906,1
11,"icu",119,0.0252182672718394,0,77.3997938045133,1
11,"icu",120,0.0313535038692653,0,96.2300346955255,1
11,"icu",121,0.0402974004888415,0,123.680602440801,1
11,"icu",122,0.0535357549263793,0,164.311701030222,1
11,"icu",123,0.0734732680539655,0,225.503827690453,1
11,"icu",124,0.104033831283851,0,319.300172500563,1
11,"icu",125,0.151630388961397,0,465.383315736992,1
11,"icu",126,0.226636298270622,0,695.591119154827,1
11,"icu",127,0.345309454284526,0,1059.82224203867,1
11,"icu",128,0.531366287408393,0,1630.86704715853,1
11,"icu",129,0.814327431697956,0,2499.33013332614,1
11,"icu",130,1.21803355523724,0,3738.3831730428,1
11,"icu",131,1.73145382073115,0,5314.17036951933,1
11,"icu",132,2.2695082034296,0,6965.56448901058,1
11,"icu",133,2.67135719543786,0,8198.91762888801,1
11,"icu",134,2.78666536785047,0,8552.82095906158,1
11,"icu",135,2.59050496138812,0,7950.76631156602,1
11,"icu",136,2.19223235234606,0,6728.3897903899,1
11,"icu",137,1.73767237858698,0,5333.25633964621,1
11,"icu",138,1.32582467053844,0,4069.21518494664,1
11,"icu",139,0.994810361247938,0,3053.26753837547,1
11,"icu",140,0.744757688993016,0,2285.80698828404,1
11,"icu",141,0.561108280324695,0,1722.15103960109,1
11,"icu",142,0.42735146424679,0,1311.62521430227,1
11,"icu",143,0.329671828491315,0,1011.82731047023,1
11,"icu",144,0.257737113907593,0,791.045604251103,1
11,"icu",145,0.204172886246465,0,626.646514829964,1
11,"icu",146,0.163804207830355,0,502.747146491655,1
11,"icu",147,0.133007670006277,0,408.226549506059,1
11,"icu",148,0.109233356853632,0,335.258533265171,1
11,"icu",149,0.0906715357663292,0,278.288674499425,1
11,"icu",150,0.076025023498319,0,233.335664156595,1
11,"icu",151,0.0643543582039443,0,197.516110116306,1
11,"icu",152,0.054972071794637,0,168.720038377223,1
11,"icu",153,0.0473699323850646,0,145.387585896194,1
11,"icu",154,0.0411684173196448,0,126.353923425852,1
11,"icu",155,0.0360813004519734,0,110.740566950052,1
11,"icu",156,0.0318906194435457,0,97.8785474283934,1
12,"icu",105,0.0262761499151454,0,94.633467628537,1
12,"icu",106,0.0218379957163541,0,78.6494698564857,1
12,"icu",107,0.018735127381774,0,67.4744997393131,1
12,"icu",108,0.0164645811597554,0,59.2971349771854,1
12,"icu",109,0.0148247684502667,0,53.3913548891057,1
12,"icu",110,0.013686164934999,0,49.2906780680422,1
12,"icu",111,0.012965247760582,0,46.6942972318711,1
12,"icu",112,0.0126139035823103,0,45.4289323276394,1
12,"icu",113,0.0126143772749619,0,45.4306383301688,1
12,"icu",114,0.0129783618870768,0,46.7415277153753,1
12,"icu",115,0.0137502154675493,0,49.5213558506802,1
12,"icu",116,0.0150152191107944,0,54.0772623175565,1
12,"icu",117,0.0169149214144018,0,60.9190339253773,1
12,"icu",118,0.0196733342336574,0,70.8534486353005,1
12,"icu",119,0.0236405766323399,0,85.141459105734,1
12,"icu",120,0.0293653601955007,0,105.759248308272,1
12,"icu",121,0.0377158729294028,0,135.833592496342,1
12,"icu",122,0.0500823304493469,0,180.371348642983,1
12,"icu",123,0.0687165881649976,0,247.482566611008,1
12,"icu",124,0.0972966688339365,0,350.413633283226,1
12,"icu",125,0.141840707926208,0,510.838843791447,1
12,"icu",126,0.212097743753858,0,763.869327600669,1
12,"icu",127,0.323377061237166,0,1164.6414240756,1
12,"icu",128,0.498075293561983,0,1793.81653408455,1
12,"icu",129,0.764212546981123,0,2752.30897827901,1
12,"icu",130,1.14476083827012,0,4122.85239963599,1
12,"icu",131,1.63022960612702,0,5871.26657279351,1
12,"icu",132,2.14144003002465,0,7712.38923564611,1
12,"icu",133,2.52692407655798,0,9100.70876330656,1
12,"icu",134,2.643307269661,0,9519.86245106476,1
12,"icu",135,2.46434214111978,0,8875.32012834492,1
12,"icu",136,2.09133101075137,0,7531.92176729141,1
12,"icu",137,1.66190704187569,0,5985.35275361368,1
12,"icu",138,1.27072464641381,0,4576.51064100044,1
12,"icu",139,0.955062819936739,0,3439.65560957649,1
12,"icu",140,0.715882125870905,0,2578.24712536764,1
12,"icu",141,0.53981740945245,0,1944.15062738298,1
12,"icu",142,0.411372797963052,0,1481.55778091593,1
12,"icu",143,0.317463486986074,0,1143.34370583046,1
12,"icu",144,0.24824991824428,0,894.071265304207,1
12,"icu",145,0.196683375656868,0,708.354531520133,1
12,"icu",146,0.157804836744474,0,568.333601304243,1
12,"icu",147,0.128135940854738,0,461.481170189995,1
12,"icu",148,0.105225914378417,0,378.970785072037,1
12,"icu",149,0.0873340131535228,0,314.533161567571,1
12,"icu",150,0.0732118813105953,0,263.672350112339,1
12,"icu",151,0.0619551578115426,0,223.131297397573,1
12,"icu",152,0.0529019684086921,0,190.526265493875,1
12,"icu",153,0.0455629861610731,0,164.094945030288,1
12,"icu",154,0.0395728180532791,0,142.521374261776,1
12,"icu",155,0.0346559106422148,0,124.813148367949,1
12,"icu",156,0.0306024370819105,0,110.214576652118,1
13,"icu",105,0.207721958101943,0,644.822931310736,1
13,"icu",106,0.176179043824693,0,546.905529452056,1
13,"icu",107,0.154029634483691,0,478.14800767356,1
13,"icu",108,0.137701898977021,0,427.462474149413,1
13,"icu",109,0.125930604222847,0,390.921316642203,1
13,"icu",110,0.117910698234246,0,366.02544460412,1
13,"icu",111,0.113133658466798,0,351.196271925505,1
13,"icu",112,0.111337105277763,0,345.61930401997,1
13,"icu",113,0.112486986037134,0,349.188832675923,1
13,"icu",114,0.116787458863218,0,362.53861773994,1
13,"icu",115,0.124723030275711,0,387.172693340741,1
13,"icu",116,0.13714388658394,0,425.730258690337,1
13,"icu",117,0.155414678520232,0,482.447544245416,1
13,"icu",118,0.181662130213088,0,563.926454297467,1
13,"icu",119,0.2191819235376,0,680.397641719125,1
13,"icu",120,0.273107159597428,0,847.795586093676,1
13,"icu",121,0.351509707938015,0,1091.17746784157,1
13,"icu",122,0.467215270255726,0,1450.35759759005,1
13,"icu",123,0.640771443570428,0,1989.12105546645,1
13,"icu",124,0.90518574521696,0,2809.93175177484,1
13,"icu",125,1.31306988697938,0,4076.11011023866,1
13,"icu",126,1.94605466838534,0,6041.05934310196,1
13,"icu",127,2.92299677812307,0,9073.74149513913,1
13,"icu",128,4.39379979803607,0,13639.4962345372,1
13,"icu",129,6.48592836676556,0,20134.0069193682,1
13,"icu",130,9.15434872810568,0,28417.4770690388,1
13,"icu",131,11.9456261217955,0,37082.3273696371,1
13,"icu",132,13.9232493715411,0,43221.3837918924,1
13,"icu",133,14.1626115141862,0,43964.4260772414,1
13,"icu",134,12.5847497280177,0,39066.3331098094,1
13,"icu",135,10.0527548246112,0,31206.3630296256,1
13,"icu",136,7.55443445300725,0,23450.9274459674,1
13,"icu",137,5.58143752294013,0,17326.2323220721,1
13,"icu",138,4.17535643500912,0,12961.3912765467,1
13,"icu",139,3.20193499599441,0,9939.63820122603,1
13,"icu",140,2.51913573808586,0,7820.05188977161,1
13,"icu",141,2.0251883532975,0,6286.71086274264,1
13,"icu",142,1.65591300045986,0,5140.38421700249,1
13,"icu",143,1.3720433225743,0,4259.17897766728,1
13,"icu",144,1.14909467961998,0,3567.08846015444,1
13,"icu",145,0.971145611467829,0,3014.68831527631,1
13,"icu",146,0.82734383129063,0,2568.29022492104,1
13,"icu",147,0.709976653719796,0,2203.95200968166,1
13,"icu",148,0.613381375396058,0,1904.09516696443,1
13,"icu",149,0.533301427085586,0,1655.50619986337,1
13,"icu",150,0.466484115195223,0,1448.08790230283,1
13,"icu",151,0.410414907389249,0,1274.03451255009,1
13,"icu",152,0.363133205665583,0,1127.25982497541,1
13,"icu",153,0.323099704038645,0,1002.9854338345,1
13,"icu",154,0.289098304394089,0,897.436254596023,1
13,"icu",155,0.260162352674782,0,807.611541896403,1
13,"icu",156,0.235518672104762,0,731.111154124945,1
14,"icu",105,0,0,0,1
14,"icu",106,0,0,0,1
14,"icu",107,0,0,0,1
14,"icu",108,0,0,0,1
14,"icu",109,0,0,0,1
14,"icu",110,0,0,0,1
14,"icu",111,0,0,0,1
14,"icu",112,0,0,0,1
14,"icu",113,0,0,0,1
14,"icu",114,0,0,0,1
14,"icu",115,0,0,0,1
14,"icu",116,0,0,0,1
14,"icu",117,0,0,0,1
14,"icu",118,0,0,0,1
14,"icu",119,0,0,0,1
14,"icu",120,0,0,0,1
14,"icu",121,0,0,0,1
14,"icu",122,0,0,0,1
14,"icu",123,0,0,0,1
14,"icu",124,0,0,0,1
14,"icu",125,0,0,0,1
14,"icu",126,0,0,0,1
14,"icu",127,0,0,0,1
14,"icu",128,0,0,0,1
14,"icu",129,0,0,0,1
14,"icu",130,0,0,0,1
14,"icu",131,0,0,0,1
14,"icu",132,0,0,0,1
14,"icu",133,0,0,0,1
14,"icu",134,0,0,0,1
14,"icu",135,0,0,0,1
14,"icu",136,0,0,0,1
14,"icu",137,0,0,0,1
14,"icu",138,0,0,0,1
14,"icu",139,0,0,0,1
14,"icu",140,0,0,0,1
14,"icu",141,0,0,0,1
14,"icu",142,0,0,0,1
14,"icu",143,0,0,0,1
14,"icu",144,0,0,0,1
14,"icu",145,0,0,0,1
14,"icu",146,0,0,0,1
14,"icu",147,0,0,0,1
14,"icu",148,0,0,0,1
14,"icu",149,0,0,0,1
14,"icu",150,0,0,0,1
14,"icu",151,0,0,0,1
14,"icu",152,0,0,0,1
14,"icu",153,0,0,0,1
14,"icu",154,0,0,0,1
14,"icu",155,0,0,0,1
14,"icu",156,0,0,0,1
15,"icu",105,0,0,0,1
15,"icu",106,0,0,0,1
15,"icu",107,0,0,0,1
15,"icu",108,0,0,0,1
15,"icu",109,0,0,0,1
15,"icu",110,0,0,0,1
15,"icu",111,0,0,0,1
15,"icu",112,0,0,0,1
15,"icu",113,0,0,0,1
15,"icu",114,0,0,0,1
15,"icu",115,0,0,0,1
15,"icu",116,0,0,0,1
15,"icu",117,0,0,0,1
15,"icu",118,0,0,0,1
15,"icu",119,0,0,0,1
15,"icu",120,0,0,0,1
15,"icu",121,0,0,0,1
15,"icu",122,0,0,0,1
15,"icu",123,0,0,0,1
15,"icu",124,0,0,0,1
15,"icu",125,0,0,0,1
15,"icu",126,0,0,0,1
15,"icu",127,0,0,0,1
15,"icu",128,0,0,0,1
15,"icu",129,0,0,0,1
15,"icu",130,0,0,0,1
15,"icu",131,0,0,0,1
15,"icu",132,0,0,0,1
15,"icu",133,0,0,0,1
15,"icu",134,0,0,0,1
15,"icu",135,0,0,0,1
15,"icu",136,0,0,0,1
15,"icu",137,0,0,0,1
15,"icu",138,0,0,0,1
15,"icu",139,0,0,0,1
15,"icu",140,0,0,0,1
15,"icu",141,0,0,0,1
15,"icu",142,0,0,0,1
15,"icu",143,0,0,0,1
15,"icu",144,0,0,0,1
15,"icu",145,0,0,0,1
15,"icu",146,0,0,0,1
15,"icu",147,0,0,0,1
15,"icu",148,0,0,0,1
15,"icu",149,0,0,0,1
15,"icu",150,0,0,0,1
15,"icu",151,0,0,0,1
15,"icu",152,0,0,0,1
15,"icu",153,0,0,0,1
15,"icu",154,0,0,0,1
15,"icu",155,0,0,0,1
15,"icu",156,0,0,0,1
16,"icu",105,0,0,0,1
16,"icu",106,0,0,0,1
16,"icu",107,0,0,0,1
16,"icu",108,0,0,0,1
16,"icu",109,0,0,0,1
16,"icu",110,0,0,0,1
16,"icu",111,0,0,0,1
16,"icu",112,0,0,0,1
16,"icu",113,0,0,0,1
16,"icu",114,0,0,0,1
16,"icu",115,0,0,0,1
16,"icu",116,0,0,0,1
16,"icu",117,0,0,0,1
16,"icu",118,0,0,0,1
16,"icu",119,0,0,0,1
16,"icu",120,0,0,0,1
16,"icu",121,0,0,0,1
16,"icu",122,0,0,0,1
16,"icu",123,0,0,0,1
16,"icu",124,0,0,0,1
16,"icu",125,0,0,0,1
16,"icu",126,0,0,0,1
16,"icu",127,0,0,0,1
16,"icu",128,0,0,0,1
16,"icu",129,0,0,0,1
16,"icu",130,0,0,0,1
16,"icu",131,0,0,0,1
16,"icu",132,0,0,0,1
16,"icu",133,0,0,0,1
16,"icu",134,0,0,0,1
16,"icu",135,0,0,0,1
16,"icu",136,0,0,0,1
16,"icu",137,0,0,0,1
16,"icu",138,0,0,0,1
16,"icu",139,0,0,0,1
16,"icu",140,0,0,0,1
16,"icu",141,0,0,0,1
16,"icu",142,0,0,0,1
16,"icu",143,0,0,0,1
16,"icu",144,0,0,0,1
16,"icu",145,0,0,0,1
16,"icu",146,0,0,0,1
16,"icu",147,0,0,0,1
16,"icu",148,0,0,0,1
16,"icu",149,0,0,0,1
16,"icu",150,0,0,0,1
16,"icu",151,0,0,0,1
16,"icu",152,0,0,0,1
16,"icu",153,0,0,0,1
16,"icu",154,0,0,0,1
16,"icu",155,0,0,0,1
16,"icu",156,0,0,0,1
17,"icu",105,0,0,0,1
17,"icu",106,0,0,0,1
17,"icu",107,0,0,0,1
17,"icu",108,0,0,0,1
17,"icu",109,0,0,0,1
17,"icu",110,0,0,0,1
17,"icu",111,0,0,0,1
17,"icu",112,0,0,0,1
17,"icu",113,0,0,0,1
17,"icu",114,0,0,0,1
17,"icu",115,0,0,0,1
17,"icu",116,0,0,0,1
17,"icu",117,0,0,0,1
17,"icu",118,0,0,0,1
17,"icu",119,0,0,0,1
17,"icu",120,0,0,0,1
17,"icu",121,0,0,0,1
17,"icu",122,0,0,0,1
17,"icu",123,0,0,0,1
17,"icu",124,0,0,0,1
17,"icu",125,0,0,0,1
17,"icu",126,0,0,0,1
17,"icu",127,0,0,0,1
17,"icu",128,0,0,0,1
17,"icu",129,0,0,0,1
17,"icu",130,0,0,0,1
17,"icu",131,0,0,0,1
17,"icu",132,0,0,0,1
17,"icu",133,0,0,0,1
17,"icu",134,0,0,0,1
17,"icu",135,0,0,0,1
17,"icu",136,0,0,0,1
17,"icu",137,0,0,0,1
17,"icu",138,0,0,0,1
17,"icu",139,0,0,0,1
17,"icu",140,0,0,0,1
17,"icu",141,0,0,0,1
17,"icu",142,0,0,0,1
17,"icu",143,0,0,0,1
17,"icu",144,0,0,0,1
17,"icu",145,0,0,0,1
17,"icu",146,0,0,0,1
17,"icu",147,0,0,0,1
17,"icu",148,0,0,0,1
17,"icu",149,0,0,0,1
17,"icu",150,0,0,0,1
17,"icu",151,0,0,0,1
17,"icu",152,0,0,0,1
17,"icu",153,0,0,0,1
17,"icu",154,0,0,0,1
17,"icu",155,0,0,0,1
17,"icu",156,0,0,0,1
18,"icu",105,0,0,0,1
18,"icu",106,0,0,0,1
18,"icu",107,0,0,0,1
18,"icu",108,0,0,0,1
18,"icu",109,0,0,0,1
18,"icu",110,0,0,0,1
18,"icu",111,0,0,0,1
18,"icu",112,0,0,0,1
18,"icu",113,0,0,0,1
18,"icu",114,0,0,0,1
18,"icu",115,0,0,0,1
18,"icu",116,0,0,0,1
18,"icu",117,0,0,0,1
18,"icu",118,0,0,0,1
18,"icu",119,0,0,0,1
18,"icu",120,0,0,0,1
18,"icu",121,0,0,0,1
18,"icu",122,0,0,0,1
18,"icu",123,0,0,0,1
18,"icu",124,0,0,0,1
18,"icu",125,0,0,0,1
18,"icu",126,0,0,0,1
18,"icu",127,0,0,0,1
18,"icu",128,0,0,0,1
18,"icu",129,0,0,0,1
18,"icu",130,0,0,0,1
18,"icu",131,0,0,0,1
18,"icu",132,0,0,0,1
18,"icu",133,0,0,0,1
18,"icu",134,0,0,0,1
18,"icu",135,0,0,0,1
18,"icu",136,0,0,0,1
18,"icu",137,0,0,0,1
18,"icu",138,0,0,0,1
18,"icu",139,0,0,0,1
18,"icu",140,0,0,0,1
18,"icu",141,0,0,0,1
18,"icu",142,0,0,0,1
18,"icu",143,0,0,0,1
18,"icu",144,0,0,0,1
18,"icu",145,0,0,0,1
18,"icu",146,0,0,0,1
18,"icu",147,0,0,0,1
18,"icu",148,0,0,0,1
18,"icu",149,0,0,0,1
18,"icu",150,0,0,0,1
18,"icu",151,0,0,0,1
18,"icu",152,0,0,0,1
18,"icu",153,0,0,0,1
18,"icu",154,0,0,0,1
18,"icu",155,0,0,0,1
18,"icu",156,0,0,0,1
19,"icu",105,0,0,0,1
19,"icu",106,0,0,0,1
19,"icu",107,0,0,0,1
19,"icu",108,0,0,0,1
19,"icu",109,0,0,0,1
19,"icu",110,0,0,0,1
19,"icu",111,0,0,0,1
19,"icu",112,0,0,0,1
19,"icu",113,0,0,0,1
19,"icu",114,0,0,0,1
19,"icu",115,0,0,0,1
19,"icu",116,0,0,0,1
19,"icu",117,0,0,0,1
19,"icu",118,0,0,0,1
19,"icu",119,0,0,0,1
19,"icu",120,0,0,0,1
19,"icu",121,0,0,0,1
19,"icu",122,0,0,0,1
19,"icu",123,0,0,0,1
19,"icu",124,0,0,0,1
19,"icu",125,0,0,0,1
19,"icu",126,0,0,0,1
19,"icu",127,0,0,0,1
19,"icu",128,0,0,0,1
19,"icu",129,0,0,0,1
19,"icu",130,0,0,0,1
19,"icu",131,0,0,0,1
19,"icu",132,0,0,0,1
19,"icu",133,0,0,0,1
19,"icu",134,0,0,0,1
19,"icu",135,0,0,0,1
19,"icu",136,0,0,0,1
19,"icu",137,0,0,0,1
19,"icu",138,0,0,0,1
19,"icu",139,0,0,0,1
19,"icu",140,0,0,0,1
19,"icu",141,0,0,0,1
19,"icu",142,0,0,0,1
19,"icu",143,0,0,0,1
19,"icu",144,0,0,0,1
19,"icu",145,0,0,0,1
19,"icu",146,0,0,0,1
19,"icu",147,0,0,0,1
19,"icu",148,0,0,0,1
19,"icu",149,0,0,0,1
19,"icu",150,0,0,0,1
19,"icu",151,0,0,0,1
19,"icu",152,0,0,0,1
19,"icu",153,0,0,0,1
19,"icu",154,0,0,0,1
19,"icu",155,0,0,0,1
19,"icu",156,0,0,0,1
20,"icu",105,0,0,0,1
20,"icu",106,0,0,0,1
20,"icu",107,0,0,0,1
20,"icu",108,0,0,0,1
20,"icu",109,0,0,0,1
20,"icu",110,0,0,0,1
20,"icu",111,0,0,0,1
20,"icu",112,0,0,0,1
20,"icu",113,0,0,0,1
20,"icu",114,0,0,0,1
20,"icu",115,0,0,0,1
20,"icu",116,0,0,0,1
20,"icu",117,0,0,0,1
20,"icu",118,0,0,0,1
20,"icu",119,0,0,0,1
20,"icu",120,0,0,0,1
20,"icu",121,0,0,0,1
20,"icu",122,0,0,0,1
20,"icu",123,0,0,0,1
20,"icu",124,0,0,0,1
20,"icu",125,0,0,0,1
20,"icu",126,0,0,0,1
20,"icu",127,0,0,0,1
20,"icu",128,0,0,0,1
20,"icu",129,0,0,0,1
20,"icu",130,0,0,0,1
20,"icu",131,0,0,0,1
20,"icu",132,0,0,0,1
20,"icu",133,0,0,0,1
20,"icu",134,0,0,0,1
20,"icu",135,0,0,0,1
20,"icu",136,0,0,0,1
20,"icu",137,0,0,0,1
20,"icu",138,0,0,0,1
20,"icu",139,0,0,0,1
20,"icu",140,0,0,0,1
20,"icu",141,0,0,0,1
20,"icu",142,0,0,0,1
20,"icu",143,0,0,0,1
20,"icu",144,0,0,0,1
20,"icu",145,0,0,0,1
20,"icu",146,0,0,0,1
20,"icu",147,0,0,0,1
20,"icu",148,0,0,0,1
20,"icu",149,0,0,0,1
20,"icu",150,0,0,0,1
20,"icu",151,0,0,0,1
20,"icu",152,0,0,0,1
20,"icu",153,0,0,0,1
20,"icu",154,0,0,0,1
20,"icu",155,0,0,0,1
20,"icu",156,0,0,0,1
21,"icu",105,0,0,0,1
21,"icu",106,0,0,0,1
21,"icu",107,0,0,0,1
21,"icu",108,0,0,0,1
21,"icu",109,0,0,0,1
21,"icu",110,0,0,0,1
21,"icu",111,0,0,0,1
21,"icu",112,0,0,0,1
21,"icu",113,0,0,0,1
21,"icu",114,0,0,0,1
21,"icu",115,0,0,0,1
21,"icu",116,0,0,0,1
21,"icu",117,0,0,0,1
21,"icu",118,0,0,0,1
21,"icu",119,0,0,0,1
21,"icu",120,0,0,0,1
21,"icu",121,0,0,0,1
21,"icu",122,0,0,0,1
21,"icu",123,0,0,0,1
21,"icu",124,0,0,0,1
21,"icu",125,0,0,0,1
21,"icu",126,0,0,0,1
21,"icu",127,0,0,0,1
21,"icu",128,0,0,0,1
21,"icu",129,0,0,0,1
21,"icu",130,0,0,0,1
21,"icu",131,0,0,0,1
21,"icu",132,0,0,0,1
21,"icu",133,0,0,0,1
21,"icu",134,0,0,0,1
21,"icu",135,0,0,0,1
21,"icu",136,0,0,0,1
21,"icu",137,0,0,0,1
21,"icu",138,0,0,0,1
21,"icu",139,0,0,0,1
21,"icu",140,0,0,0,1
21,"icu",141,0,0,0,1
21,"icu",142,0,0,0,1
21,"icu",143,0,0,0,1
21,"icu",144,0,0,0,1
21,"icu",145,0,0,0,1
21,"icu",146,0,0,0,1
21,"icu",147,0,0,0,1
21,"icu",148,0,0,0,1
21,"icu",149,0,0,0,1
21,"icu",150,0,0,0,1
21,"icu",151,0,0,0,1
21,"icu",152,0,0,0,1
21,"icu",153,0,0,0,1
21,"icu",154,0,0,0,1
21,"icu",155,0,0,0,1
21,"icu",156,0,0,0,1
22,"icu",105,0.353692594061444,0,886.31278182779,1
22,"icu",106,0.285672907249237,0,715.86330437249,1
22,"icu",107,0.238339054518001,0,597.250137477735,1
22,"icu",108,0.204033812106899,0,511.285162968322,1
22,"icu",109,0.179240106522552,0,449.155000965371,1
22,"icu",110,0.161655744913788,0,405.090622135257,1
22,"icu",111,0.149766041681501,0,375.296399344477,1
22,"icu",112,0.142621413431191,0,357.392786303155,1
22,"icu",113,0.13970870592919,0,350.093877781761,1
22,"icu",114,0.140889016153218,0,353.051598852664,1
22,"icu",115,0.146391042555205,0,366.839041416949,1
22,"icu",116,0.156860828618396,0,393.075115812096,1
22,"icu",117,0.173481118571454,0,434.723642443446,1
22,"icu",118,0.198189965988529,0,496.641159682106,1
22,"icu",119,0.234053554255065,0,586.511168883706,1
22,"icu",120,0.285890072553532,0,716.407495537921,1
22,"icu",121,0.361312659145551,0,905.407784651713,1
22,"icu",122,0.472480558107196,0,1183.98169723279,1
22,"icu",123,0.639049658355827,0,1601.38462024188,1
22,"icu",124,0.893132742301495,0,2238.08747670075,1
22,"icu",125,1.28752238121924,0,3226.38235157879,1
22,"icu",126,1.90883639244807,0,4783.3234889585,1
22,"icu",127,2.89687986713106,0,7259.24629683315,1
22,"icu",128,4.46805885699574,0,11196.439341408,1
22,"icu",129,6.92867895399798,0,17362.4690514238,1
22,"icu",130,10.6360650608051,0,26652.7503544671,1
22,"icu",131,15.8299106593034,0,39667.9274265357,1
22,"icu",132,22.2852611810263,0,55844.2901060094,1
22,"icu",133,28.963580656248,0,72579.3872253744,1
22,"icu",134,34.1480326047988,0,85571.0248958377,1
22,"icu",135,36.3110291263201,0,90991.2443074445,1
22,"icu",136,35.0501724788416,0,87831.6832041702,1
22,"icu",137,31.1813223879441,0,78136.7918094628,1
22,"icu",138,26.0483180413564,0,65274.0758862451,1
22,"icu",139,20.8103223838569,0,52148.2638665743,1
22,"icu",140,16.1504178378573,0,40471.0813907111,1
22,"icu",141,12.3268664353605,0,30889.70327619,1
22,"icu",142,9.33878218060447,0,23401.9093199826,1
22,"icu",143,7.06930948535872,0,17714.8729172469,1
22,"icu",144,5.37181275344921,0,13461.1422034482,1
22,"icu",145,4.11032661357635,0,10300.0036649531,1
22,"icu",146,3.17334787588058,0,7952.0431889236,1
22,"icu",147,2.47497334988161,0,6201.99730363067,1
22,"icu",148,1.95124085336875,0,4889.58416942382,1
22,"icu",149,1.55539519376786,0,3897.64067491466,1
22,"icu",150,1.25356502055223,0,3141.28912853245,1
22,"icu",151,1.02128476379913,0,2559.22163833572,1
22,"icu",152,0.840863579813198,0,2107.10699368627,1
22,"icu",153,0.69945990676878,0,1752.76572411789,1
22,"icu",154,0.5876978676204,0,1472.70296486448,1
22,"icu",155,0.498682548628303,0,1249.6408586009,1
22,"icu",156,0.427302165309392,0,1070.76986393052,1
23,"icu",105,0.456764105107764,0,1014.94752505503,1
23,"icu",106,0.365241163815452,0,811.580006216231,1
23,"icu",107,0.301773281134738,0,670.551913756829,1
23,"icu",108,0.255969081105125,0,568.773207993133,1
23,"icu",109,0.222916119294508,0,495.328247212975,1
23,"icu",110,0.199398312326485,0,443.070769644143,1
23,"icu",111,0.183296280479205,0,407.291431493439,1
23,"icu",112,0.173263262216182,0,384.997676487264,1
23,"icu",113,0.16853346946608,0,374.487893883822,1
23,"icu",114,0.168822420888017,0,375.129955130045,1
23,"icu",115,0.174300441508037,0,387.302329027898,1
23,"icu",116,0.185636267564195,0,412.490973388289,1
23,"icu",117,0.204123091902459,0,453.56941278059,1
23,"icu",118,0.231918700041466,0,515.332330165329,1
23,"icu",119,0.27246022965599,0,605.417178523757,1
23,"icu",120,0.331161294805836,0,735.853217883447,1
23,"icu",121,0.416579187686831,0,925.655082796907,1
23,"icu",122,0.542376253921777,0,1205.18103417222,1
23,"icu",123,0.730628516771028,0,1623.48485036149,1
23,"icu",124,1.01740175873101,0,2260.70609634934,1
23,"icu",125,1.46204283227476,0,3248.71577592906,1
23,"icu",126,2.16218790010705,0,4804.46522258974,1
23,"icu",127,3.27636138019609,0,7280.20183028907,1
23,"icu",128,5.05289575490635,0,11227.7299889695,1
23,"icu",129,7.85201396891445,0,17447.4790276416,1
23,"icu",130,12.1185964913782,0,26927.9905722077,1
23,"icu",131,18.2205610373895,0,40486.7920294427,1
23,"icu",132,26.07812188673,0,57946.5964401371,1
23,"icu",133,34.7162717543057,0,77140.8998696543,1
23,"icu",134,42.23266512854,0,93842.6169424511,1
23,"icu",135,46.5902293980916,0,103525.293451381,1
23,"icu",136,46.7618137475655,0,103906.560518757,1
23,"icu",137,43.1945923603359,0,95980.0564922685,1
23,"icu",138,37.2980812184169,0,82877.7804530027,1
23,"icu",139,30.599441129216,0,67993.1428386595,1
23,"icu",140,24.2060198089962,0,53786.7131454592,1
23,"icu",141,18.6941901444216,0,41539.2142416978,1
23,"icu",142,14.235543858934,0,31631.9295799931,1
23,"icu",143,10.7710170416245,0,23933.6168636613,1
23,"icu",144,8.14439953058237,0,18097.1710653,1
23,"icu",145,6.18035948208871,0,13732.9980402387,1
23,"icu",146,4.72083339827913,0,10489.8745768345,1
23,"icu",147,3.63708202197856,0,8081.73706153715,1
23,"icu",148,2.82992012125043,0,6288.19206905258,1
23,"icu",149,2.22534834279398,0,4944.81017148048,1
23,"icu",150,1.76916168859471,0,3931.14576469999,1
23,"icu",151,1.42203197675841,0,3159.81010596168,1
23,"icu",152,1.15552784774961,0,2567.62761366489,1
23,"icu",153,0.949084744771999,0,2108.90304645668,1
23,"icu",154,0.787776396670084,0,1750.46965196276,1
23,"icu",155,0.66070822315729,0,1468.11925100547,1
23,"icu",156,0.559872003186156,0,1244.05726638113,1
24,"icu",105,1.18227328945456,0,2627.97328682074,1
24,"icu",106,0.942689832684049,0,2095.42389238457,1
24,"icu",107,0.776688056685185,0,1726.43286739823,1
24,"icu",108,0.656983309515102,0,1460.35151321849,1
24,"icu",109,0.570621837387873,0,1268.38604822386,1
24,"icu",110,0.509113307700177,0,1131.66404462903,1
24,"icu",111,0.466851318667851,0,1037.7235156367,1
24,"icu",112,0.440256949146223,0,978.60918622905,1
24,"icu",113,0.427267401216686,0,949.735840894107,1
24,"icu",114,0.427064236317197,0,949.284243168403,1
24,"icu",115,0.439991015569834,0,978.018065427242,1
24,"icu",116,0.467649954758552,0,1039.4987348952,1
24,"icu",117,0.513206019778507,0,1140.76138118263,1
24,"icu",118,0.581975143144703,0,1293.62233201052,1
24,"icu",119,0.68244481718212,0,1516.94770175454,1
24,"icu",120,0.827991779567393,0,1840.47148643114,1
24,"icu",121,1.03975836264159,0,2311.18915240923,1
24,"icu",122,1.35148446258061,0,3004.09820376952,1
24,"icu",123,1.81765501361793,0,4040.30849977795,1
24,"icu",124,2.52722589536855,0,5617.55238998438,1
24,"icu",125,3.62649191902032,0,8061.01598764316,1
24,"icu",126,5.35604018983404,0,11905.4796108232,1
24,"icu",127,8.10648598295357,0,18019.2082517716,1
24,"icu",128,12.4901837514324,0,27763.3517893227,1
24,"icu",129,19.3974974701969,0,43117.0234814051,1
24,"icu",130,29.9354287730043,0,66540.8817459406,1
24,"icu",131,45.0429114719672,0,100122.001541261,1
24,"icu",132,64.5985413034261,0,143590.523804619,1
24,"icu",133,86.3259882138985,0,191886.590865289,1
24,"icu",134,105.659802479057,0,234862.058444897,1
24,"icu",135,117.564378943411,0,261323.714322845,1
24,"icu",136,119.261423009324,0,265095.927153463,1
24,"icu",137,111.476955630804,0,247792.50627324,1
24,"icu",138,97.4108271259065,0,216526.12286631,1
24,"icu",139,80.7886001403083,0,179578.008690631,1
24,"icu",140,64.4897665426073,0,143348.737774044,1
24,"icu",141,50.1468435304165,0,111467.091739096,1
24,"icu",142,38.360458226073,0,85268.152793024,1
24,"icu",143,29.094400504344,0,64671.4325727125,1
24,"icu",144,22.0117112852159,0,48927.9338125327,1
24,"icu",145,16.6880683163495,0,37094.4671889177,1
24,"icu",146,12.7210476840897,0,28276.5193059412,1
24,"icu",147,9.77299885700098,0,21723.5559302681,1
24,"icu",148,7.57878029734875,0,16846.2168144765,1
24,"icu",149,5.93811173870313,0,13199.3162348004,1
24,"icu",150,4.70313987162367,0,10454.2038266894,1
24,"icu",151,3.76610913837566,0,8371.35905816562,1
24,"icu",152,3.04895868580516,0,6777.26719396037,1
24,"icu",153,2.49520741536135,0,5546.38127337872,1
24,"icu",154,2.06389589305689,0,4587.65610465142,1
24,"icu",155,1.72517909581213,0,3834.75176104794,1
24,"icu",156,1.45716814182199,0,3239.01333580927,1
25,"icu",105,1.83226638413589,0,3910.83677306174,1
25,"icu",106,1.46120549049121,0,3118.83480190996,1
25,"icu",107,1.20409101528692,0,2570.04301419747,1
25,"icu",108,1.01866507972103,0,2174.26510015119,1
25,"icu",109,0.884877103482469,0,1888.70458242438,1
25,"icu",110,0.789585858577278,0,1685.31248400862,1
25,"icu",111,0.724113977775917,0,1545.56760779607,1
25,"icu",112,0.682922601344804,0,1457.64766827494,1
25,"icu",113,0.662820452759104,0,1414.74112226876,1
25,"icu",114,0.662543838664726,0,1414.15070998941,1
25,"icu",115,0.682629920730963,0,1457.02296320079,1
25,"icu",116,0.725567325610579,0,1548.66967101409,1
25,"icu",117,0.796268314773153,0,1699.57569139564,1
25,"icu",118,0.90298153364594,0,1927.34714654696,1
25,"icu",119,1.05887533124129,0,2260.09090127981,1
25,"icu",120,1.2847022162479,0,2742.10164702971,1
25,"icu",121,1.61326022667425,0,3443.38436464359,1
25,"icu",122,2.0968868981124,0,4475.64964411917,1
25,"icu",123,2.82009392714166,0,6019.28143704661,1
25,"icu",124,3.9208494974121,0,8368.76260399843,1
25,"icu",125,5.62602826733007,0,12008.340285376,1
25,"icu",126,8.30867808786619,0,17734.2574654524,1
25,"icu",127,12.5743453823208,0,26839.0080962768,1
25,"icu",128,19.3720076282884,0,41348.1142571266,1
25,"icu",129,30.0807002569739,0,64205.0248495398,1
25,"icu",130,46.4130925317103,0,99065.3054578267,1
25,"icu",131,69.8171588836281,0,149019.550168496,1
25,"icu",132,100.092063429672,0,213639.089676907,1
25,"icu",133,133.696030837372,0,285364.267083783,1
25,"icu",134,163.551266390447,0,349088.054236299,1
25,"icu",135,181.874641670296,0,388197.940479635,1
25,"icu",136,184.397553855181,0,393582.909517588,1
25,"icu",137,172.275364455667,0,367708.99484879,1
25,"icu",138,150.474719693899,0,321177.13466243,1
25,"icu",139,124.757336451764,0,266285.28653321,1
25,"icu",140,99.566044956597,0,212516.342239295,1
25,"icu",141,77.4131327997498,0,165232.59341133,1
25,"icu",142,59.2176347083808,0,126395.65154741,1
25,"icu",143,44.9175291966384,0,95873.1363835682,1
25,"icu",144,33.9889351311958,0,72546.8624754467,1
25,"icu",145,25.7750058527379,0,55014.839320052,1
25,"icu",146,19.6539003974667,0,41949.7934765391,1
25,"icu",147,15.1043996231803,0,32239.2213232747,1
25,"icu",148,11.7174764606991,0,25010.084901819,1
25,"icu",149,9.18428655874072,0,19603.1788386486,1
25,"icu",150,7.27688089695966,0,15531.9628474446,1
25,"icu",151,5.82914312668989,0,12441.8738960001,1
25,"icu",152,4.72073036408017,0,10076.0490196193,1
25,"icu",153,3.86455764455398,0,8248.61181692543,1
25,"icu",154,3.19745986660822,0,6824.74106111913,1
25,"icu",155,2.6734005883344,0,5706.17537957714,1
25,"icu",156,2.25860619870558,0,4820.8275031628,1
